variable_name,variable_label,value_value,value_label
study_id_e,,,
pnum,Cohort Member number within an MCS family,1.0,1st Cohort Member of the family
pnum,Cohort Member number within an MCS family,2.0,2nd Cohort Member of the family
pnum,Cohort Member number within an MCS family,3.0,3rd Cohort Member of the family
tidiss,S5 TS Teacher Serial ID,,
compm,S5 TS Month of completion,-1.0,Not applicable
compm,S5 TS Month of completion,1.0,January
compm,S5 TS Month of completion,2.0,February
compm,S5 TS Month of completion,3.0,March
compm,S5 TS Month of completion,4.0,April
compm,S5 TS Month of completion,5.0,May
compm,S5 TS Month of completion,6.0,June
compm,S5 TS Month of completion,7.0,July
compm,S5 TS Month of completion,8.0,August
compm,S5 TS Month of completion,9.0,September
compm,S5 TS Month of completion,10.0,October
compm,S5 TS Month of completion,11.0,November
compm,S5 TS Month of completion,12.0,December
compy,S5 TS Year of completion,-8.0,Blank
oteach,S5 TS Is teacher as issued,-8.0,Blank
oteach,S5 TS Is teacher as issued,1.0,Yes
oteach,S5 TS Is teacher as issued,2.0,No
source,S5 TS Source,1.0,Cati
source,S5 TS Source,2.0,Paper
vers,S5 TS  Version of Questionniare,1.0,England
vers,S5 TS  Version of Questionniare,2.0,Wales
vers,S5 TS  Version of Questionniare,3.0,Welsh
eq1,S5 TS How long has CM been in your class (months),-8.0,Blank
eq1a,S5 TS Language CM educated in,-8.0,Blank
eq1a,S5 TS Language CM educated in,-1.0,Not applicable
eq1a,S5 TS Language CM educated in,1.0,Welsh only
eq1a,S5 TS Language CM educated in,2.0,Mainly Welsh
eq1a,S5 TS Language CM educated in,3.0,Welsh and English equally
eq1a,S5 TS Language CM educated in,4.0,Mainly English
eq1a,S5 TS Language CM educated in,5.0,English only
eq1a,S5 TS Language CM educated in,6.0,Bilingual elements to lessons
eq1a,S5 TS Language CM educated in,7.0,Welsh as a second language
eq2a,S5 TS English,-8.0,"Blank, Don't know"
eq2a,S5 TS English,1.0,Well above average
eq2a,S5 TS English,2.0,Above average
eq2a,S5 TS English,3.0,Average
eq2a,S5 TS English,4.0,Below average
eq2a,S5 TS English,5.0,Well below average
eq2b,S5 TS Welsh,-8.0,"Blank, Don't know"
eq2b,S5 TS Welsh,1.0,Well above average
eq2b,S5 TS Welsh,2.0,Above average
eq2b,S5 TS Welsh,3.0,Average
eq2b,S5 TS Welsh,4.0,Below average
eq2b,S5 TS Welsh,5.0,Well below average
eq2c,S5 TS Maths,-8.0,"Blank, Don't know"
eq2c,S5 TS Maths,1.0,Well above average
eq2c,S5 TS Maths,2.0,Above average
eq2c,S5 TS Maths,3.0,Average
eq2c,S5 TS Maths,4.0,Below average
eq2c,S5 TS Maths,5.0,Well below average
eq2d,S5 TS Science,-8.0,"Blank, Don't know"
eq2d,S5 TS Science,1.0,Well above average
eq2d,S5 TS Science,2.0,Above average
eq2d,S5 TS Science,3.0,Average
eq2d,S5 TS Science,4.0,Below average
eq2d,S5 TS Science,5.0,Well below average
eq2e,S5 TS Art and design,-8.0,"Blank, Don't know"
eq2e,S5 TS Art and design,1.0,Well above average
eq2e,S5 TS Art and design,2.0,Above average
eq2e,S5 TS Art and design,3.0,Average
eq2e,S5 TS Art and design,4.0,Below average
eq2e,S5 TS Art and design,5.0,Well below average
eq2f,S5 TS Music,-8.0,"Blank, Don't know"
eq2f,S5 TS Music,1.0,Well above average
eq2f,S5 TS Music,2.0,Above average
eq2f,S5 TS Music,3.0,Average
eq2f,S5 TS Music,4.0,Below average
eq2f,S5 TS Music,5.0,Well below average
eq2g,S5 TS Physical Education (PE),-8.0,"Blank, Don't know"
eq2g,S5 TS Physical Education (PE),1.0,Well above average
eq2g,S5 TS Physical Education (PE),2.0,Above average
eq2g,S5 TS Physical Education (PE),3.0,Average
eq2g,S5 TS Physical Education (PE),4.0,Below average
eq2g,S5 TS Physical Education (PE),5.0,Well below average
eq2h,S5 TS Information and Communication Technology (ICT),-8.0,"Blank, Don't know"
eq2h,S5 TS Information and Communication Technology (ICT),1.0,Well above average
eq2h,S5 TS Information and Communication Technology (ICT),2.0,Above average
eq2h,S5 TS Information and Communication Technology (ICT),3.0,Average
eq2h,S5 TS Information and Communication Technology (ICT),4.0,Below average
eq2h,S5 TS Information and Communication Technology (ICT),5.0,Well below average
eq3a,S5 TS CM enjoys school,-8.0,"Blank, Don't know"
eq3a,S5 TS CM enjoys school,1.0,Always
eq3a,S5 TS CM enjoys school,2.0,Usually
eq3a,S5 TS CM enjoys school,3.0,Sometimes
eq3a,S5 TS CM enjoys school,4.0,Never
eq3b,S5 TS CM bored by school,-8.0,"Blank, Don't know"
eq3b,S5 TS CM bored by school,1.0,Always
eq3b,S5 TS CM bored by school,2.0,Usually
eq3b,S5 TS CM bored by school,3.0,Sometimes
eq3b,S5 TS CM bored by school,4.0,Never
eq3c,S5 TS CM Tries their best at school,-8.0,"Blank, Don't know"
eq3c,S5 TS CM Tries their best at school,1.0,Always
eq3c,S5 TS CM Tries their best at school,2.0,Usually
eq3c,S5 TS CM Tries their best at school,3.0,Sometimes
eq3c,S5 TS CM Tries their best at school,4.0,Never
eq3d,S5 TS CM misbehaves,-8.0,"Blank, Don't know"
eq3d,S5 TS CM misbehaves,1.0,Always
eq3d,S5 TS CM misbehaves,2.0,Usually
eq3d,S5 TS CM misbehaves,3.0,Sometimes
eq3d,S5 TS CM misbehaves,4.0,Never
eq3e,S5 TS CM hands in homework late,-8.0,"Blank, Don't know"
eq3e,S5 TS CM hands in homework late,1.0,Always
eq3e,S5 TS CM hands in homework late,2.0,Usually
eq3e,S5 TS CM hands in homework late,3.0,Sometimes
eq3e,S5 TS CM hands in homework late,4.0,Never
eq4,S5 TS CM works independently,-8.0,"Blank, Don't know"
eq4,S5 TS CM works independently,1.0,Very well
eq4,S5 TS CM works independently,2.0,Quite well
eq4,S5 TS CM works independently,3.0,Not very well
eq4,S5 TS CM works independently,4.0,Not at all well
eq5a,S5 TS Is considerate of other peoples feelings,-8.0,"Blank,Don't know"
eq5a,S5 TS Is considerate of other peoples feelings,1.0,Not true
eq5a,S5 TS Is considerate of other peoples feelings,2.0,Is somewhat true
eq5a,S5 TS Is considerate of other peoples feelings,3.0,Very true
eq5b,S5 TS Is restless,-8.0,"Blank,Don't know"
eq5b,S5 TS Is restless,1.0,Not true
eq5b,S5 TS Is restless,2.0,Is somewhat true
eq5b,S5 TS Is restless,3.0,Very true
eq5c,S5 TS Often complains of headaches,-8.0,"Blank,Don't know"
eq5c,S5 TS Often complains of headaches,1.0,Not true
eq5c,S5 TS Often complains of headaches,2.0,Is somewhat true
eq5c,S5 TS Often complains of headaches,3.0,Very true
eq5d,S5 TS Shares readily with other children (treats,-8.0,"Blank,Don't know"
eq5d,S5 TS Shares readily with other children (treats,1.0,Not true
eq5d,S5 TS Shares readily with other children (treats,2.0,Is somewhat true
eq5d,S5 TS Shares readily with other children (treats,3.0,Very true
eq5e,S5 TS Often has temper tantrums or hot tempers,-8.0,"Blank,Don't know"
eq5e,S5 TS Often has temper tantrums or hot tempers,1.0,Not true
eq5e,S5 TS Often has temper tantrums or hot tempers,2.0,Is somewhat true
eq5e,S5 TS Often has temper tantrums or hot tempers,3.0,Very true
eq5f,S5 TS Is rather solitary,-8.0,"Blank,Don't know"
eq5f,S5 TS Is rather solitary,1.0,Not true
eq5f,S5 TS Is rather solitary,2.0,Is somewhat true
eq5f,S5 TS Is rather solitary,3.0,Very true
eq5g,S5 TS Is generally obedient,-8.0,"Blank,Don't know"
eq5g,S5 TS Is generally obedient,1.0,Not true
eq5g,S5 TS Is generally obedient,2.0,Is somewhat true
eq5g,S5 TS Is generally obedient,3.0,Very true
eq5h,S5 TS Has many worries often seems worried,-8.0,"Blank,Don't know"
eq5h,S5 TS Has many worries often seems worried,1.0,Not true
eq5h,S5 TS Has many worries often seems worried,2.0,Is somewhat true
eq5h,S5 TS Has many worries often seems worried,3.0,Very true
eq5i,S5 TS Is helpful when someone is hurt,-8.0,"Blank,Don't know"
eq5i,S5 TS Is helpful when someone is hurt,1.0,Not true
eq5i,S5 TS Is helpful when someone is hurt,2.0,Is somewhat true
eq5i,S5 TS Is helpful when someone is hurt,3.0,Very true
eq5j,S5 TS Constantly fidgets or squirms,-8.0,"Blank,Don't know"
eq5j,S5 TS Constantly fidgets or squirms,1.0,Not true
eq5j,S5 TS Constantly fidgets or squirms,2.0,Is somewhat true
eq5j,S5 TS Constantly fidgets or squirms,3.0,Very true
eq5k,S5 TS Has at least one good friend,-8.0,"Blank,Don't know"
eq5k,S5 TS Has at least one good friend,1.0,Not true
eq5k,S5 TS Has at least one good friend,2.0,Is somewhat true
eq5k,S5 TS Has at least one good friend,3.0,Very true
eq5l,S5 TS Often fights with other children or bullies them,-8.0,"Blank,Don't know"
eq5l,S5 TS Often fights with other children or bullies them,1.0,Not true
eq5l,S5 TS Often fights with other children or bullies them,2.0,Is somewhat true
eq5l,S5 TS Often fights with other children or bullies them,3.0,Very true
eq5m,S5 TS Is often unhappy,-8.0,"Blank,Don't know"
eq5m,S5 TS Is often unhappy,1.0,Not true
eq5m,S5 TS Is often unhappy,2.0,Is somewhat true
eq5m,S5 TS Is often unhappy,3.0,Very true
eq5n,S5 TS Is generally liked by other children,-8.0,"Blank,Don't know"
eq5n,S5 TS Is generally liked by other children,1.0,Not true
eq5n,S5 TS Is generally liked by other children,2.0,Is somewhat true
eq5n,S5 TS Is generally liked by other children,3.0,Very true
eq5o,S5 TS Is easily distracted,-8.0,"Blank,Don't know"
eq5o,S5 TS Is easily distracted,1.0,Not true
eq5o,S5 TS Is easily distracted,2.0,Is somewhat true
eq5o,S5 TS Is easily distracted,3.0,Very true
eq5p,S5 TS Is nervous or clingy in new situations,-8.0,"Blank,Don't know"
eq5p,S5 TS Is nervous or clingy in new situations,1.0,Not true
eq5p,S5 TS Is nervous or clingy in new situations,2.0,Is somewhat true
eq5p,S5 TS Is nervous or clingy in new situations,3.0,Very true
eq5q,S5 TS Is kind to younger children,-8.0,"Blank,Don't know"
eq5q,S5 TS Is kind to younger children,1.0,Not true
eq5q,S5 TS Is kind to younger children,2.0,Is somewhat true
eq5q,S5 TS Is kind to younger children,3.0,Very true
eq5r,S5 TS Often lies or cheats,-8.0,"Blank,Don't know"
eq5r,S5 TS Often lies or cheats,1.0,Not true
eq5r,S5 TS Often lies or cheats,2.0,Is somewhat true
eq5r,S5 TS Often lies or cheats,3.0,Very true
eq5s,S5 TS Is picked on or bullied by other children,-8.0,"Blank,Don't know"
eq5s,S5 TS Is picked on or bullied by other children,1.0,Not true
eq5s,S5 TS Is picked on or bullied by other children,2.0,Is somewhat true
eq5s,S5 TS Is picked on or bullied by other children,3.0,Very true
eq5t,S5 TS Often volunteers to help others (parents,-8.0,"Blank,Don't know"
eq5t,S5 TS Often volunteers to help others (parents,1.0,Not true
eq5t,S5 TS Often volunteers to help others (parents,2.0,Is somewhat true
eq5t,S5 TS Often volunteers to help others (parents,3.0,Very true
eq5u,S5 TS Thinks things out before acting,-8.0,"Blank,Don't know"
eq5u,S5 TS Thinks things out before acting,1.0,Not true
eq5u,S5 TS Thinks things out before acting,2.0,Is somewhat true
eq5u,S5 TS Thinks things out before acting,3.0,Very true
eq5v,S5 TS Steals from home,-8.0,"Blank,Don't know"
eq5v,S5 TS Steals from home,1.0,Not true
eq5v,S5 TS Steals from home,2.0,Is somewhat true
eq5v,S5 TS Steals from home,3.0,Very true
eq5w,S5 TS Gets on better with adults than with other children,-8.0,"Blank,Don't know"
eq5w,S5 TS Gets on better with adults than with other children,1.0,Not true
eq5w,S5 TS Gets on better with adults than with other children,2.0,Is somewhat true
eq5w,S5 TS Gets on better with adults than with other children,3.0,Very true
eq5x,S5 TS Has many fears,-8.0,"Blank,Don't know"
eq5x,S5 TS Has many fears,1.0,Not true
eq5x,S5 TS Has many fears,2.0,Is somewhat true
eq5x,S5 TS Has many fears,3.0,Very true
eq5y,S5 TS Sees tasks through to the end,-8.0,"Blank,Don't know"
eq5y,S5 TS Sees tasks through to the end,1.0,Not true
eq5y,S5 TS Sees tasks through to the end,2.0,Is somewhat true
eq5y,S5 TS Sees tasks through to the end,3.0,Very true
eq6,S5 TS has difficulties in one or more areas,-8.0,Blank
eq6,S5 TS has difficulties in one or more areas,1.0,"Yes, minor difficulties"
eq6,S5 TS has difficulties in one or more areas,2.0,"Yes, definite difficulties"
eq6,S5 TS has difficulties in one or more areas,3.0,"Yes, severe difficulties"
eq6,S5 TS has difficulties in one or more areas,4.0,No
eq7,S5 TS Ever been suspended,-8.0,"Blank, Don't know"
eq7,S5 TS Ever been suspended,1.0,Yes
eq7,S5 TS Ever been suspended,2.0,No
eq8,S5 TS How many time suspended etc,-8.0,Blank
eq8,S5 TS How many time suspended etc,-1.0,Not applicable
eq9,S5 TS Missed school without permission,-8.0,"Blank, Don't know"
eq9,S5 TS Missed school without permission,1.0,Yes
eq9,S5 TS Missed school without permission,2.0,No
eq10,S5 TS Does CM receive English or Welsh/Gaelic/Irish additional support,-8.0,"Blank, Don't know"
eq10,S5 TS Does CM receive English or Welsh/Gaelic/Irish additional support,1.0,Yes
eq10,S5 TS Does CM receive English or Welsh/Gaelic/Irish additional support,2.0,No
eq11,S5 TS Does CM have Special Educational Needs (SEN),-8.0,"Blank, Don't know"
eq11,S5 TS Does CM have Special Educational Needs (SEN),1.0,Yes
eq11,S5 TS Does CM have Special Educational Needs (SEN),2.0,No
eq12,S5 TS Does CM have a full statement of SEN,-8.0,Blank
eq12,S5 TS Does CM have a full statement of SEN,-1.0,Not applicable
eq12,S5 TS Does CM have a full statement of SEN,1.0,Yes
eq12,S5 TS Does CM have a full statement of SEN,2.0,No
eq13a,S5 TS Dyslexia: reason for CM's SEN,-8.0,Blank
eq13a,S5 TS Dyslexia: reason for CM's SEN,-1.0,Not applicable
eq13a,S5 TS Dyslexia: reason for CM's SEN,1.0,Yes
eq13a,S5 TS Dyslexia: reason for CM's SEN,2.0,No
eq13a,S5 TS Dyslexia: reason for CM's SEN,3.0,Don't know
eq13b,S5 TS Learning difficulties reason for CM's SEN,-8.0,Blank
eq13b,S5 TS Learning difficulties reason for CM's SEN,-1.0,Not applicable
eq13b,S5 TS Learning difficulties reason for CM's SEN,1.0,Yes
eq13b,S5 TS Learning difficulties reason for CM's SEN,2.0,No
eq13b,S5 TS Learning difficulties reason for CM's SEN,3.0,Don't know
eq13c,S5 TS ADHD: reason for CM's SEN,-8.0,Blank
eq13c,S5 TS ADHD: reason for CM's SEN,-1.0,Not applicable
eq13c,S5 TS ADHD: reason for CM's SEN,1.0,Yes
eq13c,S5 TS ADHD: reason for CM's SEN,2.0,No
eq13c,S5 TS ADHD: reason for CM's SEN,3.0,Don't know
eq13d,S5 TS Autism: reason for CM's SEN,-8.0,Blank
eq13d,S5 TS Autism: reason for CM's SEN,-1.0,Not applicable
eq13d,S5 TS Autism: reason for CM's SEN,1.0,Yes
eq13d,S5 TS Autism: reason for CM's SEN,2.0,No
eq13d,S5 TS Autism: reason for CM's SEN,3.0,Don't know
eq13e,S5 TS Behavioural probelms : reason for CM's SEN,-8.0,Blank
eq13e,S5 TS Behavioural probelms : reason for CM's SEN,-1.0,Not applicable
eq13e,S5 TS Behavioural probelms : reason for CM's SEN,1.0,Yes
eq13e,S5 TS Behavioural probelms : reason for CM's SEN,2.0,No
eq13e,S5 TS Behavioural probelms : reason for CM's SEN,3.0,Don't know
eq13f,S5 TS Problems with speech or language : reason for CM's SEN,-8.0,Blank
eq13f,S5 TS Problems with speech or language : reason for CM's SEN,-1.0,Not applicable
eq13f,S5 TS Problems with speech or language : reason for CM's SEN,1.0,Yes
eq13f,S5 TS Problems with speech or language : reason for CM's SEN,2.0,No
eq13f,S5 TS Problems with speech or language : reason for CM's SEN,3.0,Don't know
eq13g,S5 TS Problems with sight: reason for CM's SEN,-8.0,Blank
eq13g,S5 TS Problems with sight: reason for CM's SEN,-1.0,Not applicable
eq13g,S5 TS Problems with sight: reason for CM's SEN,1.0,Yes
eq13g,S5 TS Problems with sight: reason for CM's SEN,2.0,No
eq13g,S5 TS Problems with sight: reason for CM's SEN,3.0,Don't know
eq13h,S5 TS Problems with hearing: reason for CM's SEN,-8.0,Blank
eq13h,S5 TS Problems with hearing: reason for CM's SEN,-1.0,Not applicable
eq13h,S5 TS Problems with hearing: reason for CM's SEN,1.0,Yes
eq13h,S5 TS Problems with hearing: reason for CM's SEN,2.0,No
eq13h,S5 TS Problems with hearing: reason for CM's SEN,3.0,Don't know
eq13i,S5 TS Other physical disability: reason for CM's SEN,-8.0,Blank
eq13i,S5 TS Other physical disability: reason for CM's SEN,-1.0,Not applicable
eq13i,S5 TS Other physical disability: reason for CM's SEN,1.0,Yes
eq13i,S5 TS Other physical disability: reason for CM's SEN,2.0,No
eq13i,S5 TS Other physical disability: reason for CM's SEN,3.0,Don't know
eq13j,S5 TS Medical or health problem: reason for CM's SEN,-8.0,Blank
eq13j,S5 TS Medical or health problem: reason for CM's SEN,-1.0,Not applicable
eq13j,S5 TS Medical or health problem: reason for CM's SEN,1.0,Yes
eq13j,S5 TS Medical or health problem: reason for CM's SEN,2.0,No
eq13j,S5 TS Medical or health problem: reason for CM's SEN,3.0,Don't know
eq13k,S5 TS Mental illness: reason for CM's SEN,2.0,No
eq13k,S5 TS Mental illness: reason for CM's SEN,3.0,Don't know
eq13k,S5 TS Mental illness: reason for CM's SEN,-8.0,Blank
eq13k,S5 TS Mental illness: reason for CM's SEN,-1.0,Not applicable
eq13k,S5 TS Mental illness: reason for CM's SEN,1.0,Yes
eq13l,S5 TS Gifted/High IQ/More able and talented/Highly able: reason for CM's SEN,-8.0,Blank
eq13l,S5 TS Gifted/High IQ/More able and talented/Highly able: reason for CM's SEN,-1.0,Not applicable
eq13l,S5 TS Gifted/High IQ/More able and talented/Highly able: reason for CM's SEN,1.0,Yes
eq13l,S5 TS Gifted/High IQ/More able and talented/Highly able: reason for CM's SEN,2.0,No
eq13l,S5 TS Gifted/High IQ/More able and talented/Highly able: reason for CM's SEN,3.0,Don't know
eq13m,S5 TS Other: reason for CM's SEN,-8.0,Blank
eq13m,S5 TS Other: reason for CM's SEN,-1.0,Not applicable
eq13m,S5 TS Other: reason for CM's SEN,1.0,Yes
eq13m,S5 TS Other: reason for CM's SEN,2.0,No
eq13m,S5 TS Other: reason for CM's SEN,3.0,Don't know
eq13n,S5 TS English as other language: reason for CM's SEN,-8.0,"Blank, Don't know"
eq13n,S5 TS English as other language: reason for CM's SEN,-1.0,Not applicable
eq13n,S5 TS English as other language: reason for CM's SEN,1.0,Yes
eq13n,S5 TS English as other language: reason for CM's SEN,2.0,No
eq13r,S5 TS Downs Syndrome: reason for CM's SEN,-8.0,"Blank, Don't know"
eq13r,S5 TS Downs Syndrome: reason for CM's SEN,-1.0,Not applicable
eq13r,S5 TS Downs Syndrome: reason for CM's SEN,1.0,Yes
eq13r,S5 TS Downs Syndrome: reason for CM's SEN,2.0,No
eq13s,S5 TS Reading difficulties: reason for CM's SEN,-8.0,"Blank, Don't know"
eq13s,S5 TS Reading difficulties: reason for CM's SEN,-1.0,Not applicable
eq13s,S5 TS Reading difficulties: reason for CM's SEN,1.0,Yes
eq13s,S5 TS Reading difficulties: reason for CM's SEN,2.0,No
eq13t,S5 TS Development delays: reason for CM's SEN,-8.0,"Blank, Don't know"
eq13t,S5 TS Development delays: reason for CM's SEN,-1.0,Not applicable
eq13t,S5 TS Development delays: reason for CM's SEN,1.0,Yes
eq13t,S5 TS Development delays: reason for CM's SEN,2.0,No
eq13u,S5 TS Behind in studies: reason for CM's SEN,-8.0,"Blank, Don't know"
eq13u,S5 TS Behind in studies: reason for CM's SEN,-1.0,Not applicable
eq13u,S5 TS Behind in studies: reason for CM's SEN,1.0,Yes
eq13u,S5 TS Behind in studies: reason for CM's SEN,2.0,No
eq13v,S5 TS Poor communication skills: reason for CM's SEN,-8.0,"Blank, Don't know"
eq13v,S5 TS Poor communication skills: reason for CM's SEN,-1.0,Not applicable
eq13v,S5 TS Poor communication skills: reason for CM's SEN,1.0,Yes
eq13v,S5 TS Poor communication skills: reason for CM's SEN,2.0,No
eq13w,S5 TS Poor concetration skills: reason for CM's SEN,-8.0,"Blank, Don't know"
eq13w,S5 TS Poor concetration skills: reason for CM's SEN,-1.0,Not applicable
eq13w,S5 TS Poor concetration skills: reason for CM's SEN,1.0,Yes
eq13w,S5 TS Poor concetration skills: reason for CM's SEN,2.0,No
eq13x,S5 TS Auditory processing disorder: reason for CM's SEN,-8.0,"Blank, Don't know"
eq13x,S5 TS Auditory processing disorder: reason for CM's SEN,-1.0,Not applicable
eq13x,S5 TS Auditory processing disorder: reason for CM's SEN,1.0,Yes
eq13x,S5 TS Auditory processing disorder: reason for CM's SEN,2.0,No
eq13y,S5 TS Confidence etc: reason for CM's SEN,-8.0,"Blank, Don't know"
eq13y,S5 TS Confidence etc: reason for CM's SEN,-1.0,Not applicable
eq13y,S5 TS Confidence etc: reason for CM's SEN,1.0,Yes
eq13y,S5 TS Confidence etc: reason for CM's SEN,2.0,No
eq13z,S5 TS Family problems : reason for CM's SEN,-8.0,"Blank, Don't know"
eq13z,S5 TS Family problems : reason for CM's SEN,-1.0,Not applicable
eq13z,S5 TS Family problems : reason for CM's SEN,1.0,Yes
eq13z,S5 TS Family problems : reason for CM's SEN,2.0,No
eq13aa,S5 TS Handwriting etc  : reason for CM's SEN,-8.0,"Blank, Don't know"
eq13aa,S5 TS Handwriting etc  : reason for CM's SEN,-1.0,Not applicable
eq13aa,S5 TS Handwriting etc  : reason for CM's SEN,1.0,Yes
eq13aa,S5 TS Handwriting etc  : reason for CM's SEN,2.0,No
eq13bb,S5 TS Maths or numeracy : reason for CM's SEN,-8.0,"Blank, Don't know"
eq13bb,S5 TS Maths or numeracy : reason for CM's SEN,-1.0,Not applicable
eq13bb,S5 TS Maths or numeracy : reason for CM's SEN,1.0,Yes
eq13bb,S5 TS Maths or numeracy : reason for CM's SEN,2.0,No
eq13cc,S5 TS Poor motor skills: reason for CM's SEN,-8.0,"Blank, Don't know"
eq13cc,S5 TS Poor motor skills: reason for CM's SEN,-1.0,Not applicable
eq13cc,S5 TS Poor motor skills: reason for CM's SEN,1.0,Yes
eq13cc,S5 TS Poor motor skills: reason for CM's SEN,2.0,No
eq13dd,S5 TS Poor short terms memory: reason for CM's SEN,-8.0,"Blank, Don't know"
eq13dd,S5 TS Poor short terms memory: reason for CM's SEN,-1.0,Not applicable
eq13dd,S5 TS Poor short terms memory: reason for CM's SEN,1.0,Yes
eq13dd,S5 TS Poor short terms memory: reason for CM's SEN,2.0,No
eq13ee,S5 TS Irrelevant answer,-8.0,"Blank, Don't know"
eq13ee,S5 TS Irrelevant answer,-1.0,Not applicable
eq13ee,S5 TS Irrelevant answer,1.0,Yes
eq13ee,S5 TS Irrelevant answer,2.0,No
eq1401,S5 TS Help or support at school: Individual support in class from teacher,-8.0,Blank
eq1401,S5 TS Help or support at school: Individual support in class from teacher,0.0,No
eq1401,S5 TS Help or support at school: Individual support in class from teacher,1.0,Yes
eq1402,S5 TS Help or support at school:Individual support in class from family member,-8.0,Blank
eq1402,S5 TS Help or support at school:Individual support in class from family member,0.0,No
eq1402,S5 TS Help or support at school:Individual support in class from family member,1.0,Yes
eq1403,S5 TS Help or support at school: Special classes,-8.0,Blank
eq1403,S5 TS Help or support at school: Special classes,0.0,No
eq1403,S5 TS Help or support at school: Special classes,1.0,Yes
eq1404,S5 TS Help or support at school: Adaptations made to physical environment,-8.0,Blank
eq1404,S5 TS Help or support at school: Adaptations made to physical environment,0.0,No
eq1404,S5 TS Help or support at school: Adaptations made to physical environment,1.0,Yes
eq1405,S5 TS Help or support at school: Equipment has been provided,-8.0,Blank
eq1405,S5 TS Help or support at school: Equipment has been provided,0.0,No
eq1405,S5 TS Help or support at school: Equipment has been provided,1.0,Yes
eq1406,S5 TS Help or support at school: Attends a special school,-8.0,Blank
eq1406,S5 TS Help or support at school: Attends a special school,0.0,No
eq1406,S5 TS Help or support at school: Attends a special school,1.0,Yes
eq1407,S5 TS Help or support at school: School nurse etc,-8.0,Blank
eq1407,S5 TS Help or support at school: School nurse etc,0.0,No
eq1407,S5 TS Help or support at school: School nurse etc,1.0,Yes
eq1408,S5 TS Help or support at school: Child is being assessed,-8.0,Blank
eq1408,S5 TS Help or support at school: Child is being assessed,0.0,No
eq1408,S5 TS Help or support at school: Child is being assessed,1.0,Yes
eq1409,S5 TS Help or support at school: Child attends school with small class size,-8.0,Blank
eq1409,S5 TS Help or support at school: Child attends school with small class size,0.0,No
eq1409,S5 TS Help or support at school: Child attends school with small class size,1.0,Yes
eq1410,S5 TS Help or support at school: Child sits at front of class,-8.0,Blank
eq1410,S5 TS Help or support at school: Child sits at front of class,0.0,No
eq1410,S5 TS Help or support at school: Child sits at front of class,1.0,Yes
eq1411,S5 TS Help or support at school: Attends a specified unit,-8.0,Blank
eq1411,S5 TS Help or support at school: Attends a specified unit,0.0,No
eq1411,S5 TS Help or support at school: Attends a specified unit,1.0,Yes
eq1412,S5 TS Help or support at school: Behaviour support,-8.0,Blank
eq1412,S5 TS Help or support at school: Behaviour support,0.0,No
eq1412,S5 TS Help or support at school: Behaviour support,1.0,Yes
eq1413,S5 TS Help or support at school: Counselling,-8.0,Blank
eq1413,S5 TS Help or support at school: Counselling,0.0,No
eq1413,S5 TS Help or support at school: Counselling,1.0,Yes
eq1414,S5 TS Help or support at school: English,-8.0,Blank
eq1414,S5 TS Help or support at school: English,0.0,No
eq1414,S5 TS Help or support at school: English,1.0,Yes
eq1415,S5 TS Help or support at school: Intervention,-8.0,Blank
eq1415,S5 TS Help or support at school: Intervention,0.0,No
eq1415,S5 TS Help or support at school: Intervention,1.0,Yes
eq1416,S5 TS Help or support at school: Maths,-8.0,Blank
eq1416,S5 TS Help or support at school: Maths,0.0,No
eq1416,S5 TS Help or support at school: Maths,1.0,Yes
eq1417,S5 TS Help or support at school: Mentions of frequency of support,-8.0,Blank
eq1417,S5 TS Help or support at school: Mentions of frequency of support,0.0,No
eq1417,S5 TS Help or support at school: Mentions of frequency of support,1.0,Yes
eq1418,S5 TS Help or support at school: Medical support,-8.0,Blank
eq1418,S5 TS Help or support at school: Medical support,0.0,No
eq1418,S5 TS Help or support at school: Medical support,1.0,Yes
eq1419,S5 TS Help or support at school: Nurture group,-8.0,Blank
eq1419,S5 TS Help or support at school: Nurture group,0.0,No
eq1419,S5 TS Help or support at school: Nurture group,1.0,Yes
eq1420,S5 TS Help or support at school: Pastoral support,-8.0,Blank
eq1420,S5 TS Help or support at school: Pastoral support,0.0,No
eq1420,S5 TS Help or support at school: Pastoral support,1.0,Yes
eq1421,S5 TS Help or support at school: Private ,-8.0,Blank
eq1421,S5 TS Help or support at school: Private ,0.0,No
eq1421,S5 TS Help or support at school: Private ,1.0,Yes
eq1422,S5 TS Help or support at school: Receives support,-8.0,Blank
eq1422,S5 TS Help or support at school: Receives support,0.0,No
eq1422,S5 TS Help or support at school: Receives support,1.0,Yes
eq1423,S5 TS Help or support at school: Specific behaviour problem,-8.0,Blank
eq1423,S5 TS Help or support at school: Specific behaviour problem,0.0,No
eq1423,S5 TS Help or support at school: Specific behaviour problem,1.0,Yes
eq1424,S5 TS Help or support at school: Support from an adult,-8.0,Blank
eq1424,S5 TS Help or support at school: Support from an adult,0.0,No
eq1424,S5 TS Help or support at school: Support from an adult,1.0,Yes
eq1425,S5 TS Help or support at school: Support from a youth worker,-8.0,Blank
eq1425,S5 TS Help or support at school: Support from a youth worker,0.0,No
eq1425,S5 TS Help or support at school: Support from a youth worker,1.0,Yes
eq1426,S5 TS Help or support at school: Support from CAMHS,-8.0,Blank
eq1426,S5 TS Help or support at school: Support from CAMHS,0.0,No
eq1426,S5 TS Help or support at school: Support from CAMHS,1.0,Yes
eq1427,S5 TS Help or support at school: Support from teacher,-8.0,Blank
eq1427,S5 TS Help or support at school: Support from teacher,0.0,No
eq1427,S5 TS Help or support at school: Support from teacher,1.0,Yes
eq1428,S5 TS Help or support at school: Support out of class,-8.0,Blank
eq1428,S5 TS Help or support at school: Support out of class,0.0,No
eq1428,S5 TS Help or support at school: Support out of class,1.0,Yes
eq1429,S5 TS Help or support at school: Support in class,-8.0,Blank
eq1429,S5 TS Help or support at school: Support in class,0.0,No
eq1429,S5 TS Help or support at school: Support in class,1.0,Yes
eq1430,S5 TS Help or support at school: Support in a group,-8.0,Blank
eq1430,S5 TS Help or support at school: Support in a group,0.0,No
eq1430,S5 TS Help or support at school: Support in a group,1.0,Yes
eq1431,S5 TS Help or support at school: Support with a learning mentor,-8.0,Blank
eq1431,S5 TS Help or support at school: Support with a learning mentor,0.0,No
eq1431,S5 TS Help or support at school: Support with a learning mentor,1.0,Yes
eq1432,S5 TS Help or support at school: Tuition,-8.0,Blank
eq1432,S5 TS Help or support at school: Tuition,0.0,No
eq1432,S5 TS Help or support at school: Tuition,1.0,Yes
eq1433,S5 TS Help or support at school: Vague,-8.0,Blank
eq1433,S5 TS Help or support at school: Vague,0.0,No
eq1433,S5 TS Help or support at school: Vague,1.0,Yes
eq1434,S5 TS Help or support at school: Other,-8.0,Blank
eq1434,S5 TS Help or support at school: Other,0.0,No
eq1434,S5 TS Help or support at school: Other,1.0,Yes
eq1435,S5 TS Help or support at school: No help,-8.0,Blank
eq1435,S5 TS Help or support at school: No help,0.0,No
eq1435,S5 TS Help or support at school: No help,1.0,Yes
eq1436,S5 TS Help or support at school: Don't know,-8.0,Blank
eq1436,S5 TS Help or support at school: Don't know,0.0,No
eq1436,S5 TS Help or support at school: Don't know,1.0,Yes
eq1437,S5 TS Help or support at school: Refused,-8.0,Blank
eq1437,S5 TS Help or support at school: Refused,0.0,No
eq1437,S5 TS Help or support at school: Refused,1.0,Yes
eq15,S5 TS CMs friends misbehaviour,-8.0,"Blank,Don't know"
eq15,S5 TS CMs friends misbehaviour,1.0,More likely than most children
eq15,S5 TS CMs friends misbehaviour,2.0,As likely as most children
eq15,S5 TS CMs friends misbehaviour,3.0,Less likely than most children
eq16,S5 TS CMs friends ability,-9.0,Refused
eq16,S5 TS CMs friends ability,-8.0,"Blank, Don't know"
eq16,S5 TS CMs friends ability,1.0,More able academically
eq16,S5 TS CMs friends ability,2.0,Of a similar academic ability
eq16,S5 TS CMs friends ability,3.0,Less able academically
eq17a,S5 TS CM hurt or picked on by others,-8.0,"Blank, Don't know"
eq17a,S5 TS CM hurt or picked on by others,1.0,Most days
eq17a,S5 TS CM hurt or picked on by others,2.0,About once a week
eq17a,S5 TS CM hurt or picked on by others,3.0,About once a month
eq17a,S5 TS CM hurt or picked on by others,4.0,Every few months
eq17a,S5 TS CM hurt or picked on by others,5.0,Less often
eq17a,S5 TS CM hurt or picked on by others,6.0,Never
eq17b,S5 TS CM hurt or picked on others,-8.0,"Blank, Don't know"
eq17b,S5 TS CM hurt or picked on others,1.0,Most days
eq17b,S5 TS CM hurt or picked on others,2.0,About once a week
eq17b,S5 TS CM hurt or picked on others,3.0,About once a month
eq17b,S5 TS CM hurt or picked on others,4.0,Every few months
eq17b,S5 TS CM hurt or picked on others,5.0,Less often
eq17b,S5 TS CM hurt or picked on others,6.0,Never
eq18,S5 TS CM Prepared for secondary school,-8.0,"Blank, Don't know"
eq18,S5 TS CM Prepared for secondary school,1.0,Very well prepared
eq18,S5 TS CM Prepared for secondary school,2.0,Quite well prepared
eq18,S5 TS CM Prepared for secondary school,3.0,Not very well prepared
eq18,S5 TS CM Prepared for secondary school,4.0,Not at all prepared
eq18,S5 TS CM Prepared for secondary school,5.0,Not moving to secondary school
eq19a,S5 TS How likely CM will stay on after age 16,-8.0,"Blank, Don't know"
eq19a,S5 TS How likely CM will stay on after age 16,1.0,Very likely
eq19a,S5 TS How likely CM will stay on after age 16,2.0,Fairly likely
eq19a,S5 TS How likely CM will stay on after age 16,3.0,Not very likely
eq19a,S5 TS How likely CM will stay on after age 16,4.0,Not at all likely
eq19b,S5 TS How likely CM will go to university,-8.0,"Blank, Don't know"
eq19b,S5 TS How likely CM will go to university,1.0,Very likely
eq19b,S5 TS How likely CM will go to university,2.0,Fairly likely
eq19b,S5 TS How likely CM will go to university,3.0,Not very likely
eq19b,S5 TS How likely CM will go to university,4.0,Not at all likely
eq20a,S5 TS How interested CM's mother appears to be in their education,-8.0,Blank
eq20a,S5 TS How interested CM's mother appears to be in their education,1.0,Very interested
eq20a,S5 TS How interested CM's mother appears to be in their education,2.0,Fairly interested
eq20a,S5 TS How interested CM's mother appears to be in their education,3.0,Neither interested or uninterested
eq20a,S5 TS How interested CM's mother appears to be in their education,4.0,Fairly uninterested
eq20a,S5 TS How interested CM's mother appears to be in their education,5.0,Very uninterested
eq20a,S5 TS How interested CM's mother appears to be in their education,6.0,Cannot say
eq20a,S5 TS How interested CM's mother appears to be in their education,7.0,No mother figure
eq20b,S5 TS How interested CM's father appears to be in their education,-8.0,Blank
eq20b,S5 TS How interested CM's father appears to be in their education,1.0,Very interested
eq20b,S5 TS How interested CM's father appears to be in their education,2.0,Fairly interested
eq20b,S5 TS How interested CM's father appears to be in their education,3.0,Neither interested or uninterested
eq20b,S5 TS How interested CM's father appears to be in their education,4.0,Fairly uninterested
eq20b,S5 TS How interested CM's father appears to be in their education,5.0,Very uninterested
eq20b,S5 TS How interested CM's father appears to be in their education,6.0,Cannot say
eq20b,S5 TS How interested CM's father appears to be in their education,7.0,No father figure
eq21,S5 TS In this childs year,-8.0,"Blank, Don't know"
eq21,S5 TS In this childs year,1.0,Yes
eq21,S5 TS In this childs year,2.0,No
eq22,S5 TS How many streams are there in this childs year,-1.0,Not applicable
eq23,S5 TS Which stream is this child in,-9.0,Refused
eq23,S5 TS Which stream is this child in,-8.0,"Blank, Don't know"
eq23,S5 TS Which stream is this child in,-1.0,Not applicable
eq23,S5 TS Which stream is this child in,1.0,Highest
eq23,S5 TS Which stream is this child in,2.0,Middle
eq23,S5 TS Which stream is this child in,3.0,Lowest
eq24,S5 TS In this childs year are there sets for English,-8.0,"Blank, Don't know"
eq24,S5 TS In this childs year are there sets for English,1.0,Yes
eq24,S5 TS In this childs year are there sets for English,2.0,No
eq25,S5 TS How many sets are there in this childs year for English,-8.0,Blank
eq25,S5 TS How many sets are there in this childs year for English,-1.0,Not applicable
eq26,S5 TS Which set is this child in for English,-8.0,"Blank, Don't know"
eq26,S5 TS Which set is this child in for English,-1.0,Not applicable
eq26,S5 TS Which set is this child in for English,1.0,Highest
eq26,S5 TS Which set is this child in for English,2.0,Middle
eq26,S5 TS Which set is this child in for English,3.0,Lowest
eq26a,S5 TS In this childs year are there sets for Welsh,-8.0,Blank
eq26a,S5 TS In this childs year are there sets for Welsh,-1.0,Not applicable
eq26a,S5 TS In this childs year are there sets for Welsh,1.0,Yes
eq26a,S5 TS In this childs year are there sets for Welsh,2.0,No
eq26b,S5 TS How many sets are there in this childs year for Welsh,-8.0,Blank
eq26b,S5 TS How many sets are there in this childs year for Welsh,-1.0,Not applicable
eq26c,S5 TS Which set is this child in for Welsh,-1.0,Not applicable
eq26c,S5 TS Which set is this child in for Welsh,1.0,Highest
eq26c,S5 TS Which set is this child in for Welsh,2.0,Middle
eq26c,S5 TS Which set is this child in for Welsh,3.0,Lowest
eq27,S5 TS In this childs year are there sets for Maths,-8.0,"Blank, Don't know"
eq27,S5 TS In this childs year are there sets for Maths,1.0,Yes
eq27,S5 TS In this childs year are there sets for Maths,2.0,No
eq28,S5 TS How many sets are there in this childs year for Maths,-8.0,Blank
eq28,S5 TS How many sets are there in this childs year for Maths,-1.0,Not applicable
eq29,S5 TS Which set is this child in for Maths,-8.0,"Blank, Don't know"
eq29,S5 TS Which set is this child in for Maths,-1.0,Not applicable
eq29,S5 TS Which set is this child in for Maths,1.0,Highest
eq29,S5 TS Which set is this child in for Maths,2.0,Middle
eq29,S5 TS Which set is this child in for Maths,3.0,Lowest
eq30,S5 TS In this childs year are there sets for Science,-8.0,"Blank, Don't know"
eq30,S5 TS In this childs year are there sets for Science,1.0,Yes
eq30,S5 TS In this childs year are there sets for Science,2.0,No
eq31,S5 TS How many sets are there in this childs year for Science,-8.0,Blank
eq31,S5 TS How many sets are there in this childs year for Science,-1.0,Not applicable
eq32,S5 TS Which set is this child in for Science,-8.0,"Blank, Don't know"
eq32,S5 TS Which set is this child in for Science,-1.0,Not applicable
eq32,S5 TS Which set is this child in for Science,1.0,Highest
eq32,S5 TS Which set is this child in for Science,2.0,Middle
eq32,S5 TS Which set is this child in for Science,3.0,Lowest
eq33,S5 TS How many children are there on CM's class register,-8.0,"Blank, Don't know"
eq34,S5 TS Does CM's class contain mixed year groups,-8.0,Blank
eq34,S5 TS Does CM's class contain mixed year groups,1.0,Yes
eq34,S5 TS Does CM's class contain mixed year groups,2.0,No
eq35,S5 TS How many classes are there in CM's year,-8.0,"Blank, Don't know"
eq36,S5 TS How many children in CM's class have SEN,-9.0,Refused
eq36,S5 TS How many children in CM's class have SEN,-8.0,"Blank, Don't know"
eq37,S5 TS  How many children in CM's class have been excluded from school,-9.0,Refused
eq37,S5 TS  How many children in CM's class have been excluded from school,-8.0,"Blank, Don't know"
eq38,S5 TS How many children in CM's class have home with an additional language,-9.0,Refused
eq38,S5 TS How many children in CM's class have home with an additional language,-8.0,"Blank, Don't know"
eq39,S5 TS Any children in CM's class whose behaviour prevents learning,-9.0,Refused
eq39,S5 TS Any children in CM's class whose behaviour prevents learning,-8.0,"Blank, Don't know"
eq39,S5 TS Any children in CM's class whose behaviour prevents learning,1.0,Yes
eq39,S5 TS Any children in CM's class whose behaviour prevents learning,2.0,No
eq40,S5 TS How many days in this term has supply cover been used,-9.0,Refused
eq40,S5 TS How many days in this term has supply cover been used,-8.0,"Blank, Don't know"
eq41a,S5 TS Hours a week are spent teaching CM's class English,-8.0,"Blank, Don't know"
eq41b,S5 TS Hours a week are spent teaching CM's class Welsh,-8.0,"Blank, Don't know"
eq41c,S5 TS Hours a week are spent teaching CM's class Maths,-8.0,"Blank, Don't know"
eq41d,S5 TS Hours a week are spent teaching CM's class Science,-8.0,"Blank, Don't know"
eq42,S5 TS Time expected to spend on homework,-8.0,"Blank, Don't know"
eq4301,S5 TS Class gets support from: Another teacher (specialist),-8.0,Blank
eq4301,S5 TS Class gets support from: Another teacher (specialist),0.0,No
eq4301,S5 TS Class gets support from: Another teacher (specialist),1.0,Yes
eq4302,S5 TS Class gets support from: Special needs teacher,-8.0,Blank
eq4302,S5 TS Class gets support from: Special needs teacher,0.0,No
eq4302,S5 TS Class gets support from: Special needs teacher,1.0,Yes
eq4303,S5 TS Class gets support from: Teaching assistant,-8.0,Blank
eq4303,S5 TS Class gets support from: Teaching assistant,0.0,No
eq4303,S5 TS Class gets support from: Teaching assistant,1.0,Yes
eq4304,S5 TS Class gets support from: Student teacher,-8.0,Blank
eq4304,S5 TS Class gets support from: Student teacher,0.0,No
eq4304,S5 TS Class gets support from: Student teacher,1.0,Yes
eq4305,S5 TS Class gets support from: Volunteer,-8.0,Blank
eq4305,S5 TS Class gets support from: Volunteer,0.0,No
eq4305,S5 TS Class gets support from: Volunteer,1.0,Yes
eq4306,S5 TS Class gets support from: Parents,-8.0,Blank
eq4306,S5 TS Class gets support from: Parents,0.0,No
eq4306,S5 TS Class gets support from: Parents,1.0,Yes
eq4307,S5 TS Class gets support from: Another teacher (non specialist),-8.0,Blank
eq4307,S5 TS Class gets support from: Another teacher (non specialist),0.0,No
eq4307,S5 TS Class gets support from: Another teacher (non specialist),1.0,Yes
eq4308,S5 TS Class gets support from: Booster groups,-8.0,Blank
eq4308,S5 TS Class gets support from: Booster groups,0.0,No
eq4308,S5 TS Class gets support from: Booster groups,1.0,Yes
eq4309,S5 TS Class gets support from: Cover,-8.0,Blank
eq4309,S5 TS Class gets support from: Cover,0.0,No
eq4309,S5 TS Class gets support from: Cover,1.0,Yes
eq4310,S5 TS Class gets support from: Learning support assistant,-8.0,Blank
eq4310,S5 TS Class gets support from: Learning support assistant,0.0,No
eq4310,S5 TS Class gets support from: Learning support assistant,1.0,Yes
eq4311,S5 TS Class gets support from: Occupational therapist,-8.0,Blank
eq4311,S5 TS Class gets support from: Occupational therapist,0.0,No
eq4311,S5 TS Class gets support from: Occupational therapist,1.0,Yes
eq4312,S5 TS Class gets support from: Physiotherapist,-8.0,Blank
eq4312,S5 TS Class gets support from: Physiotherapist,0.0,No
eq4312,S5 TS Class gets support from: Physiotherapist,1.0,Yes
eq4313,S5 TS Class gets support from: Reading support,-8.0,Blank
eq4313,S5 TS Class gets support from: Reading support,0.0,No
eq4313,S5 TS Class gets support from: Reading support,1.0,Yes
eq4314,S5 TS Class gets support from: Speech,-8.0,Blank
eq4314,S5 TS Class gets support from: Speech,0.0,No
eq4314,S5 TS Class gets support from: Speech,1.0,Yes
eq4315,S5 TS Class gets support from: Tuition,-8.0,Blank
eq4315,S5 TS Class gets support from: Tuition,0.0,No
eq4315,S5 TS Class gets support from: Tuition,1.0,Yes
eq4316,S5 TS Class gets support from: Any other,-8.0,Blank
eq4316,S5 TS Class gets support from: Any other,0.0,No
eq4316,S5 TS Class gets support from: Any other,1.0,Yes
eq4317,S5 TS Class gets support from: None,-8.0,Blank
eq4317,S5 TS Class gets support from: None,0.0,No
eq4317,S5 TS Class gets support from: None,1.0,Yes
eq4318,S5 TS Class gets support from: Don't know,-8.0,Blank
eq4318,S5 TS Class gets support from: Don't know,0.0,No
eq4318,S5 TS Class gets support from: Don't know,1.0,Yes
eq4319,S5 TS Class gets support from: Refused,-8.0,Blank
eq4319,S5 TS Class gets support from: Refused,0.0,No
eq4319,S5 TS Class gets support from: Refused,1.0,Yes
eq44,S5 TS Teacher's gender,-8.0,Blank
eq44,S5 TS Teacher's gender,1.0,Male
eq44,S5 TS Teacher's gender,2.0,Female
eq45,S5 TS Role of survey respondent,-8.0,Blank
eq45,S5 TS Role of survey respondent,1.0,Class teacher
eq45,S5 TS Role of survey respondent,2.0,Head teacher
eq45,S5 TS Role of survey respondent,3.0,Other teacher
eq45,S5 TS Role of survey respondent,4.0,Teaching assistant
eq45,S5 TS Role of survey respondent,5.0,School administrative assistant
eq45,S5 TS Role of survey respondent,6.0,Other
eq46,S5 TS Number of years teaching,-8.0,"Blank, Don't know"
eq47,S5 TS Years teaching at THIS school,-8.0,"Blank, Don't know"
eq4801,S5 TS Qualifications: Higher degree mainly by research,-8.0,Blank
eq4801,S5 TS Qualifications: Higher degree mainly by research,0.0,No
eq4801,S5 TS Qualifications: Higher degree mainly by research,1.0,Yes
eq4802,S5 TS Qualifications: Higher degree mainly by taught course,-8.0,Blank
eq4802,S5 TS Qualifications: Higher degree mainly by taught course,0.0,No
eq4802,S5 TS Qualifications: Higher degree mainly by taught course,1.0,Yes
eq4803,S5 TS Qualifications: Postgraduate Certificate in Education,-8.0,Blank
eq4803,S5 TS Qualifications: Postgraduate Certificate in Education,0.0,No
eq4803,S5 TS Qualifications: Postgraduate Certificate in Education,1.0,Yes
eq4804,S5 TS Qualifications: Other postgraduate diploma or certificate,-8.0,Blank
eq4804,S5 TS Qualifications: Other postgraduate diploma or certificate,0.0,No
eq4804,S5 TS Qualifications: Other postgraduate diploma or certificate,1.0,Yes
eq4805,S5 TS Qualifications: Bachelor of Education (BEd),-8.0,Blank
eq4805,S5 TS Qualifications: Bachelor of Education (BEd),0.0,No
eq4805,S5 TS Qualifications: Bachelor of Education (BEd),1.0,Yes
eq4806,S5 TS Qualifications: Other first degree,-8.0,Blank
eq4806,S5 TS Qualifications: Other first degree,0.0,No
eq4806,S5 TS Qualifications: Other first degree,1.0,Yes
eq4807,S5 TS Qualifications: Teaching diploma or certificate,-8.0,Blank
eq4807,S5 TS Qualifications: Teaching diploma or certificate,0.0,No
eq4807,S5 TS Qualifications: Teaching diploma or certificate,1.0,Yes
eq4808,S5 TS Qualifications: Professional qualification,-8.0,Blank
eq4808,S5 TS Qualifications: Professional qualification,0.0,No
eq4808,S5 TS Qualifications: Professional qualification,1.0,Yes
eq4809,S5 TS Qualifications: None of these,-8.0,Blank
eq4809,S5 TS Qualifications: None of these,0.0,No
eq4809,S5 TS Qualifications: None of these,1.0,Yes
eq4810,S5 TS Qualifications: Do not wish to answer,-8.0,Blank
eq4810,S5 TS Qualifications: Do not wish to answer,0.0,No
eq4810,S5 TS Qualifications: Do not wish to answer,1.0,Yes
eq4811,S5 TS Qualifications: Don't know,-8.0,Blank
eq4811,S5 TS Qualifications: Don't know,0.0,No
eq4811,S5 TS Qualifications: Don't know,1.0,Yes
eq4812,S5 TS Qualifications: Refused,-8.0,Blank
eq4812,S5 TS Qualifications: Refused,0.0,No
eq4812,S5 TS Qualifications: Refused,1.0,Yes
eq4813,S5 TS Qualifications: Blank,-8.0,Blank
eq4813,S5 TS Qualifications: Blank,0.0,No
eq4813,S5 TS Qualifications: Blank,1.0,Yes
eq4814,S5 TS Qualifications: Not applicable,-8.0,Blank
eq4814,S5 TS Qualifications: Not applicable,0.0,No
eq4814,S5 TS Qualifications: Not applicable,1.0,Yes
streamg,S5 DV: If streamed at school and which stream (Grouped),-1.0,Teacher unsure
streamg,S5 DV: If streamed at school and which stream (Grouped),0.0,Not streamed
streamg,S5 DV: If streamed at school and which stream (Grouped),1.0,Streamed
litsetg,S5 DV: Set for English (Grouped),-8.0,D/K if set
litsetg,S5 DV: Set for English (Grouped),-7.0,Set but D/K which set
litsetg,S5 DV: Set for English (Grouped),0.0,Not set
litsetg,S5 DV: Set for English (Grouped),1.0,Set
litsetgw,S5 DV: Set for Welsh (Grouped),-8.0,D/K if set
litsetgw,S5 DV: Set for Welsh (Grouped),-7.0,Set but D/K which set
litsetgw,S5 DV: Set for Welsh (Grouped),0.0,Not set
litsetgw,S5 DV: Set for Welsh (Grouped),1.0,Set
numsetg,S5 DV: Set for Math (Grouped),-8.0,D/K if set
numsetg,S5 DV: Set for Math (Grouped),-7.0,Set but D/K which set
numsetg,S5 DV: Set for Math (Grouped),0.0,Not set
numsetg,S5 DV: Set for Math (Grouped),1.0,Set
scisetg,S5 DV Set for Science (Grouped),-8.0,D/K if set
scisetg,S5 DV Set for Science (Grouped),-7.0,Set but D/K which set
scisetg,S5 DV Set for Science (Grouped),0.0,Not set
scisetg,S5 DV Set for Science (Grouped),1.0,Set
setting,S5 DV: Setting summary,-1.0,D/K if set
setting,S5 DV: Setting summary,0.0,Not set
setting,S5 DV: Setting summary,1.0,Set Maths only
setting,S5 DV: Setting summary,2.0,Set English only
setting,S5 DV: Setting summary,3.0,Set English and Maths only
setting,S5 DV: Setting summary,4.0,Set Science only
setting,S5 DV: Setting summary,5.0,Set Maths and Science only
setting,S5 DV: Setting summary,6.0,Set English and Science only
streamnumg,S5 DV: Relationship between streaming and numeracy (Grouped),-1.0,Not applicable
streamnumg,S5 DV: Relationship between streaming and numeracy (Grouped),0.0,"No stream, no set"
streamnumg,S5 DV: Relationship between streaming and numeracy (Grouped),1.0,"No stream, lit set"
streamnumg,S5 DV: Relationship between streaming and numeracy (Grouped),2.0,"Stream, no set"
streamnumg,S5 DV: Relationship between streaming and numeracy (Grouped),3.0,"Stream, lit set"
streamnumg,S5 DV: Relationship between streaming and numeracy (Grouped),4.0,DK if stream OR set
streamnumg,S5 DV: Relationship between streaming and numeracy (Grouped),5.0,DK if stream AND set
streamlitg,S5 DV: Relationship between streaming and English (Grouped),-1.0,Not applicable
streamlitg,S5 DV: Relationship between streaming and English (Grouped),0.0,"No stream, no set"
streamlitg,S5 DV: Relationship between streaming and English (Grouped),1.0,"No stream, lit set"
streamlitg,S5 DV: Relationship between streaming and English (Grouped),2.0,"Stream, no set"
streamlitg,S5 DV: Relationship between streaming and English (Grouped),3.0,"Stream, lit set"
streamlitg,S5 DV: Relationship between streaming and English (Grouped),4.0,DK if stream OR set
streamlitg,S5 DV: Relationship between streaming and English (Grouped),5.0,DK if stream AND set
streamscig,S5 DV: Relationship between streaming and science (Grouped),-1.0,Not applicable
streamscig,S5 DV: Relationship between streaming and science (Grouped),0.0,"No stream, no set"
streamscig,S5 DV: Relationship between streaming and science (Grouped),1.0,"No stream, sci set"
streamscig,S5 DV: Relationship between streaming and science (Grouped),2.0,"Stream, no set"
streamscig,S5 DV: Relationship between streaming and science (Grouped),3.0,"Stream, sci set"
streamscig,S5 DV: Relationship between streaming and science (Grouped),4.0,DK if stream OR set
streamscig,S5 DV: Relationship between streaming and science (Grouped),5.0,DK if stream AND set
m5stsc2,S5 DV: Which school year CM in,-1.0,Missing
m5stsc2,S5 DV: Which school year CM in,1.0,Year 1 / primary 2
m5stsc2,S5 DV: Which school year CM in,2.0,Year 2 / primary 3
m5stsc2,S5 DV: Which school year CM in,3.0,Year 3 / primary 4
m5stsc2,S5 DV: Which school year CM in,4.0,Other year
m5stsc2,S5 DV: Which school year CM in,5.0,Not at aschool
timeyearg,S5 DV: season born in (Grouped),1.0,Autumn 2000
timeyearg,S5 DV: season born in (Grouped),2.0,Winter 2000/1
timeyearg,S5 DV: season born in (Grouped),3.0,Spring 2001
timeyearg,S5 DV: season born in (Grouped),4.0,Summer 2001
timeyearg,S5 DV: season born in (Grouped),5.0,Autumn/ Winter 2001/2
tserial,S5 DV: Teacher Serial (anonymised),,
eemoti_t,S5 DV TEACHER SDQ Emotional Symptoms,-9.0,Refusal
eemoti_t,S5 DV TEACHER SDQ Emotional Symptoms,-8.0,Don't know
eemoti_t,S5 DV TEACHER SDQ Emotional Symptoms,-1.0,Not applicable
econd_t,S5 DV TEACHER SDQ Conduct Problems,-9.0,Refusal
econd_t,S5 DV TEACHER SDQ Conduct Problems,-8.0,Don't know
econd_t,S5 DV TEACHER SDQ Conduct Problems,-1.0,Not applicable
ehyper_t,S5 DV TEACHER SDQ Hyperactivity/Inattention,-1.0,Not applicable
ehyper_t,S5 DV TEACHER SDQ Hyperactivity/Inattention,-9.0,Refusal
ehyper_t,S5 DV TEACHER SDQ Hyperactivity/Inattention,-8.0,Don't know
epeer_t,S5 DV TEACHER SDQ Peer Problems,-9.0,Refusal
epeer_t,S5 DV TEACHER SDQ Peer Problems,-8.0,Don't know
epeer_t,S5 DV TEACHER SDQ Peer Problems,-1.0,Not applicable
eproso_t,S5 DV TEACHER SDQ Prosocial,-9.0,Refusal
eproso_t,S5 DV TEACHER SDQ Prosocial,-8.0,Don't know
eproso_t,S5 DV TEACHER SDQ Prosocial,-1.0,Not applicable
eebdto_t,S5 DV TEACHER SDQ Total Difficulties,-9.0,Refusal
eebdto_t,S5 DV TEACHER SDQ Total Difficulties,-8.0,Don't know
eebdto_t,S5 DV TEACHER SDQ Total Difficulties,-1.0,Not applicable
eebdif_t,S5 DV TEACHER SDQ CM has Difficulties in one or more areas,-1.0,Not applicable
eebdif_t,S5 DV TEACHER SDQ CM has Difficulties in one or more areas,0.0,No
eebdif_t,S5 DV TEACHER SDQ CM has Difficulties in one or more areas,1.0,Yes Minor difficulties
eebdif_t,S5 DV TEACHER SDQ CM has Difficulties in one or more areas,2.0,Yes definite difficulties
eebdif_t,S5 DV TEACHER SDQ CM has Difficulties in one or more areas,3.0,Yes severe difficulties
avail_from_dt,,,
mcs_llc_fid_e,Encrypted Family/Household anonymised ID for LLC,,
