variable_name,variable_label,value_value,value_label
study_id_e,,,
pnum,Person Number for Main or (Proxy)Partner respondent,-1.0,Not applicable
delig00,Eligibility for Interview,-1.0,Not applicable
delig00,Eligibility for Interview,1.0,Main Interview
delig00,Eligibility for Interview,2.0,Partner Interview
delig00,Eligibility for Interview,3.0,Proxy Interview
delig00,Eligibility for Interview,4.0,Not eligible
dresp00,Response to Interview,-1.0,Not applicable
dresp00,Response to Interview,1.0,Main Interview
dresp00,Response to Interview,2.0,Partner Interview
dresp00,Response to Interview,3.0,Proxy Interview
dresp00,Response to Interview,4.0,No Interview
dddsam00,DV Respondent same as at sweep 3,-1.0,Not applicable
dddsam00,DV Respondent same as at sweep 3,1.0,Same respondent
dddsam00,DV Respondent same as at sweep 3,2.0,Different respondent
dddlst00,DV Respondent status at sweep 3,-1.0,Not applicable
dddlst00,DV Respondent status at sweep 3,1.0,Main respondent
dddlst00,DV Respondent status at sweep 3,2.0,Partner respondent
dddlst00,DV Respondent status at sweep 3,3.0,Proxy partner respondent
dddlst00,DV Respondent status at sweep 3,4.0,Neither Main or Partner
dddres00,DV Respondent identity and interview status,1.0,Natural mother: interviewed
dddres00,DV Respondent identity and interview status,2.0,Natural father: interviewed
dddres00,DV Respondent identity and interview status,3.0,Adoptive mother: interviewed
dddres00,DV Respondent identity and interview status,4.0,Adoptive father: interviewed
dddres00,DV Respondent identity and interview status,5.0,Foster mother: interviewed
dddres00,DV Respondent identity and interview status,6.0,Foster father: interviewed
dddres00,DV Respondent identity and interview status,7.0,Step mother/partner of father: interviewed
dddres00,DV Respondent identity and interview status,8.0,Step father/partner of mother: interviewed
dddres00,DV Respondent identity and interview status,9.0,Grandmother: interviewed
dddres00,DV Respondent identity and interview status,10.0,Grandfather: interviewed
dddres00,DV Respondent identity and interview status,11.0,Natural mother: by proxy
dddres00,DV Respondent identity and interview status,12.0,Natural father: by proxy
dddres00,DV Respondent identity and interview status,13.0,Step mother: by proxy
dddres00,DV Respondent identity and interview status,14.0,Step father: by proxy
dddres00,DV Respondent identity and interview status,15.0,Natural mother: not interviewed
dddres00,DV Respondent identity and interview status,16.0,Natural father: not interviewed
dddres00,DV Respondent identity and interview status,17.0,Adoptive mother: not interviewed
dddres00,DV Respondent identity and interview status,18.0,Adoptive father: not interviewed
dddres00,DV Respondent identity and interview status,19.0,Foster mother: not interviewed
dddres00,DV Respondent identity and interview status,20.0,Foster father: not interviewed
dddres00,DV Respondent identity and interview status,21.0,Step mother: not interviewed
dddres00,DV Respondent identity and interview status,22.0,Step father: not interviewed
dddres00,DV Respondent identity and interview status,23.0,"Natural mother: by proxy, not interviewed"
dddres00,DV Respondent identity and interview status,24.0,"Natural father: by proxy, not interviewed"
dddres00,DV Respondent identity and interview status,25.0,Other female non-relative: interviewed
dddres00,DV Respondent identity and interview status,26.0,Other male non-relative: interviewed
dddres00,DV Respondent identity and interview status,27.0,Other female non-relative: not interviewed
dddres00,DV Respondent identity and interview status,28.0,Other male non-relative: not interviewed
dddres00,DV Respondent identity and interview status,29.0,"Step mother: by proxy, not interviewed"
dddres00,DV Respondent identity and interview status,30.0,"Step father: by proxy, not interviewed"
dddres00,DV Respondent identity and interview status,31.0,Other female relative: interviewed
dddres00,DV Respondent identity and interview status,32.0,Other male relative: interviewed
dddres00,DV Respondent identity and interview status,33.0,"Female, unknown relationship: interviewed"
dddres00,DV Respondent identity and interview status,34.0,"Male, unknown relationship: interviewed"
dddres00,DV Respondent identity and interview status,35.0,"Step parent, unknown sex: interviewed"
dddres00,DV Respondent identity and interview status,36.0,"Step parent, unknown sex: not interviewed"
dddres00,DV Respondent identity and interview status,37.0,"Adoptive parent, sex unknown: interviewed"
dddres00,DV Respondent identity and interview status,38.0,"Adoptive parent, sex unknown: not interviewed"
dddres00,DV Respondent identity and interview status,39.0,Grandmother: not interviewed
dddres00,DV Respondent identity and interview status,40.0,Grandfather: not interviewed
dddres00,DV Respondent identity and interview status,41.0,"Female, unknown relationship: not interviewed"
dddres00,DV Respondent identity and interview status,42.0,"Male, unknown relationship: not interviewed"
dddres00,DV Respondent identity and interview status,43.0,Other female relative: not interviewed
dddres00,DV Respondent identity and interview status,44.0,Other male relative: not interviewed
dddres00,DV Respondent identity and interview status,45.0,"Natural parent, unknown sex: interviewed"
dddres00,DV Respondent identity and interview status,46.0,"Natural parent, unknown sex: not interviewed"
dddres00,DV Respondent identity and interview status,47.0,"Natural parent, unknown sex: by proxy"
dddres00,DV Respondent identity and interview status,48.0,Other male non-relative: by proxy
dddres00,DV Respondent identity and interview status,49.0,"Other non-relative, sex unknown: interviewed"
dddres00,DV Respondent identity and interview status,50.0,"Unknown relationship, unknown sex: by proxy"
dddres00,DV Respondent identity and interview status,51.0,Adoptive father: by proxy
dddres00,DV Respondent identity and interview status,52.0,Grandfather: by proxy
dddres00,DV Respondent identity and interview status,53.0,"Other male non-relative: by proxy, no proxy interview"
dddres00,DV Respondent identity and interview status,54.0,Other male relative: by proxy
dddres00,DV Respondent identity and interview status,55.0,Natural Sister: interviewed
dddres00,DV Respondent identity and interview status,56.0,Natural Brother: interviewed
dddres00,DV Respondent identity and interview status,57.0,Natural sister: not interviewed
dddres00,DV Respondent identity and interview status,58.0,"Adoptive father: by proxy, no proxy interview"
dddrel00,DV Respondent relationship to CM,1.0,Natural mother
dddrel00,DV Respondent relationship to CM,2.0,Natural father
dddrel00,DV Respondent relationship to CM,3.0,Natural parent (sex not known)
dddrel00,DV Respondent relationship to CM,4.0,Adoptive mother
dddrel00,DV Respondent relationship to CM,5.0,Adoptive father
dddrel00,DV Respondent relationship to CM,6.0,Adoptive parent (sex not known)
dddrel00,DV Respondent relationship to CM,7.0,Foster mother
dddrel00,DV Respondent relationship to CM,8.0,Foster father
dddrel00,DV Respondent relationship to CM,9.0,Foster parent (sex not known)
dddrel00,DV Respondent relationship to CM,10.0,Step mother
dddrel00,DV Respondent relationship to CM,11.0,Step father
dddrel00,DV Respondent relationship to CM,12.0,Step parent (sex not known)
dddrel00,DV Respondent relationship to CM,13.0,Grandmother
dddrel00,DV Respondent relationship to CM,14.0,Grandfather
dddrel00,DV Respondent relationship to CM,15.0,Grandparent (sex not known)
dddrel00,DV Respondent relationship to CM,16.0,"Other, female"
dddrel00,DV Respondent relationship to CM,17.0,"Other, male"
dddrel00,DV Respondent relationship to CM,18.0,"Other, sex not known"
dddrel00,DV Respondent relationship to CM,19.0,Natural Sister
dddrel00,DV Respondent relationship to CM,20.0,Natural Brother
dddagi00,Respondent Age at Interview,-3.0,Dob or Date of Interview Missing
dddagi00,Respondent Age at Interview,-2.0,Not Known
dddagi00,Respondent Age at Interview,-1.0,Not applicable
dddgai00,DV Respondent Age at Interview (grouped),-3.0,Dob or Date of Interview Missing
dddgai00,DV Respondent Age at Interview (grouped),-2.0,Not Known
dddgai00,DV Respondent Age at Interview (grouped),-1.0,Not applicable
dddgai00,DV Respondent Age at Interview (grouped),1.0,16 to 19
dddgai00,DV Respondent Age at Interview (grouped),2.0,20 to 29
dddgai00,DV Respondent Age at Interview (grouped),3.0,30 to 39
dddgai00,DV Respondent Age at Interview (grouped),4.0,40 plus
ddd06e00,DV Respondent's Ethnic Group - 6 category Census class,-9.0,Refusal
ddd06e00,DV Respondent's Ethnic Group - 6 category Census class,-8.0,Don't know
ddd06e00,DV Respondent's Ethnic Group - 6 category Census class,-2.0,Not known
ddd06e00,DV Respondent's Ethnic Group - 6 category Census class,-1.0,Not applicable
ddd06e00,DV Respondent's Ethnic Group - 6 category Census class,1.0,White
ddd06e00,DV Respondent's Ethnic Group - 6 category Census class,2.0,Mixed
ddd06e00,DV Respondent's Ethnic Group - 6 category Census class,3.0,Indian
ddd06e00,DV Respondent's Ethnic Group - 6 category Census class,4.0,Pakistani and Bangladeshi
ddd06e00,DV Respondent's Ethnic Group - 6 category Census class,5.0,Black or Black British
ddd06e00,DV Respondent's Ethnic Group - 6 category Census class,6.0,"Other Ethnic group (inc. Chinese,other"
ddd11e00,Respondent's Ethnic Group - 11 category Census,-9.0,Refusal
ddd11e00,Respondent's Ethnic Group - 11 category Census,-8.0,Don't know
ddd11e00,Respondent's Ethnic Group - 11 category Census,-2.0,Not known
ddd11e00,Respondent's Ethnic Group - 11 category Census,-1.0,Not applicable
ddd11e00,Respondent's Ethnic Group - 11 category Census,1.0,White
ddd11e00,Respondent's Ethnic Group - 11 category Census,2.0,Mixed
ddd11e00,Respondent's Ethnic Group - 11 category Census,3.0,Indian
ddd11e00,Respondent's Ethnic Group - 11 category Census,4.0,Pakistani
ddd11e00,Respondent's Ethnic Group - 11 category Census,5.0,Bangladeshi
ddd11e00,Respondent's Ethnic Group - 11 category Census,6.0,Other Asian
ddd11e00,Respondent's Ethnic Group - 11 category Census,7.0,Black Caribbean
ddd11e00,Respondent's Ethnic Group - 11 category Census,8.0,Black African
ddd11e00,Respondent's Ethnic Group - 11 category Census,9.0,Other Black
ddd11e00,Respondent's Ethnic Group - 11 category Census,10.0,Chinese
ddd11e00,Respondent's Ethnic Group - 11 category Census,11.0,Other Ethnic Group
ddd08e00,Respondent's Ethnic Group - 8 category classification,-9.0,Refusal
ddd08e00,Respondent's Ethnic Group - 8 category classification,-8.0,Don't know
ddd08e00,Respondent's Ethnic Group - 8 category classification,-2.0,Not known
ddd08e00,Respondent's Ethnic Group - 8 category classification,-1.0,Not applicable
ddd08e00,Respondent's Ethnic Group - 8 category classification,1.0,White
ddd08e00,Respondent's Ethnic Group - 8 category classification,2.0,Mixed
ddd08e00,Respondent's Ethnic Group - 8 category classification,3.0,Indian
ddd08e00,Respondent's Ethnic Group - 8 category classification,4.0,Pakistani
ddd08e00,Respondent's Ethnic Group - 8 category classification,5.0,Bangladeshi
ddd08e00,Respondent's Ethnic Group - 8 category classification,6.0,Black Caribbean
ddd08e00,Respondent's Ethnic Group - 8 category classification,7.0,Black African
ddd08e00,Respondent's Ethnic Group - 8 category classification,8.0,"Other Ethnic group (inc Chinese,Other)"
dddwrk00,DV Whether respondent is in work or not,-9.0,Refusal
dddwrk00,DV Whether respondent is in work or not,-8.0,Don't Know
dddwrk00,DV Whether respondent is in work or not,-2.0,Not known
dddwrk00,DV Whether respondent is in work or not,-1.0,Not applicable
dddwrk00,DV Whether respondent is in work or not,1.0,Respondent is in work or on leave
dddwrk00,DV Whether respondent is in work or not,2.0,Respondent isnt in work  on leave
dddnvq00,DV Respondent NVQ Highest Level (all sweeps),-9.0,Refusal
dddnvq00,DV Respondent NVQ Highest Level (all sweeps),-8.0,Don't know
dddnvq00,DV Respondent NVQ Highest Level (all sweeps),-1.0,Not applicable
dddnvq00,DV Respondent NVQ Highest Level (all sweeps),1.0,NVQ level 1
dddnvq00,DV Respondent NVQ Highest Level (all sweeps),2.0,NVQ level 2
dddnvq00,DV Respondent NVQ Highest Level (all sweeps),3.0,NVQ level 3
dddnvq00,DV Respondent NVQ Highest Level (all sweeps),4.0,NVQ level 4
dddnvq00,DV Respondent NVQ Highest Level (all sweeps),5.0,NVQ level 5
dddnvq00,DV Respondent NVQ Highest Level (all sweeps),95.0,Overseas qual only
dddnvq00,DV Respondent NVQ Highest Level (all sweeps),96.0,None of these
ddwgtk00,Weight of respondent in Kilos At interview,-8.0,Dont know / refused
ddwgtk00,Weight of respondent in Kilos At interview,-2.0,No measurement Pregnant
ddwgtk00,Weight of respondent in Kilos At interview,-1.0,Not applicable
ddhgtm00,Height of respondent in Metres,-9.0,Refusal
ddhgtm00,Height of respondent in Metres,-8.0,Dont Know / refused
ddhgtm00,Height of respondent in Metres,-1.0,Not applicable
dddbmi00,BMI of respondent at interview,-1.0,Not applicable
dddbmi00,BMI of respondent at interview,-8.0,Dont Know / refused
dddbmi00,BMI of respondent at interview,-2.0,No measurement Pregnant
ddkessler,Kessler K6 Scale,-9.0,Refusal
ddkessler,Kessler K6 Scale,-8.0,Don't Know
ddkessler,Kessler K6 Scale,-1.0,Not applicable
ddneurot,OCEAN - Neuroticism Sub Scale,-9.0,Refusal
ddneurot,OCEAN - Neuroticism Sub Scale,-8.0,Don't Know
ddneurot,OCEAN - Neuroticism Sub Scale,-1.0,Not applicable
ddextrav,OCEAN - Extrovert Sub Scale,-9.0,Refusal
ddextrav,OCEAN - Extrovert Sub Scale,-8.0,Don't Know
ddextrav,OCEAN - Extrovert Sub Scale,-1.0,Not applicable
ddocean,OCEAN - Neuroticism + Extrovert Score,-9.0,Refusal
ddocean,OCEAN - Neuroticism + Extrovert Score,-8.0,Don't Know
ddocean,OCEAN - Neuroticism + Extrovert Score,-1.0,Not applicable
dddrlg00,DV Respondent: Religion - 7 category,-9.0,Refusal
dddrlg00,DV Respondent: Religion - 7 category,-8.0,Don't know
dddrlg00,DV Respondent: Religion - 7 category,-1.0,Not applicable
dddrlg00,DV Respondent: Religion - 7 category,1.0,Christian
dddrlg00,DV Respondent: Religion - 7 category,2.0,Muslim
dddrlg00,DV Respondent: Religion - 7 category,3.0,Hindu
dddrlg00,DV Respondent: Religion - 7 category,4.0,Sikh
dddrlg00,DV Respondent: Religion - 7 category,5.0,Jewish
dddrlg00,DV Respondent: Religion - 7 category,6.0,Buddhist
dddrlg00,DV Respondent: Religion - 7 category,7.0,Other
dddrlg00,DV Respondent: Religion - 7 category,8.0,None
dddact00,DV Respondents Economic Activity Status,-8.0,Don't know
dddact00,DV Respondents Economic Activity Status,-1.0,Not applicable
dddact00,DV Respondents Economic Activity Status,1.0,Employed
dddact00,DV Respondents Economic Activity Status,2.0,Self employed
dddact00,DV Respondents Economic Activity Status,3.0,Looking for work
dddact00,DV Respondents Economic Activity Status,4.0,Poor health
dddact00,DV Respondents Economic Activity Status,5.0,"New Deal, apprenticeship"
dddact00,DV Respondents Economic Activity Status,6.0,Student
dddact00,DV Respondents Economic Activity Status,7.0,Looking after the family
dddact00,DV Respondents Economic Activity Status,8.0,Waiting for a job to start
dddact00,DV Respondents Economic Activity Status,9.0,Non-working for other reason
dddact00,DV Respondents Economic Activity Status,10.0,Retired
ddd17s00,DV NS-SEC full version (current job),-8.0,Don't know
ddd17s00,DV NS-SEC full version (current job),-1.0,Not applicable
ddd17s00,DV NS-SEC full version (current job),1.0,Large emp
ddd17s00,DV NS-SEC full version (current job),2.0,Hi manag
ddd17s00,DV NS-SEC full version (current job),3.1,Hi prof trad
ddd17s00,DV NS-SEC full version (current job),3.2,Hi prof new
ddd17s00,DV NS-SEC full version (current job),3.3,Hi prof trad s-emp
ddd17s00,DV NS-SEC full version (current job),3.4,Hi prof new s-emp
ddd17s00,DV NS-SEC full version (current job),4.1,Lo prof trad
ddd17s00,DV NS-SEC full version (current job),4.2,Lo prof new
ddd17s00,DV NS-SEC full version (current job),4.3,Lo prof trad s-emp
ddd17s00,DV NS-SEC full version (current job),4.4,Lo prof new s-emp
ddd17s00,DV NS-SEC full version (current job),5.0,Lower managers
ddd17s00,DV NS-SEC full version (current job),6.0,Hi supervisory
ddd17s00,DV NS-SEC full version (current job),7.1,Intermed clerical
ddd17s00,DV NS-SEC full version (current job),7.2,Intermed service
ddd17s00,DV NS-SEC full version (current job),7.3,Intermed techncl
ddd17s00,DV NS-SEC full version (current job),7.4,Intermed engineerng
ddd17s00,DV NS-SEC full version (current job),8.1,Small emp indust'
ddd17s00,DV NS-SEC full version (current job),8.2,Sm emp agric
ddd17s00,DV NS-SEC full version (current job),9.1,S-emp non profl
ddd17s00,DV NS-SEC full version (current job),9.2,S-emp agric
ddd17s00,DV NS-SEC full version (current job),10.0,Lower supervisors
ddd17s00,DV NS-SEC full version (current job),11.1,Lo tech craft
ddd17s00,DV NS-SEC full version (current job),11.2,Lo tech operative
ddd17s00,DV NS-SEC full version (current job),12.1,Semi-rou sales
ddd17s00,DV NS-SEC full version (current job),12.2,Semi-rou service
ddd17s00,DV NS-SEC full version (current job),12.3,Semi-rou techncl
ddd17s00,DV NS-SEC full version (current job),12.4,Semi-rou operative
ddd17s00,DV NS-SEC full version (current job),12.5,Semi-rou gric
ddd17s00,DV NS-SEC full version (current job),12.6,Semi-rou clerical
ddd17s00,DV NS-SEC full version (current job),12.7,Semi-rou childcare
ddd17s00,DV NS-SEC full version (current job),13.1,Routine sales
ddd17s00,DV NS-SEC full version (current job),13.2,Routine productn
ddd17s00,DV NS-SEC full version (current job),13.3,Routine tech
ddd17s00,DV NS-SEC full version (current job),13.4,Routine operative
ddd17s00,DV NS-SEC full version (current job),13.5,Routine agric
ddd17s00,DV NS-SEC full version (current job),14.1,Never worked
ddd17s00,DV NS-SEC full version (current job),14.2,L-tunemp
ddd17s00,DV NS-SEC full version (current job),15.0,F-t students
ddd17s00,DV NS-SEC full version (current job),16.0,"Not stated, inad desc"
ddd17s00,DV NS-SEC full version (current job),17.0,Unclassif other
ddd13s00,DV NS-SEC major categories (current job),-1.0,Not applicable
ddd13s00,DV NS-SEC major categories (current job),1.0,Large emp
ddd13s00,DV NS-SEC major categories (current job),2.0,Hi manag
ddd13s00,DV NS-SEC major categories (current job),3.0,Higher prof
ddd13s00,DV NS-SEC major categories (current job),4.0,Lo prof/hi tech
ddd13s00,DV NS-SEC major categories (current job),5.0,Lower managers
ddd13s00,DV NS-SEC major categories (current job),6.0,Hi supervisory
ddd13s00,DV NS-SEC major categories (current job),7.0,Intermediate
ddd13s00,DV NS-SEC major categories (current job),8.0,Small employers
ddd13s00,DV NS-SEC major categories (current job),9.0,Self-emp non profl
ddd13s00,DV NS-SEC major categories (current job),10.0,Lower supervisors
ddd13s00,DV NS-SEC major categories (current job),11.0,Lower technical
ddd13s00,DV NS-SEC major categories (current job),12.0,Semi-routine
ddd13s00,DV NS-SEC major categories (current job),13.0,Routine
ddd07s00,DV NS-SEC 7 classes (current job),-1.0,Not applicable
ddd07s00,DV NS-SEC 7 classes (current job),1.0,Hi manag/prof
ddd07s00,DV NS-SEC 7 classes (current job),2.0,Lo manag/prof
ddd07s00,DV NS-SEC 7 classes (current job),3.0,Intermediate
ddd07s00,DV NS-SEC 7 classes (current job),4.0,Small emp and s-emp
ddd07s00,DV NS-SEC 7 classes (current job),5.0,Low sup and tech
ddd07s00,DV NS-SEC 7 classes (current job),6.0,Semi routine
ddd07s00,DV NS-SEC 7 classes (current job),7.0,Routine
ddd05s00,DV NS-SEC 5 classes (current job),-1.0,Not applicable
ddd05s00,DV NS-SEC 5 classes (current job),1.0,Manag and profl
ddd05s00,DV NS-SEC 5 classes (current job),2.0,Intermediate
ddd05s00,DV NS-SEC 5 classes (current job),3.0,Sm emp and s-emp
ddd05s00,DV NS-SEC 5 classes (current job),4.0,Lo sup and tech
ddd05s00,DV NS-SEC 5 classes (current job),5.0,Semi-rou and routine
ddnetinc,DV Net Income (NETA/USLA),,
ddgrosinc,DV Gross Income (GROP),,
ddsempinc,DV Self Employed Income (SEPA),,
ddojinc,DV Other Jobs Income (EASE),,
ddbeninc,DV Total Income from Benefits (BENA),,
ddbeninca,DV Income from Benefit 1 (BENA),,
ddbenincb,DV Income from Benefit 2 (BENA),,
ddbenincc,DV Income from Benefit 3 (BENA),,
ddbenincd,DV Income from Benefit 4 (BENA),,
ddbenince,DV Income from Benefit 5 (BENA),,
ddbenincf,DV Income from Benefit 6 (BENA),,
ddbenincg,DV Income from Benefit 7 (BENA),,
ddbeninch,DV Income from Benefit 8 (BENA),,
ddbeninci,DV Income from Benefit 9 (BENA),,
ddbenincj,DV Income from Benefit 10 (BENA),,
ddbeninck,DV Income from Benefit 11 (BENA),,
ddbenincl,DV Income from Benefit 12 (BENA),,
ddbenincm,DV Income from Benefit 13 (BENA),,
ddbenincn,DV Income from Benefit 14 (BENA),,
ddbeninco,DV Income from Benefit 15 (BENA),,
ddbenincp,DV Income from Benefit 16 (BENA),,
ddbenincq,DV Income from Benefit 17 (BENA),,
ddbenincr,DV Income from Benefit 18 (BENA),,
ddbenincs,DV Income from Benefit 19 (BENA),,
ddbeninct,DV Income from Benefit 20 (BENA),,
ddbenincu,DV Income from Benefit 21 (BENA),,
ddbenincv,DV Income from Benefit 22 (BENA),,
ddcsupinc,DV Income from Child Support Payments (MANA),,
ddoreginc,DV Other regular Income (REGA),,
ddnetincf,DV Net Income (NETA/USLA) BRACKETS USED,0.0,No
ddnetincf,DV Net Income (NETA/USLA) BRACKETS USED,1.0,Yes
ddnetincf,DV Net Income (NETA/USLA) BRACKETS USED,2.0,"No, incomplete bracket"
ddgrosincf,DV Gross Income (GROP) BRACKETS USED,0.0,No
ddgrosincf,DV Gross Income (GROP) BRACKETS USED,1.0,Yes
ddgrosincf,DV Gross Income (GROP) BRACKETS USED,2.0,"No, incomplete bracket"
ddsempincf,DV Self Employed Income (SEPA) BRACKETS USED,0.0,No
ddsempincf,DV Self Employed Income (SEPA) BRACKETS USED,1.0,Yes
ddsempincf,DV Self Employed Income (SEPA) BRACKETS USED,2.0,"No, incomplete bracket"
ddojincf,DV Other Jobs Income (EASE) BRACKETS USED,0.0,No
ddojincf,DV Other Jobs Income (EASE) BRACKETS USED,1.0,Yes
ddojincf,DV Other Jobs Income (EASE) BRACKETS USED,2.0,"No, incomplete bracket"
ddbenincft,DV Total Income from Benefits (BENA) BRACKETS USED,0.0,No
ddbenincft,DV Total Income from Benefits (BENA) BRACKETS USED,1.0,Yes
ddbenincft,DV Total Income from Benefits (BENA) BRACKETS USED,2.0,"No, incomplete bracket"
ddbenincaf,DV Income from Benefit 1 (BENA) BRACKETS USED,0.0,No
ddbenincaf,DV Income from Benefit 1 (BENA) BRACKETS USED,1.0,Yes
ddbenincaf,DV Income from Benefit 1 (BENA) BRACKETS USED,2.0,"No, incomplete bracket"
ddbenincbf,DV Income from Benefit 2 (BENA) BRACKETS USED,0.0,No
ddbenincbf,DV Income from Benefit 2 (BENA) BRACKETS USED,1.0,Yes
ddbenincbf,DV Income from Benefit 2 (BENA) BRACKETS USED,2.0,"No, incomplete bracket"
ddbeninccf,DV Income from Benefit 3 (BENA) BRACKETS USED,0.0,No
ddbeninccf,DV Income from Benefit 3 (BENA) BRACKETS USED,1.0,Yes
ddbeninccf,DV Income from Benefit 3 (BENA) BRACKETS USED,2.0,"No, incomplete bracket"
ddbenincdf,DV Income from Benefit 4 (BENA) BRACKETS USED,0.0,No
ddbenincdf,DV Income from Benefit 4 (BENA) BRACKETS USED,1.0,Yes
ddbenincdf,DV Income from Benefit 4 (BENA) BRACKETS USED,2.0,"No, incomplete bracket"
ddbenincef,DV Income from Benefit 5 (BENA) BRACKETS USED,0.0,No
ddbenincef,DV Income from Benefit 5 (BENA) BRACKETS USED,1.0,Yes
ddbenincef,DV Income from Benefit 5 (BENA) BRACKETS USED,2.0,"No, incomplete bracket"
ddbenincff,DV Income from Benefit 6 (BENA) BRACKETS USED,0.0,No
ddbenincff,DV Income from Benefit 6 (BENA) BRACKETS USED,1.0,Yes
ddbenincff,DV Income from Benefit 6 (BENA) BRACKETS USED,2.0,"No, incomplete bracket"
ddbenincgf,DV Income from Benefit 7 (BENA) BRACKETS USED,0.0,No
ddbenincgf,DV Income from Benefit 7 (BENA) BRACKETS USED,1.0,Yes
ddbenincgf,DV Income from Benefit 7 (BENA) BRACKETS USED,2.0,"No, incomplete bracket"
ddbeninchf,DV Income from Benefit 8 (BENA) BRACKETS USED,0.0,No
ddbeninchf,DV Income from Benefit 8 (BENA) BRACKETS USED,1.0,Yes
ddbeninchf,DV Income from Benefit 8 (BENA) BRACKETS USED,2.0,"No, incomplete bracket"
ddbenincif,DV Income from Benefit 9 (BENA) BRACKETS USED,0.0,No
ddbenincif,DV Income from Benefit 9 (BENA) BRACKETS USED,1.0,Yes
ddbenincif,DV Income from Benefit 9 (BENA) BRACKETS USED,2.0,"No, incomplete bracket"
ddbenincjf,DV Income from Benefit 10 (BENA) BRACKETS USED,0.0,No
ddbenincjf,DV Income from Benefit 10 (BENA) BRACKETS USED,1.0,Yes
ddbenincjf,DV Income from Benefit 10 (BENA) BRACKETS USED,2.0,"No, incomplete bracket"
ddbeninckf,DV Income from Benefit 11 (BENA) BRACKETS USED,0.0,No
ddbeninckf,DV Income from Benefit 11 (BENA) BRACKETS USED,1.0,Yes
ddbeninckf,DV Income from Benefit 11 (BENA) BRACKETS USED,2.0,"No, incomplete bracket"
ddbeninclf,DV Income from Benefit 12 (BENA) BRACKETS USED,0.0,No
ddbeninclf,DV Income from Benefit 12 (BENA) BRACKETS USED,1.0,Yes
ddbeninclf,DV Income from Benefit 12 (BENA) BRACKETS USED,2.0,"No, incomplete bracket"
ddbenincmf,DV Income from Benefit 13 (BENA) BRACKETS USED,0.0,No
ddbenincmf,DV Income from Benefit 13 (BENA) BRACKETS USED,1.0,Yes
ddbenincmf,DV Income from Benefit 13 (BENA) BRACKETS USED,2.0,"No, incomplete bracket"
ddbenincnf,DV Income from Benefit 14 (BENA) BRACKETS USED,0.0,No
ddbenincnf,DV Income from Benefit 14 (BENA) BRACKETS USED,1.0,Yes
ddbenincnf,DV Income from Benefit 14 (BENA) BRACKETS USED,2.0,"No, incomplete bracket"
ddbenincof,DV Income from Benefit 15 (BENA) BRACKETS USED,0.0,No
ddbenincof,DV Income from Benefit 15 (BENA) BRACKETS USED,1.0,Yes
ddbenincof,DV Income from Benefit 15 (BENA) BRACKETS USED,2.0,"No, incomplete bracket"
ddbenincpf,DV Income from Benefit 16 (BENA) BRACKETS USED,0.0,No
ddbenincpf,DV Income from Benefit 16 (BENA) BRACKETS USED,1.0,Yes
ddbenincpf,DV Income from Benefit 16 (BENA) BRACKETS USED,2.0,"No, incomplete bracket"
ddbenincqf,DV Income from Benefit 17 (BENA) BRACKETS USED,0.0,No
ddbenincqf,DV Income from Benefit 17 (BENA) BRACKETS USED,1.0,Yes
ddbenincqf,DV Income from Benefit 17 (BENA) BRACKETS USED,2.0,"No, incomplete bracket"
ddbenincrf,DV Income from Benefit 18 (BENA) BRACKETS USED,0.0,No
ddbenincrf,DV Income from Benefit 18 (BENA) BRACKETS USED,1.0,Yes
ddbenincrf,DV Income from Benefit 18 (BENA) BRACKETS USED,2.0,"No, incomplete bracket"
ddbenincsf,DV Income from Benefit 19 (BENA) BRACKETS USED,0.0,No
ddbenincsf,DV Income from Benefit 19 (BENA) BRACKETS USED,1.0,Yes
ddbenincsf,DV Income from Benefit 19 (BENA) BRACKETS USED,2.0,"No, incomplete bracket"
ddbeninctf,DV Income from Benefit 20 (BENA) BRACKETS USED,0.0,No
ddbeninctf,DV Income from Benefit 20 (BENA) BRACKETS USED,1.0,Yes
ddbeninctf,DV Income from Benefit 20 (BENA) BRACKETS USED,2.0,"No, incomplete bracket"
ddbenincuf,DV Income from Benefit 21 (BENA) BRACKETS USED,0.0,No
ddbenincuf,DV Income from Benefit 21 (BENA) BRACKETS USED,1.0,Yes
ddbenincuf,DV Income from Benefit 21 (BENA) BRACKETS USED,2.0,"No, incomplete bracket"
ddbenincvf,DV Income from Benefit 22 (BENA) BRACKETS USED,0.0,No
ddbenincvf,DV Income from Benefit 22 (BENA) BRACKETS USED,1.0,Yes
ddbenincvf,DV Income from Benefit 22 (BENA) BRACKETS USED,2.0,"No, incomplete bracket"
ddcsupincf,DV Income from Child Support Payments (MANA) BRACKETS USED,0.0,No
ddcsupincf,DV Income from Child Support Payments (MANA) BRACKETS USED,1.0,Yes
ddcsupincf,DV Income from Child Support Payments (MANA) BRACKETS USED,2.0,"No, incomplete bracket"
ddoregincf,DV Other regular Income (REGA) BRACKETS USED,0.0,No
ddoregincf,DV Other regular Income (REGA) BRACKETS USED,1.0,Yes
ddoregincf,DV Other regular Income (REGA) BRACKETS USED,2.0,"No, incomplete bracket"
ddd17c00,DV NS-SEC full version (last known job),-8.0,Don't know
ddd17c00,DV NS-SEC full version (last known job),-1.0,Not applicable
ddd17c00,DV NS-SEC full version (last known job),1.0,Large emp
ddd17c00,DV NS-SEC full version (last known job),2.0,Hi manag
ddd17c00,DV NS-SEC full version (last known job),3.1,Hi prof trad
ddd17c00,DV NS-SEC full version (last known job),3.2,Hi prof new
ddd17c00,DV NS-SEC full version (last known job),3.3,Hi prof trad s-emp
ddd17c00,DV NS-SEC full version (last known job),3.4,Hi prof new s-emp
ddd17c00,DV NS-SEC full version (last known job),4.1,Lo prof trad
ddd17c00,DV NS-SEC full version (last known job),4.2,Lo prof new
ddd17c00,DV NS-SEC full version (last known job),4.3,Lo prof trad s-emp
ddd17c00,DV NS-SEC full version (last known job),4.4,Lo prof new s-emp
ddd17c00,DV NS-SEC full version (last known job),5.0,Lower managers
ddd17c00,DV NS-SEC full version (last known job),6.0,Hi supervisory
ddd17c00,DV NS-SEC full version (last known job),7.1,Intermed clerical
ddd17c00,DV NS-SEC full version (last known job),7.2,Intermed service
ddd17c00,DV NS-SEC full version (last known job),7.3,Intermed techncl
ddd17c00,DV NS-SEC full version (last known job),7.4,Intermed engineerng
ddd17c00,DV NS-SEC full version (last known job),8.1,Small emp indust'
ddd17c00,DV NS-SEC full version (last known job),8.2,Sm emp agric
ddd17c00,DV NS-SEC full version (last known job),9.1,S-emp non profl
ddd17c00,DV NS-SEC full version (last known job),9.2,S-emp agric
ddd17c00,DV NS-SEC full version (last known job),10.0,Lower supervisors
ddd17c00,DV NS-SEC full version (last known job),11.1,Lo tech craft
ddd17c00,DV NS-SEC full version (last known job),11.2,Lo tech operative
ddd17c00,DV NS-SEC full version (last known job),12.1,Semi-rou sales
ddd17c00,DV NS-SEC full version (last known job),12.2,Semi-rou service
ddd17c00,DV NS-SEC full version (last known job),12.3,Semi-rou techncl
ddd17c00,DV NS-SEC full version (last known job),12.4,Semi-rou operative
ddd17c00,DV NS-SEC full version (last known job),12.5,Semi-rou gric
ddd17c00,DV NS-SEC full version (last known job),12.6,Semi-rou clerical
ddd17c00,DV NS-SEC full version (last known job),12.7,Semi-rou childcare
ddd17c00,DV NS-SEC full version (last known job),13.1,Routine sales
ddd17c00,DV NS-SEC full version (last known job),13.2,Routine productn
ddd17c00,DV NS-SEC full version (last known job),13.3,Routine tech
ddd17c00,DV NS-SEC full version (last known job),13.4,Routine operative
ddd17c00,DV NS-SEC full version (last known job),13.5,Routine agric
ddd17c00,DV NS-SEC full version (last known job),14.1,Never worked
ddd17c00,DV NS-SEC full version (last known job),14.2,L-tunemp
ddd17c00,DV NS-SEC full version (last known job),15.0,F-t students
ddd17c00,DV NS-SEC full version (last known job),16.0,"Not stated, inad desc"
ddd17c00,DV NS-SEC full version (last known job),17.0,Unclassif other
ddd13c00,DV NS-SEC major categories (last known job),-1.0,Not applicable
ddd13c00,DV NS-SEC major categories (last known job),1.0,Large emp
ddd13c00,DV NS-SEC major categories (last known job),2.0,Hi manag
ddd13c00,DV NS-SEC major categories (last known job),3.0,Higher prof
ddd13c00,DV NS-SEC major categories (last known job),4.0,Lo prof/hi tech
ddd13c00,DV NS-SEC major categories (last known job),5.0,Lower managers
ddd13c00,DV NS-SEC major categories (last known job),6.0,Hi supervisory
ddd13c00,DV NS-SEC major categories (last known job),7.0,Intermediate
ddd13c00,DV NS-SEC major categories (last known job),8.0,Small employers
ddd13c00,DV NS-SEC major categories (last known job),9.0,Self-emp non profl
ddd13c00,DV NS-SEC major categories (last known job),10.0,Lower supervisors
ddd13c00,DV NS-SEC major categories (last known job),11.0,Lower technical
ddd13c00,DV NS-SEC major categories (last known job),12.0,Semi-routine
ddd13c00,DV NS-SEC major categories (last known job),13.0,Routine
ddd07c00,DV NS-SEC 7 classes (last known job),-1.0,Not applicable
ddd07c00,DV NS-SEC 7 classes (last known job),1.0,Hi manag/prof
ddd07c00,DV NS-SEC 7 classes (last known job),2.0,Lo manag/prof
ddd07c00,DV NS-SEC 7 classes (last known job),3.0,Intermediate
ddd07c00,DV NS-SEC 7 classes (last known job),4.0,Small emp and s-emp
ddd07c00,DV NS-SEC 7 classes (last known job),5.0,Low sup and tech
ddd07c00,DV NS-SEC 7 classes (last known job),6.0,Semi routine
ddd07c00,DV NS-SEC 7 classes (last known job),7.0,Routine
ddd05c00,DV NS-SEC 5 classes (last known job),-1.0,Not applicable
ddd05c00,DV NS-SEC 5 classes (last known job),1.0,Manag and profl
ddd05c00,DV NS-SEC 5 classes (last known job),2.0,Intermediate
ddd05c00,DV NS-SEC 5 classes (last known job),3.0,Sm emp and s-emp
ddd05c00,DV NS-SEC 5 classes (last known job),4.0,Lo sup and tech
ddd05c00,DV NS-SEC 5 classes (last known job),5.0,Semi-rou and routine
ddtran00,S4 Was Interview translated,-9.0,Refusal
ddtran00,S4 Was Interview translated,-8.0,Don't Know
ddtran00,S4 Was Interview translated,-1.0,Not applicable
ddtran00,S4 Was Interview translated,1.0,"Yes, Main interview"
ddtran00,S4 Was Interview translated,2.0,"Yes, Partner interview"
ddtran00,S4 Was Interview translated,3.0,"Yes, BOTH Main and Partner interviews"
ddtran00,S4 Was Interview translated,4.0,No
ddlanp00_r30,S4 Which language was it translated in   [counts less than 30 recoded],8.0,Sylheti
ddlanp00_r30,S4 Which language was it translated in   [counts less than 30 recoded],10.0,Somali
ddlanp00_r30,S4 Which language was it translated in   [counts less than 30 recoded],11.0,Tamil
ddlanp00_r30,S4 Which language was it translated in   [counts less than 30 recoded],12.0,Turkish
ddlanp00_r30,S4 Which language was it translated in   [counts less than 30 recoded],13.0,Kurdish
ddlanp00_r30,S4 Which language was it translated in   [counts less than 30 recoded],14.0,Arabic
ddlanp00_r30,S4 Which language was it translated in   [counts less than 30 recoded],51.0,Other European language
ddlanp00_r30,S4 Which language was it translated in   [counts less than 30 recoded],52.0,Other African language
ddlanp00_r30,S4 Which language was it translated in   [counts less than 30 recoded],53.0,Other Asian language
ddlanp00_r30,S4 Which language was it translated in   [counts less than 30 recoded],85.0,Other specific answer
ddlanp00_r30,S4 Which language was it translated in   [counts less than 30 recoded],86.0,Vague / irrelevant answer
ddlanp00_r30,S4 Which language was it translated in   [counts less than 30 recoded],100.0,Recoded due to low counts - check SA
ddlanp00_r30,S4 Which language was it translated in   [counts less than 30 recoded],-8.0,Don't Know
ddlanp00_r30,S4 Which language was it translated in   [counts less than 30 recoded],-1.0,Not applicable
ddlanp00_r30,S4 Which language was it translated in   [counts less than 30 recoded],1.0,Welsh
ddlanp00_r30,S4 Which language was it translated in   [counts less than 30 recoded],3.0,Urdu
ddlanp00_r30,S4 Which language was it translated in   [counts less than 30 recoded],4.0,Punjabi
ddlanp00_r30,S4 Which language was it translated in   [counts less than 30 recoded],5.0,Gujarati
ddlanp00_r30,S4 Which language was it translated in   [counts less than 30 recoded],6.0,Hindi
ddlanp00_r30,S4 Which language was it translated in   [counts less than 30 recoded],7.0,Bengali
ddptra00,S4 Who translated the interview,-9.0,Refusal
ddptra00,S4 Who translated the interview,-8.0,Don't Know
ddptra00,S4 Who translated the interview,-1.0,Not applicable
ddptra00,S4 Who translated the interview,1.0,Respondent s husband/ wife/ partner
ddptra00,S4 Who translated the interview,2.0,Female adult household member
ddptra00,S4 Who translated the interview,3.0,Male adult household member
ddptra00,S4 Who translated the interview,4.0,Female child in household
ddptra00,S4 Who translated the interview,5.0,Male child in household
ddptra00,S4 Who translated the interview,6.0,Female non-household member
ddptra00,S4 Who translated the interview,7.0,Male non-household member
ddptra00,S4 Who translated the interview,8.0,Interviewer
ddacaq00,NVQ equivalent of highest Academic qualification across MCS1 to MCS4,-1.0,Not applicable
avail_from_dt,,,
mcs_llc_fid_e,Encrypted Family/Household anonymised ID for LLC,,
