variable_name,variable_label,value_value,value_label
study_id_e,,,
pnum,Person Number for Main or (Proxy)Partner respondent,-1.0,Not applicable
belig00,Eligibility for Interview,-1.0,Not applicable
belig00,Eligibility for Interview,1.0,Main Interview
belig00,Eligibility for Interview,2.0,Partner Interview
belig00,Eligibility for Interview,3.0,Partner Proxy Interview
belig00,Eligibility for Interview,4.0,Not eligible for interview
bresp00,Response to Interview,-1.0,Not applicable
bresp00,Response to Interview,1.0,Main Interview
bresp00,Response to Interview,2.0,Partner Interview
bresp00,Response to Interview,3.0,Partner Proxy Interview
bresp00,Response to Interview,4.0,No interview
bresp00,Response to Interview,5.0,Imputed Main Interview (Only child data
bddres00,respondent identity and interview status,-1.0,Not applicable
bddres00,respondent identity and interview status,1.0,Natural mother: interviewed
bddres00,respondent identity and interview status,2.0,Natural father: interviewed
bddres00,respondent identity and interview status,3.0,Adoptive mother: interviewed
bddres00,respondent identity and interview status,4.0,Adoptive father: interviewed
bddres00,respondent identity and interview status,5.0,Foster mother: interviewed
bddres00,respondent identity and interview status,6.0,Foster father: interviewed
bddres00,respondent identity and interview status,7.0,Step mother/partner of father: interviewed
bddres00,respondent identity and interview status,8.0,Step father/partner of mother: interviewed
bddres00,respondent identity and interview status,9.0,Grandmother: interviewed
bddres00,respondent identity and interview status,10.0,Grandfather: interviewed
bddres00,respondent identity and interview status,11.0,Natural mother: by proxy
bddres00,respondent identity and interview status,12.0,Natural father: by proxy
bddres00,respondent identity and interview status,13.0,Step mother: by proxy
bddres00,respondent identity and interview status,14.0,Step father: by proxy
bddres00,respondent identity and interview status,15.0,Natural mother: not interviewed
bddres00,respondent identity and interview status,16.0,Natural father: not interviewed
bddres00,respondent identity and interview status,17.0,Adoptive mother: not interviewed
bddres00,respondent identity and interview status,18.0,Adoptive father: not interviewed
bddres00,respondent identity and interview status,19.0,Foster mother: not interviewed
bddres00,respondent identity and interview status,20.0,Foster father: not interviewed
bddres00,respondent identity and interview status,21.0,Step mother: not interviewed
bddres00,respondent identity and interview status,22.0,Step father: not interviewed
bddres00,respondent identity and interview status,23.0,"Natural mother: by proxy, not interviewed"
bddres00,respondent identity and interview status,24.0,"Natural father: by proxy, not interviewed"
bddres00,respondent identity and interview status,25.0,Other female non-relative: interviewed
bddres00,respondent identity and interview status,26.0,Other male non relative: interviewed
bddres00,respondent identity and interview status,27.0,Other female non-relative: not interviewed
bddres00,respondent identity and interview status,28.0,Other male non relative: not interviewed
bddres00,respondent identity and interview status,29.0,"Step mother: by proxy, not interviewed"
bddres00,respondent identity and interview status,30.0,"Step father: by proxy, not interviewed"
bddres00,respondent identity and interview status,31.0,Other female relative: interviewed
bddres00,respondent identity and interview status,32.0,Other male relative: interviewed
bddres00,respondent identity and interview status,33.0,"Female, unknown relationship: interviewed"
bddres00,respondent identity and interview status,34.0,"Male, unknown relationship:interviewed"
bddres00,respondent identity and interview status,35.0,"Step parent, unknown sex: interviewed"
bddres00,respondent identity and interview status,36.0,"Step parent, unknown sex: not interviewed"
bddres00,respondent identity and interview status,37.0,"Adoptive parent, unknown sex: interviewed"
bddres00,respondent identity and interview status,38.0,"Adoptive parent, unknown sex: not interviewed"
bddres00,respondent identity and interview status,39.0,Grandmother: not interviewed
bddres00,respondent identity and interview status,40.0,Grandfather: not interviewed
bddres00,respondent identity and interview status,41.0,"Female, unknown relationship: not interviewed"
bddres00,respondent identity and interview status,42.0,"Male, unknown relationship: not interviewed"
bddres00,respondent identity and interview status,43.0,Other female relative: not interviewed
bddres00,respondent identity and interview status,44.0,Other male relative: not interviewed
bddres00,respondent identity and interview status,45.0,"Natural parent, unknown sex: interviewed"
bddres00,respondent identity and interview status,46.0,"Natural parent, unknown sex: not interviewed"
bddres00,respondent identity and interview status,47.0,"Natural parent, unknown sex: by proxy"
bddres00,respondent identity and interview status,48.0,Other male non-relative: by proxy
bddres00,respondent identity and interview status,49.0,"Other non-relative, sex unknown: interviewed"
bddres00,respondent identity and interview status,50.0,"Unknown relationship, unknown sex: by proxy"
bddrel00,Respondent Relationship to CM,-1.0,Not applicable
bddrel00,Respondent Relationship to CM,1.0,Natural mother
bddrel00,Respondent Relationship to CM,2.0,Natural father
bddrel00,Respondent Relationship to CM,3.0,Natural parent (sex not known)
bddrel00,Respondent Relationship to CM,4.0,Adoptive mother
bddrel00,Respondent Relationship to CM,5.0,Adoptive father
bddrel00,Respondent Relationship to CM,6.0,Adoptive parent (sex not known)
bddrel00,Respondent Relationship to CM,7.0,Foster mother
bddrel00,Respondent Relationship to CM,8.0,Foster father
bddrel00,Respondent Relationship to CM,9.0,Foster parent (sex not known)
bddrel00,Respondent Relationship to CM,10.0,Step mother
bddrel00,Respondent Relationship to CM,11.0,Step father
bddrel00,Respondent Relationship to CM,12.0,Step parent (sex not known)
bddrel00,Respondent Relationship to CM,13.0,Grandmother
bddrel00,Respondent Relationship to CM,14.0,Grandfather
bddrel00,Respondent Relationship to CM,15.0,Grandparent (sex not known)
bddrel00,Respondent Relationship to CM,16.0,"Other, female"
bddrel00,Respondent Relationship to CM,17.0,"Other, male"
bddrel00,Respondent Relationship to CM,18.0,"Other, sex not known"
bddagi00,Respondent Age at Interview,-2.0,Not Known
bddagi00,Respondent Age at Interview,-1.0,Not applicable
bddgai00,Respondent Age at Interview (grouped),-2.0,Not Known
bddgai00,Respondent Age at Interview (grouped),-1.0,Not applicable
bddgai00,Respondent Age at Interview (grouped),1.0,16 to 19
bddgai00,Respondent Age at Interview (grouped),2.0,20 to 29
bddgai00,Respondent Age at Interview (grouped),3.0,30 to 39
bddgai00,Respondent Age at Interview (grouped),4.0,40 plus
bddagb00,Respondent age at birth of CM,-2.0,Not Known
bddagb00,Respondent age at birth of CM,-1.0,Not applicable
bddgab00,Respondent age at birth of CM (grouped),-2.0,Not Known
bddgab00,Respondent age at birth of CM (grouped),-1.0,Not applicable
bddgab00,Respondent age at birth of CM (grouped),1.0,11 to 19
bddgab00,Respondent age at birth of CM (grouped),2.0,20 to 29
bddgab00,Respondent age at birth of CM (grouped),3.0,30 to 39
bddgab00,Respondent age at birth of CM (grouped),4.0,40 plus
bdd06e00,Respondent's Ethnic Group - 6 category Census,-1.0,Not applicable
bdd06e00,Respondent's Ethnic Group - 6 category Census,1.0,White
bdd06e00,Respondent's Ethnic Group - 6 category Census,2.0,Mixed
bdd06e00,Respondent's Ethnic Group - 6 category Census,3.0,Indian
bdd06e00,Respondent's Ethnic Group - 6 category Census,4.0,Pakistani and Bangladeshi
bdd06e00,Respondent's Ethnic Group - 6 category Census,5.0,Black or Black British
bdd06e00,Respondent's Ethnic Group - 6 category Census,6.0,"Other Ethnic group (inc Chinese,Other)"
bdd11e00,Respondent's Ethnic Group - 11 category Census,-1.0,Not applicable
bdd11e00,Respondent's Ethnic Group - 11 category Census,1.0,White
bdd11e00,Respondent's Ethnic Group - 11 category Census,2.0,Mixed
bdd11e00,Respondent's Ethnic Group - 11 category Census,3.0,Indian
bdd11e00,Respondent's Ethnic Group - 11 category Census,4.0,Pakistani
bdd11e00,Respondent's Ethnic Group - 11 category Census,5.0,Bangladeshi
bdd11e00,Respondent's Ethnic Group - 11 category Census,6.0,Other Asian
bdd11e00,Respondent's Ethnic Group - 11 category Census,7.0,Black Caribbean
bdd11e00,Respondent's Ethnic Group - 11 category Census,8.0,Black African
bdd11e00,Respondent's Ethnic Group - 11 category Census,9.0,Other Black
bdd11e00,Respondent's Ethnic Group - 11 category Census,10.0,Chinese
bdd11e00,Respondent's Ethnic Group - 11 category Census,11.0,Other Ethnic Group
bdd08e00,Respondent's Ethnic Group - 8 category classification,-1.0,Not applicable
bdd08e00,Respondent's Ethnic Group - 8 category classification,1.0,White
bdd08e00,Respondent's Ethnic Group - 8 category classification,2.0,Mixed
bdd08e00,Respondent's Ethnic Group - 8 category classification,3.0,Indian
bdd08e00,Respondent's Ethnic Group - 8 category classification,4.0,Pakistani
bdd08e00,Respondent's Ethnic Group - 8 category classification,5.0,Bangladeshi
bdd08e00,Respondent's Ethnic Group - 8 category classification,6.0,Black Caribbean
bdd08e00,Respondent's Ethnic Group - 8 category classification,7.0,Black African
bdd08e00,Respondent's Ethnic Group - 8 category classification,8.0,"Other Ethnic Group (inc Chinese, Other)"
bddwrk00,DV Whether main respondent is in work or not,-2.0,Not known
bddwrk00,DV Whether main respondent is in work or not,-1.0,Not applicable
bddwrk00,DV Whether main respondent is in work or not,1.0,Main respondent is in work/on leave
bddwrk00,DV Whether main respondent is in work or not,2.0,Main respondent is not in work/on leave
bdd17s00,Respondent NS-SEC full version,14.2,Unemp
bdd17s00,Respondent NS-SEC full version,15.0,F-t students
bdd17s00,Respondent NS-SEC full version,16.0,"Not stated, inad desc"
bdd17s00,Respondent NS-SEC full version,17.0,Unclassif other
bdd17s00,Respondent NS-SEC full version,-9.0,Refusal
bdd17s00,Respondent NS-SEC full version,-8.0,Don't know
bdd17s00,Respondent NS-SEC full version,-1.0,Not applicable
bdd17s00,Respondent NS-SEC full version,1.0,Large emp
bdd17s00,Respondent NS-SEC full version,2.0,Hi manag
bdd17s00,Respondent NS-SEC full version,3.1,Hi prof trad
bdd17s00,Respondent NS-SEC full version,3.2,Hi prof new
bdd17s00,Respondent NS-SEC full version,3.3,Hi prof trad s-emp
bdd17s00,Respondent NS-SEC full version,3.4,Hi prof new s-emp
bdd17s00,Respondent NS-SEC full version,4.1,Lo prof trad
bdd17s00,Respondent NS-SEC full version,4.2,Lo prof new
bdd17s00,Respondent NS-SEC full version,4.3,Lo prof trad s-emp
bdd17s00,Respondent NS-SEC full version,4.4,Lo prof new s-emp
bdd17s00,Respondent NS-SEC full version,5.0,Lower managers
bdd17s00,Respondent NS-SEC full version,6.0,Hi supervisory
bdd17s00,Respondent NS-SEC full version,7.1,Intermed clerical
bdd17s00,Respondent NS-SEC full version,7.2,Intermed service
bdd17s00,Respondent NS-SEC full version,7.3,Intermed techncl
bdd17s00,Respondent NS-SEC full version,7.4,Intermed engineerng
bdd17s00,Respondent NS-SEC full version,8.1,Small emp indust'
bdd17s00,Respondent NS-SEC full version,8.2,Sm emp agric
bdd17s00,Respondent NS-SEC full version,9.1,S-emp non profl
bdd17s00,Respondent NS-SEC full version,9.2,. 'S-emp agric'
bdd17s00,Respondent NS-SEC full version,10.0,Lower supervisors
bdd17s00,Respondent NS-SEC full version,11.1,Lo tech craft
bdd17s00,Respondent NS-SEC full version,11.2,Lo tech operative
bdd17s00,Respondent NS-SEC full version,12.1,Semi-rou sales
bdd17s00,Respondent NS-SEC full version,12.2,Semi-rou service
bdd17s00,Respondent NS-SEC full version,12.3,Semi-rou techncl
bdd17s00,Respondent NS-SEC full version,12.4,Semi-rou operative
bdd17s00,Respondent NS-SEC full version,12.5,Semi-rou gric
bdd17s00,Respondent NS-SEC full version,12.6,Semi-rou clerical
bdd17s00,Respondent NS-SEC full version,12.7,Semi-rou childcare
bdd17s00,Respondent NS-SEC full version,13.1,Routine sales
bdd17s00,Respondent NS-SEC full version,13.2,Routine productn
bdd17s00,Respondent NS-SEC full version,13.3,Routine tech
bdd17s00,Respondent NS-SEC full version,13.4,Routine operative
bdd17s00,Respondent NS-SEC full version,13.5,Routine agric
bdd17s00,Respondent NS-SEC full version,14.1,Never worked
bdd13s00,Respondent NS-SEC major categories,-1.0,Not applicable
bdd13s00,Respondent NS-SEC major categories,1.0,Large emp
bdd13s00,Respondent NS-SEC major categories,2.0,Hi manag
bdd13s00,Respondent NS-SEC major categories,3.0,Higher prof
bdd13s00,Respondent NS-SEC major categories,4.0,Lo prof/hi tech
bdd13s00,Respondent NS-SEC major categories,5.0,Lower managers
bdd13s00,Respondent NS-SEC major categories,6.0,Hi supervisory
bdd13s00,Respondent NS-SEC major categories,7.0,Intermediate
bdd13s00,Respondent NS-SEC major categories,8.0,Small employers
bdd13s00,Respondent NS-SEC major categories,9.0,Self-emp non profl
bdd13s00,Respondent NS-SEC major categories,10.0,Lower supervisors
bdd13s00,Respondent NS-SEC major categories,11.0,Lower technical
bdd13s00,Respondent NS-SEC major categories,12.0,Semi-routine
bdd13s00,Respondent NS-SEC major categories,13.0,Routine
bdd07s00,Respondent NS-SEC 7 classes,-1.0,Not applicable
bdd07s00,Respondent NS-SEC 7 classes,1.0,Hi manag/prof
bdd07s00,Respondent NS-SEC 7 classes,2.0,Lo manag/prof
bdd07s00,Respondent NS-SEC 7 classes,3.0,Intermediate
bdd07s00,Respondent NS-SEC 7 classes,4.0,Small emp and s-emp
bdd07s00,Respondent NS-SEC 7 classes,5.0,Low sup and tech
bdd07s00,Respondent NS-SEC 7 classes,6.0,Semi routine
bdd07s00,Respondent NS-SEC 7 classes,7.0,Routine
bdd05s00,Respondent NS-SEC 5 classes,-1.0,Not applicable
bdd05s00,Respondent NS-SEC 5 classes,1.0,Manag and profl
bdd05s00,Respondent NS-SEC 5 classes,2.0,Intermediate
bdd05s00,Respondent NS-SEC 5 classes,3.0,Sm emp and s-emp
bdd05s00,Respondent NS-SEC 5 classes,4.0,Lo sup and tech
bdd05s00,Respondent NS-SEC 5 classes,5.0,Semi-rou and routine
bdtran00,Was Interview translated,-1.0,Not Applicable
bdtran00,Was Interview translated,1.0,Yes
bdtran00,Was Interview translated,2.0,No
bdlanp00_r30,Which language was it translated in  [counts less than 30 recoded],-1.0,Not Applicable
bdlanp00_r30,Which language was it translated in  [counts less than 30 recoded],1.0,Welsh
bdlanp00_r30,Which language was it translated in  [counts less than 30 recoded],2.0,Urdu
bdlanp00_r30,Which language was it translated in  [counts less than 30 recoded],3.0,Punjabi
bdlanp00_r30,Which language was it translated in  [counts less than 30 recoded],4.0,Gujarati
bdlanp00_r30,Which language was it translated in  [counts less than 30 recoded],5.0,Hindi
bdlanp00_r30,Which language was it translated in  [counts less than 30 recoded],6.0,Bengali
bdlanp00_r30,Which language was it translated in  [counts less than 30 recoded],7.0,Sylheti
bdlanp00_r30,Which language was it translated in  [counts less than 30 recoded],9.0,Somali
bdlanp00_r30,Which language was it translated in  [counts less than 30 recoded],10.0,Tamil
bdlanp00_r30,Which language was it translated in  [counts less than 30 recoded],11.0,Turkish
bdlanp00_r30,Which language was it translated in  [counts less than 30 recoded],12.0,Kurdish
bdlanp00_r30,Which language was it translated in  [counts less than 30 recoded],13.0,Arabic
bdlanp00_r30,Which language was it translated in  [counts less than 30 recoded],14.0,Other - European language
bdlanp00_r30,Which language was it translated in  [counts less than 30 recoded],15.0,Other - African language
bdlanp00_r30,Which language was it translated in  [counts less than 30 recoded],16.0,Other - Asian language
bdlanp00_r30,Which language was it translated in  [counts less than 30 recoded],17.0,Other
bdlanp00_r30,Which language was it translated in  [counts less than 30 recoded],100.0,Recoded due to low counts - check SA
bdptra00,Who translated the interview,-1.0,Not applicable
bdptra00,Who translated the interview,1.0,Respondent s husband/ wife/ partner
bdptra00,Who translated the interview,2.0,Female adult household member
bdptra00,Who translated the interview,3.0,Male adult household member
bdptra00,Who translated the interview,4.0,Female child in household
bdptra00,Who translated the interview,5.0,Male child in household
bdptra00,Who translated the interview,6.0,Female non-household member
bdptra00,Who translated the interview,7.0,Male non-household member
bdptra00,Who translated the interview,8.0,Interviewer
bdplax00_r30,Language interview translated into (final)   [counts less than 30 recoded],-1.0,Not applicable
bdplax00_r30,Language interview translated into (final)   [counts less than 30 recoded],100.0,Recoded due to low counts - check SA
bddnvq00,DV NVQ highest level at interview,-9.0,Refusal
bddnvq00,DV NVQ highest level at interview,-8.0,Don't know
bddnvq00,DV NVQ highest level at interview,-1.0,Not applicable
bddnvq00,DV NVQ highest level at interview,1.0,NVQ level 1
bddnvq00,DV NVQ highest level at interview,2.0,NVQ level 2
bddnvq00,DV NVQ highest level at interview,3.0,NVQ level 3
bddnvq00,DV NVQ highest level at interview,4.0,NVQ level 4
bddnvq00,DV NVQ highest level at interview,5.0,NVQ level 5
bddnvq00,DV NVQ highest level at interview,95.0,Overseas qual only
bddnvq00,DV NVQ highest level at interview,96.0,None of these
bdwgtk00,Weight of respondent in Kilos At interview,-8.0,Dont Know / refused
bdwgtk00,Weight of respondent in Kilos At interview,-2.0,No measurement Pregnant
bdwgtk00,Weight of respondent in Kilos At interview,-1.0,Not applicable
bdhgtm00,Height of respondent in Metres,-9.0,Refusal
bdhgtm00,Height of respondent in Metres,-8.0,Dont Know / refused
bdhgtm00,Height of respondent in Metres,-1.0,Not applicable
bddbmi00,BMI of respondent at interview,-8.0,Dont Know / refused
bddbmi00,BMI of respondent at interview,-2.0,No measurement Pregnant
bddbmi00,BMI of respondent at interview,-1.0,Not applicable
bdkess00,Kessler K6 Scale,-9.0,Refusal
bdkess00,Kessler K6 Scale,-8.0,Don't Know
bdkess00,Kessler K6 Scale,-1.0,Not applicable
bddrrg00_r30,DV Respondent: Religion - combined GB & NI   [counts less than 30 recoded],-9.0,Refusal
bddrrg00_r30,DV Respondent: Religion - combined GB & NI   [counts less than 30 recoded],-8.0,Don't Know
bddrrg00_r30,DV Respondent: Religion - combined GB & NI   [counts less than 30 recoded],-1.0,Not applicable
bddrrg00_r30,DV Respondent: Religion - combined GB & NI   [counts less than 30 recoded],1.0,No religion
bddrrg00_r30,DV Respondent: Religion - combined GB & NI   [counts less than 30 recoded],2.0,"Christian, no denomination"
bddrrg00_r30,DV Respondent: Religion - combined GB & NI   [counts less than 30 recoded],3.0,Roman Catholic
bddrrg00_r30,DV Respondent: Religion - combined GB & NI   [counts less than 30 recoded],4.0,Church of England/Ireland/Anglican
bddrrg00_r30,DV Respondent: Religion - combined GB & NI   [counts less than 30 recoded],5.0,United Reformed Church ( URC)/Congregat
bddrrg00_r30,DV Respondent: Religion - combined GB & NI   [counts less than 30 recoded],6.0,Baptist
bddrrg00_r30,DV Respondent: Religion - combined GB & NI   [counts less than 30 recoded],7.0,Methodist
bddrrg00_r30,DV Respondent: Religion - combined GB & NI   [counts less than 30 recoded],8.0,Presbyterian/Church of Scotland
bddrrg00_r30,DV Respondent: Religion - combined GB & NI   [counts less than 30 recoded],9.0,Free Presbyterian
bddrrg00_r30,DV Respondent: Religion - combined GB & NI   [counts less than 30 recoded],11.0,Hindu
bddrrg00_r30,DV Respondent: Religion - combined GB & NI   [counts less than 30 recoded],12.0,Jew
bddrrg00_r30,DV Respondent: Religion - combined GB & NI   [counts less than 30 recoded],13.0,Muslim/Islam
bddrrg00_r30,DV Respondent: Religion - combined GB & NI   [counts less than 30 recoded],14.0,Sikh
bddrrg00_r30,DV Respondent: Religion - combined GB & NI   [counts less than 30 recoded],15.0,Buddhist
bddrrg00_r30,DV Respondent: Religion - combined GB & NI   [counts less than 30 recoded],16.0,Brethren
bddrrg00_r30,DV Respondent: Religion - combined GB & NI   [counts less than 30 recoded],17.0,Protestant - not specified
bddrrg00_r30,DV Respondent: Religion - combined GB & NI   [counts less than 30 recoded],51.0,Other Christian Churches - Independent
bddrrg00_r30,DV Respondent: Religion - combined GB & NI   [counts less than 30 recoded],52.0,Other Christian Churches - African/West
bddrrg00_r30,DV Respondent: Religion - combined GB & NI   [counts less than 30 recoded],53.0,Pentecostal/Holiness
bddrrg00_r30,DV Respondent: Religion - combined GB & NI   [counts less than 30 recoded],54.0,Salvation Army
bddrrg00_r30,DV Respondent: Religion - combined GB & NI   [counts less than 30 recoded],56.0,Orthodox
bddrrg00_r30,DV Respondent: Religion - combined GB & NI   [counts less than 30 recoded],57.0,Church of Wales
bddrrg00_r30,DV Respondent: Religion - combined GB & NI   [counts less than 30 recoded],58.0,Mormon
bddrrg00_r30,DV Respondent: Religion - combined GB & NI   [counts less than 30 recoded],59.0,Jehovah s Witness
bddrrg00_r30,DV Respondent: Religion - combined GB & NI   [counts less than 30 recoded],60.0,Spiritualist
bddrrg00_r30,DV Respondent: Religion - combined GB & NI   [counts less than 30 recoded],84.0,Other Christian
bddrrg00_r30,DV Respondent: Religion - combined GB & NI   [counts less than 30 recoded],85.0,Other non-Christian
bddrrg00_r30,DV Respondent: Religion - combined GB & NI   [counts less than 30 recoded],100.0,Recoded due to low counts - check SA
bddact00,DV Respondents Economic Activity Status,-8.0,Don't know
bddact00,DV Respondents Economic Activity Status,-1.0,Not applicable
bddact00,DV Respondents Economic Activity Status,1.0,Employed
bddact00,DV Respondents Economic Activity Status,2.0,Self employed
bddact00,DV Respondents Economic Activity Status,3.0,Looking for work
bddact00,DV Respondents Economic Activity Status,4.0,Poor health
bddact00,DV Respondents Economic Activity Status,5.0,"New Deal, apprenticeship"
bddact00,DV Respondents Economic Activity Status,6.0,Student
bddact00,DV Respondents Economic Activity Status,7.0,Looking after the family
bddact00,DV Respondents Economic Activity Status,8.0,Waiting for a job to start
bddact00,DV Respondents Economic Activity Status,9.0,Non-working for other reason
bdwkst00,DV Paid work status,-1.0,Not applicable
bdwkst00,DV Paid work status,1.0,Currently doing paid work
bdwkst00,DV Paid work status,2.0,Has paid job but on leave etc
bdwkst00,DV Paid work status,3.0,Has worked in the past
bdwkst00,DV Paid work status,4.0,Never had a paid job
bdd17c00,None,-8.0,Don't know
bdd17c00,None,-1.0,Not applicable
bdd17c00,None,1.0,Large emp
bdd17c00,None,2.0,Hi manag
bdd17c00,None,3.1,Hi prof trad
bdd17c00,None,3.2,Hi prof new
bdd17c00,None,3.3,Hi prof trad s-emp
bdd17c00,None,3.4,Hi prof new s-emp
bdd17c00,None,4.1,Lo prof trad
bdd17c00,None,4.2,Lo prof new
bdd17c00,None,4.3,Lo prof trad s-emp
bdd17c00,None,4.4,Lo prof new s-emp
bdd17c00,None,5.0,Lower managers
bdd17c00,None,6.0,Hi supervisory
bdd17c00,None,7.1,Intermed clerical
bdd17c00,None,7.2,Intermed service
bdd17c00,None,7.3,Intermed techncl
bdd17c00,None,7.4,Intermed engineerng
bdd17c00,None,8.1,Small emp indust'
bdd17c00,None,8.2,Sm emp agric
bdd17c00,None,9.1,S-emp non profl
bdd17c00,None,9.2,. 'S-emp agric'
bdd17c00,None,10.0,Lower supervisors
bdd17c00,None,11.1,Lo tech craft
bdd17c00,None,11.2,Lo tech operative
bdd17c00,None,12.1,Semi-rou sales
bdd17c00,None,12.2,Semi-rou service
bdd17c00,None,12.3,Semi-rou techncl
bdd17c00,None,12.4,Semi-rou operative
bdd17c00,None,12.5,Semi-rou gric
bdd17c00,None,12.6,Semi-rou clerical
bdd17c00,None,12.7,Semi-rou childcare
bdd17c00,None,13.1,Routine sales
bdd17c00,None,13.2,Routine productn
bdd17c00,None,13.3,Routine tech
bdd17c00,None,13.4,Routine operative
bdd17c00,None,13.5,Routine agric
bdd17c00,None,14.1,Never worked
bdd17c00,None,14.2,Unemp
bdd17c00,None,15.0,F-t students
bdd17c00,None,16.0,"Not stated, inad desc"
bdd17c00,None,17.0,Unclassif other
bdd13c00,None,-1.0,Not applicable
bdd13c00,None,1.0,Large emp
bdd13c00,None,2.0,Hi manag
bdd13c00,None,3.0,Higher prof
bdd13c00,None,4.0,Lo prof/hi tech
bdd13c00,None,5.0,Lower managers
bdd13c00,None,6.0,Hi supervisory
bdd13c00,None,7.0,Intermediate
bdd13c00,None,8.0,Small employers
bdd13c00,None,9.0,Self-emp non profl
bdd13c00,None,10.0,Lower supervisors
bdd13c00,None,11.0,Lower technical
bdd13c00,None,12.0,Semi-routine
bdd13c00,None,13.0,Routine
bdd07c00,None,-1.0,Not applicable
bdd07c00,None,1.0,Hi manag/prof
bdd07c00,None,2.0,Lo manag/prof
bdd07c00,None,3.0,Intermediate
bdd07c00,None,4.0,Small emp and s-emp
bdd07c00,None,5.0,Low sup and tech
bdd07c00,None,6.0,Semi routine
bdd07c00,None,7.0,Routine
bdd05c00,None,-1.0,Not applicable
bdd05c00,None,1.0,Manag and profl
bdd05c00,None,2.0,Intermediate
bdd05c00,None,3.0,Sm emp and s-emp
bdd05c00,None,4.0,Lo sup and tech
bdd05c00,None,5.0,Semi-rou and routine
bddrlg00,Respondent religion - 7 category,-9.0,Refusal
bddrlg00,Respondent religion - 7 category,-8.0,Don't know
bddrlg00,Respondent religion - 7 category,-1.0,Not applicable
bddrlg00,Respondent religion - 7 category,1.0,Christian
bddrlg00,Respondent religion - 7 category,2.0,Muslim
bddrlg00,Respondent religion - 7 category,3.0,Hindu
bddrlg00,Respondent religion - 7 category,4.0,Sikh
bddrlg00,Respondent religion - 7 category,5.0,Jewish
bddrlg00,Respondent religion - 7 category,6.0,Buddhist
bddrlg00,Respondent religion - 7 category,7.0,Other
bddrlg00,Respondent religion - 7 category,8.0,None
bdacaq00,NVQ equivalent of highest Academic qualification across MCS1 and MCS2,-1.0,Not applicable
avail_from_dt,,,
mcs_llc_fid_e,Encrypted Family/Household anonymised ID for LLC,,
