variable_name,variable_label,value_value,value_label
nocmhh,Number of cohort children in household at entry to survey,,
sentry,Sweep in which Family entered study,-1.0,Not applicable
sentry,Sweep in which Family entered study,1.0,Sweep 1
sentry,Sweep in which Family entered study,2.0,Sweep 2
country,Country as at MCS sampling,-1.0,Not applicable
country,Country as at MCS sampling,1.0,England
country,Country as at MCS sampling,2.0,Wales
country,Country as at MCS sampling,3.0,Scotland
country,Country as at MCS sampling,4.0,NI
ptty00,Point type,-1.0,Not applicable
ptty00,Point type,1.0,Advantaged
ptty00,Point type,2.0,Disadvantaged
ptty00,Point type,3.0,Ethnic
pttype2,Stratum within Country,-1.0,Not applicable
pttype2,Stratum within Country,1.0,England - Advantaged
pttype2,Stratum within Country,2.0,England - Disadvantaged
pttype2,Stratum within Country,3.0,England - Ethnic
pttype2,Stratum within Country,4.0,Wales - Advantaged
pttype2,Stratum within Country,5.0,Wales - Disadvantaged
pttype2,Stratum within Country,6.0,Scotland - Advantaged
pttype2,Stratum within Country,7.0,Scotland - Disadvantaged
pttype2,Stratum within Country,8.0,Northern Ireland - Advantaged
pttype2,Stratum within Country,9.0,Northern Ireland - Disadvantaged
sptn00,Fieldwork point number incorporating superwards (updated),,
nh2,Population Correction Factor (for use in Stata),,
weight1,MCS Weight for use on single country analyses,,
weight2,MCS Weight to use on whole UK analyses,,
weightgb,Overall weight for use on GB analysis,,
aissued,Family Issued at MCS1,-1.0,Not applicable
aissued,Family Issued at MCS1,0.0,No
aissued,Family Issued at MCS1,1.0,Yes
aaoutc00,S1:Outcome Code,-1.0,Not applicable
aaoutc00,S1:Outcome Code,0.0,Not Issued
aaoutc00,S1:Outcome Code,1.0,Not productive
aaoutc00,S1:Outcome Code,2.0,Productive
aovwt1,S1:Overall Weight (inc NR adjustment) single country analysis,-1.0,Not applicable
aovwt2,S1:Overall Weight (inc NR adjustment) whole UK analyses,-1.0,Not applicable
bissued,Family Issued at MCS2,-1.0,Not applicable
bissued,Family Issued at MCS2,0.0,No
bissued,Family Issued at MCS2,1.0,Yes
baoutc00,S2:Outcome Code,-1.0,Not applicable
baoutc00,S2:Outcome Code,1.0,Productive
baoutc00,S2:Outcome Code,2.0,Ineligible
baoutc00,S2:Outcome Code,3.0,Unclass. El. Untraced. Movers
baoutc00,S2:Outcome Code,4.0,Refusal
baoutc00,S2:Outcome Code,5.0,Non-Contact
baoutc00,S2:Outcome Code,6.0,Other
bovwt1,S2:Overall Weight (inc NR adjustment) single country analysis,-1.0,Not applicable
bovwt2,S2:Overall Weight (inc NR adjustment) whole uk analyses,-1.0,Not applicable
bnrespwt,S2:Non-Reponse Weight,-2.0,Not Present at MCS1
bnrespwt,S2:Non-Reponse Weight,-1.0,Not applicable
bovwtgb,S2: Overall weight for use on GB analysis,,
cissued,Family Issued at MCS3,-1.0,Not applicable
cissued,Family Issued at MCS3,0.0,No
cissued,Family Issued at MCS3,1.0,Yes
caoutc00,S3:Outcome Code,-1.0,Not applicable
caoutc00,S3:Outcome Code,1.0,Productive
caoutc00,S3:Outcome Code,2.0,Refusal
caoutc00,S3:Outcome Code,3.0,Other unproductive
caoutc00,S3:Outcome Code,4.0,Ineligible
caoutc00,S3:Outcome Code,5.0,Untraced
caoutc00,S3:Outcome Code,6.0,No contact
covwt1,S3:Overall Weight (inc NR adjustment) single country analysis,-1.0,Not applicable
covwt2,S3:Overall Weight (inc NR adjustment) whole uk analyses,-1.0,Not applicable
covwtgb,S3: Overall weight for use on GB analysis,,
dissued,Family Issued at MCS4,-1.0,Not applicable
dissued,Family Issued at MCS4,0.0,No
dissued,Family Issued at MCS4,1.0,Yes
daoutc00,S4:Outcome Code,-1.0,Not applicable
daoutc00,S4:Outcome Code,0.0,Not Issued
daoutc00,S4:Outcome Code,1.0,Productive
daoutc00,S4:Outcome Code,2.0,Refusal
daoutc00,S4:Outcome Code,3.0,Other unproductive
daoutc00,S4:Outcome Code,4.0,Ineligible
daoutc00,S4:Outcome Code,5.0,Untraced
daoutc00,S4:Outcome Code,6.0,No contact
dovwt1,S4:Overall Weight (inc NR adjustment) single country analysis,-1.0,Not applicable
dovwt2,S4:Overall Weight (inc NR adjustment) whole uk analyses,-1.0,Not applicable
dovwtgb,S4: Overall weight for use on GB analysis,,
eissued,Family Issued at MCS5,-1.0,Not applicable
eissued,Family Issued at MCS5,0.0,No
eissued,Family Issued at MCS5,1.0,Yes
eaoutc00,S5:Outcome Code,-1.0,Not applicable
eaoutc00,S5:Outcome Code,0.0,Not Issued
eaoutc00,S5:Outcome Code,1.0,Productive
eaoutc00,S5:Outcome Code,2.0,Refusal
eaoutc00,S5:Outcome Code,3.0,Other unproductive
eaoutc00,S5:Outcome Code,4.0,Ineligible
eaoutc00,S5:Outcome Code,5.0,Untraced
eaoutc00,S5:Outcome Code,6.0,No contact
eovwt1,S5: Overall Weight (inc NR adjustment) single country analyses,-1.0,Not applicable
eovwt2,S5: Overall Weight (inc NR adjustment) whole uk analyses,-1.0,Not applicable
enrespwt,S5: Non-Reponse Weight,-1.0,Not applicable
fissued,Family issued at MCS6,-1.0,Not applicable
fissued,Family issued at MCS6,0.0,No
fissued,Family issued at MCS6,1.0,Yes
faoutc00,S6:Outcome Code (6 category),-1.0,Not applicable
faoutc00,S6:Outcome Code (6 category),1.0,Productive
faoutc00,S6:Outcome Code (6 category),2.0,Refusal
faoutc00,S6:Outcome Code (6 category),3.0,Other unproductive
faoutc00,S6:Outcome Code (6 category),4.0,Ineligible
faoutc00,S6:Outcome Code (6 category),5.0,Untraced
faoutc00,S6:Outcome Code (6 category),6.0,No contact
fnrespwt,MCS6 Non-Response Weight,-1.0,Not applicable
fovwt1,S6: Overall Weight (inc NR adjustment) single country analyses,-1.0,Not applicable
fovwt2,S6: Overall Weight (inc NR adjustment) whole uk analyses,-1.0,Not applicable
gissued,Family issued at MCS7 (for Core sample),0.0,No
gissued,Family issued at MCS7 (for Core sample),1.0,Yes
gaoutc00,S7:Outcome Code (6 category) (for Core sample),-1.0,Not applicable / Not issued
gaoutc00,S7:Outcome Code (6 category) (for Core sample),1.0,Productive
gaoutc00,S7:Outcome Code (6 category) (for Core sample),2.0,Refusal
gaoutc00,S7:Outcome Code (6 category) (for Core sample),3.0,Other unproductive
gaoutc00,S7:Outcome Code (6 category) (for Core sample),4.0,Ineligible
gaoutc00,S7:Outcome Code (6 category) (for Core sample),5.0,Untraced
gaoutc00,S7:Outcome Code (6 category) (for Core sample),6.0,No contact
gnrespwt,S7: Non-Response Weight (for Core sample),-1.0,Not applicable
govwt1,S7: Overall Weight (inc NR adjustment) single country analyses (for Core sample),-1.0,Not applicable
govwt2,S7: Overall Weight (inc NR adjustment) whole uk analyses (for Core sample),-1.0,Not applicable
dualbabyfamily,Dual baby family: two cohort members born to the same mother within the sampling period,0.0,Not a dual baby family
dualbabyfamily,Dual baby family: two cohort members born to the same mother within the sampling period,1.1,"Family 1, Baby 1"
dualbabyfamily,Dual baby family: two cohort members born to the same mother within the sampling period,1.2,"Family 1, Baby 2"
dualbabyfamily,Dual baby family: two cohort members born to the same mother within the sampling period,2.1,"Family 2, Baby 1"
dualbabyfamily,Dual baby family: two cohort members born to the same mother within the sampling period,2.2,"Family 2, Baby 2"
dualbabyfamily,Dual baby family: two cohort members born to the same mother within the sampling period,3.1,"Family 3, Baby 1"
dualbabyfamily,Dual baby family: two cohort members born to the same mother within the sampling period,3.2,"Family 3, Baby 2"
dualbabyfamily,Dual baby family: two cohort members born to the same mother within the sampling period,4.1,"Family 4, Baby 1"
dualbabyfamily,Dual baby family: two cohort members born to the same mother within the sampling period,4.2,"Family 4, Baby 2"
dualbabyfamily,Dual baby family: two cohort members born to the same mother within the sampling period,5.1,"Family 5, Baby 1"
dualbabyfamily,Dual baby family: two cohort members born to the same mother within the sampling period,5.2,"Family 5, Baby 2"
dualbabyfamily,Dual baby family: two cohort members born to the same mother within the sampling period,6.1,"Family 6, Baby 1"
dualbabyfamily,Dual baby family: two cohort members born to the same mother within the sampling period,6.2,"Family 6, Baby 2"
dualbabyfamily,Dual baby family: two cohort members born to the same mother within the sampling period,7.1,"Family 7, Baby 1"
dualbabyfamily,Dual baby family: two cohort members born to the same mother within the sampling period,7.2,"Family 7, Baby 2"
dualbabyfamily,Dual baby family: two cohort members born to the same mother within the sampling period,8.1,"Family 8, Baby 1"
dualbabyfamily,Dual baby family: two cohort members born to the same mother within the sampling period,8.2,"Family 8, Baby 2"
dualbabyfamily,Dual baby family: two cohort members born to the same mother within the sampling period,9.1,"Family 9, Baby 1"
dualbabyfamily,Dual baby family: two cohort members born to the same mother within the sampling period,9.2,"Family 9, Baby 2"
dualbabyfamily,Dual baby family: two cohort members born to the same mother within the sampling period,10.1,"Family 10, Baby 1"
dualbabyfamily,Dual baby family: two cohort members born to the same mother within the sampling period,10.2,"Family 10, Baby 2"
dualbabyfamily,Dual baby family: two cohort members born to the same mother within the sampling period,11.1,"Family 11, Baby 1"
dualbabyfamily,Dual baby family: two cohort members born to the same mother within the sampling period,11.2,"Family 11, Baby 2"
data_availability,Data available under EUL (see user guide),0.0,Under EUL
data_availability,Data available under EUL (see user guide),1.0,Under SA
data_availability,Data available under EUL (see user guide),2.0,Removed
avail_from_dt,,,
mcs_llc_fid_e,Encrypted Family/Household anonymised ID for LLC,,
