variable_name,variable_label,value_value,value_label
study_id_e,,,
pnum,Cohort Member number within an MCS family,1.0,1st Cohort Member of the family
pnum,Cohort Member number within an MCS family,2.0,2nd Cohort Member of the family
pnum,Cohort Member number within an MCS family,3.0,3rd Cohort Member of the family
cdnoba00,Number of CMs in household,,
cdc06e00,DV Cohort Member Ethnic Group - 6 category Census class,-9.0,Refusal
cdc06e00,DV Cohort Member Ethnic Group - 6 category Census class,-8.0,Don't Know
cdc06e00,DV Cohort Member Ethnic Group - 6 category Census class,-1.0,Not applicable
cdc06e00,DV Cohort Member Ethnic Group - 6 category Census class,1.0,White
cdc06e00,DV Cohort Member Ethnic Group - 6 category Census class,2.0,Mixed
cdc06e00,DV Cohort Member Ethnic Group - 6 category Census class,3.0,Indian
cdc06e00,DV Cohort Member Ethnic Group - 6 category Census class,4.0,Pakistani and Bangladeshi
cdc06e00,DV Cohort Member Ethnic Group - 6 category Census class,5.0,Black or Black British
cdc06e00,DV Cohort Member Ethnic Group - 6 category Census class,6.0,"Other Ethnic group (inc Chinese,Other)"
cdc08e00,DV Cohort Member Ethnic Group - 8 category classification,-9.0,Refusal
cdc08e00,DV Cohort Member Ethnic Group - 8 category classification,-8.0,Don't know
cdc08e00,DV Cohort Member Ethnic Group - 8 category classification,-1.0,Not applicable
cdc08e00,DV Cohort Member Ethnic Group - 8 category classification,1.0,White
cdc08e00,DV Cohort Member Ethnic Group - 8 category classification,2.0,Mixed
cdc08e00,DV Cohort Member Ethnic Group - 8 category classification,3.0,Indian
cdc08e00,DV Cohort Member Ethnic Group - 8 category classification,4.0,Pakistani
cdc08e00,DV Cohort Member Ethnic Group - 8 category classification,5.0,Bangladeshi
cdc08e00,DV Cohort Member Ethnic Group - 8 category classification,6.0,Black Caribbean
cdc08e00,DV Cohort Member Ethnic Group - 8 category classification,7.0,Black African
cdc08e00,DV Cohort Member Ethnic Group - 8 category classification,8.0,"Other Ethnic group (inc Chinese,Other)"
cdc11e00,DV Cohort Member Ethnic Group - 11 category Census class,-9.0,Refusal
cdc11e00,DV Cohort Member Ethnic Group - 11 category Census class,-8.0,Don't know
cdc11e00,DV Cohort Member Ethnic Group - 11 category Census class,-1.0,Not applicable
cdc11e00,DV Cohort Member Ethnic Group - 11 category Census class,1.0,White
cdc11e00,DV Cohort Member Ethnic Group - 11 category Census class,2.0,Mixed
cdc11e00,DV Cohort Member Ethnic Group - 11 category Census class,3.0,Indian
cdc11e00,DV Cohort Member Ethnic Group - 11 category Census class,4.0,Pakistani
cdc11e00,DV Cohort Member Ethnic Group - 11 category Census class,5.0,Bangladeshi
cdc11e00,DV Cohort Member Ethnic Group - 11 category Census class,6.0,Other Asian
cdc11e00,DV Cohort Member Ethnic Group - 11 category Census class,7.0,Black Caribbean
cdc11e00,DV Cohort Member Ethnic Group - 11 category Census class,8.0,Black African
cdc11e00,DV Cohort Member Ethnic Group - 11 category Census class,9.0,Other Black
cdc11e00,DV Cohort Member Ethnic Group - 11 category Census class,10.0,Chinese
cdc11e00,DV Cohort Member Ethnic Group - 11 category Census class,11.0,Other Ethnic Group
cdcsbi00,Child Social Behaviour Questionnaire (Independence-Self Regulation),-1.0,Not applicable
cdcsbe00,Child Social Behaviour Questionnaire (Emotional-Dysregulation),-1.0,Not applicable
cemotion,DV SDQ Emotional Symptoms,-9.0,Refusal
cemotion,DV SDQ Emotional Symptoms,-8.0,Don't know
cemotion,DV SDQ Emotional Symptoms,-1.0,Not applicable
cconduct,DV SDQ Conduct Problems,-9.0,Refusal
cconduct,DV SDQ Conduct Problems,-8.0,Don't know
cconduct,DV SDQ Conduct Problems,-1.0,Not applicable
chyper,DV SDQ Hyperactivity/Inattention,-9.0,Refusal
chyper,DV SDQ Hyperactivity/Inattention,-8.0,Don't know
chyper,DV SDQ Hyperactivity/Inattention,-1.0,Not applicable
cpeer,DV SDQ Peer Problems,-9.0,Refusal
cpeer,DV SDQ Peer Problems,-8.0,Don't know
cpeer,DV SDQ Peer Problems,-1.0,Not applicable
cprosoc,DV SDQ Prosocial,-9.0,Refusal
cprosoc,DV SDQ Prosocial,-8.0,Don't know
cprosoc,DV SDQ Prosocial,-1.0,Not applicable
cebdtot,DV SDQ Total Difficulties,-9.0,Refusal
cebdtot,DV SDQ Total Difficulties,-8.0,Don't know
cebdtot,DV SDQ Total Difficulties,-1.0,Not applicable
cimpact,DV SDQ Impact,-9.0,Refusal
cimpact,DV SDQ Impact,-8.0,Don't know
cimpact,DV SDQ Impact,-1.0,Not applicable
cebddiff,DV SDQ CM has Difficulties in one or more areas,-1.0,Not applicable
cebddiff,DV SDQ CM has Difficulties in one or more areas,0.0,No difficulties
cebddiff,DV SDQ CM has Difficulties in one or more areas,1.0,Yes Minor difficulties
cebddiff,DV SDQ CM has Difficulties in one or more areas,2.0,Yes definite difficulties
cebddiff,DV SDQ CM has Difficulties in one or more areas,3.0,Yes severe difficulties
cebddiff,DV SDQ CM has Difficulties in one or more areas,4.0,Can't say
avail_from_dt,,,
mcs_llc_fid_e,Encrypted Family/Household anonymised ID for LLC,,
