variable_name,variable_label,value_value,value_label
study_id_e,,,
pnum,Cohort Member number within an MCS family,1.0,1st Cohort Member of the family
pnum,Cohort Member number within an MCS family,2.0,2nd Cohort Member of the family
pnum,Cohort Member number within an MCS family,3.0,3rd Cohort Member of the family
fcintm00,Interview date (month),-9.0,Refused
fcintm00,Interview date (month),-8.0,Dont know
fcintm00,Interview date (month),-1.0,Not applicable
fcintm00,Interview date (month),1.0,January
fcintm00,Interview date (month),2.0,February
fcintm00,Interview date (month),3.0,March
fcintm00,Interview date (month),4.0,April
fcintm00,Interview date (month),5.0,May
fcintm00,Interview date (month),6.0,June
fcintm00,Interview date (month),7.0,July
fcintm00,Interview date (month),8.0,August
fcintm00,Interview date (month),9.0,September
fcintm00,Interview date (month),10.0,October
fcintm00,Interview date (month),11.0,November
fcintm00,Interview date (month),12.0,December
fcinty00,Interview date (year),-9.0,Refused
fcinty00,Interview date (year),-8.0,Dont know
fcinty00,Interview date (year),-1.0,Not applicable
fccsex00,CM Sex,-1.0,Not known/Not applicable
fccsex00,CM Sex,1.0,Male
fccsex00,CM Sex,2.0,Female
fccdbm00,CM DOB (month),-1.0,Not applicable
fccdbm00,CM DOB (month),1.0,January
fccdbm00,CM DOB (month),2.0,February
fccdbm00,CM DOB (month),3.0,March
fccdbm00,CM DOB (month),4.0,April
fccdbm00,CM DOB (month),5.0,May
fccdbm00,CM DOB (month),6.0,June
fccdbm00,CM DOB (month),7.0,July
fccdbm00,CM DOB (month),8.0,August
fccdbm00,CM DOB (month),9.0,September
fccdbm00,CM DOB (month),10.0,October
fccdbm00,CM DOB (month),11.0,November
fccdbm00,CM DOB (month),12.0,December
fccdby00,CM DOB (year),-1.0,Not applicable
fccage00,CM Age last birthday,-1.0,Not applicable
fdce0600,S6 DV CM ethnic group classification - 6 categories,-9.0,Refusal
fdce0600,S6 DV CM ethnic group classification - 6 categories,-8.0,Dont know
fdce0600,S6 DV CM ethnic group classification - 6 categories,-1.0,Not applicable - Not codeable
fdce0600,S6 DV CM ethnic group classification - 6 categories,1.0,White
fdce0600,S6 DV CM ethnic group classification - 6 categories,2.0,Mixed
fdce0600,S6 DV CM ethnic group classification - 6 categories,3.0,Indian
fdce0600,S6 DV CM ethnic group classification - 6 categories,4.0,Pakistani and Bangladeshi
fdce0600,S6 DV CM ethnic group classification - 6 categories,5.0,Black or Black British
fdce0600,S6 DV CM ethnic group classification - 6 categories,6.0,"Other Ethnic group (inc Chinese,Other)"
fdce0800,S6 DV CM ethnic group classification - 8 categories,-9.0,Refusal
fdce0800,S6 DV CM ethnic group classification - 8 categories,-8.0,Dont know
fdce0800,S6 DV CM ethnic group classification - 8 categories,-1.0,Not applicable - Not codeable
fdce0800,S6 DV CM ethnic group classification - 8 categories,1.0,White
fdce0800,S6 DV CM ethnic group classification - 8 categories,2.0,Mixed
fdce0800,S6 DV CM ethnic group classification - 8 categories,3.0,Indian
fdce0800,S6 DV CM ethnic group classification - 8 categories,4.0,Pakistani
fdce0800,S6 DV CM ethnic group classification - 8 categories,5.0,Bangladeshi
fdce0800,S6 DV CM ethnic group classification - 8 categories,6.0,Black Caribbean
fdce0800,S6 DV CM ethnic group classification - 8 categories,7.0,Black African
fdce0800,S6 DV CM ethnic group classification - 8 categories,8.0,"Other Ethnic Group (inc Chinese, Other)"
fdce1100,S6 DV CM ethnic group classification - 11 categories,-9.0,Refusal
fdce1100,S6 DV CM ethnic group classification - 11 categories,-8.0,Dont know
fdce1100,S6 DV CM ethnic group classification - 11 categories,-1.0,Not applicable - Not codeable
fdce1100,S6 DV CM ethnic group classification - 11 categories,1.0,White
fdce1100,S6 DV CM ethnic group classification - 11 categories,2.0,Mixed
fdce1100,S6 DV CM ethnic group classification - 11 categories,3.0,Indian
fdce1100,S6 DV CM ethnic group classification - 11 categories,4.0,Pakistani
fdce1100,S6 DV CM ethnic group classification - 11 categories,5.0,Bangladeshi
fdce1100,S6 DV CM ethnic group classification - 11 categories,6.0,Other Asian
fdce1100,S6 DV CM ethnic group classification - 11 categories,7.0,Black Caribbean
fdce1100,S6 DV CM ethnic group classification - 11 categories,8.0,Black African
fdce1100,S6 DV CM ethnic group classification - 11 categories,9.0,Other Black
fdce1100,S6 DV CM ethnic group classification - 11 categories,10.0,Chinese
fdce1100,S6 DV CM ethnic group classification - 11 categories,11.0,Other Ethnic Group
fcovwgt6,Overweight Cut-Off point for child's age and sex (IOTF thresholds),-1.0,Not applicable
fcobese6,Obesity Cut-Off point for child's age and sex (IOTF thresholds),-1.0,Not applicable
fcundwu6,Underweight cut-Off point for child's age and sex (UK90 2nd centile),-1.0,Not applicable
fcovwtu6,Overweight cut-Off point for child's age and sex (UK90 85th centile),-1.0,Not applicable
fcobesu6,Obesity cut-Off point for child's age and sex (UK90 95th centile),-1.0,Not applicable
fcmcs6ag,Age at interview to nearest 10th of year,-1.0,Not applicable
fcbmin6,MCS6 Body Mass Index calculated (CLS),-1.0,Not applicable
fcobflg6,MCS6 Obesity flag - IOTF thresholds,-1.0,Not applicable
fcobflg6,MCS6 Obesity flag - IOTF thresholds,0.0,Not overweight (including underweight)
fcobflg6,MCS6 Obesity flag - IOTF thresholds,1.0,Overweight
fcobflg6,MCS6 Obesity flag - IOTF thresholds,2.0,Obese
fcuk90o6,MCS6 Obesity flag - UK90 thresholds,-1.0,Not applicable
fcuk90o6,MCS6 Obesity flag - UK90 thresholds,1.0,Underweight
fcuk90o6,MCS6 Obesity flag - UK90 thresholds,2.0,Healthy weight
fcuk90o6,MCS6 Obesity flag - UK90 thresholds,3.0,Overweight
fcuk90o6,MCS6 Obesity flag - UK90 thresholds,4.0,Obese
fcwrdsc,CM Word activity score out of 20,-3.0,Software error/respondent completed wrong activity
fcwrdsc,CM Word activity score out of 20,-1.0,Not applicable
fcgtoutcm,CGT Test Outcome,-9.0,No test
fcgtoutcm,CGT Test Outcome,0.0,Test Aborted
fcgtoutcm,CGT Test Outcome,1.0,Test Completed
fcgtoutcm,CGT Test Outcome,2.0,Test Ended due to tech problems
fcgtttime,CGT Test Duration (seconds),-9.0,No test
fcgtdelay,CGT Delay Aversion,-9.0,No test
fcgtdtime,CGT Deliberation Time,-9.0,No test
fcgtopbet,CGT Overall Proportional Bet,-9.0,No test
fcgtqofdm,CGT Quality of Decision Making,-9.0,No test
fcgtriska,CGT Risk adjustment,-9.0,No test
fcgtriskt,CGT Risk taking,-9.0,No test
femotion,S6 DV Parent-reported CM SDQ Emotional Symptoms,-9.0,Refusal
femotion,S6 DV Parent-reported CM SDQ Emotional Symptoms,-8.0,Don't know
femotion,S6 DV Parent-reported CM SDQ Emotional Symptoms,-1.0,Not applicable
fconduct,S6 DV Parent-reported CM SDQ Conduct Problems,-9.0,Refusal
fconduct,S6 DV Parent-reported CM SDQ Conduct Problems,-8.0,Don't know
fconduct,S6 DV Parent-reported CM SDQ Conduct Problems,-1.0,Not applicable
fhyper,S6 DV Parent-reported CM SDQ Hyperactivity/Inattention,-9.0,Refusal
fhyper,S6 DV Parent-reported CM SDQ Hyperactivity/Inattention,-8.0,Don't know
fhyper,S6 DV Parent-reported CM SDQ Hyperactivity/Inattention,-1.0,Not applicable
fpeer,S6 DV Parent-reported CM SDQ Peer Problems,-9.0,Refusal
fpeer,S6 DV Parent-reported CM SDQ Peer Problems,-8.0,Don't know
fpeer,S6 DV Parent-reported CM SDQ Peer Problems,-1.0,Not applicable
fprosoc,S6 DV Parent-reported CM SDQ Prosocial,-9.0,Refusal
fprosoc,S6 DV Parent-reported CM SDQ Prosocial,-8.0,Don't know
fprosoc,S6 DV Parent-reported CM SDQ Prosocial,-1.0,Not applicable
febdtot,S6 DV Parent-reported CM SDQ Total Difficulties,-9.0,Refusal
febdtot,S6 DV Parent-reported CM SDQ Total Difficulties,-8.0,Don't know
febdtot,S6 DV Parent-reported CM SDQ Total Difficulties,-1.0,Not applicable
fdschl0a,MCS6 School (now) collection outcome: whether school info provided and URN ide,1.0,School info provided and URN matched
fdschl0a,MCS6 School (now) collection outcome: whether school info provided and URN ide,2.0,School info provided but URN not found
fdschl0a,MCS6 School (now) collection outcome: whether school info provided and URN ide,3.0,Refused - not enough information
fdschl0a,MCS6 School (now) collection outcome: whether school info provided and URN ide,4.0,Dont know - not enough information
fdschl0a,MCS6 School (now) collection outcome: whether school info provided and URN ide,5.0,Not applicable - not routed to School
fdschl0b,MCS6 School (started at) collection outcome: whether school info provided and,1.0,School info provided and URN matched
fdschl0b,MCS6 School (started at) collection outcome: whether school info provided and,2.0,School info provided but URN not found
fdschl0b,MCS6 School (started at) collection outcome: whether school info provided and,3.0,Refused - not enough information
fdschl0b,MCS6 School (started at) collection outcome: whether school info provided and,4.0,Dont know - not enough information
fdschl0b,MCS6 School (started at) collection outcome: whether school info provided and,5.0,Not applicable - not routed to School
fcanonsclid1,School (now): Anonymised School ID,,
fcanonsclid2,School (started at): Anonymised School ID,,
fcgram0a,Whether Grammar School (now) (coding by John Jerrim),-1.0,Not applicable
fcgram0a,Whether Grammar School (now) (coding by John Jerrim),0.0,Non Grammar
fcgram0a,Whether Grammar School (now) (coding by John Jerrim),1.0,Grammar
fcgram0b,Whether Grammar School (started at) (coding by John Jerrim),-1.0,Not applicable
fcgram0b,Whether Grammar School (started at) (coding by John Jerrim),0.0,Non Grammar
fcgram0b,Whether Grammar School (started at) (coding by John Jerrim),1.0,Grammar
avail_from_dt,,,
mcs_llc_fid_e,Encrypted Family/Household anonymised ID for LLC,,
