variable_name,variable_label,value_value,value_label
study_id_e,,,
pnum,Cohort Member number within an MCS family,1.0,1st Cohort Member of the family
pnum,Cohort Member number within an MCS family,2.0,2nd Cohort Member of the family
pnum,Cohort Member number within an MCS family,3.0,3rd Cohort Member of the family
ccbchk00,Does child still live here,-9.0,Refusal
ccbchk00,Does child still live here,-8.0,Don't Know
ccbchk00,Does child still live here,-1.0,Not applicable
ccbchk00,Does child still live here,1.0,Yes
ccbchk00,Does child still live here,2.0,No
ccbwhz00,What happened to child (merged),-9.0,Refusal
ccbwhz00,What happened to child (merged),-8.0,Don't Know
ccbwhz00,What happened to child (merged),-1.0,Not applicable
ccbwhz00,What happened to child (merged),1.0,deceased
ccbwhz00,What happened to child (merged),2.0,long term absence (ie 6 months or more)
ccbwhz00,What happened to child (merged),3.0,lives in a different household
ccbwhz00,What happened to child (merged),51.0,spare
ccbwhz00,What happened to child (merged),52.0,spare
ccbwhz00,What happened to child (merged),53.0,spare
ccbwhz00,What happened to child (merged),54.0,spare
ccbwhz00,What happened to child (merged),55.0,spare
ccbwhz00,What happened to child (merged),85.0,Other specific answer
ccbwhz00,What happened to child (merged),86.0,Vague / irrelevant answer
ccbwhz00,What happened to child (merged),87.0,Editor cannot deal with
ccbwhz00,What happened to child (merged),95.0,Other (Please specify)
ccbdcy00,When did child die (year),-9.0,Refusal
ccbdcy00,When did child die (year),-8.0,Don't Know
ccbdcy00,When did child die (year),-1.0,Not applicable
ccbdcm00,When did child die (month),-9.0,Refusal
ccbdcm00,When did child die (month),-8.0,Don't Know
ccbdcm00,When did child die (month),-1.0,Not applicable
ccbdcm00,When did child die (month),1.0,January
ccbdcm00,When did child die (month),2.0,February
ccbdcm00,When did child die (month),3.0,March
ccbdcm00,When did child die (month),4.0,April
ccbdcm00,When did child die (month),5.0,May
ccbdcm00,When did child die (month),6.0,June
ccbdcm00,When did child die (month),7.0,July
ccbdcm00,When did child die (month),8.0,August
ccbdcm00,When did child die (month),9.0,September
ccbdcm00,When did child die (month),10.0,October
ccbdcm00,When did child die (month),11.0,November
ccbdcm00,When did child die (month),12.0,December
ccbadd00,Ask & record on ARF address of twin/triplet who moved,-9.0,Refusal
ccbadd00,Ask & record on ARF address of twin/triplet who moved,-8.0,Don't Know
ccbadd00,Ask & record on ARF address of twin/triplet who moved,-1.0,Not applicable
ccbadd00,Ask & record on ARF address of twin/triplet who moved,1.0,Press 1 and Enter to continue.
ccblat00,Will need to collect twin/triplet later,-9.0,Refusal
ccblat00,Will need to collect twin/triplet later,-8.0,Don't Know
ccblat00,Will need to collect twin/triplet later,-1.0,Not applicable
ccblat00,Will need to collect twin/triplet later,1.0,Press 1 and Enter to continue.
ccbcor00,Check FF child's name,-9.0,Refusal
ccbcor00,Check FF child's name,-8.0,Don't Know
ccbcor00,Check FF child's name,-1.0,Not applicable
ccbcor00,Check FF child's name,1.0,"Yes, all correct"
ccbcor00,Check FF child's name,2.0,No
ccbeng00,Can CM understand story in English,-9.0,Refusal
ccbeng00,Can CM understand story in English,-8.0,Don't Know
ccbeng00,Can CM understand story in English,-1.0,Not applicable
ccbeng00,Can CM understand story in English,1.0,Yes
ccbeng00,Can CM understand story in English,2.0,No
cccabr00,Whether CM lived outside UK since last interview?,-9.0,Refusal
cccabr00,Whether CM lived outside UK since last interview?,-8.0,Don't Know
cccabr00,Whether CM lived outside UK since last interview?,-1.0,Not applicable
cccabr00,Whether CM lived outside UK since last interview?,1.0,Yes
cccabr00,Whether CM lived outside UK since last interview?,2.0,No
cccabd00,Months lived outside UK since last interview?,-9.0,Refusal
cccabd00,Months lived outside UK since last interview?,-8.0,Don't Know
cccabd00,Months lived outside UK since last interview?,-1.0,Not applicable
ccchic0a,Consent forms for child given MC1,-9.0,Refusal
ccchic0a,Consent forms for child given MC1,-8.0,Don't Know
ccchic0a,Consent forms for child given MC1,-1.0,Not applicable
ccchic0a,Consent forms for child given MC1,1.0,All consents given
ccchic0a,Consent forms for child given MC1,2.0,Story of Sally and Anne
ccchic0a,Consent forms for child given MC1,3.0,Picture similarities
ccchic0a,Consent forms for child given MC1,4.0,Naming Vocabulary
ccchic0a,Consent forms for child given MC1,5.0,Pattern construction
ccchic0a,Consent forms for child given MC1,6.0,Height
ccchic0a,Consent forms for child given MC1,7.0,Weight
ccchic0a,Consent forms for child given MC1,8.0,Waist circumference against skin
ccchic0a,Consent forms for child given MC1,9.0,Waist circumference over clothing
ccchic0a,Consent forms for child given MC1,96.0,NO consents given
ccchic0b,Consent forms for child given MC2,-9.0,Refusal
ccchic0b,Consent forms for child given MC2,-8.0,Don't Know
ccchic0b,Consent forms for child given MC2,-1.0,Not applicable
ccchic0b,Consent forms for child given MC2,1.0,All consents given
ccchic0b,Consent forms for child given MC2,2.0,Story of Sally and Anne
ccchic0b,Consent forms for child given MC2,3.0,Picture similarities
ccchic0b,Consent forms for child given MC2,4.0,Naming Vocabulary
ccchic0b,Consent forms for child given MC2,5.0,Pattern construction
ccchic0b,Consent forms for child given MC2,6.0,Height
ccchic0b,Consent forms for child given MC2,7.0,Weight
ccchic0b,Consent forms for child given MC2,8.0,Waist circumference against skin
ccchic0b,Consent forms for child given MC2,9.0,Waist circumference over clothing
ccchic0b,Consent forms for child given MC2,96.0,NO consents given
ccchic0c,Consent forms for child given MC3,-9.0,Refusal
ccchic0c,Consent forms for child given MC3,-8.0,Don't Know
ccchic0c,Consent forms for child given MC3,-1.0,Not applicable
ccchic0c,Consent forms for child given MC3,1.0,All consents given
ccchic0c,Consent forms for child given MC3,2.0,Story of Sally and Anne
ccchic0c,Consent forms for child given MC3,3.0,Picture similarities
ccchic0c,Consent forms for child given MC3,4.0,Naming Vocabulary
ccchic0c,Consent forms for child given MC3,5.0,Pattern construction
ccchic0c,Consent forms for child given MC3,6.0,Height
ccchic0c,Consent forms for child given MC3,7.0,Weight
ccchic0c,Consent forms for child given MC3,8.0,Waist circumference against skin
ccchic0c,Consent forms for child given MC3,9.0,Waist circumference over clothing
ccchic0c,Consent forms for child given MC3,96.0,NO consents given
ccchic0d,Consent forms for child given MC4,-9.0,Refusal
ccchic0d,Consent forms for child given MC4,-8.0,Don't Know
ccchic0d,Consent forms for child given MC4,-1.0,Not applicable
ccchic0d,Consent forms for child given MC4,1.0,All consents given
ccchic0d,Consent forms for child given MC4,2.0,Story of Sally and Anne
ccchic0d,Consent forms for child given MC4,3.0,Picture similarities
ccchic0d,Consent forms for child given MC4,4.0,Naming Vocabulary
ccchic0d,Consent forms for child given MC4,5.0,Pattern construction
ccchic0d,Consent forms for child given MC4,6.0,Height
ccchic0d,Consent forms for child given MC4,7.0,Weight
ccchic0d,Consent forms for child given MC4,8.0,Waist circumference against skin
ccchic0d,Consent forms for child given MC4,9.0,Waist circumference over clothing
ccchic0d,Consent forms for child given MC4,96.0,NO consents given
ccchic0e,Consent forms for child given MC5,-9.0,Refusal
ccchic0e,Consent forms for child given MC5,-8.0,Don't Know
ccchic0e,Consent forms for child given MC5,-1.0,Not applicable
ccchic0e,Consent forms for child given MC5,1.0,All consents given
ccchic0e,Consent forms for child given MC5,2.0,Story of Sally and Anne
ccchic0e,Consent forms for child given MC5,3.0,Picture similarities
ccchic0e,Consent forms for child given MC5,4.0,Naming Vocabulary
ccchic0e,Consent forms for child given MC5,5.0,Pattern construction
ccchic0e,Consent forms for child given MC5,6.0,Height
ccchic0e,Consent forms for child given MC5,7.0,Weight
ccchic0e,Consent forms for child given MC5,8.0,Waist circumference against skin
ccchic0e,Consent forms for child given MC5,9.0,Waist circumference over clothing
ccchic0e,Consent forms for child given MC5,96.0,NO consents given
ccchic0f,Consent forms for child given MC6,-9.0,Refusal
ccchic0f,Consent forms for child given MC6,-8.0,Don't Know
ccchic0f,Consent forms for child given MC6,-1.0,Not applicable
ccchic0f,Consent forms for child given MC6,1.0,All consents given
ccchic0f,Consent forms for child given MC6,2.0,Story of Sally and Anne
ccchic0f,Consent forms for child given MC6,3.0,Picture similarities
ccchic0f,Consent forms for child given MC6,4.0,Naming Vocabulary
ccchic0f,Consent forms for child given MC6,5.0,Pattern construction
ccchic0f,Consent forms for child given MC6,6.0,Height
ccchic0f,Consent forms for child given MC6,7.0,Weight
ccchic0f,Consent forms for child given MC6,8.0,Waist circumference against skin
ccchic0f,Consent forms for child given MC6,9.0,Waist circumference over clothing
ccchic0f,Consent forms for child given MC6,96.0,NO consents given
ccchic0g,Consent forms for child given MC7,-9.0,Refusal
ccchic0g,Consent forms for child given MC7,-8.0,Don't Know
ccchic0g,Consent forms for child given MC7,-1.0,Not applicable
ccchic0g,Consent forms for child given MC7,1.0,All consents given
ccchic0g,Consent forms for child given MC7,2.0,Story of Sally and Anne
ccchic0g,Consent forms for child given MC7,3.0,Picture similarities
ccchic0g,Consent forms for child given MC7,4.0,Naming Vocabulary
ccchic0g,Consent forms for child given MC7,5.0,Pattern construction
ccchic0g,Consent forms for child given MC7,6.0,Height
ccchic0g,Consent forms for child given MC7,7.0,Weight
ccchic0g,Consent forms for child given MC7,8.0,Waist circumference against skin
ccchic0g,Consent forms for child given MC7,9.0,Waist circumference over clothing
ccchic0g,Consent forms for child given MC7,96.0,NO consents given
ccchic0h,Consent forms for child given MC8,-9.0,Refusal
ccchic0h,Consent forms for child given MC8,-8.0,Don't Know
ccchic0h,Consent forms for child given MC8,-1.0,Not applicable
ccchic0h,Consent forms for child given MC8,1.0,All consents given
ccchic0h,Consent forms for child given MC8,2.0,Story of Sally and Anne
ccchic0h,Consent forms for child given MC8,3.0,Picture similarities
ccchic0h,Consent forms for child given MC8,4.0,Naming Vocabulary
ccchic0h,Consent forms for child given MC8,5.0,Pattern construction
ccchic0h,Consent forms for child given MC8,6.0,Height
ccchic0h,Consent forms for child given MC8,7.0,Weight
ccchic0h,Consent forms for child given MC8,8.0,Waist circumference against skin
ccchic0h,Consent forms for child given MC8,9.0,Waist circumference over clothing
ccchic0h,Consent forms for child given MC8,96.0,NO consents given
ccchic0i,Consent forms for child given MC9,-9.0,Refusal
ccchic0i,Consent forms for child given MC9,-8.0,Don't Know
ccchic0i,Consent forms for child given MC9,-1.0,Not applicable
ccchic0i,Consent forms for child given MC9,1.0,All consents given
ccchic0i,Consent forms for child given MC9,2.0,Story of Sally and Anne
ccchic0i,Consent forms for child given MC9,3.0,Picture similarities
ccchic0i,Consent forms for child given MC9,4.0,Naming Vocabulary
ccchic0i,Consent forms for child given MC9,5.0,Pattern construction
ccchic0i,Consent forms for child given MC9,6.0,Height
ccchic0i,Consent forms for child given MC9,7.0,Weight
ccchic0i,Consent forms for child given MC9,8.0,Waist circumference against skin
ccchic0i,Consent forms for child given MC9,9.0,Waist circumference over clothing
ccchic0i,Consent forms for child given MC9,96.0,NO consents given
ccchic0j,Consent forms for child given MC10,-8.0,Don't Know
ccchic0j,Consent forms for child given MC10,-1.0,Not applicable
ccchic0j,Consent forms for child given MC10,1.0,All consents given
ccchic0j,Consent forms for child given MC10,2.0,Story of Sally and Anne
ccchic0j,Consent forms for child given MC10,3.0,Picture similarities
ccchic0j,Consent forms for child given MC10,4.0,Naming Vocabulary
ccchic0j,Consent forms for child given MC10,5.0,Pattern construction
ccchic0j,Consent forms for child given MC10,6.0,Height
ccchic0j,Consent forms for child given MC10,7.0,Weight
ccchic0j,Consent forms for child given MC10,8.0,Waist circumference against skin
ccchic0j,Consent forms for child given MC10,9.0,Waist circumference over clothing
ccchic0j,Consent forms for child given MC10,96.0,NO consents given
ccchic0j,Consent forms for child given MC10,-9.0,Refusal
cctvns00,Whether background noise from TV etc,-9.0,Refusal
cctvns00,Whether background noise from TV etc,-8.0,Don't Know
cctvns00,Whether background noise from TV etc,-1.0,Not applicable
cctvns00,Whether background noise from TV etc,1.0,No noise from television/radio/stereo
cctvns00,Whether background noise from TV etc,2.0,Moderate noise from television/radio/st
cctvns00,Whether background noise from TV etc,3.0,Loud noise from television/radio/stereo
cctvns00,Whether background noise from TV etc,4.0,Not observed/DK
ccconv00,IWR: Background noise from conversation,-9.0,Refusal
ccconv00,IWR: Background noise from conversation,-8.0,Don't Know
ccconv00,IWR: Background noise from conversation,-1.0,Not applicable
ccconv00,IWR: Background noise from conversation,1.0,No background conversation
ccconv00,IWR: Background noise from conversation,2.0,Audible but not loud background convers
ccconv00,IWR: Background noise from conversation,3.0,Loud background conversation
ccconv00,IWR: Background noise from conversation,4.0,Not observed/DK
ccbacc00,IWR: Background noise from other children,-9.0,Refusal
ccbacc00,IWR: Background noise from other children,-8.0,Don't Know
ccbacc00,IWR: Background noise from other children,-1.0,Not applicable
ccbacc00,IWR: Background noise from other children,1.0,No background noise and disturbances
ccbacc00,IWR: Background noise from other children,2.0,Some background noise and disturbances
ccbacc00,IWR: Background noise from other children,3.0,A lot of background noise and disturban
ccbacc00,IWR: Background noise from other children,4.0,Not observed/DK
ccentr00,IWR: Background noise from people entering/leaving room,-9.0,Refusal
ccentr00,IWR: Background noise from people entering/leaving room,-8.0,Don't Know
ccentr00,IWR: Background noise from people entering/leaving room,-1.0,Not applicable
ccentr00,IWR: Background noise from people entering/leaving room,1.0,No-one entering/leaving the room
ccentr00,IWR: Background noise from people entering/leaving room,2.0,Someone entering/leaving the room o
ccentr00,IWR: Background noise from people entering/leaving room,3.0,Someone entering/leaving the room 3
ccentr00,IWR: Background noise from people entering/leaving room,4.0,Not observed/DK
ccenth00,IWR: Background noise from people entering/leaving the house,-9.0,Refusal
ccenth00,IWR: Background noise from people entering/leaving the house,-8.0,Don't Know
ccenth00,IWR: Background noise from people entering/leaving the house,-1.0,Not applicable
ccenth00,IWR: Background noise from people entering/leaving the house,1.0,No-one entering/leaving the home
ccenth00,IWR: Background noise from people entering/leaving the house,2.0,Someone entering/leaving the home o
ccenth00,IWR: Background noise from people entering/leaving the house,3.0,Someone entering/leaving the home 3
ccenth00,IWR: Background noise from people entering/leaving the house,4.0,Not observed/DK
ccintc00,IWR: Interruption of cognitive assessments from another child,-9.0,Refusal
ccintc00,IWR: Interruption of cognitive assessments from another child,-8.0,Don't Know
ccintc00,IWR: Interruption of cognitive assessments from another child,-1.0,Not applicable
ccintc00,IWR: Interruption of cognitive assessments from another child,1.0,No interruptions by another child
ccintc00,IWR: Interruption of cognitive assessments from another child,2.0,1-2 interruptions by another child
ccintc00,IWR: Interruption of cognitive assessments from another child,3.0,3 + interruptions by another child
ccintc00,IWR: Interruption of cognitive assessments from another child,4.0,Not observed/DK
ccinta00,IWR: Interruption of cognitive assessments by an adult,-9.0,Refusal
ccinta00,IWR: Interruption of cognitive assessments by an adult,-8.0,Don't Know
ccinta00,IWR: Interruption of cognitive assessments by an adult,-1.0,Not applicable
ccinta00,IWR: Interruption of cognitive assessments by an adult,1.0,No interruptions by other adult(s)
ccinta00,IWR: Interruption of cognitive assessments by an adult,2.0,1-2 interruptions by other adult(s)
ccinta00,IWR: Interruption of cognitive assessments by an adult,3.0,3 or more interruptions by other adult(
ccinta00,IWR: Interruption of cognitive assessments by an adult,4.0,Not observed/DK
cctirc00,Whether cohort child tired,-9.0,Refusal
cctirc00,Whether cohort child tired,-8.0,Don't Know
cctirc00,Whether cohort child tired,-1.0,Not applicable
cctirc00,Whether cohort child tired,1.0,Very tired
cctirc00,Whether cohort child tired,2.0,A little tired
cctirc00,Whether cohort child tired,3.0,Wide awake
cctirc00,Whether cohort child tired,4.0,Not observed/DK
ccassc00,Circumstances of the cognitive assessment,-9.0,Refusal
ccassc00,Circumstances of the cognitive assessment,-8.0,Don't Know
ccassc00,Circumstances of the cognitive assessment,-1.0,Not applicable
ccassc00,Circumstances of the cognitive assessment,1.0,Yes
ccassc00,Circumstances of the cognitive assessment,2.0,No
ccsaoc00,Sally Anne outcome,-9.0,Refusal
ccsaoc00,Sally Anne outcome,-8.0,Don't Know
ccsaoc00,Sally Anne outcome,-1.0,Not applicable
ccsaoc00,Sally Anne outcome,11.0,Complete
ccsaoc00,Sally Anne outcome,21.0,Partially complete
ccsaoc00,Sally Anne outcome,43.0,Parent refused
ccsaoc00,Sally Anne outcome,44.0,Child refused
ccsaoc00,Sally Anne outcome,56.0,Other non-productive
ccsaoc00,Sally Anne outcome,70.0,Sp1
ccsaoc00,Sally Anne outcome,71.0,Sp2
ccsaoc00,Sally Anne outcome,80.0,No child
ccpsoc00,Pattern similarities outcome,-9.0,Refusal
ccpsoc00,Pattern similarities outcome,-8.0,Don't Know
ccpsoc00,Pattern similarities outcome,-1.0,Not applicable
ccpsoc00,Pattern similarities outcome,11.0,Complete
ccpsoc00,Pattern similarities outcome,21.0,Partially complete
ccpsoc00,Pattern similarities outcome,43.0,Parent refused
ccpsoc00,Pattern similarities outcome,44.0,Child refused
ccpsoc00,Pattern similarities outcome,56.0,Other non-productive
ccpsoc00,Pattern similarities outcome,70.0,Sp1
ccpsoc00,Pattern similarities outcome,71.0,Sp2
ccpsoc00,Pattern similarities outcome,80.0,No child
ccnvoc00,Naming Vocab outcome,-9.0,Refusal
ccnvoc00,Naming Vocab outcome,-8.0,Don't Know
ccnvoc00,Naming Vocab outcome,-1.0,Not applicable
ccnvoc00,Naming Vocab outcome,11.0,Complete
ccnvoc00,Naming Vocab outcome,21.0,Partially complete
ccnvoc00,Naming Vocab outcome,43.0,Parent refused
ccnvoc00,Naming Vocab outcome,44.0,Child refused
ccnvoc00,Naming Vocab outcome,56.0,Other non-productive
ccnvoc00,Naming Vocab outcome,70.0,Sp1
ccnvoc00,Naming Vocab outcome,71.0,Sp2
ccnvoc00,Naming Vocab outcome,80.0,No child
ccpcoc00,Pattern constuction outcome,-9.0,Refusal
ccpcoc00,Pattern constuction outcome,-8.0,Don't Know
ccpcoc00,Pattern constuction outcome,-1.0,Not applicable
ccpcoc00,Pattern constuction outcome,11.0,Complete
ccpcoc00,Pattern constuction outcome,21.0,Partially complete
ccpcoc00,Pattern constuction outcome,43.0,Parent refused
ccpcoc00,Pattern constuction outcome,44.0,Child refused
ccpcoc00,Pattern constuction outcome,56.0,Other non-productive
ccpcoc00,Pattern constuction outcome,70.0,Sp1
ccpcoc00,Pattern constuction outcome,71.0,Sp2
ccpcoc00,Pattern constuction outcome,80.0,No child
cchtoc00,Height outcome,-9.0,Refusal
cchtoc00,Height outcome,-8.0,Don't Know
cchtoc00,Height outcome,-1.0,Not applicable
cchtoc00,Height outcome,11.0,Complete
cchtoc00,Height outcome,21.0,Partially complete
cchtoc00,Height outcome,43.0,Parent refused
cchtoc00,Height outcome,44.0,Child refused
cchtoc00,Height outcome,56.0,Other non-productive
cchtoc00,Height outcome,70.0,Sp1
cchtoc00,Height outcome,71.0,Sp2
cchtoc00,Height outcome,80.0,No child
ccwtoc00,Weight outcome,-9.0,Refusal
ccwtoc00,Weight outcome,-8.0,Don't Know
ccwtoc00,Weight outcome,-1.0,Not applicable
ccwtoc00,Weight outcome,11.0,Complete
ccwtoc00,Weight outcome,21.0,Partially complete
ccwtoc00,Weight outcome,43.0,Parent refused
ccwtoc00,Weight outcome,44.0,Child refused
ccwtoc00,Weight outcome,56.0,Other non-productive
ccwtoc00,Weight outcome,70.0,Sp1
ccwtoc00,Weight outcome,71.0,Sp2
ccwtoc00,Weight outcome,80.0,No child
ccwsoc00,Waist outcome,-9.0,Refusal
ccwsoc00,Waist outcome,-8.0,Don't Know
ccwsoc00,Waist outcome,-1.0,Not applicable
ccwsoc00,Waist outcome,11.0,Complete
ccwsoc00,Waist outcome,21.0,Partially complete
ccwsoc00,Waist outcome,43.0,Parent refused
ccwsoc00,Waist outcome,44.0,Child refused
ccwsoc00,Waist outcome,56.0,Other non-productive
ccwsoc00,Waist outcome,70.0,Sp1
ccwsoc00,Waist outcome,71.0,Sp2
ccwsoc00,Waist outcome,80.0,No child
cccmno00,COG: Cohort Member Number,-9.0,Refusal
cccmno00,COG: Cohort Member Number,-8.0,Don't Know
cccmno00,COG: Cohort Member Number,-1.0,Not applicable
ccapst00,PHYS: Start time of physical assessments,,
ccapet00,PHYS: End time of physical assessments,,
ccapln00,PHYS: Length of physical assessments,-9.0,Refusal
ccapln00,PHYS: Length of physical assessments,-8.0,Don't Know
ccapln00,PHYS: Length of physical assessments,-1.0,Not applicable
ccapln00,PHYS: Length of physical assessments,998.0,Refusal
ccapln00,PHYS: Length of physical assessments,999.0,Don't Know
ccapin00,PHYS: Interviewer: Id now like to measure ht,-9.0,Refusal
ccapin00,PHYS: Interviewer: Id now like to measure ht,-8.0,Don't Know
ccapin00,PHYS: Interviewer: Id now like to measure ht,-1.0,Not applicable
ccapin00,PHYS: Interviewer: Id now like to measure ht,1.0,Press 1 and Enter to continue.
cchtdn00,PHYS: Whether height measured,-9.0,Refusal
cchtdn00,PHYS: Whether height measured,-8.0,Don't Know
cchtdn00,PHYS: Whether height measured,-1.0,Not applicable
cchtdn00,PHYS: Whether height measured,1.0,Consent given - height measured
cchtdn00,PHYS: Whether height measured,2.0,Height refused by parent
cchtdn00,PHYS: Whether height measured,3.0,Height refused by child
cchtdn00,PHYS: Whether height measured,4.0,Unable to obtain height measurement
ccnoht0a,PHYS: Reason for refusal (Final),-9.0,Refusal
ccnoht0a,PHYS: Reason for refusal (Final),-8.0,Don't Know
ccnoht0a,PHYS: Reason for refusal (Final),-1.0,Not applicable
ccnoht0a,PHYS: Reason for refusal (Final),1.0,Child cannot stand unaided
ccnoht0a,PHYS: Reason for refusal (Final),2.0,Child too upset to take part
ccnoht0a,PHYS: Reason for refusal (Final),3.0,Child would not co-operate/ refused
ccnoht0a,PHYS: Reason for refusal (Final),4.0,Child would not/ could not stay still
ccnoht0a,PHYS: Reason for refusal (Final),5.0,Other reason for refusal by parent
ccnoht0a,PHYS: Reason for refusal (Final),6.0,Other reason for refusal by child
ccnoht0a,PHYS: Reason for refusal (Final),7.0,Other reason unable to do measuremement
ccnoht0a,PHYS: Reason for refusal (Final),8.0,spare
ccnoht0a,PHYS: Reason for refusal (Final),9.0,spare
ccnoht0a,PHYS: Reason for refusal (Final),10.0,spare
ccnoht0a,PHYS: Reason for refusal (Final),11.0,spare
ccnoht0a,PHYS: Reason for refusal (Final),12.0,spare
ccnoht0a,PHYS: Reason for refusal (Final),85.0,Other specific answer
ccnoht0a,PHYS: Reason for refusal (Final),86.0,Vague / irrelevant answer
ccnoht0a,PHYS: Reason for refusal (Final),87.0,Editor cannot deal with
ccnoht0b,PHYS: Reason for refusal (Final),-9.0,Refusal
ccnoht0b,PHYS: Reason for refusal (Final),-8.0,Don't Know
ccnoht0b,PHYS: Reason for refusal (Final),-1.0,Not applicable
ccnoht0b,PHYS: Reason for refusal (Final),1.0,Child cannot stand unaided
ccnoht0b,PHYS: Reason for refusal (Final),2.0,Child too upset to take part
ccnoht0b,PHYS: Reason for refusal (Final),3.0,Child would not co-operate/ refused
ccnoht0b,PHYS: Reason for refusal (Final),4.0,Child would not/ could not stay still
ccnoht0b,PHYS: Reason for refusal (Final),5.0,Other reason for refusal by parent
ccnoht0b,PHYS: Reason for refusal (Final),6.0,Other reason for refusal by child
ccnoht0b,PHYS: Reason for refusal (Final),7.0,Other reason unable to do measuremement
ccnoht0b,PHYS: Reason for refusal (Final),8.0,spare
ccnoht0b,PHYS: Reason for refusal (Final),9.0,spare
ccnoht0b,PHYS: Reason for refusal (Final),10.0,spare
ccnoht0b,PHYS: Reason for refusal (Final),11.0,spare
ccnoht0b,PHYS: Reason for refusal (Final),12.0,spare
ccnoht0b,PHYS: Reason for refusal (Final),85.0,Other specific answer
ccnoht0b,PHYS: Reason for refusal (Final),86.0,Vague / irrelevant answer
ccnoht0b,PHYS: Reason for refusal (Final),87.0,Editor cannot deal with
cchtcm00,PHYS: Height in cms,-9.0,Refusal
cchtcm00,PHYS: Height in cms,-8.0,Don't Know
cchtcm00,PHYS: Height in cms,-1.0,Not applicable
cchtcm00,PHYS: Height in cms,99998.0,Refusal
cchtcm00,PHYS: Height in cms,99999.0,Don't Know
cchtat00,PHYS: number of attempts at measurement,-9.0,Refusal
cchtat00,PHYS: number of attempts at measurement,-8.0,Don't Know
cchtat00,PHYS: number of attempts at measurement,-1.0,Not applicable
cchttm00,PHYS: Time Measurement was taken,,
cchtrlaa,PHYS: Height measurement circumstances (final),-9.0,Refusal
cchtrlaa,PHYS: Height measurement circumstances (final),-8.0,Don't Know
cchtrlaa,PHYS: Height measurement circumstances (final),-1.0,Not applicable
cchtrlaa,PHYS: Height measurement circumstances (final),1.0,Height measured successfully
cchtrlaa,PHYS: Height measurement circumstances (final),2.0,Hairstyle
cchtrlaa,PHYS: Height measurement circumstances (final),3.0,Turban or other headwear
cchtrlaa,PHYS: Height measurement circumstances (final),4.0,Posture - back not straight
cchtrlaa,PHYS: Height measurement circumstances (final),5.0,Posture - legs not straight
cchtrlaa,PHYS: Height measurement circumstances (final),6.0,Unable to stand still
cchtrlaa,PHYS: Height measurement circumstances (final),7.0,Shoes were worn
cchtrlaa,PHYS: Height measurement circumstances (final),8.0,Socks were worn
cchtrlaa,PHYS: Height measurement circumstances (final),9.0,Parent not able to/ did not help
cchtrlaa,PHYS: Height measurement circumstances (final),10.0,Could not keep head in Frankfort Plane
cchtrlaa,PHYS: Height measurement circumstances (final),11.0,spare
cchtrlaa,PHYS: Height measurement circumstances (final),12.0,spare
cchtrlaa,PHYS: Height measurement circumstances (final),13.0,spare
cchtrlaa,PHYS: Height measurement circumstances (final),14.0,spare
cchtrlaa,PHYS: Height measurement circumstances (final),15.0,spare
cchtrlaa,PHYS: Height measurement circumstances (final),85.0,Other specific answer
cchtrlaa,PHYS: Height measurement circumstances (final),86.0,Vague / irrelevant answer
cchtrlaa,PHYS: Height measurement circumstances (final),87.0,Editor cannot deal with
cchtrlab,PHYS: Height measurement circumstances (final),-9.0,Refusal
cchtrlab,PHYS: Height measurement circumstances (final),-8.0,Don't Know
cchtrlab,PHYS: Height measurement circumstances (final),-1.0,Not applicable
cchtrlab,PHYS: Height measurement circumstances (final),1.0,Height measured successfully
cchtrlab,PHYS: Height measurement circumstances (final),2.0,Hairstyle
cchtrlab,PHYS: Height measurement circumstances (final),3.0,Turban or other headwear
cchtrlab,PHYS: Height measurement circumstances (final),4.0,Posture - back not straight
cchtrlab,PHYS: Height measurement circumstances (final),5.0,Posture - legs not straight
cchtrlab,PHYS: Height measurement circumstances (final),6.0,Unable to stand still
cchtrlab,PHYS: Height measurement circumstances (final),7.0,Shoes were worn
cchtrlab,PHYS: Height measurement circumstances (final),8.0,Socks were worn
cchtrlab,PHYS: Height measurement circumstances (final),9.0,Parent not able to/ did not help
cchtrlab,PHYS: Height measurement circumstances (final),10.0,Could not keep head in Frankfort Plane
cchtrlab,PHYS: Height measurement circumstances (final),11.0,spare
cchtrlab,PHYS: Height measurement circumstances (final),12.0,spare
cchtrlab,PHYS: Height measurement circumstances (final),13.0,spare
cchtrlab,PHYS: Height measurement circumstances (final),14.0,spare
cchtrlab,PHYS: Height measurement circumstances (final),15.0,spare
cchtrlab,PHYS: Height measurement circumstances (final),85.0,Other specific answer
cchtrlab,PHYS: Height measurement circumstances (final),86.0,Vague / irrelevant answer
cchtrlab,PHYS: Height measurement circumstances (final),87.0,Editor cannot deal with
cchtrlba,PHYS: Height measurement circumstances (final),87.0,Editor cannot deal with
cchtrlba,PHYS: Height measurement circumstances (final),95.0,Other (specify)
cchtrlba,PHYS: Height measurement circumstances (final),-9.0,Refusal
cchtrlba,PHYS: Height measurement circumstances (final),-8.0,Don't Know
cchtrlba,PHYS: Height measurement circumstances (final),-1.0,Not applicable
cchtrlba,PHYS: Height measurement circumstances (final),1.0,Height measured successfully
cchtrlba,PHYS: Height measurement circumstances (final),2.0,Hairstyle
cchtrlba,PHYS: Height measurement circumstances (final),3.0,Turban or other headwear
cchtrlba,PHYS: Height measurement circumstances (final),4.0,Posture - back not straight
cchtrlba,PHYS: Height measurement circumstances (final),5.0,Posture - legs not straight
cchtrlba,PHYS: Height measurement circumstances (final),6.0,Unable to stand still
cchtrlba,PHYS: Height measurement circumstances (final),7.0,Shoes were worn
cchtrlba,PHYS: Height measurement circumstances (final),8.0,Socks were worn
cchtrlba,PHYS: Height measurement circumstances (final),9.0,Parent not able to/ did not help
cchtrlba,PHYS: Height measurement circumstances (final),10.0,Could not keep head in Frankfort Plane
cchtrlba,PHYS: Height measurement circumstances (final),11.0,spare
cchtrlba,PHYS: Height measurement circumstances (final),12.0,spare
cchtrlba,PHYS: Height measurement circumstances (final),13.0,spare
cchtrlba,PHYS: Height measurement circumstances (final),14.0,spare
cchtrlba,PHYS: Height measurement circumstances (final),15.0,spare
cchtrlba,PHYS: Height measurement circumstances (final),85.0,Other specific answer
cchtrlba,PHYS: Height measurement circumstances (final),86.0,Vague / irrelevant answer
cchtrlbb,PHYS: Height measurement circumstances (final),-9.0,Refusal
cchtrlbb,PHYS: Height measurement circumstances (final),-8.0,Don't Know
cchtrlbb,PHYS: Height measurement circumstances (final),-1.0,Not applicable
cchtrlbb,PHYS: Height measurement circumstances (final),1.0,Height measured successfully
cchtrlbb,PHYS: Height measurement circumstances (final),2.0,Hairstyle
cchtrlbb,PHYS: Height measurement circumstances (final),3.0,Turban or other headwear
cchtrlbb,PHYS: Height measurement circumstances (final),4.0,Posture - back not straight
cchtrlbb,PHYS: Height measurement circumstances (final),5.0,Posture - legs not straight
cchtrlbb,PHYS: Height measurement circumstances (final),6.0,Unable to stand still
cchtrlbb,PHYS: Height measurement circumstances (final),7.0,Shoes were worn
cchtrlbb,PHYS: Height measurement circumstances (final),8.0,Socks were worn
cchtrlbb,PHYS: Height measurement circumstances (final),9.0,Parent not able to/ did not help
cchtrlbb,PHYS: Height measurement circumstances (final),10.0,Could not keep head in Frankfort Plane
cchtrlbb,PHYS: Height measurement circumstances (final),11.0,spare
cchtrlbb,PHYS: Height measurement circumstances (final),12.0,spare
cchtrlbb,PHYS: Height measurement circumstances (final),13.0,spare
cchtrlbb,PHYS: Height measurement circumstances (final),14.0,spare
cchtrlbb,PHYS: Height measurement circumstances (final),15.0,spare
cchtrlbb,PHYS: Height measurement circumstances (final),85.0,Other specific answer
cchtrlbb,PHYS: Height measurement circumstances (final),86.0,Vague / irrelevant answer
cchtrlbb,PHYS: Height measurement circumstances (final),87.0,Editor cannot deal with
cchtrlbb,PHYS: Height measurement circumstances (final),95.0,Other (specify)
cchtrlbc,PHYS: Height measurement circumstances (final),-9.0,Refusal
cchtrlbc,PHYS: Height measurement circumstances (final),-8.0,Don't Know
cchtrlbc,PHYS: Height measurement circumstances (final),-1.0,Not applicable
cchtrlbc,PHYS: Height measurement circumstances (final),1.0,Height measured successfully
cchtrlbc,PHYS: Height measurement circumstances (final),2.0,Hairstyle
cchtrlbc,PHYS: Height measurement circumstances (final),3.0,Turban or other headwear
cchtrlbc,PHYS: Height measurement circumstances (final),4.0,Posture - back not straight
cchtrlbc,PHYS: Height measurement circumstances (final),5.0,Posture - legs not straight
cchtrlbc,PHYS: Height measurement circumstances (final),6.0,Unable to stand still
cchtrlbc,PHYS: Height measurement circumstances (final),7.0,Shoes were worn
cchtrlbc,PHYS: Height measurement circumstances (final),8.0,Socks were worn
cchtrlbc,PHYS: Height measurement circumstances (final),9.0,Parent not able to/ did not help
cchtrlbc,PHYS: Height measurement circumstances (final),10.0,Could not keep head in Frankfort Plane
cchtrlbc,PHYS: Height measurement circumstances (final),11.0,spare
cchtrlbc,PHYS: Height measurement circumstances (final),12.0,spare
cchtrlbc,PHYS: Height measurement circumstances (final),13.0,spare
cchtrlbc,PHYS: Height measurement circumstances (final),14.0,spare
cchtrlbc,PHYS: Height measurement circumstances (final),15.0,spare
cchtrlbc,PHYS: Height measurement circumstances (final),85.0,Other specific answer
cchtrlbc,PHYS: Height measurement circumstances (final),86.0,Vague / irrelevant answer
cchtrlbc,PHYS: Height measurement circumstances (final),87.0,Editor cannot deal with
cchtrlbc,PHYS: Height measurement circumstances (final),95.0,Other (specify)
cchtrlbd,PHYS: Height measurement circumstances (final),-9.0,Refusal
cchtrlbd,PHYS: Height measurement circumstances (final),-8.0,Don't Know
cchtrlbd,PHYS: Height measurement circumstances (final),-1.0,Not applicable
cchtrlbd,PHYS: Height measurement circumstances (final),1.0,Height measured successfully
cchtrlbd,PHYS: Height measurement circumstances (final),2.0,Hairstyle
cchtrlbd,PHYS: Height measurement circumstances (final),3.0,Turban or other headwear
cchtrlbd,PHYS: Height measurement circumstances (final),4.0,Posture - back not straight
cchtrlbd,PHYS: Height measurement circumstances (final),5.0,Posture - legs not straight
cchtrlbd,PHYS: Height measurement circumstances (final),6.0,Unable to stand still
cchtrlbd,PHYS: Height measurement circumstances (final),7.0,Shoes were worn
cchtrlbd,PHYS: Height measurement circumstances (final),8.0,Socks were worn
cchtrlbd,PHYS: Height measurement circumstances (final),9.0,Parent not able to/ did not help
cchtrlbd,PHYS: Height measurement circumstances (final),10.0,Could not keep head in Frankfort Plane
cchtrlbd,PHYS: Height measurement circumstances (final),11.0,spare
cchtrlbd,PHYS: Height measurement circumstances (final),12.0,spare
cchtrlbd,PHYS: Height measurement circumstances (final),13.0,spare
cchtrlbd,PHYS: Height measurement circumstances (final),14.0,spare
cchtrlbd,PHYS: Height measurement circumstances (final),15.0,spare
cchtrlbd,PHYS: Height measurement circumstances (final),85.0,Other specific answer
cchtrlbd,PHYS: Height measurement circumstances (final),86.0,Vague / irrelevant answer
cchtrlbd,PHYS: Height measurement circumstances (final),87.0,Editor cannot deal with
cchtrlbd,PHYS: Height measurement circumstances (final),95.0,Other (specify)
cchtel00,PHYS: Whether further height information,-9.0,Refusal
cchtel00,PHYS: Whether further height information,-8.0,Don't Know
cchtel00,PHYS: Whether further height information,-1.0,Not applicable
cchtel00,PHYS: Whether further height information,1.0,Yes
cchtel00,PHYS: Whether further height information,2.0,No
cchtex0a,PHYS: Anything else about height measurement (final),-9.0,Refusal
cchtex0a,PHYS: Anything else about height measurement (final),-8.0,Don't Know
cchtex0a,PHYS: Anything else about height measurement (final),-1.0,Not applicable
cchtex0a,PHYS: Anything else about height measurement (final),1.0,Parent did the stretch
cchtex0a,PHYS: Anything else about height measurement (final),2.0,Measurements taken on carpet
cchtex0a,PHYS: Anything else about height measurement (final),3.0,Child tall for his/her age
cchtex0a,PHYS: Anything else about height measurement (final),4.0,Child short for his/her age
cchtex0a,PHYS: Anything else about height measurement (final),5.0,Child would not/ could not stay still
cchtex0a,PHYS: Anything else about height measurement (final),6.0,spare
cchtex0a,PHYS: Anything else about height measurement (final),7.0,spare
cchtex0a,PHYS: Anything else about height measurement (final),8.0,spare
cchtex0a,PHYS: Anything else about height measurement (final),9.0,spare
cchtex0a,PHYS: Anything else about height measurement (final),10.0,spare
cchtex0a,PHYS: Anything else about height measurement (final),85.0,Other specific answer
cchtex0a,PHYS: Anything else about height measurement (final),86.0,Vague / irrelevant answer
cchtex0a,PHYS: Anything else about height measurement (final),87.0,Editor cannot deal with
ccbkht00,PHYS: Whether looked in child record book,-9.0,Refusal
ccbkht00,PHYS: Whether looked in child record book,-8.0,Don't Know
ccbkht00,PHYS: Whether looked in child record book,-1.0,Not applicable
ccbkht00,PHYS: Whether looked in child record book,1.0,Yes
ccbkht00,PHYS: Whether looked in child record book,2.0,No - not got Child Health Record Book/
ccbkht00,PHYS: Whether looked in child record book,3.0,Refused
ccbkcm00,PHYS: Height in Centimetres,-9.0,Refusal
ccbkcm00,PHYS: Height in Centimetres,-8.0,Don't Know
ccbkcm00,PHYS: Height in Centimetres,-1.0,Not applicable
ccbkcm00,PHYS: Height in Centimetres,99998.0,Refusal
ccbkcm00,PHYS: Height in Centimetres,99999.0,Don't Know
ccwtdn00,PHYS: Whether weight measured,-9.0,Refusal
ccwtdn00,PHYS: Whether weight measured,-8.0,Don't Know
ccwtdn00,PHYS: Whether weight measured,-1.0,Not applicable
ccwtdn00,PHYS: Whether weight measured,1.0,Consent given - weight measured
ccwtdn00,PHYS: Whether weight measured,2.0,Weight refused by parent
ccwtdn00,PHYS: Whether weight measured,3.0,Weight refused by child
ccwtdn00,PHYS: Whether weight measured,4.0,Unable to obtain weight measurement
ccnowt0a,PHYS: Reason for refusal (final),-9.0,Refusal
ccnowt0a,PHYS: Reason for refusal (final),-8.0,Don't Know
ccnowt0a,PHYS: Reason for refusal (final),-1.0,Not applicable
ccnowt0a,PHYS: Reason for refusal (final),1.0,Child cannot stand unaided
ccnowt0a,PHYS: Reason for refusal (final),2.0,Child too upset to take part
ccnowt0a,PHYS: Reason for refusal (final),3.0,Child would not co-operate/ refused
ccnowt0a,PHYS: Reason for refusal (final),4.0,Child would not/ could not stay still
ccnowt0a,PHYS: Reason for refusal (final),5.0,Problem with scales
ccnowt0a,PHYS: Reason for refusal (final),6.0,Plaster on limb
ccnowt0a,PHYS: Reason for refusal (final),7.0,Other reason for refusal by parent
ccnowt0a,PHYS: Reason for refusal (final),8.0,Other reason for refusal by child
ccnowt0a,PHYS: Reason for refusal (final),9.0,Other reason unable to do measuremement
ccnowt0a,PHYS: Reason for refusal (final),10.0,spare
ccnowt0a,PHYS: Reason for refusal (final),11.0,spare
ccnowt0a,PHYS: Reason for refusal (final),12.0,spare
ccnowt0a,PHYS: Reason for refusal (final),13.0,spare
ccnowt0a,PHYS: Reason for refusal (final),14.0,spare
ccnowt0a,PHYS: Reason for refusal (final),85.0,Other specific answer
ccnowt0a,PHYS: Reason for refusal (final),86.0,Vague / irrelevant answer
ccnowt0a,PHYS: Reason for refusal (final),87.0,Editor cannot deal with
ccnowt0b,PHYS: Reason for refusal (final),-9.0,Refusal
ccnowt0b,PHYS: Reason for refusal (final),-8.0,Don't Know
ccnowt0b,PHYS: Reason for refusal (final),-1.0,Not applicable
ccnowt0b,PHYS: Reason for refusal (final),1.0,Child cannot stand unaided
ccnowt0b,PHYS: Reason for refusal (final),2.0,Child too upset to take part
ccnowt0b,PHYS: Reason for refusal (final),3.0,Child would not co-operate/ refused
ccnowt0b,PHYS: Reason for refusal (final),4.0,Child would not/ could not stay still
ccnowt0b,PHYS: Reason for refusal (final),5.0,Problem with scales
ccnowt0b,PHYS: Reason for refusal (final),6.0,Plaster on limb
ccnowt0b,PHYS: Reason for refusal (final),7.0,Other reason for refusal by parent
ccnowt0b,PHYS: Reason for refusal (final),8.0,Other reason for refusal by child
ccnowt0b,PHYS: Reason for refusal (final),9.0,Other reason unable to do measuremement
ccnowt0b,PHYS: Reason for refusal (final),10.0,spare
ccnowt0b,PHYS: Reason for refusal (final),11.0,spare
ccnowt0b,PHYS: Reason for refusal (final),12.0,spare
ccnowt0b,PHYS: Reason for refusal (final),13.0,spare
ccnowt0b,PHYS: Reason for refusal (final),14.0,spare
ccnowt0b,PHYS: Reason for refusal (final),85.0,Other specific answer
ccnowt0b,PHYS: Reason for refusal (final),86.0,Vague / irrelevant answer
ccnowt0b,PHYS: Reason for refusal (final),87.0,Editor cannot deal with
ccwtcm00,PHYS: Weight in Kilograms,-9.0,Refusal
ccwtcm00,PHYS: Weight in Kilograms,-8.0,Don't Know
ccwtcm00,PHYS: Weight in Kilograms,-1.0,Not applicable
ccwtat00,PHYS: number of attempts at measurement,-9.0,Refusal
ccwtat00,PHYS: number of attempts at measurement,-8.0,Don't Know
ccwtat00,PHYS: number of attempts at measurement,-1.0,Not applicable
ccwtsc00,PHYS: Whether scales on uneven floor,-9.0,Refusal
ccwtsc00,PHYS: Whether scales on uneven floor,-8.0,Don't Know
ccwtsc00,PHYS: Whether scales on uneven floor,-1.0,Not applicable
ccwtsc00,PHYS: Whether scales on uneven floor,1.0,Yes - uneven floor
ccwtsc00,PHYS: Whether scales on uneven floor,2.0,Yes - carpet
ccwtsc00,PHYS: Whether scales on uneven floor,3.0,No - neither
ccwtrl0a,PHYS: Weight measurement circumstances,-9.0,Refusal
ccwtrl0a,PHYS: Weight measurement circumstances,-8.0,Don't Know
ccwtrl0a,PHYS: Weight measurement circumstances,-1.0,Not applicable
ccwtrl0a,PHYS: Weight measurement circumstances,1.0,Weight measured successfully
ccwtrl0a,PHYS: Weight measurement circumstances,2.0,Child was wearing shoes or more than li
ccwtrl0a,PHYS: Weight measurement circumstances,3.0,Child wearing a plaster cast on arm
ccwtrl0a,PHYS: Weight measurement circumstances,4.0,Child wearing a plaster cast on leg
ccwtrl0a,PHYS: Weight measurement circumstances,5.0,Unable to stand still
ccwtrl0a,PHYS: Weight measurement circumstances,95.0,Other (specify)
ccwtrl0b,PHYS: Weight measurement circumstances,-9.0,Refusal
ccwtrl0b,PHYS: Weight measurement circumstances,-8.0,Don't Know
ccwtrl0b,PHYS: Weight measurement circumstances,-1.0,Not applicable
ccwtrl0b,PHYS: Weight measurement circumstances,1.0,Weight measured successfully
ccwtrl0b,PHYS: Weight measurement circumstances,2.0,Child was wearing shoes or more than li
ccwtrl0b,PHYS: Weight measurement circumstances,3.0,Child wearing a plaster cast on arm
ccwtrl0b,PHYS: Weight measurement circumstances,4.0,Child wearing a plaster cast on leg
ccwtrl0b,PHYS: Weight measurement circumstances,5.0,Unable to stand still
ccwtrl0b,PHYS: Weight measurement circumstances,95.0,Other (specify)
ccwtot0a,PHYS: Weight measurement circumstances (final),-9.0,Refusal
ccwtot0a,PHYS: Weight measurement circumstances (final),-8.0,Don't Know
ccwtot0a,PHYS: Weight measurement circumstances (final),-1.0,Not applicable
ccwtot0a,PHYS: Weight measurement circumstances (final),1.0,Weight measured successfully
ccwtot0a,PHYS: Weight measurement circumstances (final),2.0,Child was wearing shoes or more than li
ccwtot0a,PHYS: Weight measurement circumstances (final),3.0,Child wearing a plaster cast on arm
ccwtot0a,PHYS: Weight measurement circumstances (final),4.0,Child wearing a plaster cast on leg
ccwtot0a,PHYS: Weight measurement circumstances (final),5.0,Unable to stand still
ccwtot0a,PHYS: Weight measurement circumstances (final),51.0,Problem with scales
ccwtot0a,PHYS: Weight measurement circumstances (final),52.0,spare
ccwtot0a,PHYS: Weight measurement circumstances (final),53.0,spare
ccwtot0a,PHYS: Weight measurement circumstances (final),54.0,spare
ccwtot0a,PHYS: Weight measurement circumstances (final),55.0,spare
ccwtot0a,PHYS: Weight measurement circumstances (final),56.0,spare
ccwtot0a,PHYS: Weight measurement circumstances (final),85.0,Other specific answer
ccwtot0a,PHYS: Weight measurement circumstances (final),86.0,Vague / irrelevant answer
ccwtot0a,PHYS: Weight measurement circumstances (final),87.0,Editor cannot deal with
ccwtotaa,PHYS: Weight measurement circumstances (final),-9.0,Refusal
ccwtotaa,PHYS: Weight measurement circumstances (final),-8.0,Don't Know
ccwtotaa,PHYS: Weight measurement circumstances (final),-1.0,Not applicable
ccwtotaa,PHYS: Weight measurement circumstances (final),1.0,Weight measured successfully
ccwtotaa,PHYS: Weight measurement circumstances (final),2.0,Child was wearing shoes or more than li
ccwtotaa,PHYS: Weight measurement circumstances (final),3.0,Child wearing a plaster cast on arm
ccwtotaa,PHYS: Weight measurement circumstances (final),4.0,Child wearing a plaster cast on leg
ccwtotaa,PHYS: Weight measurement circumstances (final),5.0,Unable to stand still
ccwtotaa,PHYS: Weight measurement circumstances (final),51.0,Problem with scales
ccwtotaa,PHYS: Weight measurement circumstances (final),52.0,spare
ccwtotaa,PHYS: Weight measurement circumstances (final),53.0,spare
ccwtotaa,PHYS: Weight measurement circumstances (final),54.0,spare
ccwtotaa,PHYS: Weight measurement circumstances (final),55.0,spare
ccwtotaa,PHYS: Weight measurement circumstances (final),56.0,spare
ccwtotaa,PHYS: Weight measurement circumstances (final),85.0,Other specific answer
ccwtotaa,PHYS: Weight measurement circumstances (final),86.0,Vague / irrelevant answer
ccwtotaa,PHYS: Weight measurement circumstances (final),87.0,Editor cannot deal with
ccwtotaa,PHYS: Weight measurement circumstances (final),95.0,Other (specify)
ccwtotab,PHYS: Weight measurement circumstances (final),-9.0,Refusal
ccwtotab,PHYS: Weight measurement circumstances (final),-8.0,Don't Know
ccwtotab,PHYS: Weight measurement circumstances (final),-1.0,Not applicable
ccwtotab,PHYS: Weight measurement circumstances (final),1.0,Weight measured successfully
ccwtotab,PHYS: Weight measurement circumstances (final),2.0,Child was wearing shoes or more than li
ccwtotab,PHYS: Weight measurement circumstances (final),3.0,Child wearing a plaster cast on arm
ccwtotab,PHYS: Weight measurement circumstances (final),4.0,Child wearing a plaster cast on leg
ccwtotab,PHYS: Weight measurement circumstances (final),5.0,Unable to stand still
ccwtotab,PHYS: Weight measurement circumstances (final),51.0,Problem with scales
ccwtotab,PHYS: Weight measurement circumstances (final),52.0,spare
ccwtotab,PHYS: Weight measurement circumstances (final),53.0,spare
ccwtotab,PHYS: Weight measurement circumstances (final),54.0,spare
ccwtotab,PHYS: Weight measurement circumstances (final),55.0,spare
ccwtotab,PHYS: Weight measurement circumstances (final),56.0,spare
ccwtotab,PHYS: Weight measurement circumstances (final),85.0,Other specific answer
ccwtotab,PHYS: Weight measurement circumstances (final),86.0,Vague / irrelevant answer
ccwtotab,PHYS: Weight measurement circumstances (final),87.0,Editor cannot deal with
ccwtotab,PHYS: Weight measurement circumstances (final),95.0,Other (specify)
ccwtel00,PHYS: Anything else about weight measurement,-9.0,Refusal
ccwtel00,PHYS: Anything else about weight measurement,-8.0,Don't Know
ccwtel00,PHYS: Anything else about weight measurement,-1.0,Not applicable
ccwtel00,PHYS: Anything else about weight measurement,1.0,Yes
ccwtel00,PHYS: Anything else about weight measurement,2.0,No
ccwtex0a,PHYS: Anything else about weight measurement (final),-9.0,Refusal
ccwtex0a,PHYS: Anything else about weight measurement (final),-8.0,Don't Know
ccwtex0a,PHYS: Anything else about weight measurement (final),-1.0,Not applicable
ccwtex0a,PHYS: Anything else about weight measurement (final),1.0,Child is light for his/her age
ccwtex0a,PHYS: Anything else about weight measurement (final),2.0,Child is heavy for his/her age
ccwtex0a,PHYS: Anything else about weight measurement (final),3.0,spare
ccwtex0a,PHYS: Anything else about weight measurement (final),4.0,spare
ccwtex0a,PHYS: Anything else about weight measurement (final),5.0,spare
ccwtex0a,PHYS: Anything else about weight measurement (final),6.0,spare
ccwtex0a,PHYS: Anything else about weight measurement (final),7.0,spare
ccwtex0a,PHYS: Anything else about weight measurement (final),85.0,Other specific answer
ccwtex0a,PHYS: Anything else about weight measurement (final),86.0,Vague / irrelevant answer
ccwtex0a,PHYS: Anything else about weight measurement (final),87.0,Editor cannot deal with
ccbkwt00,PHYS: Whether looked in child record book,-9.0,Refusal
ccbkwt00,PHYS: Whether looked in child record book,-8.0,Don't Know
ccbkwt00,PHYS: Whether looked in child record book,-1.0,Not applicable
ccbkwt00,PHYS: Whether looked in child record book,1.0,Yes
ccbkwt00,PHYS: Whether looked in child record book,2.0,No - not got Child Health Record Book/
ccbkwt00,PHYS: Whether looked in child record book,3.0,Refused
ccbkkl00,PHYS: Weight in Kilograms,-9.0,Refusal
ccbkkl00,PHYS: Weight in Kilograms,-8.0,Don't Know
ccbkkl00,PHYS: Weight in Kilograms,-1.0,Not applicable
ccwsdn00,PHYS: Waist measurement outcome,-9.0,Refusal
ccwsdn00,PHYS: Waist measurement outcome,-8.0,Don't Know
ccwsdn00,PHYS: Waist measurement outcome,-1.0,Not applicable
ccwsdn00,PHYS: Waist measurement outcome,1.0,Consent given - waist measured
ccwsdn00,PHYS: Waist measurement outcome,2.0,Waist refused by parent
ccwsdn00,PHYS: Waist measurement outcome,3.0,Waist refused by child
ccwsdn00,PHYS: Waist measurement outcome,4.0,Unable to obtain waist measurement
ccwsmt00,PHYS: Waist measurement outcome,4.0,Waist measured over clothing by intervi
ccwsmt00,PHYS: Waist measurement outcome,5.0,Waist measured over clothing by parent
ccwsmt00,PHYS: Waist measurement outcome,6.0,Waist measured over clothing by intervi
ccwsmt00,PHYS: Waist measurement outcome,-9.0,Refusal
ccwsmt00,PHYS: Waist measurement outcome,-8.0,Don't Know
ccwsmt00,PHYS: Waist measurement outcome,-1.0,Not applicable
ccwsmt00,PHYS: Waist measurement outcome,1.0,Waist measured on bare skin by intervie
ccwsmt00,PHYS: Waist measurement outcome,2.0,Waist measured on bare skin by parent
ccwsmt00,PHYS: Waist measurement outcome,3.0,Waist measured on bare skin by intervie
ccnows0a,PHYS: Reason for refusal (final),-9.0,Refusal
ccnows0a,PHYS: Reason for refusal (final),-8.0,Don't Know
ccnows0a,PHYS: Reason for refusal (final),-1.0,Not applicable
ccnows0a,PHYS: Reason for refusal (final),1.0,Child cannot stand unaided
ccnows0a,PHYS: Reason for refusal (final),2.0,Child too upset to take part
ccnows0a,PHYS: Reason for refusal (final),3.0,Child would not co-operate/ refused
ccnows0a,PHYS: Reason for refusal (final),4.0,Child would not/ could not stay still
ccnows0a,PHYS: Reason for refusal (final),5.0,Problem with tape measure
ccnows0a,PHYS: Reason for refusal (final),6.0,Child wearing a dress
ccnows0a,PHYS: Reason for refusal (final),7.0,Other reason for refusal by parent
ccnows0a,PHYS: Reason for refusal (final),8.0,Other reason for refusal by child
ccnows0a,PHYS: Reason for refusal (final),9.0,Other reason unable to do measuremement
ccnows0a,PHYS: Reason for refusal (final),10.0,spare
ccnows0a,PHYS: Reason for refusal (final),11.0,spare
ccnows0a,PHYS: Reason for refusal (final),12.0,spare
ccnows0a,PHYS: Reason for refusal (final),13.0,spare
ccnows0a,PHYS: Reason for refusal (final),14.0,spare
ccnows0a,PHYS: Reason for refusal (final),85.0,Other specific answer
ccnows0a,PHYS: Reason for refusal (final),86.0,Vague / irrelevant answer
ccnows0a,PHYS: Reason for refusal (final),87.0,Editor cannot deal with
ccnows0b,PHYS: Reason for refusal (final),-9.0,Refusal
ccnows0b,PHYS: Reason for refusal (final),-8.0,Don't Know
ccnows0b,PHYS: Reason for refusal (final),-1.0,Not applicable
ccnows0b,PHYS: Reason for refusal (final),1.0,Child cannot stand unaided
ccnows0b,PHYS: Reason for refusal (final),2.0,Child too upset to take part
ccnows0b,PHYS: Reason for refusal (final),3.0,Child would not co-operate/ refused
ccnows0b,PHYS: Reason for refusal (final),4.0,Child would not/ could not stay still
ccnows0b,PHYS: Reason for refusal (final),5.0,Problem with tape measure
ccnows0b,PHYS: Reason for refusal (final),6.0,Child wearing a dress
ccnows0b,PHYS: Reason for refusal (final),7.0,Other reason for refusal by parent
ccnows0b,PHYS: Reason for refusal (final),8.0,Other reason for refusal by child
ccnows0b,PHYS: Reason for refusal (final),9.0,Other reason unable to do measuremement
ccnows0b,PHYS: Reason for refusal (final),10.0,spare
ccnows0b,PHYS: Reason for refusal (final),11.0,spare
ccnows0b,PHYS: Reason for refusal (final),12.0,spare
ccnows0b,PHYS: Reason for refusal (final),13.0,spare
ccnows0b,PHYS: Reason for refusal (final),14.0,spare
ccnows0b,PHYS: Reason for refusal (final),85.0,Other specific answer
ccnows0b,PHYS: Reason for refusal (final),86.0,Vague / irrelevant answer
ccnows0b,PHYS: Reason for refusal (final),87.0,Editor cannot deal with
ccwsmd00,PHYS: Computed: Difference in cms between wsma and wsm,-9.0,Refusal
ccwsmd00,PHYS: Computed: Difference in cms between wsma and wsm,-8.0,Don't Know
ccwsmd00,PHYS: Computed: Difference in cms between wsma and wsm,-1.0,Not applicable
ccwsma00,PHYS: Waist measurement outcome (First),-9.0,Refusal
ccwsma00,PHYS: Waist measurement outcome (First),-8.0,Don't Know
ccwsma00,PHYS: Waist measurement outcome (First),-1.0,Not applicable
ccwsma00,PHYS: Waist measurement outcome (First),99998.0,Refusal
ccwsma00,PHYS: Waist measurement outcome (First),99999.0,Don't Know
ccwsmb00,PHYS: Waist measurement outcome (Second),-9.0,Refusal
ccwsmb00,PHYS: Waist measurement outcome (Second),-8.0,Don't Know
ccwsmb00,PHYS: Waist measurement outcome (Second),-1.0,Not applicable
ccwsmb00,PHYS: Waist measurement outcome (Second),99998.0,Refusal
ccwsmb00,PHYS: Waist measurement outcome (Second),99999.0,Don't Know
ccwsmc00,PHYS: Waist measurement outcome (Third),-9.0,Refusal
ccwsmc00,PHYS: Waist measurement outcome (Third),-8.0,Don't Know
ccwsmc00,PHYS: Waist measurement outcome (Third),-1.0,Not applicable
ccwsmc00,PHYS: Waist measurement outcome (Third),99998.0,Refusal
ccwsmc00,PHYS: Waist measurement outcome (Third),99999.0,Don't Know
ccwsrl0a,PHYS: Which circumstances apply to this measurement,-9.0,Refusal
ccwsrl0a,PHYS: Which circumstances apply to this measurement,-8.0,Don't Know
ccwsrl0a,PHYS: Which circumstances apply to this measurement,-1.0,Not applicable
ccwsrl0a,PHYS: Which circumstances apply to this measurement,1.0,Waist measured successfully
ccwsrl0a,PHYS: Which circumstances apply to this measurement,2.0,Child unable to stand still
ccwsrl0a,PHYS: Which circumstances apply to this measurement,3.0,Child breathing in and out excessively
ccwsrl0a,PHYS: Which circumstances apply to this measurement,4.0,Unsure measurement taken correctly
ccwsrl0a,PHYS: Which circumstances apply to this measurement,95.0,Other (specify)
ccwsrl0b,PHYS: Which circumstances apply to this measurement,-9.0,Refusal
ccwsrl0b,PHYS: Which circumstances apply to this measurement,-8.0,Don't Know
ccwsrl0b,PHYS: Which circumstances apply to this measurement,-1.0,Not applicable
ccwsrl0b,PHYS: Which circumstances apply to this measurement,1.0,Waist measured successfully
ccwsrl0b,PHYS: Which circumstances apply to this measurement,2.0,Child unable to stand still
ccwsrl0b,PHYS: Which circumstances apply to this measurement,3.0,Child breathing in and out excessively
ccwsrl0b,PHYS: Which circumstances apply to this measurement,4.0,Unsure measurement taken correctly
ccwsrl0b,PHYS: Which circumstances apply to this measurement,95.0,Other (specify)
ccwsrl0c,PHYS: Which circumstances apply to this measurement,-9.0,Refusal
ccwsrl0c,PHYS: Which circumstances apply to this measurement,-8.0,Don't Know
ccwsrl0c,PHYS: Which circumstances apply to this measurement,-1.0,Not applicable
ccwsrl0c,PHYS: Which circumstances apply to this measurement,1.0,Waist measured successfully
ccwsrl0c,PHYS: Which circumstances apply to this measurement,2.0,Child unable to stand still
ccwsrl0c,PHYS: Which circumstances apply to this measurement,3.0,Child breathing in and out excessively
ccwsrl0c,PHYS: Which circumstances apply to this measurement,4.0,Unsure measurement taken correctly
ccwsrl0c,PHYS: Which circumstances apply to this measurement,95.0,Other (specify)
ccwsrlaa,PHYS: Which circumstances apply to this measurement (C,1.0,Waist measured successfully
ccwsrlaa,PHYS: Which circumstances apply to this measurement (C,2.0,Child unable to stand still
ccwsrlaa,PHYS: Which circumstances apply to this measurement (C,3.0,Child breathing in and out excessively
ccwsrlaa,PHYS: Which circumstances apply to this measurement (C,-9.0,Refusal
ccwsrlaa,PHYS: Which circumstances apply to this measurement (C,-8.0,Don't Know
ccwsrlaa,PHYS: Which circumstances apply to this measurement (C,-1.0,Not applicable
ccwsrlaa,PHYS: Which circumstances apply to this measurement (C,4.0,Unsure measurement taken correctly
ccwsrlaa,PHYS: Which circumstances apply to this measurement (C,51.0,Child refused to lift up clothing
ccwsrlaa,PHYS: Which circumstances apply to this measurement (C,52.0,Problem with tape measure
ccwsrlaa,PHYS: Which circumstances apply to this measurement (C,53.0,spare
ccwsrlaa,PHYS: Which circumstances apply to this measurement (C,54.0,spare
ccwsrlaa,PHYS: Which circumstances apply to this measurement (C,55.0,spare
ccwsrlaa,PHYS: Which circumstances apply to this measurement (C,56.0,spare
ccwsrlaa,PHYS: Which circumstances apply to this measurement (C,57.0,spare
ccwsrlaa,PHYS: Which circumstances apply to this measurement (C,85.0,Other specific answer
ccwsrlaa,PHYS: Which circumstances apply to this measurement (C,86.0,Vague / irrelevant answer
ccwsrlaa,PHYS: Which circumstances apply to this measurement (C,87.0,Editor cannot deal with
ccwsrlab,PHYS: Which circumstances apply to this measurement (C,-9.0,Refusal
ccwsrlab,PHYS: Which circumstances apply to this measurement (C,-8.0,Don't Know
ccwsrlab,PHYS: Which circumstances apply to this measurement (C,-1.0,Not applicable
ccwsrlab,PHYS: Which circumstances apply to this measurement (C,1.0,Waist measured successfully
ccwsrlab,PHYS: Which circumstances apply to this measurement (C,2.0,Child unable to stand still
ccwsrlab,PHYS: Which circumstances apply to this measurement (C,3.0,Child breathing in and out excessively
ccwsrlab,PHYS: Which circumstances apply to this measurement (C,4.0,Unsure measurement taken correctly
ccwsrlab,PHYS: Which circumstances apply to this measurement (C,51.0,Child refused to lift up clothing
ccwsrlab,PHYS: Which circumstances apply to this measurement (C,52.0,Problem with tape measure
ccwsrlab,PHYS: Which circumstances apply to this measurement (C,53.0,spare
ccwsrlab,PHYS: Which circumstances apply to this measurement (C,54.0,spare
ccwsrlab,PHYS: Which circumstances apply to this measurement (C,55.0,spare
ccwsrlab,PHYS: Which circumstances apply to this measurement (C,56.0,spare
ccwsrlab,PHYS: Which circumstances apply to this measurement (C,57.0,spare
ccwsrlab,PHYS: Which circumstances apply to this measurement (C,85.0,Other specific answer
ccwsrlab,PHYS: Which circumstances apply to this measurement (C,86.0,Vague / irrelevant answer
ccwsrlab,PHYS: Which circumstances apply to this measurement (C,87.0,Editor cannot deal with
ccwsrlac,PHYS: Which circumstances apply to this measurement (C,-9.0,Refusal
ccwsrlac,PHYS: Which circumstances apply to this measurement (C,-8.0,Don't Know
ccwsrlac,PHYS: Which circumstances apply to this measurement (C,-1.0,Not applicable
ccwsrlac,PHYS: Which circumstances apply to this measurement (C,1.0,Waist measured successfully
ccwsrlac,PHYS: Which circumstances apply to this measurement (C,2.0,Child unable to stand still
ccwsrlac,PHYS: Which circumstances apply to this measurement (C,3.0,Child breathing in and out excessively
ccwsrlac,PHYS: Which circumstances apply to this measurement (C,4.0,Unsure measurement taken correctly
ccwsrlac,PHYS: Which circumstances apply to this measurement (C,51.0,Child refused to lift up clothing
ccwsrlac,PHYS: Which circumstances apply to this measurement (C,52.0,Problem with tape measure
ccwsrlac,PHYS: Which circumstances apply to this measurement (C,53.0,spare
ccwsrlac,PHYS: Which circumstances apply to this measurement (C,54.0,spare
ccwsrlac,PHYS: Which circumstances apply to this measurement (C,55.0,spare
ccwsrlac,PHYS: Which circumstances apply to this measurement (C,56.0,spare
ccwsrlac,PHYS: Which circumstances apply to this measurement (C,57.0,spare
ccwsrlac,PHYS: Which circumstances apply to this measurement (C,85.0,Other specific answer
ccwsrlac,PHYS: Which circumstances apply to this measurement (C,86.0,Vague / irrelevant answer
ccwsrlac,PHYS: Which circumstances apply to this measurement (C,87.0,Editor cannot deal with
ccwsrlba,PHYS: Which circumstances apply to this measurement (F,-9.0,Refusal
ccwsrlba,PHYS: Which circumstances apply to this measurement (F,-8.0,Don't Know
ccwsrlba,PHYS: Which circumstances apply to this measurement (F,-1.0,Not applicable
ccwsrlba,PHYS: Which circumstances apply to this measurement (F,1.0,Waist measured successfully
ccwsrlba,PHYS: Which circumstances apply to this measurement (F,2.0,Child unable to stand still
ccwsrlba,PHYS: Which circumstances apply to this measurement (F,3.0,Child breathing in and out excessively
ccwsrlba,PHYS: Which circumstances apply to this measurement (F,4.0,Unsure measurement taken correctly
ccwsrlba,PHYS: Which circumstances apply to this measurement (F,51.0,Child refused to lift up clothing
ccwsrlba,PHYS: Which circumstances apply to this measurement (F,52.0,Problem with tape measure
ccwsrlba,PHYS: Which circumstances apply to this measurement (F,53.0,spare
ccwsrlba,PHYS: Which circumstances apply to this measurement (F,54.0,spare
ccwsrlba,PHYS: Which circumstances apply to this measurement (F,55.0,spare
ccwsrlba,PHYS: Which circumstances apply to this measurement (F,56.0,spare
ccwsrlba,PHYS: Which circumstances apply to this measurement (F,57.0,spare
ccwsrlba,PHYS: Which circumstances apply to this measurement (F,85.0,Other specific answer
ccwsrlba,PHYS: Which circumstances apply to this measurement (F,86.0,Vague / irrelevant answer
ccwsrlba,PHYS: Which circumstances apply to this measurement (F,87.0,Editor cannot deal with
ccwsrlba,PHYS: Which circumstances apply to this measurement (F,95.0,Other (specify)
ccwsrlbb,PHYS: Which circumstances apply to this measurement (F,-9.0,Refusal
ccwsrlbb,PHYS: Which circumstances apply to this measurement (F,-8.0,Don't Know
ccwsrlbb,PHYS: Which circumstances apply to this measurement (F,-1.0,Not applicable
ccwsrlbb,PHYS: Which circumstances apply to this measurement (F,1.0,Waist measured successfully
ccwsrlbb,PHYS: Which circumstances apply to this measurement (F,2.0,Child unable to stand still
ccwsrlbb,PHYS: Which circumstances apply to this measurement (F,3.0,Child breathing in and out excessively
ccwsrlbb,PHYS: Which circumstances apply to this measurement (F,4.0,Unsure measurement taken correctly
ccwsrlbb,PHYS: Which circumstances apply to this measurement (F,51.0,Child refused to lift up clothing
ccwsrlbb,PHYS: Which circumstances apply to this measurement (F,52.0,Problem with tape measure
ccwsrlbb,PHYS: Which circumstances apply to this measurement (F,53.0,spare
ccwsrlbb,PHYS: Which circumstances apply to this measurement (F,54.0,spare
ccwsrlbb,PHYS: Which circumstances apply to this measurement (F,55.0,spare
ccwsrlbb,PHYS: Which circumstances apply to this measurement (F,56.0,spare
ccwsrlbb,PHYS: Which circumstances apply to this measurement (F,57.0,spare
ccwsrlbb,PHYS: Which circumstances apply to this measurement (F,85.0,Other specific answer
ccwsrlbb,PHYS: Which circumstances apply to this measurement (F,86.0,Vague / irrelevant answer
ccwsrlbb,PHYS: Which circumstances apply to this measurement (F,87.0,Editor cannot deal with
ccwsrlbb,PHYS: Which circumstances apply to this measurement (F,95.0,Other (specify)
ccwsrlbc,PHYS: Which circumstances apply to this measurement (F,3.0,Child breathing in and out excessively
ccwsrlbc,PHYS: Which circumstances apply to this measurement (F,4.0,Unsure measurement taken correctly
ccwsrlbc,PHYS: Which circumstances apply to this measurement (F,51.0,Child refused to lift up clothing
ccwsrlbc,PHYS: Which circumstances apply to this measurement (F,-9.0,Refusal
ccwsrlbc,PHYS: Which circumstances apply to this measurement (F,-8.0,Don't Know
ccwsrlbc,PHYS: Which circumstances apply to this measurement (F,-1.0,Not applicable
ccwsrlbc,PHYS: Which circumstances apply to this measurement (F,1.0,Waist measured successfully
ccwsrlbc,PHYS: Which circumstances apply to this measurement (F,2.0,Child unable to stand still
ccwsrlbc,PHYS: Which circumstances apply to this measurement (F,52.0,Problem with tape measure
ccwsrlbc,PHYS: Which circumstances apply to this measurement (F,53.0,spare
ccwsrlbc,PHYS: Which circumstances apply to this measurement (F,54.0,spare
ccwsrlbc,PHYS: Which circumstances apply to this measurement (F,55.0,spare
ccwsrlbc,PHYS: Which circumstances apply to this measurement (F,56.0,spare
ccwsrlbc,PHYS: Which circumstances apply to this measurement (F,57.0,spare
ccwsrlbc,PHYS: Which circumstances apply to this measurement (F,85.0,Other specific answer
ccwsrlbc,PHYS: Which circumstances apply to this measurement (F,86.0,Vague / irrelevant answer
ccwsrlbc,PHYS: Which circumstances apply to this measurement (F,87.0,Editor cannot deal with
ccwsrlbc,PHYS: Which circumstances apply to this measurement (F,95.0,Other (specify)
ccwsel00,PHYS: Anything else about waist measurement,-9.0,Refusal
ccwsel00,PHYS: Anything else about waist measurement,-8.0,Don't Know
ccwsel00,PHYS: Anything else about waist measurement,-1.0,Not applicable
ccwsel00,PHYS: Anything else about waist measurement,1.0,Yes
ccwsel00,PHYS: Anything else about waist measurement,2.0,No
ccwsex0a,PHYS: Anything else about waist measurement (final),-9.0,Refusal
ccwsex0a,PHYS: Anything else about waist measurement (final),-8.0,Don't Know
ccwsex0a,PHYS: Anything else about waist measurement (final),-1.0,Not applicable
ccwsex0a,PHYS: Anything else about waist measurement (final),1.0,CM has large waist measurement for age
ccwsex0a,PHYS: Anything else about waist measurement (final),2.0,CM has small waist measurement for age
ccwsex0a,PHYS: Anything else about waist measurement (final),3.0,"CM had measles, chickenpox etc"
ccwsex0a,PHYS: Anything else about waist measurement (final),4.0,Child would not/ could not stay still
ccwsex0a,PHYS: Anything else about waist measurement (final),5.0,spare
ccwsex0a,PHYS: Anything else about waist measurement (final),6.0,spare
ccwsex0a,PHYS: Anything else about waist measurement (final),7.0,spare
ccwsex0a,PHYS: Anything else about waist measurement (final),8.0,spare
ccwsex0a,PHYS: Anything else about waist measurement (final),9.0,spare
ccwsex0a,PHYS: Anything else about waist measurement (final),85.0,Other specific answer
ccwsex0a,PHYS: Anything else about waist measurement (final),86.0,Vague / irrelevant answer
ccwsex0a,PHYS: Anything else about waist measurement (final),87.0,Editor cannot deal with
ccwsex0b,PHYS: Anything else about waist measurement (final),-9.0,Refusal
ccwsex0b,PHYS: Anything else about waist measurement (final),-8.0,Don't Know
ccwsex0b,PHYS: Anything else about waist measurement (final),-1.0,Not applicable
ccwsex0b,PHYS: Anything else about waist measurement (final),1.0,CM has large waist measurement for age
ccwsex0b,PHYS: Anything else about waist measurement (final),2.0,CM has small waist measurement for age
ccwsex0b,PHYS: Anything else about waist measurement (final),3.0,"CM had measles, chickenpox etc"
ccwsex0b,PHYS: Anything else about waist measurement (final),4.0,Child would not/ could not stay still
ccwsex0b,PHYS: Anything else about waist measurement (final),5.0,spare
ccwsex0b,PHYS: Anything else about waist measurement (final),6.0,spare
ccwsex0b,PHYS: Anything else about waist measurement (final),7.0,spare
ccwsex0b,PHYS: Anything else about waist measurement (final),8.0,spare
ccwsex0b,PHYS: Anything else about waist measurement (final),9.0,spare
ccwsex0b,PHYS: Anything else about waist measurement (final),85.0,Other specific answer
ccwsex0b,PHYS: Anything else about waist measurement (final),86.0,Vague / irrelevant answer
ccwsex0b,PHYS: Anything else about waist measurement (final),87.0,Editor cannot deal with
cchtft00,PHYS: Computed : Height from HtCm or BkCm / feet,-9.0,Refusal
cchtft00,PHYS: Computed : Height from HtCm or BkCm / feet,-8.0,Don't Know
cchtft00,PHYS: Computed : Height from HtCm or BkCm / feet,-1.0,Not applicable
cchtin00,PHYS: Computed : Height from HtCm or BkCm / inches,-9.0,Refusal
cchtin00,PHYS: Computed : Height from HtCm or BkCm / inches,-8.0,Don't Know
cchtin00,PHYS: Computed : Height from HtCm or BkCm / inches,-1.0,Not applicable
cchtrc00,PHYS: Interviewer record height in Child Assessment Le,-9.0,Refusal
cchtrc00,PHYS: Interviewer record height in Child Assessment Le,-8.0,Don't Know
cchtrc00,PHYS: Interviewer record height in Child Assessment Le,-1.0,Not applicable
cchtrc00,PHYS: Interviewer record height in Child Assessment Le,1.0,Press 1 and Enter to continue.
ccwtpd00,PHYS: Computed : Weight from WtCm or BkWt / stones,-9.0,Refusal
ccwtpd00,PHYS: Computed : Weight from WtCm or BkWt / stones,-8.0,Don't Know
ccwtpd00,PHYS: Computed : Weight from WtCm or BkWt / stones,-1.0,Not applicable
ccwtpd00,PHYS: Computed : Weight from WtCm or BkWt / stones,998.0,Refusal
ccwtpd00,PHYS: Computed : Weight from WtCm or BkWt / stones,999.0,Don't Know
ccwtst00,PHYS: Computed : Weight from WtCm or BkWt / pounds,-9.0,Refusal
ccwtst00,PHYS: Computed : Weight from WtCm or BkWt / pounds,-8.0,Don't Know
ccwtst00,PHYS: Computed : Weight from WtCm or BkWt / pounds,-1.0,Not applicable
ccwtst00,PHYS: Computed : Weight from WtCm or BkWt / pounds,998.0,Refusal
ccwtst00,PHYS: Computed : Weight from WtCm or BkWt / pounds,999.0,Don't Know
ccwtrc00,PHYS: Interviewer record weight in Child Assessment Le,-9.0,Refusal
ccwtrc00,PHYS: Interviewer record weight in Child Assessment Le,-8.0,Don't Know
ccwtrc00,PHYS: Interviewer record weight in Child Assessment Le,-1.0,Not applicable
ccwtrc00,PHYS: Interviewer record weight in Child Assessment Le,1.0,Press 1 and Enter to continue.
ccwsia00,PHYS: Computed : Waist from Wsma inches,-9.0,Refusal
ccwsia00,PHYS: Computed : Waist from Wsma inches,-8.0,Don't Know
ccwsia00,PHYS: Computed : Waist from Wsma inches,-1.0,Not applicable
ccwsib00,PHYS: Computed : Waist from Wsmb inches,-9.0,Refusal
ccwsib00,PHYS: Computed : Waist from Wsmb inches,-8.0,Don't Know
ccwsib00,PHYS: Computed : Waist from Wsmb inches,-1.0,Not applicable
ccwsic00,PHYS: Computed : Waist from Wsmc inches,-9.0,Refusal
ccwsic00,PHYS: Computed : Waist from Wsmc inches,-8.0,Don't Know
ccwsic00,PHYS: Computed : Waist from Wsmc inches,-1.0,Not applicable
ccwsrc00,PHYS: Interviewer record waist circumference in Child,-9.0,Refusal
ccwsrc00,PHYS: Interviewer record waist circumference in Child,-8.0,Don't Know
ccwsrc00,PHYS: Interviewer record waist circumference in Child,-1.0,Not applicable
ccwsrc00,PHYS: Interviewer record waist circumference in Child,1.0,Press 1 and Enter to continue.
ccchnd02,PHYS: End of Physical Assessment,-9.0,Refusal
ccchnd02,PHYS: End of Physical Assessment,-8.0,Don't Know
ccchnd02,PHYS: End of Physical Assessment,-1.0,Not applicable
ccchnd02,PHYS: End of Physical Assessment,1.0,Press 1 and Enter to continue.
chcsex00,Cohort Member Sex,2.0,Female
chcsex00,Cohort Member Sex,-9.0,Refusal
chcsex00,Cohort Member Sex,-8.0,Don't Know
chcsex00,Cohort Member Sex,-1.0,Not applicable
chcsex00,Cohort Member Sex,1.0,Male
chcage00,CM Age at interview (days),-1.0,Not applicable
chcprs00,CM Present in Sweep 3,-9.0,Refusal
chcprs00,CM Present in Sweep 3,-8.0,Don't Know
chcprs00,CM Present in Sweep 3,-1.0,Not applicable
chcprs00,CM Present in Sweep 3,1.0,Yes
chcprs00,CM Present in Sweep 3,2.0,Left
chcprs00,CM Present in Sweep 3,3.0,Died
chcprs00,CM Present in Sweep 3,4.0,Never in HH
bmin3,Body Mass Index calucated from height and weight data (wh,,
ccovwgt3,Overweight Cut-Off point for child's age and sex,,
ccobese3,Approx Obesity Cut-Off point for child's age and sex,,
ccobflag3,MCObesity flag,0.0,Normal
ccobflag3,MCObesity flag,1.0,Overweight
ccobflag3,MCObesity flag,2.0,Obese
cdntid00,Interviewer ID (anonymised) GB only,-1.0,Not available
avail_from_dt,,,
mcs_llc_fid_e,Encrypted Family/Household anonymised ID for LLC,,
