variable_name,variable_label,value_value,value_label
study_id_e,,,
pnum,Person number whithin an MCS family (excluding Cohort Members),,
fdwrk00,S6 DV Whether respondent is in work or not,,
bpjbso00a1,Main job (coded SOC2000) - truncated to 3 digits,,
fpsocc00,SOC2010 coding - truncated to 3-digits,,
add05s00,Respondent NS-SEC 5 classes,,
add07s00,Respondent NS-SEC 7 classes,,
add13s00,Respondent NS-SEC major categories,,
bdd11e00,Respondent's Ethnic Group - 11 category Census,,
fd05s00,S6 DV NS-SEC 5 category (current job),,
fd07s00,S6 DV NS-SEC 7 category (current job),,
fd13s00,S6 DV NS-SEC 13 category (current job),,
fd17s00,S6 DV NS-SEC full version (current job),,
fdacaq00,S6 DV NVQ equivalent of highest academic level across sweeps,,
fdact00,S6 DV Respondent economic activity status,,
fdnvq00,S6 DV Respondent NVQ Highest Level (all sweeps),,
gpfcin00,What is your current legal marital status?,,
gpmafi00,How well would you say you are managing financially these days? Would you say you are...?,,
gproow00,Do you [ROOW] own or rent your home or have some other arrangement?,,
bdd05s00,Respondent NS-SEC 5 classes,,
bdd07s00,Respondent NS-SEC 7 classes,,
bdd13s00,Respondent NS-SEC major categories,,
avail_from_dt,,,
mcs_llc_fid_e,Encrypted Family/Household anonymised ID for LLC,,
