variable_name,variable_label,value_value,value_label
study_id_e,,,
pnum,Person number within an MCS family (excl Cohort Members,-9.0,Refusal
pnum,Person number within an MCS family (excl Cohort Members,-8.0,Don't Know
pnum,Person number within an MCS family (excl Cohort Members,-1.0,Not applicable
celig00,Eligibility for survey: Whether resp eligible for role of Main /(Proxy)Partner,-1.0,Not applicable
celig00,Eligibility for survey: Whether resp eligible for role of Main /(Proxy)Partner,1.0,Main Interview
celig00,Eligibility for survey: Whether resp eligible for role of Main /(Proxy)Partner,2.0,Partner Interview
celig00,Eligibility for survey: Whether resp eligible for role of Main /(Proxy)Partner,3.0,Proxy Interview
celig00,Eligibility for survey: Whether resp eligible for role of Main /(Proxy)Partner,4.0,Not eligible
cresp00,Response in survey: Whether respondent (of ELIG) participated in interview,-1.0,Not applicable
cresp00,Response in survey: Whether respondent (of ELIG) participated in interview,1.0,Main Interview
cresp00,Response in survey: Whether respondent (of ELIG) participated in interview,2.0,Partner Interview
cresp00,Response in survey: Whether respondent (of ELIG) participated in interview,3.0,Proxy Interview
cresp00,Response in survey: Whether respondent (of ELIG) participated in interview,4.0,No Interview
ccnum00,Cohort Member number within an MCS family,1.0,1st Cohort Member of the family
ccnum00,Cohort Member number within an MCS family,2.0,2nd Cohort Member of the family
ccnum00,Cohort Member number within an MCS family,3.0,3rd Cohort Member of the family
chintm00,Interview Date (month),-1.0,Not applicable
chinty00,Interview Date (year),-1.0,Not applicable
chcsex00,Cohort Member Sex,-9.0,Refusal
chcsex00,Cohort Member Sex,-8.0,Don't Know
chcsex00,Cohort Member Sex,-1.0,Not applicable
chcsex00,Cohort Member Sex,1.0,Male
chcsex00,Cohort Member Sex,2.0,Female
chcdbm00,Cohort Member Date of Birth (month),-1.0,Not applicable
chcdby00,Cohort Member Date of Birth (year),-1.0,Not applicable
chcage00,CM Age at interview (days),-1.0,Not applicable
chcprs00,CM Present in Sweep 3,-9.0,Refusal
chcprs00,CM Present in Sweep 3,-8.0,Don't Know
chcprs00,CM Present in Sweep 3,-1.0,Not applicable
chcprs00,CM Present in Sweep 3,1.0,Yes
chcprs00,CM Present in Sweep 3,2.0,Left
chcprs00,CM Present in Sweep 3,3.0,Died
chcprs00,CM Present in Sweep 3,4.0,Never in HH
chcful00,CM Resident full-time or part-time,-1.0,Not applicable
chcful00,CM Resident full-time or part-time,1.0,Yes - lives here all the time
chcful00,CM Resident full-time or part-time,2.0,No - also lives somewhere else
chpsex00,Person Sex,-9.0,Refusal
chpsex00,Person Sex,-8.0,Don't Know
chpsex00,Person Sex,-2.0,Not Known
chpsex00,Person Sex,-1.0,Not applicable
chpsex00,Person Sex,1.0,Male
chpsex00,Person Sex,2.0,Female
chpdbm00,Person Date of Birth (month),-8.0,Dont know
chpdbm00,Person Date of Birth (month),-1.0,Not applicable
chpdby00,Person Date of Birth (year),-8.0,Dont know
chpdby00,Person Date of Birth (year),-1.0,Not applicable
chpres00,Present in Sweep 3,-9.0,Refusal
chpres00,Present in Sweep 3,-8.0,Don't Know
chpres00,Present in Sweep 3,-1.0,Not applicable
chpres00,Present in Sweep 3,1.0,Present
chpres00,Present in Sweep 3,2.0,Left
chpres00,Present in Sweep 3,3.0,Died
chpres00,Present in Sweep 3,4.0,Never in HH
chpage00,Person Age (years),-2.0,Not Known
chpage00,Person Age (years),-1.0,Not applicable
chcrel00,Relationship to Cohort Member,-9.0,Refusal
chcrel00,Relationship to Cohort Member,-8.0,Don't Know
chcrel00,Relationship to Cohort Member,-1.0,Not applicable
chcrel00,Relationship to Cohort Member,1.0,Husband/Wife
chcrel00,Relationship to Cohort Member,2.0,Partner/Cohabitee
chcrel00,Relationship to Cohort Member,3.0,Natural son/daughter
chcrel00,Relationship to Cohort Member,4.0,Adopted son/daughter
chcrel00,Relationship to Cohort Member,5.0,Foster son/daughter
chcrel00,Relationship to Cohort Member,6.0,Step-son or step-daughter
chcrel00,Relationship to Cohort Member,7.0,Natural parent
chcrel00,Relationship to Cohort Member,8.0,Adoptive parent
chcrel00,Relationship to Cohort Member,9.0,Foster parent
chcrel00,Relationship to Cohort Member,10.0,Step-parent/partner of parent
chcrel00,Relationship to Cohort Member,11.0,Natural brother/Natural sister
chcrel00,Relationship to Cohort Member,12.0,Half-brother/Half-sister
chcrel00,Relationship to Cohort Member,13.0,Step-brother/Step-sister
chcrel00,Relationship to Cohort Member,14.0,Adopted brother/Adopted sister
chcrel00,Relationship to Cohort Member,15.0,Foster brother/Foster sister
chcrel00,Relationship to Cohort Member,16.0,Grandchild
chcrel00,Relationship to Cohort Member,17.0,Grandparent
chcrel00,Relationship to Cohort Member,18.0,Nanny/au pair
chcrel00,Relationship to Cohort Member,19.0,Other relative
chcrel00,Relationship to Cohort Member,20.0,Other non-relative
chcrel00,Relationship to Cohort Member,96.0,Self
chprela0,Relationship to Person 1,-9.0,Refusal
chprela0,Relationship to Person 1,-8.0,Don't Know
chprela0,Relationship to Person 1,-1.0,Not applicable
chprela0,Relationship to Person 1,1.0,Husband/Wife
chprela0,Relationship to Person 1,2.0,Partner/Cohabitee
chprela0,Relationship to Person 1,3.0,Natural son/daughter
chprela0,Relationship to Person 1,4.0,Adopted son/daughter
chprela0,Relationship to Person 1,5.0,Foster son/daughter
chprela0,Relationship to Person 1,6.0,Step-son or step-daughter
chprela0,Relationship to Person 1,7.0,Natural parent
chprela0,Relationship to Person 1,8.0,Adoptive parent
chprela0,Relationship to Person 1,9.0,Foster parent
chprela0,Relationship to Person 1,10.0,Step-parent/partner of parent
chprela0,Relationship to Person 1,11.0,Natural brother/Natural sister
chprela0,Relationship to Person 1,12.0,Half-brother/Half-sister
chprela0,Relationship to Person 1,13.0,Step-brother/Step-sister
chprela0,Relationship to Person 1,14.0,Adopted brother/Adopted sister
chprela0,Relationship to Person 1,15.0,Foster brother/Foster sister
chprela0,Relationship to Person 1,16.0,Grandchild
chprela0,Relationship to Person 1,17.0,Grandparent
chprela0,Relationship to Person 1,18.0,Nanny/au pair
chprela0,Relationship to Person 1,19.0,Other relative
chprela0,Relationship to Person 1,20.0,Other non-relative
chprela0,Relationship to Person 1,96.0,Self
chprelb0,Relationship to Person 2,-9.0,Refusal
chprelb0,Relationship to Person 2,-8.0,Don't Know
chprelb0,Relationship to Person 2,-1.0,Not applicable
chprelb0,Relationship to Person 2,1.0,Husband/Wife
chprelb0,Relationship to Person 2,2.0,Partner/Cohabitee
chprelb0,Relationship to Person 2,3.0,Natural son/daughter
chprelb0,Relationship to Person 2,4.0,Adopted son/daughter
chprelb0,Relationship to Person 2,5.0,Foster son/daughter
chprelb0,Relationship to Person 2,6.0,Step-son or step-daughter
chprelb0,Relationship to Person 2,7.0,Natural parent
chprelb0,Relationship to Person 2,8.0,Adoptive parent
chprelb0,Relationship to Person 2,9.0,Foster parent
chprelb0,Relationship to Person 2,10.0,Step-parent/partner of parent
chprelb0,Relationship to Person 2,11.0,Natural brother/Natural sister
chprelb0,Relationship to Person 2,12.0,Half-brother/Half-sister
chprelb0,Relationship to Person 2,13.0,Step-brother/Step-sister
chprelb0,Relationship to Person 2,14.0,Adopted brother/Adopted sister
chprelb0,Relationship to Person 2,15.0,Foster brother/Foster sister
chprelb0,Relationship to Person 2,16.0,Grandchild
chprelb0,Relationship to Person 2,17.0,Grandparent
chprelb0,Relationship to Person 2,18.0,Nanny/au pair
chprelb0,Relationship to Person 2,19.0,Other relative
chprelb0,Relationship to Person 2,20.0,Other non-relative
chprelb0,Relationship to Person 2,96.0,Self
chprelc0,Relationship to Person 3,-9.0,Refusal
chprelc0,Relationship to Person 3,-8.0,Don't Know
chprelc0,Relationship to Person 3,-1.0,Not applicable
chprelc0,Relationship to Person 3,1.0,Husband/Wife
chprelc0,Relationship to Person 3,2.0,Partner/Cohabitee
chprelc0,Relationship to Person 3,3.0,Natural son/daughter
chprelc0,Relationship to Person 3,4.0,Adopted son/daughter
chprelc0,Relationship to Person 3,5.0,Foster son/daughter
chprelc0,Relationship to Person 3,6.0,Step-son or step-daughter
chprelc0,Relationship to Person 3,7.0,Natural parent
chprelc0,Relationship to Person 3,8.0,Adoptive parent
chprelc0,Relationship to Person 3,9.0,Foster parent
chprelc0,Relationship to Person 3,10.0,Step-parent/partner of parent
chprelc0,Relationship to Person 3,11.0,Natural brother/Natural sister
chprelc0,Relationship to Person 3,12.0,Half-brother/Half-sister
chprelc0,Relationship to Person 3,13.0,Step-brother/Step-sister
chprelc0,Relationship to Person 3,14.0,Adopted brother/Adopted sister
chprelc0,Relationship to Person 3,15.0,Foster brother/Foster sister
chprelc0,Relationship to Person 3,16.0,Grandchild
chprelc0,Relationship to Person 3,17.0,Grandparent
chprelc0,Relationship to Person 3,18.0,Nanny/au pair
chprelc0,Relationship to Person 3,19.0,Other relative
chprelc0,Relationship to Person 3,20.0,Other non-relative
chprelc0,Relationship to Person 3,96.0,Self
chpreld0,Relationship to Person 4,-9.0,Refusal
chpreld0,Relationship to Person 4,-8.0,Don't Know
chpreld0,Relationship to Person 4,-1.0,Not applicable
chpreld0,Relationship to Person 4,1.0,Husband/Wife
chpreld0,Relationship to Person 4,2.0,Partner/Cohabitee
chpreld0,Relationship to Person 4,3.0,Natural son/daughter
chpreld0,Relationship to Person 4,4.0,Adopted son/daughter
chpreld0,Relationship to Person 4,5.0,Foster son/daughter
chpreld0,Relationship to Person 4,6.0,Step-son or step-daughter
chpreld0,Relationship to Person 4,7.0,Natural parent
chpreld0,Relationship to Person 4,8.0,Adoptive parent
chpreld0,Relationship to Person 4,9.0,Foster parent
chpreld0,Relationship to Person 4,10.0,Step-parent/partner of parent
chpreld0,Relationship to Person 4,11.0,Natural brother/Natural sister
chpreld0,Relationship to Person 4,12.0,Half-brother/Half-sister
chpreld0,Relationship to Person 4,13.0,Step-brother/Step-sister
chpreld0,Relationship to Person 4,14.0,Adopted brother/Adopted sister
chpreld0,Relationship to Person 4,15.0,Foster brother/Foster sister
chpreld0,Relationship to Person 4,16.0,Grandchild
chpreld0,Relationship to Person 4,17.0,Grandparent
chpreld0,Relationship to Person 4,18.0,Nanny/au pair
chpreld0,Relationship to Person 4,19.0,Other relative
chpreld0,Relationship to Person 4,20.0,Other non-relative
chpreld0,Relationship to Person 4,96.0,Self
chprele0,Relationship to Person 5,-9.0,Refusal
chprele0,Relationship to Person 5,-8.0,Don't Know
chprele0,Relationship to Person 5,-1.0,Not applicable
chprele0,Relationship to Person 5,1.0,Husband/Wife
chprele0,Relationship to Person 5,2.0,Partner/Cohabitee
chprele0,Relationship to Person 5,3.0,Natural son/daughter
chprele0,Relationship to Person 5,4.0,Adopted son/daughter
chprele0,Relationship to Person 5,5.0,Foster son/daughter
chprele0,Relationship to Person 5,6.0,Step-son or step-daughter
chprele0,Relationship to Person 5,7.0,Natural parent
chprele0,Relationship to Person 5,8.0,Adoptive parent
chprele0,Relationship to Person 5,9.0,Foster parent
chprele0,Relationship to Person 5,10.0,Step-parent/partner of parent
chprele0,Relationship to Person 5,11.0,Natural brother/Natural sister
chprele0,Relationship to Person 5,12.0,Half-brother/Half-sister
chprele0,Relationship to Person 5,13.0,Step-brother/Step-sister
chprele0,Relationship to Person 5,14.0,Adopted brother/Adopted sister
chprele0,Relationship to Person 5,15.0,Foster brother/Foster sister
chprele0,Relationship to Person 5,16.0,Grandchild
chprele0,Relationship to Person 5,17.0,Grandparent
chprele0,Relationship to Person 5,18.0,Nanny/au pair
chprele0,Relationship to Person 5,19.0,Other relative
chprele0,Relationship to Person 5,20.0,Other non-relative
chprele0,Relationship to Person 5,96.0,Self
chprelf0,Relationship to Person 6,-9.0,Refusal
chprelf0,Relationship to Person 6,-8.0,Don't Know
chprelf0,Relationship to Person 6,-1.0,Not applicable
chprelf0,Relationship to Person 6,1.0,Husband/Wife
chprelf0,Relationship to Person 6,2.0,Partner/Cohabitee
chprelf0,Relationship to Person 6,3.0,Natural son/daughter
chprelf0,Relationship to Person 6,4.0,Adopted son/daughter
chprelf0,Relationship to Person 6,5.0,Foster son/daughter
chprelf0,Relationship to Person 6,6.0,Step-son or step-daughter
chprelf0,Relationship to Person 6,7.0,Natural parent
chprelf0,Relationship to Person 6,8.0,Adoptive parent
chprelf0,Relationship to Person 6,9.0,Foster parent
chprelf0,Relationship to Person 6,10.0,Step-parent/partner of parent
chprelf0,Relationship to Person 6,11.0,Natural brother/Natural sister
chprelf0,Relationship to Person 6,12.0,Half-brother/Half-sister
chprelf0,Relationship to Person 6,13.0,Step-brother/Step-sister
chprelf0,Relationship to Person 6,14.0,Adopted brother/Adopted sister
chprelf0,Relationship to Person 6,15.0,Foster brother/Foster sister
chprelf0,Relationship to Person 6,16.0,Grandchild
chprelf0,Relationship to Person 6,17.0,Grandparent
chprelf0,Relationship to Person 6,18.0,Nanny/au pair
chprelf0,Relationship to Person 6,19.0,Other relative
chprelf0,Relationship to Person 6,20.0,Other non-relative
chprelf0,Relationship to Person 6,96.0,Self
chprelg0,Relationship to Person 7,-9.0,Refusal
chprelg0,Relationship to Person 7,-8.0,Don't Know
chprelg0,Relationship to Person 7,-1.0,Not applicable
chprelg0,Relationship to Person 7,1.0,Husband/Wife
chprelg0,Relationship to Person 7,2.0,Partner/Cohabitee
chprelg0,Relationship to Person 7,3.0,Natural son/daughter
chprelg0,Relationship to Person 7,4.0,Adopted son/daughter
chprelg0,Relationship to Person 7,5.0,Foster son/daughter
chprelg0,Relationship to Person 7,6.0,Step-son or step-daughter
chprelg0,Relationship to Person 7,7.0,Natural parent
chprelg0,Relationship to Person 7,8.0,Adoptive parent
chprelg0,Relationship to Person 7,9.0,Foster parent
chprelg0,Relationship to Person 7,10.0,Step-parent/partner of parent
chprelg0,Relationship to Person 7,11.0,Natural brother/Natural sister
chprelg0,Relationship to Person 7,12.0,Half-brother/Half-sister
chprelg0,Relationship to Person 7,13.0,Step-brother/Step-sister
chprelg0,Relationship to Person 7,14.0,Adopted brother/Adopted sister
chprelg0,Relationship to Person 7,15.0,Foster brother/Foster sister
chprelg0,Relationship to Person 7,16.0,Grandchild
chprelg0,Relationship to Person 7,17.0,Grandparent
chprelg0,Relationship to Person 7,18.0,Nanny/au pair
chprelg0,Relationship to Person 7,19.0,Other relative
chprelg0,Relationship to Person 7,20.0,Other non-relative
chprelg0,Relationship to Person 7,96.0,Self
chprelh0,Relationship to Person 8,-9.0,Refusal
chprelh0,Relationship to Person 8,-8.0,Don't Know
chprelh0,Relationship to Person 8,-1.0,Not applicable
chprelh0,Relationship to Person 8,1.0,Husband/Wife
chprelh0,Relationship to Person 8,2.0,Partner/Cohabitee
chprelh0,Relationship to Person 8,3.0,Natural son/daughter
chprelh0,Relationship to Person 8,4.0,Adopted son/daughter
chprelh0,Relationship to Person 8,5.0,Foster son/daughter
chprelh0,Relationship to Person 8,6.0,Step-son or step-daughter
chprelh0,Relationship to Person 8,7.0,Natural parent
chprelh0,Relationship to Person 8,8.0,Adoptive parent
chprelh0,Relationship to Person 8,9.0,Foster parent
chprelh0,Relationship to Person 8,10.0,Step-parent/partner of parent
chprelh0,Relationship to Person 8,11.0,Natural brother/Natural sister
chprelh0,Relationship to Person 8,12.0,Half-brother/Half-sister
chprelh0,Relationship to Person 8,13.0,Step-brother/Step-sister
chprelh0,Relationship to Person 8,14.0,Adopted brother/Adopted sister
chprelh0,Relationship to Person 8,15.0,Foster brother/Foster sister
chprelh0,Relationship to Person 8,16.0,Grandchild
chprelh0,Relationship to Person 8,17.0,Grandparent
chprelh0,Relationship to Person 8,18.0,Nanny/au pair
chprelh0,Relationship to Person 8,19.0,Other relative
chprelh0,Relationship to Person 8,20.0,Other non-relative
chprelh0,Relationship to Person 8,96.0,Self
chpreli0,Relationship to Person 9,-9.0,Refusal
chpreli0,Relationship to Person 9,-8.0,Don't Know
chpreli0,Relationship to Person 9,-1.0,Not applicable
chpreli0,Relationship to Person 9,1.0,Husband/Wife
chpreli0,Relationship to Person 9,2.0,Partner/Cohabitee
chpreli0,Relationship to Person 9,3.0,Natural son/daughter
chpreli0,Relationship to Person 9,4.0,Adopted son/daughter
chpreli0,Relationship to Person 9,5.0,Foster son/daughter
chpreli0,Relationship to Person 9,6.0,Step-son or step-daughter
chpreli0,Relationship to Person 9,7.0,Natural parent
chpreli0,Relationship to Person 9,8.0,Adoptive parent
chpreli0,Relationship to Person 9,9.0,Foster parent
chpreli0,Relationship to Person 9,10.0,Step-parent/partner of parent
chpreli0,Relationship to Person 9,11.0,Natural brother/Natural sister
chpreli0,Relationship to Person 9,12.0,Half-brother/Half-sister
chpreli0,Relationship to Person 9,13.0,Step-brother/Step-sister
chpreli0,Relationship to Person 9,14.0,Adopted brother/Adopted sister
chpreli0,Relationship to Person 9,15.0,Foster brother/Foster sister
chpreli0,Relationship to Person 9,16.0,Grandchild
chpreli0,Relationship to Person 9,17.0,Grandparent
chpreli0,Relationship to Person 9,18.0,Nanny/au pair
chpreli0,Relationship to Person 9,19.0,Other relative
chpreli0,Relationship to Person 9,20.0,Other non-relative
chpreli0,Relationship to Person 9,96.0,Self
chprelj0,Relationship to Person 10,-9.0,Refusal
chprelj0,Relationship to Person 10,-8.0,Don't Know
chprelj0,Relationship to Person 10,-1.0,Not applicable
chprelj0,Relationship to Person 10,1.0,Husband/Wife
chprelj0,Relationship to Person 10,2.0,Partner/Cohabitee
chprelj0,Relationship to Person 10,3.0,Natural son/daughter
chprelj0,Relationship to Person 10,4.0,Adopted son/daughter
chprelj0,Relationship to Person 10,5.0,Foster son/daughter
chprelj0,Relationship to Person 10,6.0,Step-son or step-daughter
chprelj0,Relationship to Person 10,7.0,Natural parent
chprelj0,Relationship to Person 10,8.0,Adoptive parent
chprelj0,Relationship to Person 10,9.0,Foster parent
chprelj0,Relationship to Person 10,10.0,Step-parent/partner of parent
chprelj0,Relationship to Person 10,11.0,Natural brother/Natural sister
chprelj0,Relationship to Person 10,12.0,Half-brother/Half-sister
chprelj0,Relationship to Person 10,13.0,Step-brother/Step-sister
chprelj0,Relationship to Person 10,14.0,Adopted brother/Adopted sister
chprelj0,Relationship to Person 10,15.0,Foster brother/Foster sister
chprelj0,Relationship to Person 10,16.0,Grandchild
chprelj0,Relationship to Person 10,17.0,Grandparent
chprelj0,Relationship to Person 10,18.0,Nanny/au pair
chprelj0,Relationship to Person 10,19.0,Other relative
chprelj0,Relationship to Person 10,20.0,Other non-relative
chprelj0,Relationship to Person 10,96.0,Self
chprelk0,Relationship to Person 11,-9.0,Refusal
chprelk0,Relationship to Person 11,-8.0,Don't Know
chprelk0,Relationship to Person 11,-1.0,Not applicable
chprelk0,Relationship to Person 11,1.0,Husband/Wife
chprelk0,Relationship to Person 11,2.0,Partner/Cohabitee
chprelk0,Relationship to Person 11,3.0,Natural son/daughter
chprelk0,Relationship to Person 11,4.0,Adopted son/daughter
chprelk0,Relationship to Person 11,5.0,Foster son/daughter
chprelk0,Relationship to Person 11,6.0,Step-son or step-daughter
chprelk0,Relationship to Person 11,7.0,Natural parent
chprelk0,Relationship to Person 11,8.0,Adoptive parent
chprelk0,Relationship to Person 11,9.0,Foster parent
chprelk0,Relationship to Person 11,10.0,Step-parent/partner of parent
chprelk0,Relationship to Person 11,11.0,Natural brother/Natural sister
chprelk0,Relationship to Person 11,12.0,Half-brother/Half-sister
chprelk0,Relationship to Person 11,13.0,Step-brother/Step-sister
chprelk0,Relationship to Person 11,14.0,Adopted brother/Adopted sister
chprelk0,Relationship to Person 11,15.0,Foster brother/Foster sister
chprelk0,Relationship to Person 11,16.0,Grandchild
chprelk0,Relationship to Person 11,17.0,Grandparent
chprelk0,Relationship to Person 11,18.0,Nanny/au pair
chprelk0,Relationship to Person 11,19.0,Other relative
chprelk0,Relationship to Person 11,20.0,Other non-relative
chprelk0,Relationship to Person 11,96.0,Self
chprell0,Relationship to Person 12,-9.0,Refusal
chprell0,Relationship to Person 12,-8.0,Don't Know
chprell0,Relationship to Person 12,-1.0,Not applicable
chprell0,Relationship to Person 12,1.0,Husband/Wife
chprell0,Relationship to Person 12,2.0,Partner/Cohabitee
chprell0,Relationship to Person 12,3.0,Natural son/daughter
chprell0,Relationship to Person 12,4.0,Adopted son/daughter
chprell0,Relationship to Person 12,5.0,Foster son/daughter
chprell0,Relationship to Person 12,6.0,Step-son or step-daughter
chprell0,Relationship to Person 12,7.0,Natural parent
chprell0,Relationship to Person 12,8.0,Adoptive parent
chprell0,Relationship to Person 12,9.0,Foster parent
chprell0,Relationship to Person 12,10.0,Step-parent/partner of parent
chprell0,Relationship to Person 12,11.0,Natural brother/Natural sister
chprell0,Relationship to Person 12,12.0,Half-brother/Half-sister
chprell0,Relationship to Person 12,13.0,Step-brother/Step-sister
chprell0,Relationship to Person 12,14.0,Adopted brother/Adopted sister
chprell0,Relationship to Person 12,15.0,Foster brother/Foster sister
chprell0,Relationship to Person 12,16.0,Grandchild
chprell0,Relationship to Person 12,17.0,Grandparent
chprell0,Relationship to Person 12,18.0,Nanny/au pair
chprell0,Relationship to Person 12,19.0,Other relative
chprell0,Relationship to Person 12,20.0,Other non-relative
chprell0,Relationship to Person 12,96.0,Self
chprelm0,Relationship to Person 13,19.0,Other relative
chprelm0,Relationship to Person 13,20.0,Other non-relative
chprelm0,Relationship to Person 13,96.0,Self
chprelm0,Relationship to Person 13,-9.0,Refusal
chprelm0,Relationship to Person 13,-8.0,Don't Know
chprelm0,Relationship to Person 13,-1.0,Not applicable
chprelm0,Relationship to Person 13,1.0,Husband/Wife
chprelm0,Relationship to Person 13,2.0,Partner/Cohabitee
chprelm0,Relationship to Person 13,3.0,Natural son/daughter
chprelm0,Relationship to Person 13,4.0,Adopted son/daughter
chprelm0,Relationship to Person 13,5.0,Foster son/daughter
chprelm0,Relationship to Person 13,6.0,Step-son or step-daughter
chprelm0,Relationship to Person 13,7.0,Natural parent
chprelm0,Relationship to Person 13,8.0,Adoptive parent
chprelm0,Relationship to Person 13,9.0,Foster parent
chprelm0,Relationship to Person 13,10.0,Step-parent/partner of parent
chprelm0,Relationship to Person 13,11.0,Natural brother/Natural sister
chprelm0,Relationship to Person 13,12.0,Half-brother/Half-sister
chprelm0,Relationship to Person 13,13.0,Step-brother/Step-sister
chprelm0,Relationship to Person 13,14.0,Adopted brother/Adopted sister
chprelm0,Relationship to Person 13,15.0,Foster brother/Foster sister
chprelm0,Relationship to Person 13,16.0,Grandchild
chprelm0,Relationship to Person 13,17.0,Grandparent
chprelm0,Relationship to Person 13,18.0,Nanny/au pair
chpreln0,Relationship to Person 14,-9.0,Refusal
chpreln0,Relationship to Person 14,-8.0,Don't Know
chpreln0,Relationship to Person 14,-1.0,Not applicable
chpreln0,Relationship to Person 14,1.0,Husband/Wife
chpreln0,Relationship to Person 14,2.0,Partner/Cohabitee
chpreln0,Relationship to Person 14,3.0,Natural son/daughter
chpreln0,Relationship to Person 14,4.0,Adopted son/daughter
chpreln0,Relationship to Person 14,5.0,Foster son/daughter
chpreln0,Relationship to Person 14,6.0,Step-son or step-daughter
chpreln0,Relationship to Person 14,7.0,Natural parent
chpreln0,Relationship to Person 14,8.0,Adoptive parent
chpreln0,Relationship to Person 14,9.0,Foster parent
chpreln0,Relationship to Person 14,10.0,Step-parent/partner of parent
chpreln0,Relationship to Person 14,11.0,Natural brother/Natural sister
chpreln0,Relationship to Person 14,12.0,Half-brother/Half-sister
chpreln0,Relationship to Person 14,13.0,Step-brother/Step-sister
chpreln0,Relationship to Person 14,14.0,Adopted brother/Adopted sister
chpreln0,Relationship to Person 14,15.0,Foster brother/Foster sister
chpreln0,Relationship to Person 14,16.0,Grandchild
chpreln0,Relationship to Person 14,17.0,Grandparent
chpreln0,Relationship to Person 14,18.0,Nanny/au pair
chpreln0,Relationship to Person 14,19.0,Other relative
chpreln0,Relationship to Person 14,20.0,Other non-relative
chpreln0,Relationship to Person 14,96.0,Self
chprelo0,Relationship to Person 15,-9.0,Refusal
chprelo0,Relationship to Person 15,-8.0,Don't Know
chprelo0,Relationship to Person 15,-1.0,Not applicable
chprelo0,Relationship to Person 15,1.0,Husband/Wife
chprelo0,Relationship to Person 15,2.0,Partner/Cohabitee
chprelo0,Relationship to Person 15,3.0,Natural son/daughter
chprelo0,Relationship to Person 15,4.0,Adopted son/daughter
chprelo0,Relationship to Person 15,5.0,Foster son/daughter
chprelo0,Relationship to Person 15,6.0,Step-son or step-daughter
chprelo0,Relationship to Person 15,7.0,Natural parent
chprelo0,Relationship to Person 15,8.0,Adoptive parent
chprelo0,Relationship to Person 15,9.0,Foster parent
chprelo0,Relationship to Person 15,10.0,Step-parent/partner of parent
chprelo0,Relationship to Person 15,11.0,Natural brother/Natural sister
chprelo0,Relationship to Person 15,12.0,Half-brother/Half-sister
chprelo0,Relationship to Person 15,13.0,Step-brother/Step-sister
chprelo0,Relationship to Person 15,14.0,Adopted brother/Adopted sister
chprelo0,Relationship to Person 15,15.0,Foster brother/Foster sister
chprelo0,Relationship to Person 15,16.0,Grandchild
chprelo0,Relationship to Person 15,17.0,Grandparent
chprelo0,Relationship to Person 15,18.0,Nanny/au pair
chprelo0,Relationship to Person 15,19.0,Other relative
chprelo0,Relationship to Person 15,20.0,Other non-relative
chprelo0,Relationship to Person 15,96.0,Self
chprelp0,Relationship to Person 16,-9.0,Refusal
chprelp0,Relationship to Person 16,-8.0,Don't Know
chprelp0,Relationship to Person 16,-1.0,Not applicable
chprelp0,Relationship to Person 16,1.0,Husband/Wife
chprelp0,Relationship to Person 16,2.0,Partner/Cohabitee
chprelp0,Relationship to Person 16,3.0,Natural son/daughter
chprelp0,Relationship to Person 16,4.0,Adopted son/daughter
chprelp0,Relationship to Person 16,5.0,Foster son/daughter
chprelp0,Relationship to Person 16,6.0,Step-son or step-daughter
chprelp0,Relationship to Person 16,7.0,Natural parent
chprelp0,Relationship to Person 16,8.0,Adoptive parent
chprelp0,Relationship to Person 16,9.0,Foster parent
chprelp0,Relationship to Person 16,10.0,Step-parent/partner of parent
chprelp0,Relationship to Person 16,11.0,Natural brother/Natural sister
chprelp0,Relationship to Person 16,12.0,Half-brother/Half-sister
chprelp0,Relationship to Person 16,13.0,Step-brother/Step-sister
chprelp0,Relationship to Person 16,14.0,Adopted brother/Adopted sister
chprelp0,Relationship to Person 16,15.0,Foster brother/Foster sister
chprelp0,Relationship to Person 16,16.0,Grandchild
chprelp0,Relationship to Person 16,17.0,Grandparent
chprelp0,Relationship to Person 16,18.0,Nanny/au pair
chprelp0,Relationship to Person 16,19.0,Other relative
chprelp0,Relationship to Person 16,20.0,Other non-relative
chprelp0,Relationship to Person 16,96.0,Self
chprelq0,Relationship to Person 17,19.0,Other relative
chprelq0,Relationship to Person 17,20.0,Other non-relative
chprelq0,Relationship to Person 17,96.0,Self
chprelq0,Relationship to Person 17,-9.0,Refusal
chprelq0,Relationship to Person 17,-8.0,Don't Know
chprelq0,Relationship to Person 17,-1.0,Not applicable
chprelq0,Relationship to Person 17,1.0,Husband/Wife
chprelq0,Relationship to Person 17,2.0,Partner/Cohabitee
chprelq0,Relationship to Person 17,3.0,Natural son/daughter
chprelq0,Relationship to Person 17,4.0,Adopted son/daughter
chprelq0,Relationship to Person 17,5.0,Foster son/daughter
chprelq0,Relationship to Person 17,6.0,Step-son or step-daughter
chprelq0,Relationship to Person 17,7.0,Natural parent
chprelq0,Relationship to Person 17,8.0,Adoptive parent
chprelq0,Relationship to Person 17,9.0,Foster parent
chprelq0,Relationship to Person 17,10.0,Step-parent/partner of parent
chprelq0,Relationship to Person 17,11.0,Natural brother/Natural sister
chprelq0,Relationship to Person 17,12.0,Half-brother/Half-sister
chprelq0,Relationship to Person 17,13.0,Step-brother/Step-sister
chprelq0,Relationship to Person 17,14.0,Adopted brother/Adopted sister
chprelq0,Relationship to Person 17,15.0,Foster brother/Foster sister
chprelq0,Relationship to Person 17,16.0,Grandchild
chprelq0,Relationship to Person 17,17.0,Grandparent
chprelq0,Relationship to Person 17,18.0,Nanny/au pair
chprelr0,Relationship to Person 18,-9.0,Refusal
chprelr0,Relationship to Person 18,-8.0,Don't Know
chprelr0,Relationship to Person 18,-1.0,Not applicable
chprelr0,Relationship to Person 18,1.0,Husband/Wife
chprelr0,Relationship to Person 18,2.0,Partner/Cohabitee
chprelr0,Relationship to Person 18,3.0,Natural son/daughter
chprelr0,Relationship to Person 18,4.0,Adopted son/daughter
chprelr0,Relationship to Person 18,5.0,Foster son/daughter
chprelr0,Relationship to Person 18,6.0,Step-son or step-daughter
chprelr0,Relationship to Person 18,7.0,Natural parent
chprelr0,Relationship to Person 18,8.0,Adoptive parent
chprelr0,Relationship to Person 18,9.0,Foster parent
chprelr0,Relationship to Person 18,10.0,Step-parent/partner of parent
chprelr0,Relationship to Person 18,11.0,Natural brother/Natural sister
chprelr0,Relationship to Person 18,12.0,Half-brother/Half-sister
chprelr0,Relationship to Person 18,13.0,Step-brother/Step-sister
chprelr0,Relationship to Person 18,14.0,Adopted brother/Adopted sister
chprelr0,Relationship to Person 18,15.0,Foster brother/Foster sister
chprelr0,Relationship to Person 18,16.0,Grandchild
chprelr0,Relationship to Person 18,17.0,Grandparent
chprelr0,Relationship to Person 18,18.0,Nanny/au pair
chprelr0,Relationship to Person 18,19.0,Other relative
chprelr0,Relationship to Person 18,20.0,Other non-relative
chprelr0,Relationship to Person 18,96.0,Self
chprels0,Relationship to Person 19,-9.0,Refusal
chprels0,Relationship to Person 19,-8.0,Don't Know
chprels0,Relationship to Person 19,-1.0,Not applicable
chprels0,Relationship to Person 19,1.0,Husband/Wife
chprels0,Relationship to Person 19,2.0,Partner/Cohabitee
chprels0,Relationship to Person 19,3.0,Natural son/daughter
chprels0,Relationship to Person 19,4.0,Adopted son/daughter
chprels0,Relationship to Person 19,5.0,Foster son/daughter
chprels0,Relationship to Person 19,6.0,Step-son or step-daughter
chprels0,Relationship to Person 19,7.0,Natural parent
chprels0,Relationship to Person 19,8.0,Adoptive parent
chprels0,Relationship to Person 19,9.0,Foster parent
chprels0,Relationship to Person 19,10.0,Step-parent/partner of parent
chprels0,Relationship to Person 19,11.0,Natural brother/Natural sister
chprels0,Relationship to Person 19,12.0,Half-brother/Half-sister
chprels0,Relationship to Person 19,13.0,Step-brother/Step-sister
chprels0,Relationship to Person 19,14.0,Adopted brother/Adopted sister
chprels0,Relationship to Person 19,15.0,Foster brother/Foster sister
chprels0,Relationship to Person 19,16.0,Grandchild
chprels0,Relationship to Person 19,17.0,Grandparent
chprels0,Relationship to Person 19,18.0,Nanny/au pair
chprels0,Relationship to Person 19,19.0,Other relative
chprels0,Relationship to Person 19,20.0,Other non-relative
chprels0,Relationship to Person 19,96.0,Self
chprelt0,Relationship to Person 20,-9.0,Refusal
chprelt0,Relationship to Person 20,-8.0,Don't Know
chprelt0,Relationship to Person 20,-1.0,Not applicable
chprelt0,Relationship to Person 20,1.0,Husband/Wife
chprelt0,Relationship to Person 20,2.0,Partner/Cohabitee
chprelt0,Relationship to Person 20,3.0,Natural son/daughter
chprelt0,Relationship to Person 20,4.0,Adopted son/daughter
chprelt0,Relationship to Person 20,5.0,Foster son/daughter
chprelt0,Relationship to Person 20,6.0,Step-son or step-daughter
chprelt0,Relationship to Person 20,7.0,Natural parent
chprelt0,Relationship to Person 20,8.0,Adoptive parent
chprelt0,Relationship to Person 20,9.0,Foster parent
chprelt0,Relationship to Person 20,10.0,Step-parent/partner of parent
chprelt0,Relationship to Person 20,11.0,Natural brother/Natural sister
chprelt0,Relationship to Person 20,12.0,Half-brother/Half-sister
chprelt0,Relationship to Person 20,13.0,Step-brother/Step-sister
chprelt0,Relationship to Person 20,14.0,Adopted brother/Adopted sister
chprelt0,Relationship to Person 20,15.0,Foster brother/Foster sister
chprelt0,Relationship to Person 20,16.0,Grandchild
chprelt0,Relationship to Person 20,17.0,Grandparent
chprelt0,Relationship to Person 20,18.0,Nanny/au pair
chprelt0,Relationship to Person 20,19.0,Other relative
chprelt0,Relationship to Person 20,20.0,Other non-relative
chprelt0,Relationship to Person 20,96.0,Self
chprelu0,Relationship to Person 21,-9.0,Refusal
chprelu0,Relationship to Person 21,-8.0,Don't Know
chprelu0,Relationship to Person 21,-1.0,Not applicable
chprelu0,Relationship to Person 21,1.0,Husband/Wife
chprelu0,Relationship to Person 21,2.0,Partner/Cohabitee
chprelu0,Relationship to Person 21,3.0,Natural son/daughter
chprelu0,Relationship to Person 21,4.0,Adopted son/daughter
chprelu0,Relationship to Person 21,5.0,Foster son/daughter
chprelu0,Relationship to Person 21,6.0,Step-son or step-daughter
chprelu0,Relationship to Person 21,7.0,Natural parent
chprelu0,Relationship to Person 21,8.0,Adoptive parent
chprelu0,Relationship to Person 21,9.0,Foster parent
chprelu0,Relationship to Person 21,10.0,Step-parent/partner of parent
chprelu0,Relationship to Person 21,11.0,Natural brother/Natural sister
chprelu0,Relationship to Person 21,12.0,Half-brother/Half-sister
chprelu0,Relationship to Person 21,13.0,Step-brother/Step-sister
chprelu0,Relationship to Person 21,14.0,Adopted brother/Adopted sister
chprelu0,Relationship to Person 21,15.0,Foster brother/Foster sister
chprelu0,Relationship to Person 21,16.0,Grandchild
chprelu0,Relationship to Person 21,17.0,Grandparent
chprelu0,Relationship to Person 21,18.0,Nanny/au pair
chprelu0,Relationship to Person 21,19.0,Other relative
chprelu0,Relationship to Person 21,20.0,Other non-relative
chprelu0,Relationship to Person 21,96.0,Self
chprelv0,Relationship to Person 22,-9.0,Refusal
chprelv0,Relationship to Person 22,-8.0,Don't Know
chprelv0,Relationship to Person 22,-1.0,Not applicable
chprelv0,Relationship to Person 22,1.0,Husband/Wife
chprelv0,Relationship to Person 22,2.0,Partner/Cohabitee
chprelv0,Relationship to Person 22,3.0,Natural son/daughter
chprelv0,Relationship to Person 22,4.0,Adopted son/daughter
chprelv0,Relationship to Person 22,5.0,Foster son/daughter
chprelv0,Relationship to Person 22,6.0,Step-son or step-daughter
chprelv0,Relationship to Person 22,7.0,Natural parent
chprelv0,Relationship to Person 22,8.0,Adoptive parent
chprelv0,Relationship to Person 22,9.0,Foster parent
chprelv0,Relationship to Person 22,10.0,Step-parent/partner of parent
chprelv0,Relationship to Person 22,11.0,Natural brother/Natural sister
chprelv0,Relationship to Person 22,12.0,Half-brother/Half-sister
chprelv0,Relationship to Person 22,13.0,Step-brother/Step-sister
chprelv0,Relationship to Person 22,14.0,Adopted brother/Adopted sister
chprelv0,Relationship to Person 22,15.0,Foster brother/Foster sister
chprelv0,Relationship to Person 22,16.0,Grandchild
chprelv0,Relationship to Person 22,17.0,Grandparent
chprelv0,Relationship to Person 22,18.0,Nanny/au pair
chprelv0,Relationship to Person 22,19.0,Other relative
chprelv0,Relationship to Person 22,20.0,Other non-relative
chprelv0,Relationship to Person 22,96.0,Self
chprelw0,Relationship to Person 23,-9.0,Refusal
chprelw0,Relationship to Person 23,-8.0,Don't Know
chprelw0,Relationship to Person 23,-1.0,Not applicable
chprelw0,Relationship to Person 23,1.0,Husband/Wife
chprelw0,Relationship to Person 23,2.0,Partner/Cohabitee
chprelw0,Relationship to Person 23,3.0,Natural son/daughter
chprelw0,Relationship to Person 23,4.0,Adopted son/daughter
chprelw0,Relationship to Person 23,5.0,Foster son/daughter
chprelw0,Relationship to Person 23,6.0,Step-son or step-daughter
chprelw0,Relationship to Person 23,7.0,Natural parent
chprelw0,Relationship to Person 23,8.0,Adoptive parent
chprelw0,Relationship to Person 23,9.0,Foster parent
chprelw0,Relationship to Person 23,10.0,Step-parent/partner of parent
chprelw0,Relationship to Person 23,11.0,Natural brother/Natural sister
chprelw0,Relationship to Person 23,12.0,Half-brother/Half-sister
chprelw0,Relationship to Person 23,13.0,Step-brother/Step-sister
chprelw0,Relationship to Person 23,14.0,Adopted brother/Adopted sister
chprelw0,Relationship to Person 23,15.0,Foster brother/Foster sister
chprelw0,Relationship to Person 23,16.0,Grandchild
chprelw0,Relationship to Person 23,17.0,Grandparent
chprelw0,Relationship to Person 23,18.0,Nanny/au pair
chprelw0,Relationship to Person 23,19.0,Other relative
chprelw0,Relationship to Person 23,20.0,Other non-relative
chprelw0,Relationship to Person 23,96.0,Self
chprelx0,Relationship to Person 24,-9.0,Refusal
chprelx0,Relationship to Person 24,-8.0,Don't Know
chprelx0,Relationship to Person 24,-1.0,Not applicable
chprelx0,Relationship to Person 24,1.0,Husband/Wife
chprelx0,Relationship to Person 24,2.0,Partner/Cohabitee
chprelx0,Relationship to Person 24,3.0,Natural son/daughter
chprelx0,Relationship to Person 24,4.0,Adopted son/daughter
chprelx0,Relationship to Person 24,5.0,Foster son/daughter
chprelx0,Relationship to Person 24,6.0,Step-son or step-daughter
chprelx0,Relationship to Person 24,7.0,Natural parent
chprelx0,Relationship to Person 24,8.0,Adoptive parent
chprelx0,Relationship to Person 24,9.0,Foster parent
chprelx0,Relationship to Person 24,10.0,Step-parent/partner of parent
chprelx0,Relationship to Person 24,11.0,Natural brother/Natural sister
chprelx0,Relationship to Person 24,12.0,Half-brother/Half-sister
chprelx0,Relationship to Person 24,13.0,Step-brother/Step-sister
chprelx0,Relationship to Person 24,14.0,Adopted brother/Adopted sister
chprelx0,Relationship to Person 24,15.0,Foster brother/Foster sister
chprelx0,Relationship to Person 24,16.0,Grandchild
chprelx0,Relationship to Person 24,17.0,Grandparent
chprelx0,Relationship to Person 24,18.0,Nanny/au pair
chprelx0,Relationship to Person 24,19.0,Other relative
chprelx0,Relationship to Person 24,20.0,Other non-relative
chprelx0,Relationship to Person 24,96.0,Self
chprely0,Relationship to Person 25,-9.0,Refusal
chprely0,Relationship to Person 25,-8.0,Don't Know
chprely0,Relationship to Person 25,-1.0,Not applicable
chprely0,Relationship to Person 25,1.0,Husband/Wife
chprely0,Relationship to Person 25,2.0,Partner/Cohabitee
chprely0,Relationship to Person 25,3.0,Natural son/daughter
chprely0,Relationship to Person 25,4.0,Adopted son/daughter
chprely0,Relationship to Person 25,5.0,Foster son/daughter
chprely0,Relationship to Person 25,6.0,Step-son or step-daughter
chprely0,Relationship to Person 25,7.0,Natural parent
chprely0,Relationship to Person 25,8.0,Adoptive parent
chprely0,Relationship to Person 25,9.0,Foster parent
chprely0,Relationship to Person 25,10.0,Step-parent/partner of parent
chprely0,Relationship to Person 25,11.0,Natural brother/Natural sister
chprely0,Relationship to Person 25,12.0,Half-brother/Half-sister
chprely0,Relationship to Person 25,13.0,Step-brother/Step-sister
chprely0,Relationship to Person 25,14.0,Adopted brother/Adopted sister
chprely0,Relationship to Person 25,15.0,Foster brother/Foster sister
chprely0,Relationship to Person 25,16.0,Grandchild
chprely0,Relationship to Person 25,17.0,Grandparent
chprely0,Relationship to Person 25,18.0,Nanny/au pair
chprely0,Relationship to Person 25,19.0,Other relative
chprely0,Relationship to Person 25,20.0,Other non-relative
chprely0,Relationship to Person 25,96.0,Self
chpjob00,Is person currently in work or not,-1.0,Not applicable
chpjob00,Is person currently in work or not,1.0,Yes
chpjob00,Is person currently in work or not,2.0,No
chptpc00,Resident full-time or part-time,-1.0,Not applicable
chptpc00,Resident full-time or part-time,1.0,Yes - lives here all the time
chptpc00,Resident full-time or part-time,2.0,No - also lives somewhere else
chpsty00,When did person start living with CM (year),-1.0,Not applicable
chpstm00,When did person start living with CM (month),-2.0,Not Known
chpstm00,When did person start living with CM (month),-1.0,Not applicable
chpdcy00,When did person die (year),-2.0,Not Known
chpdcy00,When did person die (year),-1.0,Not Applicable
chpdcm00,When did person die (month),-2.0,Not known
chpdcm00,When did person die (month),-1.0,Not applicable
chpspy00,When did person stop living with CM (year),-2.0,Not Known
chpspy00,When did person stop living with CM (year),-1.0,Not Applicable
chpspm00,When did person stop living with CM (month),-2.0,Not known
chpspm00,When did person stop living with CM (month),-1.0,Not applicable
chsaoc00,Sally Anne outcome,-1.0,Not applicable
chsaoc00,Sally Anne outcome,11.0,Complete
chsaoc00,Sally Anne outcome,21.0,Partially complete
chsaoc00,Sally Anne outcome,43.0,Parent refused
chsaoc00,Sally Anne outcome,44.0,Child refused
chsaoc00,Sally Anne outcome,56.0,Other non-productive
chsaoc00,Sally Anne outcome,70.0,Sp1
chsaoc00,Sally Anne outcome,71.0,Sp2
chsaoc00,Sally Anne outcome,80.0,No child
chpsoc00,Pattern similarities outcome,-1.0,Not applicable
chpsoc00,Pattern similarities outcome,11.0,Complete
chpsoc00,Pattern similarities outcome,21.0,Partially complete
chpsoc00,Pattern similarities outcome,43.0,Parent refused
chpsoc00,Pattern similarities outcome,44.0,Child refused
chpsoc00,Pattern similarities outcome,56.0,Other non-productive
chpsoc00,Pattern similarities outcome,70.0,Sp1
chpsoc00,Pattern similarities outcome,71.0,Sp2
chpsoc00,Pattern similarities outcome,80.0,No child
chnvoc00,Naming Vocab outcome,-1.0,Not applicable
chnvoc00,Naming Vocab outcome,11.0,Complete
chnvoc00,Naming Vocab outcome,21.0,Partially complete
chnvoc00,Naming Vocab outcome,43.0,Parent refused
chnvoc00,Naming Vocab outcome,44.0,Child refused
chnvoc00,Naming Vocab outcome,56.0,Other non-productive
chnvoc00,Naming Vocab outcome,70.0,Sp1
chnvoc00,Naming Vocab outcome,71.0,Sp2
chnvoc00,Naming Vocab outcome,80.0,No child
chpcoc00,Pattern constuction outcome,-1.0,Not applicable
chpcoc00,Pattern constuction outcome,11.0,Complete
chpcoc00,Pattern constuction outcome,21.0,Partially complete
chpcoc00,Pattern constuction outcome,43.0,Parent refused
chpcoc00,Pattern constuction outcome,44.0,Child refused
chpcoc00,Pattern constuction outcome,56.0,Other non-productive
chpcoc00,Pattern constuction outcome,70.0,Sp1
chpcoc00,Pattern constuction outcome,71.0,Sp2
chpcoc00,Pattern constuction outcome,80.0,No child
chhtoc00,Height outcome,-1.0,Not applicable
chhtoc00,Height outcome,11.0,Complete
chhtoc00,Height outcome,21.0,Partially complete
chhtoc00,Height outcome,43.0,Parent refused
chhtoc00,Height outcome,44.0,Child refused
chhtoc00,Height outcome,56.0,Other non-productive
chhtoc00,Height outcome,70.0,Sp1
chhtoc00,Height outcome,71.0,Sp2
chhtoc00,Height outcome,80.0,No child
chwtoc00,Weight outcome,-1.0,Not applicable
chwtoc00,Weight outcome,11.0,Complete
chwtoc00,Weight outcome,21.0,Partially complete
chwtoc00,Weight outcome,43.0,Parent refused
chwtoc00,Weight outcome,44.0,Child refused
chwtoc00,Weight outcome,56.0,Other non-productive
chwtoc00,Weight outcome,70.0,Sp1
chwtoc00,Weight outcome,71.0,Sp2
chwtoc00,Weight outcome,80.0,No child
chwsoc00,Waist outcome,-1.0,Not applicable
chwsoc00,Waist outcome,11.0,Complete
chwsoc00,Waist outcome,21.0,Partially complete
chwsoc00,Waist outcome,43.0,Parent refused
chwsoc00,Waist outcome,44.0,Child refused
chwsoc00,Waist outcome,56.0,Other non-productive
chwsoc00,Waist outcome,70.0,Sp1
chwsoc00,Waist outcome,71.0,Sp2
chwsoc00,Waist outcome,80.0,No child
avail_from_dt,,,
mcs_llc_fid_e,Encrypted Family/Household anonymised ID for LLC,,
