variable_name,variable_label,value_value,value_label
study_id_e,,,
pnum,Cohort Member number within an MCS family,1.0,1st Cohort Member of the family
pnum,Cohort Member number within an MCS family,2.0,2nd Cohort Member of the family
pnum,Cohort Member number within an MCS family,3.0,3rd Cohort Member of the family
bcmeas00,DV Child Measurements completed,0.0,No measurements
bcmeas00,DV Child Measurements completed,1.0,Both height and weight
bcmeas00,DV Child Measurements completed,2.0,Weight only
bcmeas00,DV Child Measurements completed,3.0,Height only
bchser00,PHYS Serial number of heigth equipment,-2.0,No Measurement taken
bchser00,PHYS Serial number of heigth equipment,-1.0,Not applicable
bchser00,PHYS Serial number of heigth equipment,0.0,non-existent serial no
bchpou00,PHYS Parental outcome (height),-2.0,No Measurement taken
bchpou00,PHYS Parental outcome (height),-1.0,Not applicable
bchpou00,PHYS Parental outcome (height),1.0,Parent accepted
bchpou00,PHYS Parental outcome (height),2.0,Parent refused - specify reason
bchcou00,PHYS Child outcome (height),-2.0,No Measurement taken
bchcou00,PHYS Child outcome (height),-1.0,Not applicable
bchcou00,PHYS Child outcome (height),1.0,Child accepted
bchcou00,PHYS Child outcome (height),2.0,Child refused - specify reason
bchcou00,PHYS Child outcome (height),3.0,Child unable to be measured - specify r
bcbkht00,PHYS Ask to see Red Book for last height measurement,-9.0,Refused
bcbkht00,PHYS Ask to see Red Book for last height measurement,-2.0,No Measurement taken
bcbkht00,PHYS Ask to see Red Book for last height measurement,-1.0,Not applicable
bcbkht00,PHYS Ask to see Red Book for last height measurement,1.0,Yes (Enter height in nearest cm to near
bcbkht00,PHYS Ask to see Red Book for last height measurement,2.0,Not got Red Book/not in Red Book
bchtcm00,PHYS Child's standing height (cm),-2.0,No Measurement taken
bchtcm00,PHYS Child's standing height (cm),-1.0,Not answered / missing
bchtmm00,PHYS Child's standing height (mm),-2.0,No Measurement taken
bchtmm00,PHYS Child's standing height (mm),-1.0,Not answered / missing
bchcmc00,DV Height (cm) after cleaning,-2.0,No Measurement taken
bchcmc00,DV Height (cm) after cleaning,-1.0,Not answered / missing
bchmmc00,DV Height (mm) after cleaning,-2.0,No Measurement taken
bchmmc00,DV Height (mm) after cleaning,-1.0,Not answered / missing
bchtoc00,DV Outcome of height measurement,-2.0,No Measurement taken
bchtoc00,DV Outcome of height measurement,-1.0,Not applicable
bchtoc00,DV Outcome of height measurement,1.0,"Child's height given, and marked succes"
bchtoc00,DV Outcome of height measurement,2.0,Height given but not marked successful
bchtoc00,DV Outcome of height measurement,3.0,Historic height taken from Red Book; da
bchtoc00,DV Outcome of height measurement,4.0,Historic height taken from Red Book; no
bchtoc00,DV Outcome of height measurement,5.0,Historic height and date given; refused
bchtoc00,DV Outcome of height measurement,6.0,Historic height and date given; did not
bchtoc00,DV Outcome of height measurement,7.0,No height given
bchtam00,DV Amended height data according to interviewer notes,-2.0,No Measurement taken
bchtam00,DV Amended height data according to interviewer notes,-1.0,Not applicable
bchtam00,DV Amended height data according to interviewer notes,0.0,No amendments made
bchtam00,DV Amended height data according to interviewer notes,1.0,Amended
bchbkd00,PHYS Date of height measurement from Red Book (day),-2.0,No Measurement taken
bchbkd00,PHYS Date of height measurement from Red Book (day),-1.0,Not applicable / missing
bchbkm00,PHYS Date of height measurement from Red Book (month),-2.0,No Measurement taken
bchbkm00,PHYS Date of height measurement from Red Book (month),-1.0,Not applicable / missing
bchbky00,PHYS Date of height measurement from Red Book (year),-2.0,No Measurement taken
bchbky00,PHYS Date of height measurement from Red Book (year),-1.0,Not applicable / missing
bchtat00,PHYS Number of attempts to take measurement,-2.0,No Measurement taken
bchtat00,PHYS Number of attempts to take measurement,-1.0,Not answered / missing
bchttm00,PHYS Time measurement was taken (hours),-2.0,No Measurement taken
bchttm00,PHYS Time measurement was taken (hours),-1.0,Not answered / missing
bchtim00,PHYS Time measurement was taken (minutes),-2.0,No Measurement taken
bchtim00,PHYS Time measurement was taken (minutes),-1.0,Not applicable
bchtrl0a,PHYS Circumstances applicable: Successful measurement,-2.0,No Measurement taken
bchtrl0a,PHYS Circumstances applicable: Successful measurement,-1.0,Not answered / missing
bchtrl0a,PHYS Circumstances applicable: Successful measurement,0.0,No
bchtrl0a,PHYS Circumstances applicable: Successful measurement,1.0,Yes
bchtrl0b,PHYS Circumstances applicable: Hairstyle MC2,-2.0,No Measurement taken
bchtrl0b,PHYS Circumstances applicable: Hairstyle MC2,-1.0,Not answered / missing
bchtrl0b,PHYS Circumstances applicable: Hairstyle MC2,0.0,No
bchtrl0b,PHYS Circumstances applicable: Hairstyle MC2,1.0,Yes
bchtrl0c,PHYS Circumstances applicable: Turban MC3,-2.0,No Measurement taken
bchtrl0c,PHYS Circumstances applicable: Turban MC3,-1.0,Not answered / missing
bchtrl0c,PHYS Circumstances applicable: Turban MC3,0.0,No
bchtrl0c,PHYS Circumstances applicable: Turban MC3,1.0,Yes
bchtrl0d,PHYS Circumstances applicable: Back not straight MC4,-2.0,No Measurement taken
bchtrl0d,PHYS Circumstances applicable: Back not straight MC4,-1.0,Not answered / missing
bchtrl0d,PHYS Circumstances applicable: Back not straight MC4,0.0,No
bchtrl0d,PHYS Circumstances applicable: Back not straight MC4,1.0,Yes
bchtrl0e,PHYS Circumstances applicable: Legs not straight MC5,-2.0,No Measurement taken
bchtrl0e,PHYS Circumstances applicable: Legs not straight MC5,-1.0,Not answered / missing
bchtrl0e,PHYS Circumstances applicable: Legs not straight MC5,0.0,No
bchtrl0e,PHYS Circumstances applicable: Legs not straight MC5,1.0,Yes
bchtrl0f,PHYS Circumstances applicable: Unable to stand still,-2.0,No Measurement taken
bchtrl0f,PHYS Circumstances applicable: Unable to stand still,-1.0,Not answered / missing
bchtrl0f,PHYS Circumstances applicable: Unable to stand still,0.0,No
bchtrl0f,PHYS Circumstances applicable: Unable to stand still,1.0,Yes
bchtel00,PHYS Anything else we need to know about measurement,-2.0,No Measurement taken
bchtel00,PHYS Anything else we need to know about measurement,-1.0,Not answered / missing
bchtel00,PHYS Anything else we need to know about measurement,1.0,Yes - Please specify
bchtel00,PHYS Anything else we need to know about measurement,2.0,No
bcwser00,PHYS Serial number on scales,-2.0,No Measurement taken
bcwser00,PHYS Serial number on scales,-1.0,Not applicable
bcwser00,PHYS Serial number on scales,0.0,non-existent serial no
bcwpou00,PHYS Parental outcome (weight),-2.0,No Measurement taken
bcwpou00,PHYS Parental outcome (weight),-1.0,Not applicable
bcwpou00,PHYS Parental outcome (weight),1.0,Parent accepted
bcwpou00,PHYS Parental outcome (weight),2.0,Parent refused - specify reason
bcwcou00,PHYS Child outcome (weight),-2.0,No Measurement taken
bcwcou00,PHYS Child outcome (weight),-1.0,Not applicable
bcwcou00,PHYS Child outcome (weight),1.0,Child accepted
bcwcou00,PHYS Child outcome (weight),2.0,Child refused - specify reason
bcwcou00,PHYS Child outcome (weight),3.0,Child unable to be weighed - specify re
bcbkwt00,PHYS Ask to see Red Book for last weight measurement,-9.0,Refused
bcbkwt00,PHYS Ask to see Red Book for last weight measurement,-2.0,No Measurement taken
bcbkwt00,PHYS Ask to see Red Book for last weight measurement,-1.0,Not applicable
bcbkwt00,PHYS Ask to see Red Book for last weight measurement,0.0,Yes  (Enter weight in kg as recorded in
bcbkwt00,PHYS Ask to see Red Book for last weight measurement,1.0,Not got red book/not in red book
bcwtkm00,PHYS Weight (kg),-2.0,No Measurement taken
bcwtkm00,PHYS Weight (kg),-1.0,Not applicable
bcwtgm00,PHYS Weight (100g),-2.0,No Measurement taken
bcwtgm00,PHYS Weight (100g),-1.0,Not applicable
bcwtkc00,DV Weight (kg) after cleaning,-2.0,No Measurement taken
bcwtkc00,DV Weight (kg) after cleaning,-1.0,Not answered / missing
bcwtgc00,DV Weight (100g) after cleaning,-2.0,No Measurement taken
bcwtgc00,DV Weight (100g) after cleaning,-1.0,Not answered / missing
bcwtoc00,DV Outcome for weight measurement,-2.0,No Measurement taken
bcwtoc00,DV Outcome for weight measurement,-1.0,Not applicable
bcwtoc00,DV Outcome for weight measurement,1.0,Child weighed
bcwtoc00,DV Outcome for weight measurement,2.0,Weight taken from Red Book; date given
bcwtoc00,DV Outcome for weight measurement,3.0,Weight taken from Red Book; no date giv
bcwtoc00,DV Outcome for weight measurement,4.0,No weight given
bcwtam00,DV Amended weight data according to interviewer notes,-2.0,No Measurement taken
bcwtam00,DV Amended weight data according to interviewer notes,-1.0,Not applicable
bcwtam00,DV Amended weight data according to interviewer notes,0.0,No amendments made
bcwtam00,DV Amended weight data according to interviewer notes,1.0,Amended
bcwbkd00,PHYS Date of weight measurement from Red Book (day),-2.0,No Measurement taken
bcwbkd00,PHYS Date of weight measurement from Red Book (day),-1.0,Not applicable
bcwbkm00,PHYS Date of weight measurement from Red Book (month),-2.0,No Measurement taken
bcwbkm00,PHYS Date of weight measurement from Red Book (month),-1.0,Not applicable
bcwbky00,PHYS Date of weight measurement from Red Book (year),-2.0,No Measurement taken
bcwbky00,PHYS Date of weight measurement from Red Book (year),-1.0,Not applicable
bcchkw00,PHYS Weight check,-1.0,Not applicable
bcchkw00,PHYS Weight check,1.0,Yes - CORRECT
bcchkw00,PHYS Weight check,2.0,"No - INCORRECT, amend answer"
bcwtat00,PHYS Number of attempts to take measurement,-2.0,No Measurement taken
bcwtat00,PHYS Number of attempts to take measurement,-1.0,Not answered / missing
bcwtih00,PHYS Time measurement was taken (hours),-2.0,No Measurement taken
bcwtih00,PHYS Time measurement was taken (hours),-1.0,Not answered / missing
bcwtim00,PHYS Time measurement was taken (minutes),-2.0,No Measurement taken
bcwtim00,PHYS Time measurement was taken (minutes),-1.0,Not answered / missing
bcwtsc00,PHYS Scales on uneven floor or carpet,-2.0,No Measurement taken
bcwtsc00,PHYS Scales on uneven floor or carpet,-1.0,Not answered / missing
bcwtsc00,PHYS Scales on uneven floor or carpet,1.0,Yes - uneven floor
bcwtsc00,PHYS Scales on uneven floor or carpet,2.0,Yes - carpet
bcwtsc00,PHYS Scales on uneven floor or carpet,3.0,No - neither
bcwadu00,PHYS Measurement with adult,-2.0,No Measurement taken
bcwadu00,PHYS Measurement with adult,-1.0,Not answered / missing
bcwadu00,PHYS Measurement with adult,1.0,Yes
bcwadu00,PHYS Measurement with adult,2.0,No
bcwtrl0a,PHYS Circumstances affecting weight: Wearing shoes etc MC1,-2.0,No Measurement taken
bcwtrl0a,PHYS Circumstances affecting weight: Wearing shoes etc MC1,-1.0,Not answered / missing
bcwtrl0a,PHYS Circumstances affecting weight: Wearing shoes etc MC1,0.0,No
bcwtrl0a,PHYS Circumstances affecting weight: Wearing shoes etc MC1,1.0,Yes
bcwtrl0b,PHYS Circumstances affecting weight: Plaster cast (arm) MC2,-2.0,No Measurement taken
bcwtrl0b,PHYS Circumstances affecting weight: Plaster cast (arm) MC2,-1.0,Not answered / missing
bcwtrl0b,PHYS Circumstances affecting weight: Plaster cast (arm) MC2,0.0,No
bcwtrl0b,PHYS Circumstances affecting weight: Plaster cast (arm) MC2,1.0,Yes
bcwtrl0c,PHYS Circumstances affecting weight: Plaster cast (leg) MC3,-2.0,No Measurement taken
bcwtrl0c,PHYS Circumstances affecting weight: Plaster cast (leg) MC3,-1.0,Not answered / missing
bcwtrl0c,PHYS Circumstances affecting weight: Plaster cast (leg) MC3,0.0,No
bcwtrl0c,PHYS Circumstances affecting weight: Plaster cast (leg) MC3,1.0,Yes
bcwtrl0d,PHYS Circumstances affecting weight: None MC4,-2.0,No Measurement taken
bcwtrl0d,PHYS Circumstances affecting weight: None MC4,-1.0,Not answered / missing
bcwtrl0d,PHYS Circumstances affecting weight: None MC4,0.0,No
bcwtrl0d,PHYS Circumstances affecting weight: None MC4,1.0,Yes
bcwtel00,PHYS Anything else we need to know about this weight,-2.0,No Measurement taken
bcwtel00,PHYS Anything else we need to know about this weight,-1.0,Not answered / missing
bcwtel00,PHYS Anything else we need to know about this weight,1.0,Yes - Please specify
bcwtel00,PHYS Anything else we need to know about this weight,2.0,No
bchtmt00,DV Cohort Member Height in metres where bdhtoc00 equal,-1.0,Not applicable
bcwtkl00,DV Cohort Member Weight in kilos where bdwtoc00=1,-1.0,Not applicable
bcbmin00,DV Cohort Member BMI according to present weight,-1.0,Insuficient data to calculate BMI
bobflag2,Overweight/obesity flag for MCS2,-7.0,Not present at MCS2
bobflag2,Overweight/obesity flag for MCS2,-1.0,Some or all height/weight/age missing
bobflag2,Overweight/obesity flag for MCS2,0.0,Normal weight
bobflag2,Overweight/obesity flag for MCS2,1.0,Overweight
bobflag2,Overweight/obesity flag for MCS2,2.0,Obese
bflaght0,Flagged implausible height values,1.0,implausible
bglagwt0,Flagged implausible weight values,1.0,implausible
avail_from_dt,,,
mcs_llc_fid_e,Encrypted Family/Household anonymised ID for LLC,,
