variable_name,variable_label,value_value,value_label
study_id_e,,,
pnum,Person Number for Main or Partner respondent,-1.0,Not applicable
felig00,Eligibility for interview (Main / (Proxy)Partner respondent role),-1.0,Not applicable
felig00,Eligibility for interview (Main / (Proxy)Partner respondent role),1.0,Main Interview
felig00,Eligibility for interview (Main / (Proxy)Partner respondent role),2.0,Partner Interview
felig00,Eligibility for interview (Main / (Proxy)Partner respondent role),3.0,Proxy Interview
felig00,Eligibility for interview (Main / (Proxy)Partner respondent role),4.0,Not eligible
fresp00,Response in survey: Whether respondent (of ELIG) participated in interview,-1.0,Not applicable
fresp00,Response in survey: Whether respondent (of ELIG) participated in interview,1.0,Main Interview
fresp00,Response in survey: Whether respondent (of ELIG) participated in interview,2.0,Partner Interview
fresp00,Response in survey: Whether respondent (of ELIG) participated in interview,3.0,Proxy Interview
fresp00,Response in survey: Whether respondent (of ELIG) participated in interview,4.0,No interview
fpversc0,CogAssm_IWinf - Script version,-1.0,Not applicable
fplscsc0,CogAssm_IWinf - Interview length in seconds,-1.0,Not applicable
fplmnsc0,CogAssm_IWinf - Interview length in minutes,-1.0,Not applicable
fplmbdc0,CogAssm_IWinf - Interview length in minutes banded,-1.0,Not applicable
fplmbdc0,CogAssm_IWinf - Interview length in minutes banded,1.0,Less than 30 seconds
fplmbdc0,CogAssm_IWinf - Interview length in minutes banded,2.0,30 seconds to 1 minute
fplmbdc0,CogAssm_IWinf - Interview length in minutes banded,3.0,1 to <2 minutes
fplmbdc0,CogAssm_IWinf - Interview length in minutes banded,4.0,2 to <3 minutes
fplmbdc0,CogAssm_IWinf - Interview length in minutes banded,5.0,3 to <4 minutes
fplmbdc0,CogAssm_IWinf - Interview length in minutes banded,6.0,4 to <5 minutes
fplmbdc0,CogAssm_IWinf - Interview length in minutes banded,7.0,5 to <6 minutes
fplmbdc0,CogAssm_IWinf - Interview length in minutes banded,8.0,6 to <7 minutes
fplmbdc0,CogAssm_IWinf - Interview length in minutes banded,9.0,7 to <8 minutes
fplmbdc0,CogAssm_IWinf - Interview length in minutes banded,10.0,8 to <9 minutes
fplmbdc0,CogAssm_IWinf - Interview length in minutes banded,11.0,9 to <10 minutes
fplmbdc0,CogAssm_IWinf - Interview length in minutes banded,12.0,10 to <11 minutes
fplmbdc0,CogAssm_IWinf - Interview length in minutes banded,13.0,11 to <12 minutes
fplmbdc0,CogAssm_IWinf - Interview length in minutes banded,14.0,12 to <13 minutes
fplmbdc0,CogAssm_IWinf - Interview length in minutes banded,15.0,13 to <14 minutes
fplmbdc0,CogAssm_IWinf - Interview length in minutes banded,16.0,14 to <15 minutes
fplmbdc0,CogAssm_IWinf - Interview length in minutes banded,17.0,15 to <16 minutes
fplmbdc0,CogAssm_IWinf - Interview length in minutes banded,18.0,16 to <17 minutes
fplmbdc0,CogAssm_IWinf - Interview length in minutes banded,19.0,17 to <18 minutes
fplmbdc0,CogAssm_IWinf - Interview length in minutes banded,20.0,18 to <19 minutes
fplmbdc0,CogAssm_IWinf - Interview length in minutes banded,21.0,19 to <20 minutes
fplmbdc0,CogAssm_IWinf - Interview length in minutes banded,22.0,20 to <25 minutes
fplmbdc0,CogAssm_IWinf - Interview length in minutes banded,23.0,25 to <30 minutes
fplmbdc0,CogAssm_IWinf - Interview length in minutes banded,24.0,30 minutes or over
fpsessc0,CogAssm_IWinf - Number of sessions,-1.0,Not applicable
fpz1con0,CogAssm_IWinf - Written consent for word activity: MAIN/PARTNER,-1.0,Not applicable
fpz1con0,CogAssm_IWinf - Written consent for word activity: MAIN/PARTNER,1.0,"Yes, consent given"
fpz1con0,CogAssm_IWinf - Written consent for word activity: MAIN/PARTNER,2.0,"No, consent not given"
fpvtcon0,IWR: Check respondent is willing to complete Word Activity,-1.0,Not applicable
fpvtcon0,IWR: Check respondent is willing to complete Word Activity,1.0,MAIN/PARTNER is willing to complete Wor
fpvtcon0,IWR: Check respondent is willing to complete Word Activity,2.0,SPONTANEOUS ONLY - Word Activity refuse
fpvtsur0,IWR: Check that respondent refused to complete word activity,-1.0,Not applicable
fpvtsur0,IWR: Check that respondent refused to complete word activity,1.0,Yes
fpvtsur0,IWR: Check that respondent refused to complete word activity,2.0,No
fpmcog0a,MAIN Cognitive Test: 1 MOAN,-1.0,Not applicable
fpmcog0a,MAIN Cognitive Test: 1 MOAN,1.0,wail (correct answer)
fpmcog0a,MAIN Cognitive Test: 1 MOAN,2.0,profit
fpmcog0a,MAIN Cognitive Test: 1 MOAN,3.0,self
fpmcog0a,MAIN Cognitive Test: 1 MOAN,4.0,yield
fpmcog0a,MAIN Cognitive Test: 1 MOAN,5.0,low
fpmcog0a,MAIN Cognitive Test: 1 MOAN,6.0,No answer
fpmcog0a,MAIN Cognitive Test: 1 MOAN,7.0,Respondent completed wrong activity
fpmcog0b,MAIN Cognitive Test: 2 DISCIPLINE,-1.0,Not applicable
fpmcog0b,MAIN Cognitive Test: 2 DISCIPLINE,1.0,follower
fpmcog0b,MAIN Cognitive Test: 2 DISCIPLINE,2.0,oval
fpmcog0b,MAIN Cognitive Test: 2 DISCIPLINE,3.0,residence
fpmcog0b,MAIN Cognitive Test: 2 DISCIPLINE,4.0,hero
fpmcog0b,MAIN Cognitive Test: 2 DISCIPLINE,5.0,control (correct answer)
fpmcog0b,MAIN Cognitive Test: 2 DISCIPLINE,6.0,No answer
fpmcog0b,MAIN Cognitive Test: 2 DISCIPLINE,7.0,Respondent completed wrong activity
fpmcog0c,MAIN Cognitive Test: 3 FAULT,-1.0,Not applicable
fpmcog0c,MAIN Cognitive Test: 3 FAULT,1.0,willing
fpmcog0c,MAIN Cognitive Test: 3 FAULT,2.0,poor
fpmcog0c,MAIN Cognitive Test: 3 FAULT,3.0,broken
fpmcog0c,MAIN Cognitive Test: 3 FAULT,4.0,steady
fpmcog0c,MAIN Cognitive Test: 3 FAULT,5.0,defect (correct answer)
fpmcog0c,MAIN Cognitive Test: 3 FAULT,6.0,No answer
fpmcog0c,MAIN Cognitive Test: 3 FAULT,7.0,Respondent completed wrong activity
fpmcog0d,MAIN Cognitive Test: 4 INACCURATE,-1.0,Not applicable
fpmcog0d,MAIN Cognitive Test: 4 INACCURATE,1.0,erroneous (correct answer)
fpmcog0d,MAIN Cognitive Test: 4 INACCURATE,2.0,mystic
fpmcog0d,MAIN Cognitive Test: 4 INACCURATE,3.0,severed
fpmcog0d,MAIN Cognitive Test: 4 INACCURATE,4.0,precise
fpmcog0d,MAIN Cognitive Test: 4 INACCURATE,5.0,count
fpmcog0d,MAIN Cognitive Test: 4 INACCURATE,6.0,No answer
fpmcog0d,MAIN Cognitive Test: 4 INACCURATE,7.0,Respondent completed wrong activity
fpmcog0e,MAIN Cognitive Test: 5 REPEL,-1.0,Not applicable
fpmcog0e,MAIN Cognitive Test: 5 REPEL,1.0,resist (correct answer)
fpmcog0e,MAIN Cognitive Test: 5 REPEL,2.0,portray
fpmcog0e,MAIN Cognitive Test: 5 REPEL,3.0,displace
fpmcog0e,MAIN Cognitive Test: 5 REPEL,4.0,repeat
fpmcog0e,MAIN Cognitive Test: 5 REPEL,5.0,avid
fpmcog0e,MAIN Cognitive Test: 5 REPEL,6.0,No answer
fpmcog0e,MAIN Cognitive Test: 5 REPEL,7.0,Respondent completed wrong activity
fpmcog0f,MAIN Cognitive Test: 6 PERILOUS,-1.0,Not applicable
fpmcog0f,MAIN Cognitive Test: 6 PERILOUS,1.0,jewelled
fpmcog0f,MAIN Cognitive Test: 6 PERILOUS,2.0,maritime
fpmcog0f,MAIN Cognitive Test: 6 PERILOUS,3.0,convenient
fpmcog0f,MAIN Cognitive Test: 6 PERILOUS,4.0,dangerous (correct answer)
fpmcog0f,MAIN Cognitive Test: 6 PERILOUS,5.0,aghast
fpmcog0f,MAIN Cognitive Test: 6 PERILOUS,6.0,No answer
fpmcog0f,MAIN Cognitive Test: 6 PERILOUS,7.0,Respondent completed wrong activity
fpmcog0g,MAIN Cognitive Test: 7 DIFFERENTIATE,-1.0,Not applicable
fpmcog0g,MAIN Cognitive Test: 7 DIFFERENTIATE,1.0,exclude
fpmcog0g,MAIN Cognitive Test: 7 DIFFERENTIATE,2.0,ascent
fpmcog0g,MAIN Cognitive Test: 7 DIFFERENTIATE,3.0,attribute
fpmcog0g,MAIN Cognitive Test: 7 DIFFERENTIATE,4.0,distinguish (correct answer)
fpmcog0g,MAIN Cognitive Test: 7 DIFFERENTIATE,5.0,overt
fpmcog0g,MAIN Cognitive Test: 7 DIFFERENTIATE,6.0,No answer
fpmcog0g,MAIN Cognitive Test: 7 DIFFERENTIATE,7.0,Respondent completed wrong activity
fpmcog0h,MAIN Cognitive Test: 8 FEASIBLE,-1.0,Not applicable
fpmcog0h,MAIN Cognitive Test: 8 FEASIBLE,1.0,timid
fpmcog0h,MAIN Cognitive Test: 8 FEASIBLE,2.0,parent
fpmcog0h,MAIN Cognitive Test: 8 FEASIBLE,3.0,practicable (correct answer)
fpmcog0h,MAIN Cognitive Test: 8 FEASIBLE,4.0,distant
fpmcog0h,MAIN Cognitive Test: 8 FEASIBLE,5.0,hope
fpmcog0h,MAIN Cognitive Test: 8 FEASIBLE,6.0,No answer
fpmcog0h,MAIN Cognitive Test: 8 FEASIBLE,7.0,Respondent completed wrong activity
fpmcog0i,MAIN Cognitive Test: 9 BENEVOLENT,-1.0,Not applicable
fpmcog0i,MAIN Cognitive Test: 9 BENEVOLENT,1.0,keen
fpmcog0i,MAIN Cognitive Test: 9 BENEVOLENT,2.0,charitable (correct answer)
fpmcog0i,MAIN Cognitive Test: 9 BENEVOLENT,3.0,excellent
fpmcog0i,MAIN Cognitive Test: 9 BENEVOLENT,4.0,modern
fpmcog0i,MAIN Cognitive Test: 9 BENEVOLENT,5.0,initial
fpmcog0i,MAIN Cognitive Test: 9 BENEVOLENT,6.0,No answer
fpmcog0i,MAIN Cognitive Test: 9 BENEVOLENT,7.0,Respondent completed wrong activity
fpmcog0j,MAIN Cognitive Test: 10 OMINOUS,-1.0,Not applicable
fpmcog0j,MAIN Cognitive Test: 10 OMINOUS,1.0,threatening (correct answer)
fpmcog0j,MAIN Cognitive Test: 10 OMINOUS,2.0,auspicious
fpmcog0j,MAIN Cognitive Test: 10 OMINOUS,3.0,comprehensive
fpmcog0j,MAIN Cognitive Test: 10 OMINOUS,4.0,dilatory
fpmcog0j,MAIN Cognitive Test: 10 OMINOUS,5.0,amorphous
fpmcog0j,MAIN Cognitive Test: 10 OMINOUS,6.0,No answer
fpmcog0j,MAIN Cognitive Test: 10 OMINOUS,7.0,Respondent completed wrong activity
fpmcog0k,MAIN Cognitive Test: 11 TENUOUS,-1.0,Not applicable
fpmcog0k,MAIN Cognitive Test: 11 TENUOUS,1.0,small
fpmcog0k,MAIN Cognitive Test: 11 TENUOUS,2.0,slender (correct answer)
fpmcog0k,MAIN Cognitive Test: 11 TENUOUS,3.0,flowery
fpmcog0k,MAIN Cognitive Test: 11 TENUOUS,4.0,heavy
fpmcog0k,MAIN Cognitive Test: 11 TENUOUS,5.0,decimal
fpmcog0k,MAIN Cognitive Test: 11 TENUOUS,6.0,No answer
fpmcog0k,MAIN Cognitive Test: 11 TENUOUS,7.0,Respondent completed wrong activity
fpmcog0l,MAIN Cognitive Test: 12 ASSENT,-1.0,Not applicable
fpmcog0l,MAIN Cognitive Test: 12 ASSENT,1.0,agreement (correct answer)
fpmcog0l,MAIN Cognitive Test: 12 ASSENT,2.0,ritual
fpmcog0l,MAIN Cognitive Test: 12 ASSENT,3.0,climb
fpmcog0l,MAIN Cognitive Test: 12 ASSENT,4.0,odour
fpmcog0l,MAIN Cognitive Test: 12 ASSENT,5.0,prevent
fpmcog0l,MAIN Cognitive Test: 12 ASSENT,6.0,No answer
fpmcog0l,MAIN Cognitive Test: 12 ASSENT,7.0,Respondent completed wrong activity
fpmcog0m,MAIN Cognitive Test: 13 SONOROUS,-1.0,Not applicable
fpmcog0m,MAIN Cognitive Test: 13 SONOROUS,1.0,sleepy
fpmcog0m,MAIN Cognitive Test: 13 SONOROUS,2.0,resonant (correct answer)
fpmcog0m,MAIN Cognitive Test: 13 SONOROUS,3.0,docile
fpmcog0m,MAIN Cognitive Test: 13 SONOROUS,4.0,simile
fpmcog0m,MAIN Cognitive Test: 13 SONOROUS,5.0,averse
fpmcog0m,MAIN Cognitive Test: 13 SONOROUS,6.0,No answer
fpmcog0m,MAIN Cognitive Test: 13 SONOROUS,7.0,Respondent completed wrong activity
fpmcog0n,MAIN Cognitive Test: 14 SOPORIFIC,-1.0,Not applicable
fpmcog0n,MAIN Cognitive Test: 14 SOPORIFIC,1.0,dye
fpmcog0n,MAIN Cognitive Test: 14 SOPORIFIC,2.0,moribund
fpmcog0n,MAIN Cognitive Test: 14 SOPORIFIC,3.0,sporadic
fpmcog0n,MAIN Cognitive Test: 14 SOPORIFIC,4.0,sleepy (correct answer)
fpmcog0n,MAIN Cognitive Test: 14 SOPORIFIC,5.0,bribery
fpmcog0n,MAIN Cognitive Test: 14 SOPORIFIC,6.0,No answer
fpmcog0n,MAIN Cognitive Test: 14 SOPORIFIC,7.0,Respondent completed wrong activity
fpmcog0o,MAIN Cognitive Test: 15 NOMENCLATURE,-1.0,Not applicable
fpmcog0o,MAIN Cognitive Test: 15 NOMENCLATURE,1.0,emetic
fpmcog0o,MAIN Cognitive Test: 15 NOMENCLATURE,2.0,terminology (correct answer)
fpmcog0o,MAIN Cognitive Test: 15 NOMENCLATURE,3.0,masculine
fpmcog0o,MAIN Cognitive Test: 15 NOMENCLATURE,4.0,ethnology
fpmcog0o,MAIN Cognitive Test: 15 NOMENCLATURE,5.0,solecism
fpmcog0o,MAIN Cognitive Test: 15 NOMENCLATURE,6.0,No answer
fpmcog0o,MAIN Cognitive Test: 15 NOMENCLATURE,7.0,Respondent completed wrong activity
fpmcog0p,MAIN Cognitive Test: 16 PRETENTIOUS,-1.0,Not applicable
fpmcog0p,MAIN Cognitive Test: 16 PRETENTIOUS,1.0,sham
fpmcog0p,MAIN Cognitive Test: 16 PRETENTIOUS,2.0,clever
fpmcog0p,MAIN Cognitive Test: 16 PRETENTIOUS,3.0,concealed
fpmcog0p,MAIN Cognitive Test: 16 PRETENTIOUS,4.0,showy (correct answer)
fpmcog0p,MAIN Cognitive Test: 16 PRETENTIOUS,5.0,abusive
fpmcog0p,MAIN Cognitive Test: 16 PRETENTIOUS,6.0,No answer
fpmcog0p,MAIN Cognitive Test: 16 PRETENTIOUS,7.0,Respondent completed wrong activity
fpmcog0q,MAIN Cognitive Test: 17 UBIQUITOUS,-1.0,Not applicable
fpmcog0q,MAIN Cognitive Test: 17 UBIQUITOUS,1.0,omnipresent (correct answer)
fpmcog0q,MAIN Cognitive Test: 17 UBIQUITOUS,2.0,perdition
fpmcog0q,MAIN Cognitive Test: 17 UBIQUITOUS,3.0,adduce
fpmcog0q,MAIN Cognitive Test: 17 UBIQUITOUS,4.0,muddy
fpmcog0q,MAIN Cognitive Test: 17 UBIQUITOUS,5.0,viscous
fpmcog0q,MAIN Cognitive Test: 17 UBIQUITOUS,6.0,No answer
fpmcog0q,MAIN Cognitive Test: 17 UBIQUITOUS,7.0,Respondent completed wrong activity
fpmcog0r,MAIN Cognitive Test: 18 SUSTAIN,-1.0,Not applicable
fpmcog0r,MAIN Cognitive Test: 18 SUSTAIN,1.0,mark
fpmcog0r,MAIN Cognitive Test: 18 SUSTAIN,2.0,fight
fpmcog0r,MAIN Cognitive Test: 18 SUSTAIN,3.0,nourish (correct answer)
fpmcog0r,MAIN Cognitive Test: 18 SUSTAIN,4.0,ignoble
fpmcog0r,MAIN Cognitive Test: 18 SUSTAIN,5.0,pursue
fpmcog0r,MAIN Cognitive Test: 18 SUSTAIN,6.0,No answer
fpmcog0r,MAIN Cognitive Test: 18 SUSTAIN,7.0,Respondent completed wrong activity
fpmcog0s,MAIN Cognitive Test: 19 PRINCIPLE,-1.0,Not applicable
fpmcog0s,MAIN Cognitive Test: 19 PRINCIPLE,1.0,conviction (correct answer)
fpmcog0s,MAIN Cognitive Test: 19 PRINCIPLE,2.0,chief
fpmcog0s,MAIN Cognitive Test: 19 PRINCIPLE,3.0,smallest
fpmcog0s,MAIN Cognitive Test: 19 PRINCIPLE,4.0,corrosion
fpmcog0s,MAIN Cognitive Test: 19 PRINCIPLE,5.0,governor
fpmcog0s,MAIN Cognitive Test: 19 PRINCIPLE,6.0,No answer
fpmcog0s,MAIN Cognitive Test: 19 PRINCIPLE,7.0,Respondent completed wrong activity
fpmcog0t,MAIN Cognitive Test: 20 SENSUAL,-1.0,Not applicable
fpmcog0t,MAIN Cognitive Test: 20 SENSUAL,1.0,clever
fpmcog0t,MAIN Cognitive Test: 20 SENSUAL,2.0,carnal (correct answer)
fpmcog0t,MAIN Cognitive Test: 20 SENSUAL,3.0,emotional
fpmcog0t,MAIN Cognitive Test: 20 SENSUAL,4.0,heretic
fpmcog0t,MAIN Cognitive Test: 20 SENSUAL,5.0,slanderous
fpmcog0t,MAIN Cognitive Test: 20 SENSUAL,6.0,No answer
fpmcog0t,MAIN Cognitive Test: 20 SENSUAL,7.0,Respondent completed wrong activity
fppcog0a,PARTNER Cognitive Test: 1 DETEST,-1.0,Not applicable
fppcog0a,PARTNER Cognitive Test: 1 DETEST,1.0,contract
fppcog0a,PARTNER Cognitive Test: 1 DETEST,2.0,delay
fppcog0a,PARTNER Cognitive Test: 1 DETEST,3.0,imply
fppcog0a,PARTNER Cognitive Test: 1 DETEST,4.0,indulge
fppcog0a,PARTNER Cognitive Test: 1 DETEST,5.0,hate (correct answer)
fppcog0a,PARTNER Cognitive Test: 1 DETEST,6.0,No answer
fppcog0a,PARTNER Cognitive Test: 1 DETEST,7.0,Respondent completed wrong activity
fppcog0b,PARTNER Cognitive Test: 2 ANGUISH,-1.0,Not applicable
fppcog0b,PARTNER Cognitive Test: 2 ANGUISH,1.0,frozen
fppcog0b,PARTNER Cognitive Test: 2 ANGUISH,2.0,clash
fppcog0b,PARTNER Cognitive Test: 2 ANGUISH,3.0,misery (correct answer)
fppcog0b,PARTNER Cognitive Test: 2 ANGUISH,4.0,fishy
fppcog0b,PARTNER Cognitive Test: 2 ANGUISH,5.0,national
fppcog0b,PARTNER Cognitive Test: 2 ANGUISH,6.0,No answer
fppcog0b,PARTNER Cognitive Test: 2 ANGUISH,7.0,Respondent completed wrong activity
fppcog0c,PARTNER Cognitive Test: 3 FERTILE,-1.0,Not applicable
fppcog0c,PARTNER Cognitive Test: 3 FERTILE,1.0,bleached
fppcog0c,PARTNER Cognitive Test: 3 FERTILE,2.0,stolen
fppcog0c,PARTNER Cognitive Test: 3 FERTILE,3.0,fruitful (correct answer)
fppcog0c,PARTNER Cognitive Test: 3 FERTILE,4.0,sudden
fppcog0c,PARTNER Cognitive Test: 3 FERTILE,5.0,empty
fppcog0c,PARTNER Cognitive Test: 3 FERTILE,6.0,No answer
fppcog0c,PARTNER Cognitive Test: 3 FERTILE,7.0,Respondent completed wrong activity
fppcog0d,PARTNER Cognitive Test: 4 INEVITABLE,-1.0,Not applicable
fppcog0d,PARTNER Cognitive Test: 4 INEVITABLE,1.0,moist
fppcog0d,PARTNER Cognitive Test: 4 INEVITABLE,2.0,jubilant
fppcog0d,PARTNER Cognitive Test: 4 INEVITABLE,3.0,jealous
fppcog0d,PARTNER Cognitive Test: 4 INEVITABLE,4.0,avid
fppcog0d,PARTNER Cognitive Test: 4 INEVITABLE,5.0,unavoidable (correct answer)
fppcog0d,PARTNER Cognitive Test: 4 INEVITABLE,6.0,No answer
fppcog0d,PARTNER Cognitive Test: 4 INEVITABLE,7.0,Respondent completed wrong activity
fppcog0e,PARTNER Cognitive Test: 5 NEUTRAL,-1.0,Not applicable
fppcog0e,PARTNER Cognitive Test: 5 NEUTRAL,1.0,anxious
fppcog0e,PARTNER Cognitive Test: 5 NEUTRAL,2.0,huge
fppcog0e,PARTNER Cognitive Test: 5 NEUTRAL,3.0,settled
fppcog0e,PARTNER Cognitive Test: 5 NEUTRAL,4.0,origin
fppcog0e,PARTNER Cognitive Test: 5 NEUTRAL,5.0,unbiased (correct answer)
fppcog0e,PARTNER Cognitive Test: 5 NEUTRAL,6.0,No answer
fppcog0e,PARTNER Cognitive Test: 5 NEUTRAL,7.0,Respondent completed wrong activity
fppcog0f,PARTNER Cognitive Test: 6 FATIQUE,-1.0,Not applicable
fppcog0f,PARTNER Cognitive Test: 6 FATIQUE,1.0,elderly
fppcog0f,PARTNER Cognitive Test: 6 FATIQUE,2.0,post
fppcog0f,PARTNER Cognitive Test: 6 FATIQUE,3.0,heavy
fppcog0f,PARTNER Cognitive Test: 6 FATIQUE,4.0,tire (correct answer)
fppcog0f,PARTNER Cognitive Test: 6 FATIQUE,5.0,weighty
fppcog0f,PARTNER Cognitive Test: 6 FATIQUE,6.0,No answer
fppcog0f,PARTNER Cognitive Test: 6 FATIQUE,7.0,Respondent completed wrong activity
fppcog0g,PARTNER Cognitive Test: 7 RECREATION,-1.0,Not applicable
fppcog0g,PARTNER Cognitive Test: 7 RECREATION,1.0,tearing
fppcog0g,PARTNER Cognitive Test: 7 RECREATION,2.0,swollen
fppcog0g,PARTNER Cognitive Test: 7 RECREATION,3.0,measuring
fppcog0g,PARTNER Cognitive Test: 7 RECREATION,4.0,passtime (correct answer)
fppcog0g,PARTNER Cognitive Test: 7 RECREATION,5.0,making
fppcog0g,PARTNER Cognitive Test: 7 RECREATION,6.0,No answer
fppcog0g,PARTNER Cognitive Test: 7 RECREATION,7.0,Respondent completed wrong activity
fppcog0h,PARTNER Cognitive Test: 8 RADIANT,-1.0,Not applicable
fppcog0h,PARTNER Cognitive Test: 8 RADIANT,1.0,generous
fppcog0h,PARTNER Cognitive Test: 8 RADIANT,2.0,haggard
fppcog0h,PARTNER Cognitive Test: 8 RADIANT,3.0,delightful
fppcog0h,PARTNER Cognitive Test: 8 RADIANT,4.0,feverish
fppcog0h,PARTNER Cognitive Test: 8 RADIANT,5.0,shining (correct answer)
fppcog0h,PARTNER Cognitive Test: 8 RADIANT,6.0,No answer
fppcog0h,PARTNER Cognitive Test: 8 RADIANT,7.0,Respondent completed wrong activity
fppcog0i,PARTNER Cognitive Test: 9 PITEOUS,-1.0,Not applicable
fppcog0i,PARTNER Cognitive Test: 9 PITEOUS,1.0,shaft
fppcog0i,PARTNER Cognitive Test: 9 PITEOUS,2.0,wretched (correct answer)
fppcog0i,PARTNER Cognitive Test: 9 PITEOUS,3.0,cavern
fppcog0i,PARTNER Cognitive Test: 9 PITEOUS,4.0,bountiful
fppcog0i,PARTNER Cognitive Test: 9 PITEOUS,5.0,cold
fppcog0i,PARTNER Cognitive Test: 9 PITEOUS,6.0,No answer
fppcog0i,PARTNER Cognitive Test: 9 PITEOUS,7.0,Respondent completed wrong activity
fppcog0j,PARTNER Cognitive Test: 10 PUNGENT,-1.0,Not applicable
fppcog0j,PARTNER Cognitive Test: 10 PUNGENT,1.0,witty
fppcog0j,PARTNER Cognitive Test: 10 PUNGENT,2.0,submerged
fppcog0j,PARTNER Cognitive Test: 10 PUNGENT,3.0,acrid (correct answer)
fppcog0j,PARTNER Cognitive Test: 10 PUNGENT,4.0,eschewed
fppcog0j,PARTNER Cognitive Test: 10 PUNGENT,5.0,concentric
fppcog0j,PARTNER Cognitive Test: 10 PUNGENT,6.0,No answer
fppcog0j,PARTNER Cognitive Test: 10 PUNGENT,7.0,Respondent completed wrong activity
fppcog0k,PARTNER Cognitive Test: 11 CORROBORATE,-1.0,Not applicable
fppcog0k,PARTNER Cognitive Test: 11 CORROBORATE,1.0,urbane
fppcog0k,PARTNER Cognitive Test: 11 CORROBORATE,2.0,polite
fppcog0k,PARTNER Cognitive Test: 11 CORROBORATE,3.0,negate
fppcog0k,PARTNER Cognitive Test: 11 CORROBORATE,4.0,confirm (correct answer)
fppcog0k,PARTNER Cognitive Test: 11 CORROBORATE,5.0,allow
fppcog0k,PARTNER Cognitive Test: 11 CORROBORATE,6.0,No answer
fppcog0k,PARTNER Cognitive Test: 11 CORROBORATE,7.0,Respondent completed wrong activity
fppcog0l,PARTNER Cognitive Test: 12 TEMERITY,-1.0,Not applicable
fppcog0l,PARTNER Cognitive Test: 12 TEMERITY,1.0,virile
fppcog0l,PARTNER Cognitive Test: 12 TEMERITY,2.0,rashness (correct answer)
fppcog0l,PARTNER Cognitive Test: 12 TEMERITY,3.0,accusation
fppcog0l,PARTNER Cognitive Test: 12 TEMERITY,4.0,quality
fppcog0l,PARTNER Cognitive Test: 12 TEMERITY,5.0,auditory
fppcog0l,PARTNER Cognitive Test: 12 TEMERITY,6.0,No answer
fppcog0l,PARTNER Cognitive Test: 12 TEMERITY,7.0,Respondent completed wrong activity
fppcog0m,PARTNER Cognitive Test: 13 TRACTABLE,-1.0,Not applicable
fppcog0m,PARTNER Cognitive Test: 13 TRACTABLE,1.0,prescience
fppcog0m,PARTNER Cognitive Test: 13 TRACTABLE,2.0,divergent
fppcog0m,PARTNER Cognitive Test: 13 TRACTABLE,3.0,commensurate
fppcog0m,PARTNER Cognitive Test: 13 TRACTABLE,4.0,malleable (correct answer)
fppcog0m,PARTNER Cognitive Test: 13 TRACTABLE,5.0,cacophonous
fppcog0m,PARTNER Cognitive Test: 13 TRACTABLE,6.0,No answer
fppcog0m,PARTNER Cognitive Test: 13 TRACTABLE,7.0,Respondent completed wrong activity
fppcog0n,PARTNER Cognitive Test: 14 SUBJUGATE,-1.0,Not applicable
fppcog0n,PARTNER Cognitive Test: 14 SUBJUGATE,1.0,hurt
fppcog0n,PARTNER Cognitive Test: 14 SUBJUGATE,2.0,confess
fppcog0n,PARTNER Cognitive Test: 14 SUBJUGATE,3.0,conquer (correct answer)
fppcog0n,PARTNER Cognitive Test: 14 SUBJUGATE,4.0,erase
fppcog0n,PARTNER Cognitive Test: 14 SUBJUGATE,5.0,lather
fppcog0n,PARTNER Cognitive Test: 14 SUBJUGATE,6.0,No answer
fppcog0n,PARTNER Cognitive Test: 14 SUBJUGATE,7.0,Respondent completed wrong activity
fppcog0o,PARTNER Cognitive Test: 15 SUPINE,-1.0,Not applicable
fppcog0o,PARTNER Cognitive Test: 15 SUPINE,1.0,propensity
fppcog0o,PARTNER Cognitive Test: 15 SUPINE,2.0,recumbant (correct answer)
fppcog0o,PARTNER Cognitive Test: 15 SUPINE,3.0,eating
fppcog0o,PARTNER Cognitive Test: 15 SUPINE,4.0,umbrage
fppcog0o,PARTNER Cognitive Test: 15 SUPINE,5.0,suspect
fppcog0o,PARTNER Cognitive Test: 15 SUPINE,6.0,No answer
fppcog0o,PARTNER Cognitive Test: 15 SUPINE,7.0,Respondent completed wrong activity
fppcog0p,PARTNER Cognitive Test: 16 SPATE,-1.0,Not applicable
fppcog0p,PARTNER Cognitive Test: 16 SPATE,1.0,fraud
fppcog0p,PARTNER Cognitive Test: 16 SPATE,2.0,dirt
fppcog0p,PARTNER Cognitive Test: 16 SPATE,3.0,river
fppcog0p,PARTNER Cognitive Test: 16 SPATE,4.0,flood (correct answer)
fppcog0p,PARTNER Cognitive Test: 16 SPATE,5.0,digger
fppcog0p,PARTNER Cognitive Test: 16 SPATE,6.0,No answer
fppcog0p,PARTNER Cognitive Test: 16 SPATE,7.0,Respondent completed wrong activity
fppcog0q,PARTNER Cognitive Test: 17 IMPLACABLE,-1.0,Not applicable
fppcog0q,PARTNER Cognitive Test: 17 IMPLACABLE,1.0,unique
fppcog0q,PARTNER Cognitive Test: 17 IMPLACABLE,2.0,involved
fppcog0q,PARTNER Cognitive Test: 17 IMPLACABLE,3.0,relentless (correct answer)
fppcog0q,PARTNER Cognitive Test: 17 IMPLACABLE,4.0,incomplete
fppcog0q,PARTNER Cognitive Test: 17 IMPLACABLE,5.0,strong
fppcog0q,PARTNER Cognitive Test: 17 IMPLACABLE,6.0,No answer
fppcog0q,PARTNER Cognitive Test: 17 IMPLACABLE,7.0,Respondent completed wrong activity
fppcog0r,PARTNER Cognitive Test: 18 TACIT,-1.0,Not applicable
fppcog0r,PARTNER Cognitive Test: 18 TACIT,1.0,orator
fppcog0r,PARTNER Cognitive Test: 18 TACIT,2.0,shy
fppcog0r,PARTNER Cognitive Test: 18 TACIT,3.0,obvious
fppcog0r,PARTNER Cognitive Test: 18 TACIT,4.0,unspoken (correct answer)
fppcog0r,PARTNER Cognitive Test: 18 TACIT,5.0,sticky
fppcog0r,PARTNER Cognitive Test: 18 TACIT,6.0,No answer
fppcog0r,PARTNER Cognitive Test: 18 TACIT,7.0,Respondent completed wrong activity
fppcog0s,PARTNER Cognitive Test: 19 ACQUIESCE,-1.0,Not applicable
fppcog0s,PARTNER Cognitive Test: 19 ACQUIESCE,1.0,watery
fppcog0s,PARTNER Cognitive Test: 19 ACQUIESCE,2.0,concur (correct answer)
fppcog0s,PARTNER Cognitive Test: 19 ACQUIESCE,3.0,steal
fppcog0s,PARTNER Cognitive Test: 19 ACQUIESCE,4.0,quiet
fppcog0s,PARTNER Cognitive Test: 19 ACQUIESCE,5.0,glow
fppcog0s,PARTNER Cognitive Test: 19 ACQUIESCE,6.0,No answer
fppcog0s,PARTNER Cognitive Test: 19 ACQUIESCE,7.0,Respondent completed wrong activity
fppcog0t,PARTNER Cognitive Test: 20 APOSTATE,-1.0,Not applicable
fppcog0t,PARTNER Cognitive Test: 20 APOSTATE,1.0,insufferable
fppcog0t,PARTNER Cognitive Test: 20 APOSTATE,2.0,monastic
fppcog0t,PARTNER Cognitive Test: 20 APOSTATE,3.0,exegesis
fppcog0t,PARTNER Cognitive Test: 20 APOSTATE,4.0,renegade (correct answer)
fppcog0t,PARTNER Cognitive Test: 20 APOSTATE,5.0,vicious
fppcog0t,PARTNER Cognitive Test: 20 APOSTATE,6.0,No answer
fppcog0t,PARTNER Cognitive Test: 20 APOSTATE,7.0,Respondent completed wrong activity
fpvtdo00,IWR: Word activity completed? (MAIN/PARTNER),-1.0,Not applicable
fpvtdo00,IWR: Word activity completed? (MAIN/PARTNER),1.0,Yes - MAIN/PARTNER did the Word Activit
fpvtdo00,IWR: Word activity completed? (MAIN/PARTNER),2.0,No - MAIN/PARTNER did not do the Word A
fpvtpdck,IWR: Confirm Word activity not completed (MAIN/PARTNER),-1.0,Not applicable
fpvtpdck,IWR: Confirm Word activity not completed (MAIN/PARTNER),1.0,"Correct, parent did not do the Word Act"
fpvtpdck,IWR: Confirm Word activity not completed (MAIN/PARTNER),2.0,Go back to amend
fpvtwhoa,IWR: Others in room during activity (No),-1.0,Not applicable
fpvtwhoa,IWR: Others in room during activity (No),0.0,No
fpvtwhoa,IWR: Others in room during activity (No),1.0,Yes
fpvtwhob,IWR: Others in room during activity (Yes - PARENT's spouse or partner),-1.0,Not applicable
fpvtwhob,IWR: Others in room during activity (Yes - PARENT's spouse or partner),0.0,No
fpvtwhob,IWR: Others in room during activity (Yes - PARENT's spouse or partner),1.0,Yes
fpvtwhoc,IWR: Others in room during activity (Yes - Cohort member),-1.0,Not applicable
fpvtwhoc,IWR: Others in room during activity (Yes - Cohort member),0.0,No
fpvtwhoc,IWR: Others in room during activity (Yes - Cohort member),1.0,Yes
fpvtwhod,IWR: Others in room during activity (Yes - other household member (child)),-1.0,Not applicable
fpvtwhod,IWR: Others in room during activity (Yes - other household member (child)),0.0,No
fpvtwhod,IWR: Others in room during activity (Yes - other household member (child)),1.0,Yes
fpvtwhoe,IWR: Others in room during activity (Yes - other household member (adult)),-1.0,Not applicable
fpvtwhoe,IWR: Others in room during activity (Yes - other household member (adult)),0.0,No
fpvtwhoe,IWR: Others in room during activity (Yes - other household member (adult)),1.0,Yes
fpvtwhof,IWR: Others in room during activity (Yes - not a household member),-1.0,Not applicable
fpvtwhof,IWR: Others in room during activity (Yes - not a household member),0.0,No
fpvtwhof,IWR: Others in room during activity (Yes - not a household member),1.0,Yes
fpvtimp0,IWR: Factors that may have impaired performance,-1.0,Not applicable
fpvtimp0,IWR: Factors that may have impaired performance,1.0,Yes
fpvtimp0,IWR: Factors that may have impaired performance,2.0,No
fpvtwh0a,IWR: Circumstances of the cognitive assessment MC (A) [Blind/partial sight],-1.0,Not applicable
fpvtwh0a,IWR: Circumstances of the cognitive assessment MC (A) [Blind/partial sight],0.0,No
fpvtwh0a,IWR: Circumstances of the cognitive assessment MC (A) [Blind/partial sight],1.0,Yes
fpvtwh0b,IWR: Circumstances of the cognitive assessment MC (A) [Deafness/partl hearing],-1.0,Not applicable
fpvtwh0b,IWR: Circumstances of the cognitive assessment MC (A) [Deafness/partl hearing],0.0,No
fpvtwh0b,IWR: Circumstances of the cognitive assessment MC (A) [Deafness/partl hearing],1.0,Yes
fpvtwh0c,IWR: Circumstances of the cognitive assessment MC (A) [Too tired],-1.0,Not applicable
fpvtwh0c,IWR: Circumstances of the cognitive assessment MC (A) [Too tired],0.0,No
fpvtwh0c,IWR: Circumstances of the cognitive assessment MC (A) [Too tired],1.0,Yes
fpvtwh0d,IWR: Circumstances of the cognitive assessment MC (A) [Illness/physic impairm],-1.0,Not applicable
fpvtwh0d,IWR: Circumstances of the cognitive assessment MC (A) [Illness/physic impairm],0.0,No
fpvtwh0d,IWR: Circumstances of the cognitive assessment MC (A) [Illness/physic impairm],1.0,Yes
fpvtwh0e,IWR: Circumstances of the cognitive assessment MC (A) [Impaired concentration],-1.0,Not applicable
fpvtwh0e,IWR: Circumstances of the cognitive assessment MC (A) [Impaired concentration],0.0,No
fpvtwh0e,IWR: Circumstances of the cognitive assessment MC (A) [Impaired concentration],1.0,Yes
fpvtwh0f,IWR: Circumstances of the cognitive assessment MC (A) [Very nervous/anxious],-1.0,Not applicable
fpvtwh0f,IWR: Circumstances of the cognitive assessment MC (A) [Very nervous/anxious],0.0,No
fpvtwh0f,IWR: Circumstances of the cognitive assessment MC (A) [Very nervous/anxious],1.0,Yes
fpvtwh0g,IWR: Circumstances of the cognitive assessment MC (A) [Mental impairement],-1.0,Not applicable
fpvtwh0g,IWR: Circumstances of the cognitive assessment MC (A) [Mental impairement],0.0,No
fpvtwh0g,IWR: Circumstances of the cognitive assessment MC (A) [Mental impairement],1.0,Yes
fpvtwh0h,IWR: Circumstances of the cognitive assessment MC (A) [Interrupt/distract],-1.0,Not applicable
fpvtwh0h,IWR: Circumstances of the cognitive assessment MC (A) [Interrupt/distract],0.0,No
fpvtwh0h,IWR: Circumstances of the cognitive assessment MC (A) [Interrupt/distract],1.0,Yes
fpvtwh0i,IWR: Circumstances of the cognitive assessment MC (A) [Noisy environment],-1.0,Not applicable
fpvtwh0i,IWR: Circumstances of the cognitive assessment MC (A) [Noisy environment],0.0,No
fpvtwh0i,IWR: Circumstances of the cognitive assessment MC (A) [Noisy environment],1.0,Yes
fpvtwh0j,IWR: Circumstances of the cognitive assessment MC (A) [Problems with tablet],-1.0,Not applicable
fpvtwh0j,IWR: Circumstances of the cognitive assessment MC (A) [Problems with tablet],0.0,No
fpvtwh0j,IWR: Circumstances of the cognitive assessment MC (A) [Problems with tablet],1.0,Yes
fpvtwh0k,IWR: Circumstances of the cognitive assessment MC (A) [Difficulty with Englsh],-1.0,Not applicable
fpvtwh0k,IWR: Circumstances of the cognitive assessment MC (A) [Difficulty with Englsh],0.0,No
fpvtwh0k,IWR: Circumstances of the cognitive assessment MC (A) [Difficulty with Englsh],1.0,Yes
fpvtwh0l,IWR: Circumstances of the cognitive assessment MC (A) [Other],-1.0,Not applicable
fpvtwh0l,IWR: Circumstances of the cognitive assessment MC (A) [Other],0.0,No
fpvtwh0l,IWR: Circumstances of the cognitive assessment MC (A) [Other],1.0,Yes
fpvtwh0m,IWR: Circumstances of the cognitive assessment MC (A) [Don t know],-1.0,Not applicable
fpvtwh0m,IWR: Circumstances of the cognitive assessment MC (A) [Don t know],0.0,No
fpvtwh0m,IWR: Circumstances of the cognitive assessment MC (A) [Don t know],1.0,Yes
fpvtwh0n,IWR: Circumstances of the cognitive assessment MC (A) [Refused],-1.0,Not applicable
fpvtwh0n,IWR: Circumstances of the cognitive assessment MC (A) [Refused],0.0,No
fpvtwh0n,IWR: Circumstances of the cognitive assessment MC (A) [Refused],1.0,Yes
fpvtwh0o,IWR: Circumstances of the cognitive assessment MC (A) [Vague irrelevant ans],-1.0,Not applicable
fpvtwh0o,IWR: Circumstances of the cognitive assessment MC (A) [Vague irrelevant ans],0.0,No
fpvtwh0o,IWR: Circumstances of the cognitive assessment MC (A) [Vague irrelevant ans],1.0,Yes
fpvtwh0p,IWR: Circumstances of the cognitive assessment MC (A) [Problems with literacy],-1.0,Not applicable
fpvtwh0p,IWR: Circumstances of the cognitive assessment MC (A) [Problems with literacy],0.0,No
fpvtwh0p,IWR: Circumstances of the cognitive assessment MC (A) [Problems with literacy],1.0,Yes
fpvtwh0q,IWR: Circumstances of the cognitive assessment MC (A) [Unwell],-1.0,Not applicable
fpvtwh0q,IWR: Circumstances of the cognitive assessment MC (A) [Unwell],0.0,No
fpvtwh0q,IWR: Circumstances of the cognitive assessment MC (A) [Unwell],1.0,Yes
fpvtwh0r,IWR: Circumstances of the cognitive assessment MC (A) [Upset],1.0,Yes
fpvtwh0r,IWR: Circumstances of the cognitive assessment MC (A) [Upset],-1.0,Not applicable
fpvtwh0r,IWR: Circumstances of the cognitive assessment MC (A) [Upset],0.0,No
fpvtwh0s,IWR: Circumstances of the cognitive assessment MC (A) [Somebody helped],-1.0,Not applicable
fpvtwh0s,IWR: Circumstances of the cognitive assessment MC (A) [Somebody helped],0.0,No
fpvtwh0s,IWR: Circumstances of the cognitive assessment MC (A) [Somebody helped],1.0,Yes
fpvtwh0t,IWR: Circumstances of the cognitive assessment MC (A) [Difficulty understndng],-1.0,Not applicable
fpvtwh0t,IWR: Circumstances of the cognitive assessment MC (A) [Difficulty understndng],0.0,No
fpvtwh0t,IWR: Circumstances of the cognitive assessment MC (A) [Difficulty understndng],1.0,Yes
fpwrdscm,Main word activity score out of 20,-3.0,Respondent completed wrong activity
fpwrdscm,Main word activity score out of 20,-1.0,Not applicable
fpwrdscp,Partner word activity score out of 20,-3.0,Respondent completed wrong activity
fpwrdscp,Partner word activity score out of 20,-1.0,Not applicable
avail_from_dt,,,
mcs_llc_fid_e,Encrypted Family/Household anonymised ID for LLC,,
