variable_name,variable_label,value_value,value_label
aactry00,ADMIN Country at interview (E,1.0,England
aactry00,ADMIN Country at interview (E,2.0,Wales
aactry00,ADMIN Country at interview (E,3.0,Scotland
aactry00,ADMIN Country at interview (E,4.0,Northern Ireland
aaregn00,Interview Government Office Region,1.0,North East
aaregn00,Interview Government Office Region,2.0,North West
aaregn00,Interview Government Office Region,3.0,Yorkshire and the Humber
aaregn00,Interview Government Office Region,4.0,East Midlands
aaregn00,Interview Government Office Region,5.0,West Midlands
aaregn00,Interview Government Office Region,6.0,East of England
aaregn00,Interview Government Office Region,7.0,London
aaregn00,Interview Government Office Region,8.0,South East
aaregn00,Interview Government Office Region,9.0,South West
aaregn00,Interview Government Office Region,10.0,Wales
aaregn00,Interview Government Office Region,11.0,Scotland
aaregn00,Interview Government Office Region,12.0,Northern Ireland
aaregn00,Interview Government Office Region,13.0,Not app in IoM Ch Is
adrspo00,DV Parent Interview response summary,1.0,Main respondent in person
adrspo00,DV Parent Interview response summary,2.0,Main and partner respondent in person
adrspo00,DV Parent Interview response summary,3.0,"Main in person, partner by proxy"
adrspo00,DV Parent Interview response summary,4.0,"Main in person, partner eligible but no"
adrspo00,DV Parent Interview response summary,5.0,"No main interview, partner interviewed"
adhtyp00,DV Parents/Carers in Household,1.0,Both natural parents
adhtyp00,DV Parents/Carers in Household,2.0,Natural mother and step-parent
adhtyp00,DV Parents/Carers in Household,3.0,Natural mother and partner
adhtyp00,DV Parents/Carers in Household,4.0,Natural mother and adoptive parent
adhtyp00,DV Parents/Carers in Household,5.0,Natural father and adoptive parent
adhtyp00,DV Parents/Carers in Household,6.0,Two adoptive parents
adhtyp00,DV Parents/Carers in Household,7.0,Two foster parents
adhtyp00,DV Parents/Carers in Household,8.0,Two grandparents
adhtyp00,DV Parents/Carers in Household,9.0,Grandmother and partner
adhtyp00,DV Parents/Carers in Household,10.0,Natural mother only
adhtyp00,DV Parents/Carers in Household,11.0,Natural father only
adhtyp00,DV Parents/Carers in Household,12.0,Foster mother only
adhtyp00,DV Parents/Carers in Household,13.0,Grandmother only
adhtys00,DV Summary of Parents/Carers in Household,1.0,Two parents/carers
adhtys00,DV Summary of Parents/Carers in Household,2.0,One parent/carer
adrelp00,DV Relationship between Parents/Carers in Household,-1.0,Not applicable
adrelp00,DV Relationship between Parents/Carers in Household,1.0,Married
adrelp00,DV Relationship between Parents/Carers in Household,2.0,Cohabiting
adrelp00,DV Relationship between Parents/Carers in Household,3.0,Neither
adnatm00,DV Natural mother status,1.0,Resident full-time in household
adnatm00,DV Natural mother status,2.0,Resident part-time in household
adnatm00,DV Natural mother status,3.0,Deceased
adnatm00,DV Natural mother status,4.0,"Non-resident, in contact"
adnatm00,DV Natural mother status,5.0,"Non-resident, not in contact"
adnatm00,DV Natural mother status,6.0,"Non resident, contact not known"
adminh00,DV Natural mother in HH,-1.0,Not applicable
adminh00,DV Natural mother in HH,1.0,Resident in household
adminh00,DV Natural mother in HH,2.0,Not resident in household
adminh00,DV Natural mother in HH,3.0,Deceased
adnatf00,DV Natural father status,1.0,Resident full-time in household
adnatf00,DV Natural father status,2.0,Resident part-time in household
adnatf00,DV Natural father status,3.0,Deceased
adnatf00,DV Natural father status,4.0,"Non-resident, in contact"
adnatf00,DV Natural father status,5.0,"Non-resident, not in contact"
adnatf00,DV Natural father status,6.0,"Non resident, contact not known"
adfinh00,DV Natural father in HH,-1.0,Not applicable
adfinh00,DV Natural father in HH,1.0,Resident in household
adfinh00,DV Natural father in HH,2.0,Not resident in household
adfinh00,DV Natural father in HH,3.0,Deceased
adoths00,DV Number of siblings of CM in household,,
adnocm00,DV Number of CM in household,,
adtots00,DV Number of siblings in household plus number of CM's,,
adnsib00,DV Natural siblings of CM in household,1.0,Natural sib in HH
adnsib00,DV Natural siblings of CM in household,2.0,No natural sib in HH
adhsib00,DV Half siblings of CM in household,1.0,Half sib in HH
adhsib00,DV Half siblings of CM in household,2.0,No half sib in HH
adssib00,DV Step siblings of CM in household,1.0,Step sib in HH
adssib00,DV Step siblings of CM in household,2.0,No step sib in HH
adasib00,DV Adoptive siblings of CM in household,1.0,Adoptive sib in HH
adasib00,DV Adoptive siblings of CM in household,2.0,No adoptive sib in HH
adfsib00,DV Whether any foster siblings in household,1.0,Foster sib in HH
adfsib00,DV Whether any foster siblings in household,2.0,No foster sib in HH
adgpar00,DV Grandparent of CM in household,1.0,Grandparent in HH
adgpar00,DV Grandparent of CM in household,2.0,No grandparent in HH
adotha00,DV Whether any other adults in household,-2.0,Unknown
adotha00,DV Whether any other adults in household,1.0,Other adult in HH
adotha00,DV Whether any other adults in household,2.0,No other adult in HH
adnmhd00,DV Number of people in household (not including CM),,
adtotp00,DV Number of people in household (including CM's),,
adcwrk00,DV Combined labour market status of Main and Partner,-9.0,Refusal
adcwrk00,DV Combined labour market status of Main and Partner,-8.0,Don't Know
adcwrk00,DV Combined labour market status of Main and Partner,-1.0,Not applicable
adcwrk00,DV Combined labour market status of Main and Partner,1.0,Both in work
adcwrk00,DV Combined labour market status of Main and Partner,2.0,"Main in work, partner not"
adcwrk00,DV Combined labour market status of Main and Partner,3.0,"Partner in work, main not"
adcwrk00,DV Combined labour market status of Main and Partner,4.0,Both not in work
adcwrk00,DV Combined labour market status of Main and Partner,5.0,"Main in work or on leave, no partner"
adcwrk00,DV Combined labour market status of Main and Partner,6.0,"Main not on work nor on leave, no partner"
adcwrk00,DV Combined labour market status of Main and Partner,7.0,"Main work status unknown, partner in work"
adcwrk00,DV Combined labour market status of Main and Partner,8.0,"Main work status unknown, partner not in work"
adcwrk00,DV Combined labour market status of Main and Partner,9.0,"Main in work, partner status unknown"
adcwrk00,DV Combined labour market status of Main and Partner,10.0,"Main not in work, partner status unknown"
adcwrk00,DV Combined labour market status of Main and Partner,11.0,"Main working status unknown, no partner"
adhinc00,DV Family Income (banded),-6.0,Partial interview
adhinc00,DV Family Income (banded),-1.0,Not applicable
adhinc00,DV Family Income (banded),1.0,Â£0 to less than Â£3100 pa
adhinc00,DV Family Income (banded),2.0,Â£3100 to less than Â£10400 pa
adhinc00,DV Family Income (banded),3.0,Â£10400 to less than Â£20800 pa
adhinc00,DV Family Income (banded),4.0,Â£20800 to less than Â£31200 pa
adhinc00,DV Family Income (banded),5.0,Â£31200 to less than Â£52000 pa
adhinc00,DV Family Income (banded),6.0,Â£52000 and above pa
adhinc00,DV Family Income (banded),96.0,Don't Know
adhinc00,DV Family Income (banded),97.0,Refused
adonbe00,Family receiving JSA,-9.0,Refusal
adonbe00,Family receiving JSA,-8.0,Don't Know
adonbe00,Family receiving JSA,-1.0,Not applicable
adonbe00,Family receiving JSA,0.0,Not on any of these benefits
adonbe00,Family receiving JSA,1.0,On one or more of these benefits
adtima00,DV Total time at current address in months,-9.0,Refusal
adtima00,DV Total time at current address in months,-8.0,Don't Know
adtima00,DV Total time at current address in months,-6.0,Partial Interview
adtima00,DV Total time at current address in months,-1.0,Not applicable
adout300,DV 3 digit outcome field,-9.0,Refusal
adout300,DV 3 digit outcome field,-8.0,Don't Know
adout300,DV 3 digit outcome field,-1.0,Not applicable
adout300,DV 3 digit outcome field,111.0,Main respondent in person
adout300,DV 3 digit outcome field,112.0,Main and partner respondent in person
adout300,DV 3 digit outcome field,120.0,All eligible respondents: in person and
adout300,DV 3 digit outcome field,211.0,"Main in person, partner eligible in per"
adout300,DV 3 digit outcome field,212.0,"Main in person, partner eligible by pro"
adout300,DV 3 digit outcome field,213.0,"Partner in person, main respondent not"
adout300,DV 3 digit outcome field,440.0,Refusal after household module
aderty00,DV Fieldwork errors,-9.0,Refusal
aderty00,DV Fieldwork errors,-8.0,Don't Know
aderty00,DV Fieldwork errors,-1.0,Not applicable
aderty00,DV Fieldwork errors,1.0,Proxy module done in error
aderty00,DV Fieldwork errors,2.0,Part int done by proxy in error
aderty00,DV Fieldwork errors,3.0,Part ans proxy in person should be norm
aderty00,DV Fieldwork errors,4.0,"Main done by father, partner by mother"
aderty00,DV Fieldwork errors,5.0,Father did both main interview and part
aderty00,DV Fieldwork errors,6.0,"Main done by part, no other interview"
aderty00,DV Fieldwork errors,7.0,Grandmother was incorrectly coded as na
addual00,Dual Baby Families,-1.0,Not applicable
addual00,Dual Baby Families,11.0,"Family 1, Baby 1"
addual00,Dual Baby Families,12.0,"Family 1, Baby 2"
addual00,Dual Baby Families,21.0,"Family 2, Baby 1"
addual00,Dual Baby Families,22.0,"Family 2, Baby 2"
addual00,Dual Baby Families,31.0,"Family 3, Baby 1"
addual00,Dual Baby Families,32.0,"Family 3, Baby 2"
addual00,Dual Baby Families,41.0,"Family 4, Baby 1"
addual00,Dual Baby Families,42.0,"Family 4, Baby 2"
addual00,Dual Baby Families,51.0,"Family 5, Baby 1"
addual00,Dual Baby Families,52.0,"Family 5, Baby 2"
addual00,Dual Baby Families,61.0,"Family 6, Baby 1"
addual00,Dual Baby Families,62.0,"Family 6, Baby 2"
adcntr00,Country of Interview,1.0,England
adcntr00,Country of Interview,2.0,Wales
adcntr00,Country of Interview,3.0,Scotland
adcntr00,Country of Interview,4.0,NI
adptty00,Point type,,
adpty200,Stratum within Country,1.0,England - Advantaged
adpty200,Stratum within Country,2.0,England - Disadvantaged
adpty200,Stratum within Country,3.0,England - Ethnic
adpty200,Stratum within Country,4.0,Wales - Advantaged
adpty200,Stratum within Country,5.0,Wales - Disadvantaged
adpty200,Stratum within Country,6.0,Scotland - Advantaged
adpty200,Stratum within Country,7.0,Scotland - Disadvantaged
adpty200,Stratum within Country,8.0,Northern Ireland - Advantaged
adpty200,Stratum within Country,9.0,Northern Ireland - Disadvantaged
adwgt100,MCS Weight for use on single country analyses,,
adwgt200,MCS Weight to use on whole UK analyses,,
adoeds00,DV Equivalised family income OECD scores,,
adoede00,DV OECD equivalised income,-1.0,Not applicable
adoedp00,DV OECD below 60% median poverty indicator,-1.0,Missing data
adoedp00,DV OECD below 60% median poverty indicator,0.0,Above 60% median
adoedp00,DV OECD below 60% median poverty indicator,1.0,Below 60% median
admcsc00,DV McClements Score,,
admceq00,DV McClements equivalised income,,
admcpo00,DV McClements below 60% median poverty indicator,-1.0,Missing data
admcpo00,DV McClements below 60% median poverty indicator,0.0,Above 60% median
admcpo00,DV McClements below 60% median poverty indicator,1.0,Below 60% median
aptpchck,HHGrid:Check for part-time resident parent,-9.0,Refusal
aptpchck,HHGrid:Check for part-time resident parent,-8.0,Don't Know
aptpchck,HHGrid:Check for part-time resident parent,-1.0,Not applicable
aptpchck,HHGrid:Check for part-time resident parent,1.0,Yes
aptpchck,HHGrid:Check for part-time resident parent,2.0,No
aptpchck,HHGrid:Check for part-time resident parent,3.0,(^fmtxt has died)
aptpdead,HHGrid:Natural parent died before or after birth,-9.0,Refusal
aptpdead,HHGrid:Natural parent died before or after birth,-8.0,Don't Know
aptpdead,HHGrid:Natural parent died before or after birth,-1.0,Not applicable
aptpdead,HHGrid:Natural parent died before or after birth,1.0,Before
aptpdead,HHGrid:Natural parent died before or after birth,2.0,After
adroow00,DV Housing Tenure,-9.0,Refusal
adroow00,DV Housing Tenure,-8.0,Don't Know
adroow00,DV Housing Tenure,-1.0,Not applicable
adroow00,DV Housing Tenure,1.0,Own outright
adroow00,DV Housing Tenure,2.0,Own - mortgage/loan
adroow00,DV Housing Tenure,3.0,Part rent/part mortgage (shared equity)
adroow00,DV Housing Tenure,4.0,Rent from local authority
adroow00,DV Housing Tenure,5.0,Rent from Housing Association
adroow00,DV Housing Tenure,6.0,Rent privately
adroow00,DV Housing Tenure,7.0,Living with parents
adroow00,DV Housing Tenure,8.0,Live rent free
adroow00,DV Housing Tenure,9.0,Squatting
adroow00,DV Housing Tenure,10.0,Other
admhgt00,Natural Mothers Height in Metres,-9.0,Refusal
admhgt00,Natural Mothers Height in Metres,-8.0,Don't Know
admhgt00,Natural Mothers Height in Metres,-1.0,Not applicable
adhlan00,DV Language Spoken in household,-9.0,Refusal
adhlan00,DV Language Spoken in household,-8.0,Don''t Know
adhlan00,DV Language Spoken in household,-1.0,Not applicable
adhlan00,DV Language Spoken in household,1.0,Yes - English only
adhlan00,DV Language Spoken in household,2.0,Yes - mostly English-sometimes other
adhlan00,DV Language Spoken in household,3.0,Yes - about half English and half other
adhlan00,DV Language Spoken in household,4.0,"No - mostly other, sometimes English"
adhlan00,DV Language Spoken in household,5.0,No - other language(s) only
admbmi00,DV Natural Mothers BMI at Interview,-8.0,Dont Know / Refused
admbmi00,DV Natural Mothers BMI at Interview,-2.0,No measurement mother pregnant
admbmi00,DV Natural Mothers BMI at Interview,-1.0,Not applicable
admbmipre,DV Natural Mothers BMI before CM,-9.0,Refusal
admbmipre,DV Natural Mothers BMI before CM,-8.0,Don't Know
admbmipre,DV Natural Mothers BMI before CM,-1.0,Not applicable
adincflag,DV Flag for imputed income,1.0,Imputed
adincflag,DV Flag for imputed income,2.0,Replaced with band midpoint
adincflag,DV Flag for imputed income,3.0,Missing band or predictor(s)
aoedex00,DV PREDICTED weekly net family income,-1.0,Not applicable
aoecduk0,DV OECD Income Weighted Quintiles (UK Analysis),-1.0,Not applicable
aoecduk0,DV OECD Income Weighted Quintiles (UK Analysis),1.0,Lowest quintile
aoecduk0,DV OECD Income Weighted Quintiles (UK Analysis),2.0,Second quintile
aoecduk0,DV OECD Income Weighted Quintiles (UK Analysis),3.0,Third quintile
aoecduk0,DV OECD Income Weighted Quintiles (UK Analysis),4.0,Fourth quintile
aoecduk0,DV OECD Income Weighted Quintiles (UK Analysis),5.0,Highest quintile
aoecdsc0,DV OECD Income Weighted Quintiles (Single Country Analysis),-1.0,Not applicable
aoecdsc0,DV OECD Income Weighted Quintiles (Single Country Analysis),1.0,Lowest quintile
aoecdsc0,DV OECD Income Weighted Quintiles (Single Country Analysis),2.0,Second quintile
aoecdsc0,DV OECD Income Weighted Quintiles (Single Country Analysis),3.0,Third quintile
aoecdsc0,DV OECD Income Weighted Quintiles (Single Country Analysis),4.0,Fourth quintile
aoecdsc0,DV OECD Income Weighted Quintiles (Single Country Analysis),5.0,Highest quintile
avail_from_dt,,,
mcs_llc_fid_e,Encrypted Family/Household anonymised ID for LLC,,
