variable_name,variable_label,value_value,value_label
study_id_e,,,
pnum,Person Number for Main or (Proxy)Partner respondent,-1.0,Not applicable
aelig00,Eligibility for Interview,-1.0,Not applicable
aelig00,Eligibility for Interview,1.0,Main Interview
aelig00,Eligibility for Interview,2.0,Partner Interview
aelig00,Eligibility for Interview,3.0,Partner Proxy Interview
aelig00,Eligibility for Interview,4.0,Not eligible for interview
aresp00,Response to Interview,-1.0,Not applicable
aresp00,Response to Interview,1.0,Main Interview
aresp00,Response to Interview,2.0,Partner Interview
aresp00,Response to Interview,3.0,Partner Proxy Interview
aresp00,Response to Interview,4.0,No interview
addres00,respondent identity and interview status,1.0,Natural mother: interviewed
addres00,respondent identity and interview status,2.0,Natural father: interviewed
addres00,respondent identity and interview status,3.0,Adoptive mother: interviewed
addres00,respondent identity and interview status,4.0,Adoptive father: interviewed
addres00,respondent identity and interview status,5.0,Foster mother: interviewed
addres00,respondent identity and interview status,6.0,Foster father: interviewed
addres00,respondent identity and interview status,7.0,Step mother/partner of father: interviewed
addres00,respondent identity and interview status,8.0,Step father/partner of mother: interviewed
addres00,respondent identity and interview status,9.0,Grandmother: interviewed
addres00,respondent identity and interview status,10.0,Grandfather: interviewed
addres00,respondent identity and interview status,11.0,Natural mother: by proxy
addres00,respondent identity and interview status,12.0,Natural father: by proxy
addres00,respondent identity and interview status,13.0,Step mother: by proxy
addres00,respondent identity and interview status,14.0,Step father: by proxy
addres00,respondent identity and interview status,15.0,Natural mother: not interviewed
addres00,respondent identity and interview status,16.0,Natural father: not interviewed
addres00,respondent identity and interview status,17.0,Adoptive mother: not interviewed
addres00,respondent identity and interview status,18.0,Adoptive father: not interviewed
addres00,respondent identity and interview status,19.0,Foster mother: not interviewed
addres00,respondent identity and interview status,20.0,Foster father: not interviewed
addres00,respondent identity and interview status,21.0,Step mother: not interviewed
addres00,respondent identity and interview status,22.0,Step father: not interviewed
addres00,respondent identity and interview status,23.0,"Natural mother: by proxy, not interviewed"
addres00,respondent identity and interview status,24.0,"Natural father: by proxy, not interviewed"
addres00,respondent identity and interview status,25.0,Other female non-relative: interviewed
addres00,respondent identity and interview status,26.0,Other male non-relative: interviewed
addres00,respondent identity and interview status,27.0,Other female non-relative: not interviewed
addres00,respondent identity and interview status,28.0,Other male non-relative: not interviewed
addres00,respondent identity and interview status,29.0,"Step mother: by proxy, not interviewed"
addres00,respondent identity and interview status,30.0,"Step father: by proxy, not interviewed"
addres00,respondent identity and interview status,31.0,Other female relative: interviewed
addres00,respondent identity and interview status,32.0,Other male relative: interviewed
addres00,respondent identity and interview status,33.0,"Female, unknown relationship: interviewed"
addres00,respondent identity and interview status,34.0,"Male, unknown relationship: interviewed"
addagi00,Respondent Age at Interview,-9.0,Refusal
addagi00,Respondent Age at Interview,-2.0,Not known
addagi00,Respondent Age at Interview,-1.0,Not applicable
addgai00,Respondent Age at Interview (grouped),-9.0,Refusal
addgai00,Respondent Age at Interview (grouped),-2.0,Not known
addgai00,Respondent Age at Interview (grouped),-1.0,Not applicable
addagb00,Respondent age at birth of CM,-2.0,Not known
addagb00,Respondent age at birth of CM,-1.0,Not applicable
addgab00,Respondent age at birth of CM (grouped),-2.0,Not known
addgab00,Respondent age at birth of CM (grouped),-1.0,Not applicable
addgab00,Respondent age at birth of CM (grouped),1.0,12 to 19
addgab00,Respondent age at birth of CM (grouped),2.0,20 to 29
addgab00,Respondent age at birth of CM (grouped),3.0,30 to 39
addgab00,Respondent age at birth of CM (grouped),4.0,40 plus
addeea00,Respondent's Ethnic Group inc back-coding (England),-9.0,Refusal
addeea00,Respondent's Ethnic Group inc back-coding (England),-8.0,Don't Know
addeea00,Respondent's Ethnic Group inc back-coding (England),-1.0,Not applicable
addeea00,Respondent's Ethnic Group inc back-coding (England),1.0,White - British
addeea00,Respondent's Ethnic Group inc back-coding (England),2.0,White - Irish
addeea00,Respondent's Ethnic Group inc back-coding (England),3.0,Any other White background
addeea00,Respondent's Ethnic Group inc back-coding (England),4.0,Mixed - White and Black Caribbean
addeea00,Respondent's Ethnic Group inc back-coding (England),5.0,Mixed - White and Black African
addeea00,Respondent's Ethnic Group inc back-coding (England),6.0,Mixed - White and Asian
addeea00,Respondent's Ethnic Group inc back-coding (England),7.0,Any other mixed background
addeea00,Respondent's Ethnic Group inc back-coding (England),8.0,Asian/Asian British - Indian
addeea00,Respondent's Ethnic Group inc back-coding (England),9.0,Asian/Asian British - Pakistani
addeea00,Respondent's Ethnic Group inc back-coding (England),10.0,Asian/Asian British - Bangladeshi
addeea00,Respondent's Ethnic Group inc back-coding (England),11.0,Any other Asian background
addeea00,Respondent's Ethnic Group inc back-coding (England),12.0,Black/Black British - Caribbean
addeea00,Respondent's Ethnic Group inc back-coding (England),13.0,Black/Black British - African
addeea00,Respondent's Ethnic Group inc back-coding (England),14.0,Any other Black background
addeea00,Respondent's Ethnic Group inc back-coding (England),15.0,Chinese
addeea00,Respondent's Ethnic Group inc back-coding (England),95.0,Any other background
addewa00_r30,Respondent's Ethnic Group inc back-coding (Wales)    [counts less than 30 recoded],3.0,White - Irish
addewa00_r30,Respondent's Ethnic Group inc back-coding (Wales)    [counts less than 30 recoded],4.0,Any other White background
addewa00_r30,Respondent's Ethnic Group inc back-coding (Wales)    [counts less than 30 recoded],5.0,Mixed - White and Black Caribbean
addewa00_r30,Respondent's Ethnic Group inc back-coding (Wales)    [counts less than 30 recoded],6.0,Mixed - White and Black African
addewa00_r30,Respondent's Ethnic Group inc back-coding (Wales)    [counts less than 30 recoded],7.0,Mixed - White and Asian
addewa00_r30,Respondent's Ethnic Group inc back-coding (Wales)    [counts less than 30 recoded],8.0,Any other mixed background
addewa00_r30,Respondent's Ethnic Group inc back-coding (Wales)    [counts less than 30 recoded],9.0,Asian/Asian British - Indian
addewa00_r30,Respondent's Ethnic Group inc back-coding (Wales)    [counts less than 30 recoded],10.0,Asian/Asian British - Pakistani
addewa00_r30,Respondent's Ethnic Group inc back-coding (Wales)    [counts less than 30 recoded],11.0,Asian/Asian British - Bangladeshi
addewa00_r30,Respondent's Ethnic Group inc back-coding (Wales)    [counts less than 30 recoded],12.0,Any other Asian background
addewa00_r30,Respondent's Ethnic Group inc back-coding (Wales)    [counts less than 30 recoded],13.0,Black/Black British - Caribbean
addewa00_r30,Respondent's Ethnic Group inc back-coding (Wales)    [counts less than 30 recoded],14.0,Black/Black British - African
addewa00_r30,Respondent's Ethnic Group inc back-coding (Wales)    [counts less than 30 recoded],15.0,Any other Black background
addewa00_r30,Respondent's Ethnic Group inc back-coding (Wales)    [counts less than 30 recoded],16.0,Chinese
addewa00_r30,Respondent's Ethnic Group inc back-coding (Wales)    [counts less than 30 recoded],95.0,Any other background
addewa00_r30,Respondent's Ethnic Group inc back-coding (Wales)    [counts less than 30 recoded],100.0,Recoded due to low counts - check SA
addewa00_r30,Respondent's Ethnic Group inc back-coding (Wales)    [counts less than 30 recoded],-9.0,Refusal
addewa00_r30,Respondent's Ethnic Group inc back-coding (Wales)    [counts less than 30 recoded],-8.0,Don't Know
addewa00_r30,Respondent's Ethnic Group inc back-coding (Wales)    [counts less than 30 recoded],-1.0,Not applicable
addewa00_r30,Respondent's Ethnic Group inc back-coding (Wales)    [counts less than 30 recoded],1.0,White - Welsh
addewa00_r30,Respondent's Ethnic Group inc back-coding (Wales)    [counts less than 30 recoded],2.0,White - other British
addesa00_r30,Respondent's Ethnic Group inc back-coding (Scotland) [counts less than 30 recoded],-9.0,Refusal
addesa00_r30,Respondent's Ethnic Group inc back-coding (Scotland) [counts less than 30 recoded],-8.0,Don't Know
addesa00_r30,Respondent's Ethnic Group inc back-coding (Scotland) [counts less than 30 recoded],-1.0,Not applicable
addesa00_r30,Respondent's Ethnic Group inc back-coding (Scotland) [counts less than 30 recoded],1.0,White - Scottish
addesa00_r30,Respondent's Ethnic Group inc back-coding (Scotland) [counts less than 30 recoded],2.0,White - other British
addesa00_r30,Respondent's Ethnic Group inc back-coding (Scotland) [counts less than 30 recoded],3.0,White - Irish
addesa00_r30,Respondent's Ethnic Group inc back-coding (Scotland) [counts less than 30 recoded],4.0,Any other White background
addesa00_r30,Respondent's Ethnic Group inc back-coding (Scotland) [counts less than 30 recoded],5.0,Any mixed background
addesa00_r30,Respondent's Ethnic Group inc back-coding (Scotland) [counts less than 30 recoded],6.0,Asian/Asian Scottish - Indian
addesa00_r30,Respondent's Ethnic Group inc back-coding (Scotland) [counts less than 30 recoded],7.0,Asian/Asian Scottish - Pakistani
addesa00_r30,Respondent's Ethnic Group inc back-coding (Scotland) [counts less than 30 recoded],8.0,Asian/Asian Scottish - Bangladeshi
addesa00_r30,Respondent's Ethnic Group inc back-coding (Scotland) [counts less than 30 recoded],9.0,Asian/Asian Scottish - Chinese
addesa00_r30,Respondent's Ethnic Group inc back-coding (Scotland) [counts less than 30 recoded],10.0,Any other Asian background
addesa00_r30,Respondent's Ethnic Group inc back-coding (Scotland) [counts less than 30 recoded],11.0,Black/Black Scottish - Caribbean
addesa00_r30,Respondent's Ethnic Group inc back-coding (Scotland) [counts less than 30 recoded],12.0,Black/Black Scottish - African
addesa00_r30,Respondent's Ethnic Group inc back-coding (Scotland) [counts less than 30 recoded],13.0,Any other Black background
addesa00_r30,Respondent's Ethnic Group inc back-coding (Scotland) [counts less than 30 recoded],95.0,Any other background
addesa00_r30,Respondent's Ethnic Group inc back-coding (Scotland) [counts less than 30 recoded],100.0,Recoded due to low counts - check SA
addena00,Respondent's Ethnic Group inc back-coding (N Ireland),-9.0,Refusal
addena00,Respondent's Ethnic Group inc back-coding (N Ireland),-8.0,Don't Know
addena00,Respondent's Ethnic Group inc back-coding (N Ireland),-1.0,Not applicable
addena00,Respondent's Ethnic Group inc back-coding (N Ireland),1.0,White
addena00,Respondent's Ethnic Group inc back-coding (N Ireland),2.0,Chinese
addena00,Respondent's Ethnic Group inc back-coding (N Ireland),3.0,Irish Traveller
addena00,Respondent's Ethnic Group inc back-coding (N Ireland),4.0,Indian
addena00,Respondent's Ethnic Group inc back-coding (N Ireland),5.0,Pakistani
addena00,Respondent's Ethnic Group inc back-coding (N Ireland),6.0,Bangladeshi
addena00,Respondent's Ethnic Group inc back-coding (N Ireland),7.0,Black Caribbean
addena00,Respondent's Ethnic Group inc back-coding (N Ireland),8.0,Black African
addena00,Respondent's Ethnic Group inc back-coding (N Ireland),9.0,Black Other
addena00,Respondent's Ethnic Group inc back-coding (N Ireland),10.0,Mixed ethnic group
addena00,Respondent's Ethnic Group inc back-coding (N Ireland),95.0,Any other background
add06e00,Respondent's Ethnic Group - 6 category Census,-9.0,Refusal
add06e00,Respondent's Ethnic Group - 6 category Census,-8.0,Don't Know
add06e00,Respondent's Ethnic Group - 6 category Census,-1.0,Not applicable
add06e00,Respondent's Ethnic Group - 6 category Census,1.0,White
add06e00,Respondent's Ethnic Group - 6 category Census,2.0,Mixed
add06e00,Respondent's Ethnic Group - 6 category Census,3.0,Indian
add06e00,Respondent's Ethnic Group - 6 category Census,4.0,Pakistani and Bangladeshi
add06e00,Respondent's Ethnic Group - 6 category Census,5.0,Black or Black British
add06e00,Respondent's Ethnic Group - 6 category Census,6.0,"Other Ethnic group (inc Chinese,Other)"
add11e00,Respondent's Ethnic Group - 11 category Census,-9.0,Refusal
add11e00,Respondent's Ethnic Group - 11 category Census,-8.0,Don't Know
add11e00,Respondent's Ethnic Group - 11 category Census,-1.0,Not applicable
add11e00,Respondent's Ethnic Group - 11 category Census,1.0,White
add11e00,Respondent's Ethnic Group - 11 category Census,2.0,Mixed
add11e00,Respondent's Ethnic Group - 11 category Census,3.0,Indian
add11e00,Respondent's Ethnic Group - 11 category Census,4.0,Pakistani
add11e00,Respondent's Ethnic Group - 11 category Census,5.0,Bangladeshi
add11e00,Respondent's Ethnic Group - 11 category Census,6.0,Other Asian
add11e00,Respondent's Ethnic Group - 11 category Census,7.0,Black Caribbean
add11e00,Respondent's Ethnic Group - 11 category Census,8.0,Black African
add11e00,Respondent's Ethnic Group - 11 category Census,9.0,Other Black
add11e00,Respondent's Ethnic Group - 11 category Census,10.0,Chinese
add11e00,Respondent's Ethnic Group - 11 category Census,11.0,Other Ethnic group
add08e00,Respondent's Ethnic Group - 8 category classification,-9.0,Refusal
add08e00,Respondent's Ethnic Group - 8 category classification,-8.0,Don't Know
add08e00,Respondent's Ethnic Group - 8 category classification,-1.0,Not applicable
add08e00,Respondent's Ethnic Group - 8 category classification,1.0,White
add08e00,Respondent's Ethnic Group - 8 category classification,2.0,Mixed
add08e00,Respondent's Ethnic Group - 8 category classification,3.0,Indian
add08e00,Respondent's Ethnic Group - 8 category classification,4.0,Pakistani
add08e00,Respondent's Ethnic Group - 8 category classification,5.0,Bangladeshi
add08e00,Respondent's Ethnic Group - 8 category classification,6.0,Black Caribbean
add08e00,Respondent's Ethnic Group - 8 category classification,7.0,Black African
add08e00,Respondent's Ethnic Group - 8 category classification,8.0,"Other Ethnic group (inc Chinese,Other)"
addnvq00,Respondent NVQ highest level,5.0,NVQ level 5
addnvq00,Respondent NVQ highest level,95.0,Overseas qual only
addnvq00,Respondent NVQ highest level,96.0,None of these
addnvq00,Respondent NVQ highest level,-1.0,Not applicable
addnvq00,Respondent NVQ highest level,1.0,NVQ level 1
addnvq00,Respondent NVQ highest level,2.0,NVQ level 2
addnvq00,Respondent NVQ highest level,3.0,NVQ level 3
addnvq00,Respondent NVQ highest level,4.0,NVQ level 4
addrrg00_r30,Respondent: Religion - combined GB & NI  [counts less than 30 recoded],-9.0,Refusal
addrrg00_r30,Respondent: Religion - combined GB & NI  [counts less than 30 recoded],-8.0,Dont Know
addrrg00_r30,Respondent: Religion - combined GB & NI  [counts less than 30 recoded],-1.0,Not applicable
addrrg00_r30,Respondent: Religion - combined GB & NI  [counts less than 30 recoded],1.0,No religion
addrrg00_r30,Respondent: Religion - combined GB & NI  [counts less than 30 recoded],2.0,"Christian, no denomination"
addrrg00_r30,Respondent: Religion - combined GB & NI  [counts less than 30 recoded],3.0,Roman Catholic
addrrg00_r30,Respondent: Religion - combined GB & NI  [counts less than 30 recoded],4.0,Church of England/Ireland/Anglican
addrrg00_r30,Respondent: Religion - combined GB & NI  [counts less than 30 recoded],5.0,United Reformed Church ( URC)/Congregat
addrrg00_r30,Respondent: Religion - combined GB & NI  [counts less than 30 recoded],6.0,Baptist
addrrg00_r30,Respondent: Religion - combined GB & NI  [counts less than 30 recoded],7.0,Methodist
addrrg00_r30,Respondent: Religion - combined GB & NI  [counts less than 30 recoded],8.0,Presbyterian/Church of Scotland
addrrg00_r30,Respondent: Religion - combined GB & NI  [counts less than 30 recoded],9.0,Free Presbyterian
addrrg00_r30,Respondent: Religion - combined GB & NI  [counts less than 30 recoded],11.0,Hindu
addrrg00_r30,Respondent: Religion - combined GB & NI  [counts less than 30 recoded],12.0,Jew
addrrg00_r30,Respondent: Religion - combined GB & NI  [counts less than 30 recoded],13.0,Muslim/Islam
addrrg00_r30,Respondent: Religion - combined GB & NI  [counts less than 30 recoded],14.0,Sikh
addrrg00_r30,Respondent: Religion - combined GB & NI  [counts less than 30 recoded],15.0,Buddhist
addrrg00_r30,Respondent: Religion - combined GB & NI  [counts less than 30 recoded],16.0,Brethren
addrrg00_r30,Respondent: Religion - combined GB & NI  [counts less than 30 recoded],17.0,Protestant - not specified
addrrg00_r30,Respondent: Religion - combined GB & NI  [counts less than 30 recoded],51.0,Other Christian Churches - Independent
addrrg00_r30,Respondent: Religion - combined GB & NI  [counts less than 30 recoded],52.0,Other Christian Churches - African/West
addrrg00_r30,Respondent: Religion - combined GB & NI  [counts less than 30 recoded],53.0,Pentecostal/Holiness
addrrg00_r30,Respondent: Religion - combined GB & NI  [counts less than 30 recoded],54.0,Salvation Army
addrrg00_r30,Respondent: Religion - combined GB & NI  [counts less than 30 recoded],56.0,Orthodox
addrrg00_r30,Respondent: Religion - combined GB & NI  [counts less than 30 recoded],57.0,Church of Wales
addrrg00_r30,Respondent: Religion - combined GB & NI  [counts less than 30 recoded],58.0,Mormon
addrrg00_r30,Respondent: Religion - combined GB & NI  [counts less than 30 recoded],59.0,Jehovah s Witness
addrrg00_r30,Respondent: Religion - combined GB & NI  [counts less than 30 recoded],60.0,Spiritualist
addrrg00_r30,Respondent: Religion - combined GB & NI  [counts less than 30 recoded],84.0,Other Christian (not codeable)
addrrg00_r30,Respondent: Religion - combined GB & NI  [counts less than 30 recoded],85.0,Other non-Christian (not codeable)
addrrg00_r30,Respondent: Religion - combined GB & NI  [counts less than 30 recoded],100.0,Recoded due to low counts - check SA
addact00,Respondents Economic Activity Status,-1.0,Not applicable
addact00,Respondents Economic Activity Status,1.0,Employed
addact00,Respondents Economic Activity Status,2.0,Self employed
addact00,Respondents Economic Activity Status,3.0,Looking for work
addact00,Respondents Economic Activity Status,4.0,Poor health
addact00,Respondents Economic Activity Status,5.0,New Deal
addact00,Respondents Economic Activity Status,6.0,Student
addact00,Respondents Economic Activity Status,7.0,Non-working for other/unknown reason
addwrk00,DV Whether main respondent is in work or not,-9.0,Refusal
addwrk00,DV Whether main respondent is in work or not,-8.0,Don't know
addwrk00,DV Whether main respondent is in work or not,-1.0,Not applicable
addwrk00,DV Whether main respondent is in work or not,1.0,Respondent is in work/on leave
addwrk00,DV Whether main respondent is in work or not,2.0,Respondent is not in work/on leave
add17s00,Respondent NS-SEC full version,-9.0,Refusal
add17s00,Respondent NS-SEC full version,-8.0,Don't know
add17s00,Respondent NS-SEC full version,-1.0,Not applicable
add17s00,Respondent NS-SEC full version,1.0,Large emp
add17s00,Respondent NS-SEC full version,2.0,Hi manag
add17s00,Respondent NS-SEC full version,3.1,Hi prof trad
add17s00,Respondent NS-SEC full version,3.2,Hi prof new
add17s00,Respondent NS-SEC full version,3.3,Hi prof trad s-emp
add17s00,Respondent NS-SEC full version,3.4,Hi prof new s-emp
add17s00,Respondent NS-SEC full version,4.1,Lo prof trad
add17s00,Respondent NS-SEC full version,4.2,Lo prof new
add17s00,Respondent NS-SEC full version,4.3,Lo prof trad s-emp
add17s00,Respondent NS-SEC full version,4.4,Lo prof new s-emp
add17s00,Respondent NS-SEC full version,5.0,Lower managers
add17s00,Respondent NS-SEC full version,6.0,Hi supervisory
add17s00,Respondent NS-SEC full version,7.1,Intermed clerical
add17s00,Respondent NS-SEC full version,7.2,Intermed service
add17s00,Respondent NS-SEC full version,7.3,Intermed techncl
add17s00,Respondent NS-SEC full version,7.4,Intermed engineerng
add17s00,Respondent NS-SEC full version,8.1,Small emp indust'
add17s00,Respondent NS-SEC full version,8.2,Sm emp agric
add17s00,Respondent NS-SEC full version,9.1,S-emp non profl
add17s00,Respondent NS-SEC full version,9.2,S-emp agric
add17s00,Respondent NS-SEC full version,10.0,Lower supervisors
add17s00,Respondent NS-SEC full version,11.1,Lo tech craft
add17s00,Respondent NS-SEC full version,11.2,Lo tech operative
add17s00,Respondent NS-SEC full version,12.1,Semi-rou sales
add17s00,Respondent NS-SEC full version,12.2,Semi-rou service
add17s00,Respondent NS-SEC full version,12.3,Semi-rou techncl
add17s00,Respondent NS-SEC full version,12.4,Semi-rou operative
add17s00,Respondent NS-SEC full version,12.5,Semi-rou gric
add17s00,Respondent NS-SEC full version,12.6,Semi-rou clerical
add17s00,Respondent NS-SEC full version,12.7,Semi-rou childcare
add17s00,Respondent NS-SEC full version,13.1,Routine sales
add17s00,Respondent NS-SEC full version,13.2,Routine productn
add17s00,Respondent NS-SEC full version,13.3,Routine tech
add17s00,Respondent NS-SEC full version,13.4,Routine operative
add17s00,Respondent NS-SEC full version,13.5,Routine agric
add17s00,Respondent NS-SEC full version,14.1,Never worked
add17s00,Respondent NS-SEC full version,14.2,L-tunemp
add17s00,Respondent NS-SEC full version,15.0,F-t students
add17s00,Respondent NS-SEC full version,16.0,"Not stated, inad desc"
add17s00,Respondent NS-SEC full version,17.0,Unclassif other
add13s00,Respondent NS-SEC major categories,-1.0,Not applicable
add13s00,Respondent NS-SEC major categories,1.0,Large emp
add13s00,Respondent NS-SEC major categories,2.0,Hi manag
add13s00,Respondent NS-SEC major categories,3.0,Higher prof
add13s00,Respondent NS-SEC major categories,4.0,Lo prof/hi tech
add13s00,Respondent NS-SEC major categories,5.0,Lower managers
add13s00,Respondent NS-SEC major categories,6.0,Hi supervisory
add13s00,Respondent NS-SEC major categories,7.0,Intermediate
add13s00,Respondent NS-SEC major categories,8.0,Small employers
add13s00,Respondent NS-SEC major categories,9.0,Self-emp non profl
add13s00,Respondent NS-SEC major categories,10.0,Lower supervisors
add13s00,Respondent NS-SEC major categories,11.0,Lower technical
add13s00,Respondent NS-SEC major categories,12.0,Semi-routine
add13s00,Respondent NS-SEC major categories,13.0,Routine
add07s00,Respondent NS-SEC 7 classes,-1.0,Not applicable
add07s00,Respondent NS-SEC 7 classes,1.0,Hi manag/prof
add07s00,Respondent NS-SEC 7 classes,2.0,Lo manag/prof
add07s00,Respondent NS-SEC 7 classes,3.0,Intermediate
add07s00,Respondent NS-SEC 7 classes,4.0,Small emp and s-emp
add07s00,Respondent NS-SEC 7 classes,5.0,Low sup and tech
add07s00,Respondent NS-SEC 7 classes,6.0,Semi routine
add07s00,Respondent NS-SEC 7 classes,7.0,Routine
add05s00,Respondent NS-SEC 5 classes,-1.0,Not applicable
add05s00,Respondent NS-SEC 5 classes,1.0,Manag and profl
add05s00,Respondent NS-SEC 5 classes,2.0,Intermediate
add05s00,Respondent NS-SEC 5 classes,3.0,Sm emp and s-emp
add05s00,Respondent NS-SEC 5 classes,4.0,Lo sup and tech
add05s00,Respondent NS-SEC 5 classes,5.0,Semi-rou and routine
adaoti00,Main Interview outcome code,-9.0,Refusal
adaoti00,Main Interview outcome code,-8.0,Not known
adaoti00,Main Interview outcome code,-1.0,Not applicable
adaeng00,ADMIN Main interview in english or other language,-9.0,Refusal
adaeng00,ADMIN Main interview in english or other language,-8.0,Don't Know
adaeng00,ADMIN Main interview in english or other language,-1.0,Not applicable
adaeng00,ADMIN Main interview in english or other language,1.0,English only
adaeng00,ADMIN Main interview in english or other language,2.0,English and another language
adaeng00,ADMIN Main interview in english or other language,3.0,Another language
adalan00,ADMIN Language of main interview,-9.0,Refusal
adalan00,ADMIN Language of main interview,-8.0,Don't Know
adalan00,ADMIN Language of main interview,-1.0,Not applicable
adalan00,ADMIN Language of main interview,1.0,Welsh
adalan00,ADMIN Language of main interview,2.0,Gaelic
adalan00,ADMIN Language of main interview,3.0,Urdu
adalan00,ADMIN Language of main interview,4.0,Punjabi
adalan00,ADMIN Language of main interview,5.0,Gujarati
adalan00,ADMIN Language of main interview,6.0,Hindi
adalan00,ADMIN Language of main interview,7.0,Bengali
adalan00,ADMIN Language of main interview,8.0,Sylheti
adalan00,ADMIN Language of main interview,9.0,Cantonese
adalan00,ADMIN Language of main interview,10.0,Somali
adalan00,ADMIN Language of main interview,11.0,Tamil
adalan00,ADMIN Language of main interview,12.0,Turkish
adalan00,ADMIN Language of main interview,13.0,Kurdish
adalan00,ADMIN Language of main interview,14.0,Arabic
adalan00,ADMIN Language of main interview,51.0,Other/Other European language
adalan00,ADMIN Language of main interview,52.0,"Other/Other African Language (e.g. Ibo,"
adalan00,ADMIN Language of main interview,53.0,"Other/Other Asian Language (e.g. Hinko,"
adalan00,ADMIN Language of main interview,85.0,"Other answer (not codeable 1-14, 51-53)"
adalan00,ADMIN Language of main interview,86.0,Irrelevant response
adalan00,ADMIN Language of main interview,95.0,Other
adatra00,Who translated interview?,-9.0,Refusal
adatra00,Who translated interview?,-8.0,Don't Know
adatra00,Who translated interview?,-1.0,Not applicable
adatra00,Who translated interview?,1.0,Respondent s husband/ wife/ partner
adatra00,Who translated interview?,2.0,Female adult household member
adatra00,Who translated interview?,3.0,Male adult household member
adatra00,Who translated interview?,4.0,Female child in household
adatra00,Who translated interview?,5.0,Male child in household
adatra00,Who translated interview?,6.0,Female non-household member
adatra00,Who translated interview?,7.0,Male non-household member
adatra00,Who translated interview?,8.0,Interviewer
adwgtk00,Weight of respondent in Kilos At interview,-8.0,Dont Know / refused
adwgtk00,Weight of respondent in Kilos At interview,-2.0,No measurement Pregnant
adwgtk00,Weight of respondent in Kilos At interview,-1.0,Not applicable
adhgtm00,Height of respondent in Metres,-9.0,Refusal
adhgtm00,Height of respondent in Metres,-8.0,Dont Know / refused
adhgtm00,Height of respondent in Metres,-1.0,Not applicable
addbmi00,BMI of respondent at interview,-8.0,Dont Know / refused
addbmi00,BMI of respondent at interview,-2.0,No measurement Pregnant
addbmi00,BMI of respondent at interview,-1.0,Not applicable
adwgbk00,Weight of respondent in Kilos before CM born,-9.0,Refusal
adwgbk00,Weight of respondent in Kilos before CM born,-8.0,Dont Know / refused
adwgbk00,Weight of respondent in Kilos before CM born,-1.0,Not applicable
adbmipre,BMI of respondent before CM born,-9.0,Refusal
adbmipre,BMI of respondent before CM born,-8.0,Dont Know / refused
adbmipre,BMI of respondent before CM born,-1.0,Not applicable
add17c00,DV NS-SEC full version (last known job),1.0,Large emp
add17c00,DV NS-SEC full version (last known job),2.0,Hi manag
add17c00,DV NS-SEC full version (last known job),3.1,Hi prof trad
add17c00,DV NS-SEC full version (last known job),3.2,Hi prof new
add17c00,DV NS-SEC full version (last known job),3.3,Hi prof trad s-emp
add17c00,DV NS-SEC full version (last known job),3.4,Hi prof new s-emp
add17c00,DV NS-SEC full version (last known job),4.1,Lo prof trad
add17c00,DV NS-SEC full version (last known job),4.2,Lo prof new
add17c00,DV NS-SEC full version (last known job),4.3,Lo prof trad s-emp
add17c00,DV NS-SEC full version (last known job),4.4,Lo prof new s-emp
add17c00,DV NS-SEC full version (last known job),5.0,Lower managers
add17c00,DV NS-SEC full version (last known job),6.0,Hi supervisory
add17c00,DV NS-SEC full version (last known job),7.1,Intermed clerical
add17c00,DV NS-SEC full version (last known job),7.2,Intermed service
add17c00,DV NS-SEC full version (last known job),7.3,Intermed techncl
add17c00,DV NS-SEC full version (last known job),7.4,Intermed engineerng
add17c00,DV NS-SEC full version (last known job),8.1,Small emp indust'
add17c00,DV NS-SEC full version (last known job),8.2,Sm emp agric
add17c00,DV NS-SEC full version (last known job),9.1,S-emp non profl
add17c00,DV NS-SEC full version (last known job),9.2,. 'S-emp agric'
add17c00,DV NS-SEC full version (last known job),10.0,Lower supervisors
add17c00,DV NS-SEC full version (last known job),11.1,Lo tech craft
add17c00,DV NS-SEC full version (last known job),11.2,Lo tech operative
add17c00,DV NS-SEC full version (last known job),12.1,Semi-rou sales
add17c00,DV NS-SEC full version (last known job),12.2,Semi-rou service
add17c00,DV NS-SEC full version (last known job),12.3,Semi-rou techncl
add17c00,DV NS-SEC full version (last known job),12.4,Semi-rou operative
add17c00,DV NS-SEC full version (last known job),12.5,Semi-rou gric
add17c00,DV NS-SEC full version (last known job),12.6,Semi-rou clerical
add17c00,DV NS-SEC full version (last known job),12.7,Semi-rou childcare
add17c00,DV NS-SEC full version (last known job),13.1,Routine sales
add17c00,DV NS-SEC full version (last known job),13.2,Routine productn
add17c00,DV NS-SEC full version (last known job),13.3,Routine tech
add17c00,DV NS-SEC full version (last known job),13.4,Routine operative
add17c00,DV NS-SEC full version (last known job),13.5,Routine agric
add17c00,DV NS-SEC full version (last known job),14.1,Never worked
add17c00,DV NS-SEC full version (last known job),14.2,L-tunemp
add17c00,DV NS-SEC full version (last known job),15.0,F-t students
add17c00,DV NS-SEC full version (last known job),16.0,"Not stated, inad desc"
add17c00,DV NS-SEC full version (last known job),17.0,Unclassif other
add17c00,DV NS-SEC full version (last known job),-8.0,Don't know
add17c00,DV NS-SEC full version (last known job),-1.0,Not applicable
add13c00,DV NS-SEC major categories (last known job),-1.0,Not applicable
add13c00,DV NS-SEC major categories (last known job),1.0,Large emp
add13c00,DV NS-SEC major categories (last known job),2.0,Hi manag
add13c00,DV NS-SEC major categories (last known job),3.0,Higher prof
add13c00,DV NS-SEC major categories (last known job),4.0,Lo prof/hi tech
add13c00,DV NS-SEC major categories (last known job),5.0,Lower managers
add13c00,DV NS-SEC major categories (last known job),6.0,Hi supervisory
add13c00,DV NS-SEC major categories (last known job),7.0,Intermediate
add13c00,DV NS-SEC major categories (last known job),8.0,Small employers
add13c00,DV NS-SEC major categories (last known job),9.0,Self-emp non profl
add13c00,DV NS-SEC major categories (last known job),10.0,Lower supervisors
add13c00,DV NS-SEC major categories (last known job),11.0,Lower technical
add13c00,DV NS-SEC major categories (last known job),12.0,Semi-routine
add13c00,DV NS-SEC major categories (last known job),13.0,Routine
add07c00,DV NS-SEC 7 classes (last known job),-1.0,Not applicable
add07c00,DV NS-SEC 7 classes (last known job),1.0,Hi manag/prof
add07c00,DV NS-SEC 7 classes (last known job),2.0,Lo manag/prof
add07c00,DV NS-SEC 7 classes (last known job),3.0,Intermediate
add07c00,DV NS-SEC 7 classes (last known job),4.0,Small emp and s-emp
add07c00,DV NS-SEC 7 classes (last known job),5.0,Low sup and tech
add07c00,DV NS-SEC 7 classes (last known job),6.0,Semi routine
add07c00,DV NS-SEC 7 classes (last known job),7.0,Routine
add05c00,DV NS-SEC 5 classes (last known job),-1.0,Not applicable
add05c00,DV NS-SEC 5 classes (last known job),1.0,Manag and profl
add05c00,DV NS-SEC 5 classes (last known job),2.0,Intermediate
add05c00,DV NS-SEC 5 classes (last known job),3.0,Sm emp and s-emp
add05c00,DV NS-SEC 5 classes (last known job),4.0,Lo sup and tech
add05c00,DV NS-SEC 5 classes (last known job),5.0,Semi-rou and routine
addrlg00,Respondent religion - 7 category,-9.0,Refusal
addrlg00,Respondent religion - 7 category,-8.0,Don't know
addrlg00,Respondent religion - 7 category,-1.0,Not applicable
addrlg00,Respondent religion - 7 category,1.0,Christian
addrlg00,Respondent religion - 7 category,2.0,Muslim
addrlg00,Respondent religion - 7 category,3.0,Hindu
addrlg00,Respondent religion - 7 category,4.0,Sikh
addrlg00,Respondent religion - 7 category,5.0,Jewish
addrlg00,Respondent religion - 7 category,6.0,Buddhist
addrlg00,Respondent religion - 7 category,7.0,Other
addrlg00,Respondent religion - 7 category,8.0,None
adacaq00,NVQ equivalent of highest Academic qualification,-1.0,Not applicable
avail_from_dt,,,
mcs_llc_fid_e,Encrypted Family/Household anonymised ID for LLC,,
