variable_name,variable_label,value_value,value_label
study_id_e,,,
pnum,Cohort Member number within an MCS family,1.0,1st Cohort Member of the family
pnum,Cohort Member number within an MCS family,2.0,2nd Cohort Member of the family
pnum,Cohort Member number within an MCS family,3.0,3rd Cohort Member of the family
acmcbcode_22,Mother's country of birth (ISO 3166) : Top coded to two letter country code or,,
acfcbcode_22,Father's country of birth : Top coded to two letter country code or Continent,,
avail_from_dt,,,
mcs_llc_fid_e,Encrypted Family/Household anonymised ID for LLC,,
