variable_name,variable_label,value_value,value_label
cactry00,ADMIN Country at interview (E,1.0,England
cactry00,ADMIN Country at interview (E,2.0,Wales
cactry00,ADMIN Country at interview (E,3.0,Scotland
cactry00,ADMIN Country at interview (E,4.0,Northern Ireland
caregn00,Interview Government Office Region,1.0,North East
caregn00,Interview Government Office Region,2.0,North West
caregn00,Interview Government Office Region,3.0,Yorkshire and the Humber
caregn00,Interview Government Office Region,4.0,East Midlands
caregn00,Interview Government Office Region,5.0,West Midlands
caregn00,Interview Government Office Region,6.0,East of England
caregn00,Interview Government Office Region,7.0,London
caregn00,Interview Government Office Region,8.0,South East
caregn00,Interview Government Office Region,9.0,South West
caregn00,Interview Government Office Region,10.0,Wales
caregn00,Interview Government Office Region,11.0,Scotland
caregn00,Interview Government Office Region,12.0,Northern Ireland
caregn00,Interview Government Office Region,13.0,Not app in IoM Ch Is
cdrspo00,DV Parent Interview response summary,-1.0,Not applicable
cdrspo00,DV Parent Interview response summary,1.0,"Main respondent in person, no partner"
cdrspo00,DV Parent Interview response summary,2.0,Main and partner respondent in person
cdrspo00,DV Parent Interview response summary,3.0,"Main in person, partner by proxy"
cdrspo00,DV Parent Interview response summary,4.0,"Main in person, partner eligible but no int"
cdrspo00,DV Parent Interview response summary,5.0,"No main interview, partner interviewed"
cdrspo00,DV Parent Interview response summary,6.0,"No main interview, partner by proxy"
cdrspo00,DV Parent Interview response summary,7.0,No parent interviews
cdhtyp00,DV Parents/Carers in Household,-1.0,Not applicable
cdhtyp00,DV Parents/Carers in Household,1.0,Both natural parents
cdhtyp00,DV Parents/Carers in Household,2.0,Natural mother and step-parent
cdhtyp00,DV Parents/Carers in Household,3.0,Natural mother and other parent/carer
cdhtyp00,DV Parents/Carers in Household,4.0,Natural mother and adoptive parent
cdhtyp00,DV Parents/Carers in Household,5.0,Natural father and step-parent
cdhtyp00,DV Parents/Carers in Household,6.0,Natural father and other parent/carer
cdhtyp00,DV Parents/Carers in Household,7.0,Natural father and adoptive parent
cdhtyp00,DV Parents/Carers in Household,8.0,Two adoptive parents
cdhtyp00,DV Parents/Carers in Household,9.0,Adoptive mother and other parent/carer
cdhtyp00,DV Parents/Carers in Household,10.0,Two foster parents
cdhtyp00,DV Parents/Carers in Household,11.0,Two grandparents
cdhtyp00,DV Parents/Carers in Household,12.0,Grandmother and other parent/carer
cdhtyp00,DV Parents/Carers in Household,13.0,Grandfather and other parent/carer
cdhtyp00,DV Parents/Carers in Household,14.0,Two other parents
cdhtyp00,DV Parents/Carers in Household,15.0,Natural mother only
cdhtyp00,DV Parents/Carers in Household,16.0,Natural father only
cdhtyp00,DV Parents/Carers in Household,17.0,Adoptive mother only
cdhtyp00,DV Parents/Carers in Household,18.0,Adoptive father only
cdhtyp00,DV Parents/Carers in Household,19.0,Step mother only
cdhtyp00,DV Parents/Carers in Household,20.0,Grandmother only
cdhtyp00,DV Parents/Carers in Household,21.0,Other parent/carer only (foster/sib/rel)
cdhtys00,DV Summary of Parents/Carers in Household,-1.0,Not applicable
cdhtys00,DV Summary of Parents/Carers in Household,1.0,Two parents/carers
cdhtys00,DV Summary of Parents/Carers in Household,2.0,One parent/carer
cdrelp00,DV Relationship between Parents/Carers in Household,-2.0,Not known
cdrelp00,DV Relationship between Parents/Carers in Household,-1.0,Not applicable
cdrelp00,DV Relationship between Parents/Carers in Household,1.0,Married
cdrelp00,DV Relationship between Parents/Carers in Household,2.0,Cohabiting
cdrelp00,DV Relationship between Parents/Carers in Household,3.0,Neither
cdnatm00,DV Natural mother status,-1.0,Not applicable
cdnatm00,DV Natural mother status,1.0,Resident full-time in household
cdnatm00,DV Natural mother status,2.0,Resident part-time in household
cdnatm00,DV Natural mother status,3.0,Deceased
cdnatm00,DV Natural mother status,4.0,"Non-resident, in contact"
cdnatm00,DV Natural mother status,5.0,"Non-resident, not in contact"
cdnatm00,DV Natural mother status,6.0,"Non resident, contact not known"
cdnatf00,DV Natural father status,-1.0,Not applicable
cdnatf00,DV Natural father status,1.0,Resident full-time in household
cdnatf00,DV Natural father status,2.0,Resident part-time in household
cdnatf00,DV Natural father status,3.0,Deceased
cdnatf00,DV Natural father status,4.0,"Non-resident, in contact"
cdnatf00,DV Natural father status,5.0,"Non-resident, not in contact"
cdnatf00,DV Natural father status,6.0,"Non resident, contact not known"
cdminh00,CMINH0000,-1.0,Not applicable
cdminh00,CMINH0000,1.0,Resident in household
cdminh00,CMINH0000,2.0,Not resident in household
cdminh00,CMINH0000,3.0,Deceased
cdfinh00,CFINH0000,-1.0,Not applicable
cdfinh00,CFINH0000,1.0,Resident in household
cdfinh00,CFINH0000,2.0,Not resident in household
cdfinh00,CFINH0000,3.0,Deceased
cdoths00,DV Number of siblings of CM in household,-2.0,Not known
cdnocm00,DV Number of CM in household,-2.0,Not known
cdnocm00,DV Number of CM in household,-1.0,Not applicable
cdtots00,DV Number of siblings in household plus number of CM's,-2.0,Not known
cdtots00,DV Number of siblings in household plus number of CM's,-1.0,Not applicable
cdnsib00,DV Natural siblings of CM in household,-2.0,Unknown
cdnsib00,DV Natural siblings of CM in household,-1.0,Not applicable
cdhsib00,DV Half siblings of CM in household,-2.0,Unknown
cdhsib00,DV Half siblings of CM in household,-1.0,Not applicable
cdssib00,DV Step siblings of CM in household,-2.0,Unknown
cdssib00,DV Step siblings of CM in household,-1.0,Not applicable
cdasib00,Adoptive siblings of CM in household,-2.0,Unknown
cdasib00,Adoptive siblings of CM in household,-1.0,Not applicable
cdfsib00,CFSIB0000,-2.0,Unknown
cdfsib00,CFSIB0000,-1.0,Not applicable
cdgpar00,DV Grandparent of CM in household,-2.0,Unknown
cdgpar00,DV Grandparent of CM in household,-1.0,Not applicable
cdotha00,COTHA0000,-2.0,Unknown
cdotha00,COTHA0000,-1.0,Not applicable
cdnumh00,DV Number of people in household (not including CM),-2.0,Unknown
cdnumh00,DV Number of people in household (not including CM),-1.0,Not applicable
cdtotp00,DV Number of people in household (including CM's),-2.0,Unknown
cdtotp00,DV Number of people in household (including CM's),-1.0,Not applicable
cdcwrk00,DV Combined labour market status of Main and Partner,-9.0,Refusal
cdcwrk00,DV Combined labour market status of Main and Partner,-8.0,Don't Know
cdcwrk00,DV Combined labour market status of Main and Partner,-1.0,Not applicable
cdcwrk00,DV Combined labour market status of Main and Partner,1.0,Both in work
cdcwrk00,DV Combined labour market status of Main and Partner,2.0,"Main in work, partner not"
cdcwrk00,DV Combined labour market status of Main and Partner,3.0,"Partner in work, main not"
cdcwrk00,DV Combined labour market status of Main and Partner,4.0,Both not in work
cdcwrk00,DV Combined labour market status of Main and Partner,5.0,"Main in work or on leave, no partner"
cdcwrk00,DV Combined labour market status of Main and Partner,6.0,"Main not on work nor on leave, no partner"
cdcwrk00,DV Combined labour market status of Main and Partner,7.0,"Main work status unknown, partner in work"
cdcwrk00,DV Combined labour market status of Main and Partner,8.0,"Main work status unknown, partner not in work"
cdcwrk00,DV Combined labour market status of Main and Partner,9.0,"Main in work, partner status unknown"
cdcwrk00,DV Combined labour market status of Main and Partner,10.0,"Main not in work, partner status unknown"
cdcwrk00,DV Combined labour market status of Main and Partner,11.0,"Main working status unknown, no partner"
cdout300,ADMIN 3 digit outcome field,-1.0,Not applicable
cdout300,ADMIN 3 digit outcome field,1.0,Productive
cdout300,ADMIN 3 digit outcome field,2.0,Refusal
cdout300,ADMIN 3 digit outcome field,3.0,Other unproductive
cdout300,ADMIN 3 digit outcome field,4.0,Ineligible
cdout300,ADMIN 3 digit outcome field,5.0,Untraced
cdout300,ADMIN 3 digit outcome field,6.0,No Contact
cdcnty00,Country of Interview,-1.0,Not applicable
cdcnty00,Country of Interview,1.0,England
cdcnty00,Country of Interview,2.0,Wales
cdcnty00,Country of Interview,3.0,Scotland
cdcnty00,Country of Interview,4.0,Northern Ireland
cdoeds00,DV Equivalised family income OECD scores,-1.0,Not applicable
cdoede00,DV OECD equivalised income,-1.0,Not applicable
cdoedp00,DV OECD below 60% median poverty indicator,-1.0,Missing data
cdoedp00,DV OECD below 60% median poverty indicator,0.0,Above 60% median
cdoedp00,DV OECD below 60% median poverty indicator,1.0,Below 60% median
cdmbmi00,DV Natural Mothers BMI at Interview,-8.0,Dont Know / Refused
cdmbmi00,DV Natural Mothers BMI at Interview,-2.0,Pregnant no BMI calc.
cdmbmi00,DV Natural Mothers BMI at Interview,-1.0,Not applicable
cdroow00,DV Housing Tenure,-9.0,Refusal
cdroow00,DV Housing Tenure,-8.0,Don't Know
cdroow00,DV Housing Tenure,-1.0,Not applicable
cdroow00,DV Housing Tenure,1.0,Own outright
cdroow00,DV Housing Tenure,2.0,Own - mortgage/loan
cdroow00,DV Housing Tenure,3.0,Part rent/part mortgage (shared equity)
cdroow00,DV Housing Tenure,4.0,Rent from local authority
cdroow00,DV Housing Tenure,5.0,Rent from Housing Association
cdroow00,DV Housing Tenure,6.0,Rent privately
cdroow00,DV Housing Tenure,7.0,Living with parents
cdroow00,DV Housing Tenure,8.0,Live rent free
cdroow00,DV Housing Tenure,9.0,Squatting
cdroow00,DV Housing Tenure,10.0,Other
cdhlan00,DV Language Spoken in household,-9.0,Refusal
cdhlan00,DV Language Spoken in household,-8.0,Don't Know
cdhlan00,DV Language Spoken in household,-1.0,Not applicable
cdhlan00,DV Language Spoken in household,1.0,Yes - English only
cdhlan00,DV Language Spoken in household,2.0,Yes - mostly English-sometimes other
cdhlan00,DV Language Spoken in household,3.0,Yes - about half English and half other
cdhlan00,DV Language Spoken in household,4.0,"No - mostly other, sometimeS English"
cdhlan00,DV Language Spoken in household,5.0,No - other language(s) only
cdmint00,DV Main Interview Outcome,-1.0,Not applicable
cdmint00,DV Main Interview Outcome,1.0,Main interviewed in person
cdmint00,DV Main Interview Outcome,2.0,Main eligible but not interviewed
cdmint00,DV Main Interview Outcome,3.0,No-one eligible for Main interview
cdpint00,DV Partner Interview Outcome,-1.0,Not applicable
cdpint00,DV Partner Interview Outcome,1.0,Partner interviewed in person
cdpint00,DV Partner Interview Outcome,2.0,Partner interviewed by proxy
cdpint00,DV Partner Interview Outcome,3.0,Partner eligible but not interviewed
cdpint00,DV Partner Interview Outcome,4.0,No-one eligible for Partner interview
chincc00,DV Total Income (banded,-8.0,Dont Know
chincc00,DV Total Income (banded,-1.0,Not applicable
chincc00,DV Total Income (banded,2.0,"Less than Â£1,600"
chincc00,DV Total Income (banded,3.0,"Â£1,600 less Â£3,100"
chincc00,DV Total Income (banded,4.0,"Â£3,100 less than Â£4,700"
chincc00,DV Total Income (banded,5.0,"Â£4,700 less than Â£6,200"
chincc00,DV Total Income (banded,6.0,"Â£6,200 less than Â£7,800"
chincc00,DV Total Income (banded,7.0,"Â£7,800 less than Â£10,400"
chincc00,DV Total Income (banded,8.0,"Â£10,400 less than Â£13,000"
chincc00,DV Total Income (banded,9.0,"Â£13,000 less than Â£15,600"
chincc00,DV Total Income (banded,10.0,"Â£15,600 less than Â£18,200"
chincc00,DV Total Income (banded,11.0,"Â£18,200 less than Â£20,800"
chincc00,DV Total Income (banded,12.0,"Â£20,800 less than Â£26,000"
chincc00,DV Total Income (banded,13.0,"Â£26,000 less than Â£31,200"
chincc00,DV Total Income (banded,14.0,"Â£31,200 less than Â£36,400"
chincc00,DV Total Income (banded,15.0,"Â£36,400 less than Â£41,600"
chincc00,DV Total Income (banded,16.0,"Â£41,600 less than Â£46,800"
chincc00,DV Total Income (banded,17.0,"Â£46,800 less than Â£52,000"
chincc00,DV Total Income (banded,18.0,"Â£52,000 less than Â£80,000"
chincc00,DV Total Income (banded,19.0,"Â£80,000 less than Â£ 100,000"
chincc00,DV Total Income (banded,20.0,"Â£100,000 or more"
chincs00,DV Total Income (banded,-9.0,Refusal
chincs00,DV Total Income (banded,-8.0,Dont Know
chincs00,DV Total Income (banded,-1.0,Not applicable
chincs00,DV Total Income (banded,2.0,"Less than Â£1,050"
chincs00,DV Total Income (banded,3.0,"Â£1,050 less than Â£2,100"
chincs00,DV Total Income (banded,4.0,"Â£2,100 less than Â£3,100"
chincs00,DV Total Income (banded,5.0,"Â£3,100 less than Â£4,200"
chincs00,DV Total Income (banded,6.0,"Â£4,200 less than Â£5,200"
chincs00,DV Total Income (banded,7.0,"Â£5,200 less than Â£7,000"
chincs00,DV Total Income (banded,8.0,"Â£7,000 less than Â£8,600"
chincs00,DV Total Income (banded,9.0,"Â£8,600 less than Â£10,400"
chincs00,DV Total Income (banded,10.0,"Â£10,400 less than Â£12,200"
chincs00,DV Total Income (banded,11.0,"Â£12,200 less than Â£13,800"
chincs00,DV Total Income (banded,12.0,"Â£13,800 less than Â£17,400"
chincs00,DV Total Income (banded,13.0,"Â£17,400 less than Â£20,800"
chincs00,DV Total Income (banded,14.0,"Â£20,800 less than Â£24,200"
chincs00,DV Total Income (banded,15.0,"Â£24,200 less than Â£27,800"
chincs00,DV Total Income (banded,16.0,"Â£27,800 less than Â£31,200"
chincs00,DV Total Income (banded,17.0,"Â£31,200 less than Â£34,600"
chincs00,DV Total Income (banded,18.0,"Â£34,600 less than Â£52,000"
chincs00,DV Total Income (banded,19.0,"Â£52,000 less than Â£66,000"
chincs00,DV Total Income (banded,20.0,"Â£66,000 or more"
ctotinc0,DV Total Income,-1.0,Not applicable
cdtima00,DV Time at current address (months),-1.0,Not applicable
cdtimf00,DV Flaging issues with CTIMA0000,-1.0,Not applicable
cdtimf00,DV Flaging issues with CTIMA0000,1.0,"Month of move missing, June assumed"
cdtimf00,DV Flaging issues with CTIMA0000,2.0,"NF same address as when CM was 9 months old, no move date known"
cdtimf00,DV Flaging issues with CTIMA0000,3.0,"NF at different address from when CM was 9 months old,no move date known"
cincflag,DV Flag for imputed income,-1.0,Not applicable
cincflag,DV Flag for imputed income,1.0,Imputed
cincflag,DV Flag for imputed income,2.0,Replaced with band midpoint
cincflag,DV Flag for imputed income,3.0,Missing band or predictor(s)
coedex00,DV PREDICTED weekly net family income,-1.0,Not applicable
coecduk0,DV OECD Income Weighted Quintiles (UK Analysis),-1.0,Not applicable
coecduk0,DV OECD Income Weighted Quintiles (UK Analysis),1.0,Lowest quintile
coecduk0,DV OECD Income Weighted Quintiles (UK Analysis),2.0,Second quintile
coecduk0,DV OECD Income Weighted Quintiles (UK Analysis),3.0,Third quintile
coecduk0,DV OECD Income Weighted Quintiles (UK Analysis),4.0,Fourth quintile
coecduk0,DV OECD Income Weighted Quintiles (UK Analysis),5.0,Highest quintile
coecdsc0,DV OECD Income Weighted Quintiles (Single Country Analysis),-1.0,Not applicable
coecdsc0,DV OECD Income Weighted Quintiles (Single Country Analysis),1.0,Lowest quintile
coecdsc0,DV OECD Income Weighted Quintiles (Single Country Analysis),2.0,Second quintile
coecdsc0,DV OECD Income Weighted Quintiles (Single Country Analysis),3.0,Third quintile
coecdsc0,DV OECD Income Weighted Quintiles (Single Country Analysis),4.0,Fourth quintile
coecdsc0,DV OECD Income Weighted Quintiles (Single Country Analysis),5.0,Highest quintile
cdrsmb23,Residential Mobility: Moved btw MCS2 and MCS3?,-1.0,Not applicable
cdrsmb23,Residential Mobility: Moved btw MCS2 and MCS3?,0.0,did not move
cdrsmb23,Residential Mobility: Moved btw MCS2 and MCS3?,1.0,moved
cdrsmb13,Residential Mobility: Moved btw MCS1 and MCS3?,-1.0,Not applicable
cdrsmb13,Residential Mobility: Moved btw MCS1 and MCS3?,0.0,did not move
cdrsmb13,Residential Mobility: Moved btw MCS1 and MCS3?,1.0,moved
avail_from_dt,,,
mcs_llc_fid_e,Encrypted Family/Household anonymised ID for LLC,,
