variable_name,variable_label,value_value,value_label
study_id_e,,,
pnum,Person number within an MCS family (excl Cohort Members,,
gcnum00,Cohort Member number within an MCS family,1.0,1st Cohort Member of the family
gcnum00,Cohort Member number within an MCS family,2.0,2nd Cohort Member of the family
gcnum00,Cohort Member number within an MCS family,3.0,3rd Cohort Member of the family
g_out_parquest,Outcome for Parent_CM questions: PARCAWI and/or Parent-SDQ,1.0,Parent CAWI and Parent-reported SDQ (paper)
g_out_parquest,Outcome for Parent_CM questions: PARCAWI and/or Parent-SDQ,2.0,Parent CAWI only
g_out_parquest,Outcome for Parent_CM questions: PARCAWI and/or Parent-SDQ,3.0,Parent-reported SDQ (paper)
gpcmed00,Is the Cohort Member (CNUM) currently in school or college?,1.0,Yes
gpcmed00,Is the Cohort Member (CNUM) currently in school or college?,2.0,No
gpcmed00,Is the Cohort Member (CNUM) currently in school or college?,3.0,Do not know
gpcmed00,Is the Cohort Member (CNUM) currently in school or college?,4.0,I do not wish to answer
gpcmed00,Is the Cohort Member (CNUM) currently in school or college?,5.0,No answer
gpschl00,How involved do you personally feel in the Cohort Member s school/college life - would you say that you feel...?,1.0,Very involved
gpschl00,How involved do you personally feel in the Cohort Member s school/college life - would you say that you feel...?,2.0,Fairly involved
gpschl00,How involved do you personally feel in the Cohort Member s school/college life - would you say that you feel...?,3.0,Not very involved
gpschl00,How involved do you personally feel in the Cohort Member s school/college life - would you say that you feel...?,4.0,Not at all involved
gpschl00,How involved do you personally feel in the Cohort Member s school/college life - would you say that you feel...?,5.0,Do not know
gpschl00,How involved do you personally feel in the Cohort Member s school/college life - would you say that you feel...?,6.0,I do not wish to answer
gpschl00,How involved do you personally feel in the Cohort Member s school/college life - would you say that you feel...?,7.0,No answer
gpaslu00,How likely or unlikely do you think it is that the Cohort Member will go to university?,1.0,Very likely
gpaslu00,How likely or unlikely do you think it is that the Cohort Member will go to university?,2.0,Fairly likely
gpaslu00,How likely or unlikely do you think it is that the Cohort Member will go to university?,3.0,Not very likely
gpaslu00,How likely or unlikely do you think it is that the Cohort Member will go to university?,4.0,Not at all likely
gpaslu00,How likely or unlikely do you think it is that the Cohort Member will go to university?,5.0,Do not know
gpaslu00,How likely or unlikely do you think it is that the Cohort Member will go to university?,6.0,I do not wish to answer
gpaslu00,How likely or unlikely do you think it is that the Cohort Member will go to university?,7.0,No answer
gpasux0a,Reason for unlikely for the CM to go to University MC (A) They won't achieve the required grades,-1.0,Not Applicable
gpasux0a,Reason for unlikely for the CM to go to University MC (A) They won't achieve the required grades,0.0,No
gpasux0a,Reason for unlikely for the CM to go to University MC (A) They won't achieve the required grades,1.0,Yes
gpasux0b,Reason for unlikely for the CM to go to University MC (A) We can't afford it (including worried by student debt),-1.0,Not Applicable
gpasux0b,Reason for unlikely for the CM to go to University MC (A) We can't afford it (including worried by student debt),0.0,No
gpasux0b,Reason for unlikely for the CM to go to University MC (A) We can't afford it (including worried by student debt),1.0,Yes
gpasux0c,Reason for unlikely for the CM to go to University MC (A) They would prefer to get a job / start a career,-1.0,Not Applicable
gpasux0c,Reason for unlikely for the CM to go to University MC (A) They would prefer to get a job / start a career,0.0,No
gpasux0c,Reason for unlikely for the CM to go to University MC (A) They would prefer to get a job / start a career,1.0,Yes
gpasux0d,Reason for unlikely for the CM to go to University MC (A) Going to university will not help them in their future career,-1.0,Not Applicable
gpasux0d,Reason for unlikely for the CM to go to University MC (A) Going to university will not help them in their future career,0.0,No
gpasux0d,Reason for unlikely for the CM to go to University MC (A) Going to university will not help them in their future career,1.0,Yes
gpasux0e,Reason for unlikely for the CM to go to University MC (A) They are not interested in going / wouldn't enjoy it,-1.0,Not Applicable
gpasux0e,Reason for unlikely for the CM to go to University MC (A) They are not interested in going / wouldn't enjoy it,0.0,No
gpasux0e,Reason for unlikely for the CM to go to University MC (A) They are not interested in going / wouldn't enjoy it,1.0,Yes
gpasux0f,Reason for unlikely for the CM to go to University MC (A) They want to start a family,-1.0,Not Applicable
gpasux0f,Reason for unlikely for the CM to go to University MC (A) They want to start a family,0.0,No
gpasux0f,Reason for unlikely for the CM to go to University MC (A) They want to start a family,1.0,Yes
gpasux0g,Reason for unlikely for the CM to go to University MC (A) I/we/relatives recommend that they should leave after {ASUX_TS},-1.0,Not Applicable
gpasux0g,Reason for unlikely for the CM to go to University MC (A) I/we/relatives recommend that they should leave after {ASUX_TS},0.0,No
gpasux0g,Reason for unlikely for the CM to go to University MC (A) I/we/relatives recommend that they should leave after {ASUX_TS},1.0,Yes
gpasux0h,Reason for unlikely for the CM to go to University MC (A) Because their friends plan to leave after {ASUX_TS},-1.0,Not Applicable
gpasux0h,Reason for unlikely for the CM to go to University MC (A) Because their friends plan to leave after {ASUX_TS},0.0,No
gpasux0h,Reason for unlikely for the CM to go to University MC (A) Because their friends plan to leave after {ASUX_TS},1.0,Yes
gpasux0i,Reason for unlikely for the CM to go to University MC (A) They have a learning difficulty which would prevent them from going,-1.0,Not Applicable
gpasux0i,Reason for unlikely for the CM to go to University MC (A) They have a learning difficulty which would prevent them from going,0.0,No
gpasux0i,Reason for unlikely for the CM to go to University MC (A) They have a learning difficulty which would prevent them from going,1.0,Yes
gpasux0j,Reason for unlikely for the CM to go to University MC (A) It's too early to decide whether they would go or not,-1.0,Not Applicable
gpasux0j,Reason for unlikely for the CM to go to University MC (A) It's too early to decide whether they would go or not,0.0,No
gpasux0j,Reason for unlikely for the CM to go to University MC (A) It's too early to decide whether they would go or not,1.0,Yes
gpasux0k,Reason for unlikely for the CM to go to University MC (A) Other,-1.0,Not Applicable
gpasux0k,Reason for unlikely for the CM to go to University MC (A) Other,0.0,No
gpasux0k,Reason for unlikely for the CM to go to University MC (A) Other,1.0,Yes
gpasux0l1,Reason for unlikely for the CM to go to University MC (A) Health / mental health issues,-1.0,Not Applicable
gpasux0l1,Reason for unlikely for the CM to go to University MC (A) Health / mental health issues,0.0,No
gpasux0l1,Reason for unlikely for the CM to go to University MC (A) Health / mental health issues,1.0,Yes
gpasux0m,Reason for unlikely for the CM to go to University MC (A) Take a gap year / go travelling,-1.0,Not Applicable
gpasux0m,Reason for unlikely for the CM to go to University MC (A) Take a gap year / go travelling,0.0,No
gpasux0m,Reason for unlikely for the CM to go to University MC (A) Take a gap year / go travelling,1.0,Yes
gpasux0n,Reason for unlikely for the CM to go to University MC (A) Non university training options,-1.0,Not Applicable
gpasux0n,Reason for unlikely for the CM to go to University MC (A) Non university training options,0.0,No
gpasux0n,Reason for unlikely for the CM to go to University MC (A) Non university training options,1.0,Yes
gpasux0o,Reason for unlikely for the CM to go to University MC (A) Don't know,-1.0,Not Applicable
gpasux0o,Reason for unlikely for the CM to go to University MC (A) Don't know,0.0,No
gpasux0o,Reason for unlikely for the CM to go to University MC (A) Don't know,1.0,Yes
gpasux0p,Reason for unlikely for the CM to go to University MC (A) I do not wish to answer,-1.0,Not Applicable
gpasux0p,Reason for unlikely for the CM to go to University MC (A) I do not wish to answer,0.0,No
gpasux0p,Reason for unlikely for the CM to go to University MC (A) I do not wish to answer,1.0,Yes
gpasux0q,Reason for unlikely for the CM to go to University MC (A) Vague irrelevant answer,-1.0,Not Applicable
gpasux0q,Reason for unlikely for the CM to go to University MC (A) Vague irrelevant answer,0.0,No
gpasux0q,Reason for unlikely for the CM to go to University MC (A) Vague irrelevant answer,1.0,Yes
gptaim00,How often do you talk to the Cohort Member about things that are important to her/him?,1.0,Every day or almost every day
gptaim00,How often do you talk to the Cohort Member about things that are important to her/him?,2.0,Several times a week
gptaim00,How often do you talk to the Cohort Member about things that are important to her/him?,3.0,Once or twice a week
gptaim00,How often do you talk to the Cohort Member about things that are important to her/him?,4.0,Once or twice a month
gptaim00,How often do you talk to the Cohort Member about things that are important to her/him?,5.0,Less often than once a month
gptaim00,How often do you talk to the Cohort Member about things that are important to her/him?,6.0,Not at all
gptaim00,How often do you talk to the Cohort Member about things that are important to her/him?,7.0,Do not know
gptaim00,How often do you talk to the Cohort Member about things that are important to her/him?,8.0,I do not wish to answer
gptaim00,How often do you talk to the Cohort Member about things that are important to her/him?,9.0,No answer
gpwhet00,When the Cohort Member goes out how often do you know where s\he is going?,1.0,Always
gpwhet00,When the Cohort Member goes out how often do you know where s\he is going?,2.0,Usually
gpwhet00,When the Cohort Member goes out how often do you know where s\he is going?,3.0,Sometimes
gpwhet00,When the Cohort Member goes out how often do you know where s\he is going?,4.0,Never
gpwhet00,When the Cohort Member goes out how often do you know where s\he is going?,5.0,Do not know
gpwhet00,When the Cohort Member goes out how often do you know where s\he is going?,6.0,I do not wish to answer
gpwhet00,When the Cohort Member goes out how often do you know where s\he is going?,7.0,No answer
gpwhut00,When the Cohort Member goes out,1.0,Always
gpwhut00,When the Cohort Member goes out,2.0,Usually
gpwhut00,When the Cohort Member goes out,3.0,Sometimes
gpwhut00,When the Cohort Member goes out,4.0,Never
gpwhut00,When the Cohort Member goes out,5.0,Do not know
gpwhut00,When the Cohort Member goes out,6.0,I do not wish to answer
gpwhut00,When the Cohort Member goes out,7.0,No answer
gpschc00,Overall,1.0,Not very close
gpschc00,Overall,2.0,Fairly close
gpschc00,Overall,3.0,Very close
gpschc00,Overall,4.0,Extremely close
gpschc00,Overall,5.0,Do not know
gpschc00,Overall,6.0,I do not wish to answer
gpschc00,Overall,7.0,No answer
gpsdpf00,Considerate of other people s feelings,-1.0,Not applicable
gpsdpf00,Considerate of other people s feelings,1.0,Not true
gpsdpf00,Considerate of other people s feelings,2.0,Somewhat true
gpsdpf00,Considerate of other people s feelings,3.0,Certainly true
gpsdpf00,Considerate of other people s feelings,4.0,Blank
gpsdro00,Restless,-1.0,Not applicable
gpsdro00,Restless,1.0,Not true
gpsdro00,Restless,2.0,Somewhat true
gpsdro00,Restless,3.0,Certainly true
gpsdro00,Restless,4.0,Blank
gpsdhs00,Often complains of headaches,-1.0,Not applicable
gpsdhs00,Often complains of headaches,1.0,Not true
gpsdhs00,Often complains of headaches,2.0,Somewhat true
gpsdhs00,Often complains of headaches,3.0,Certainly true
gpsdhs00,Often complains of headaches,4.0,Blank
gpsdsr00,Shares readily with other children (treats,-1.0,Not applicable
gpsdsr00,Shares readily with other children (treats,1.0,Not true
gpsdsr00,Shares readily with other children (treats,2.0,Somewhat true
gpsdsr00,Shares readily with other children (treats,3.0,Certainly true
gpsdsr00,Shares readily with other children (treats,4.0,Blank
gpsdtt00,Often has temper tantrums or hot tempers,-1.0,Not applicable
gpsdtt00,Often has temper tantrums or hot tempers,1.0,Not true
gpsdtt00,Often has temper tantrums or hot tempers,2.0,Somewhat true
gpsdtt00,Often has temper tantrums or hot tempers,3.0,Certainly true
gpsdtt00,Often has temper tantrums or hot tempers,4.0,Blank
gpsdsp00,Rather solitary,-1.0,Not applicable
gpsdsp00,Rather solitary,1.0,Not true
gpsdsp00,Rather solitary,2.0,Somewhat true
gpsdsp00,Rather solitary,3.0,Certainly true
gpsdsp00,Rather solitary,4.0,Blank
gpsdor00,Generally obedient,-1.0,Not applicable
gpsdor00,Generally obedient,1.0,Not true
gpsdor00,Generally obedient,2.0,Somewhat true
gpsdor00,Generally obedient,3.0,Certainly true
gpsdor00,Generally obedient,4.0,Blank
gpsdmw00,Many worries,-1.0,Not applicable
gpsdmw00,Many worries,1.0,Not true
gpsdmw00,Many worries,2.0,Somewhat true
gpsdmw00,Many worries,3.0,Certainly true
gpsdmw00,Many worries,4.0,Blank
gpsdhu00,Helpful if someone is hurt,-1.0,Not applicable
gpsdhu00,Helpful if someone is hurt,1.0,Not true
gpsdhu00,Helpful if someone is hurt,2.0,Somewhat true
gpsdhu00,Helpful if someone is hurt,3.0,Certainly true
gpsdhu00,Helpful if someone is hurt,4.0,Blank
gpsdfs00,Constantly fidgeting or squirming,-1.0,Not applicable
gpsdfs00,Constantly fidgeting or squirming,1.0,Not true
gpsdfs00,Constantly fidgeting or squirming,2.0,Somewhat true
gpsdfs00,Constantly fidgeting or squirming,3.0,Certainly true
gpsdfs00,Constantly fidgeting or squirming,4.0,Blank
gpsdgf00,Has at least one good friend,-1.0,Not applicable
gpsdgf00,Has at least one good friend,1.0,Not true
gpsdgf00,Has at least one good friend,2.0,Somewhat true
gpsdgf00,Has at least one good friend,3.0,Certainly true
gpsdgf00,Has at least one good friend,4.0,Blank
gpsdfb00,Often fights with other children or bullies them,-1.0,Not applicable
gpsdfb00,Often fights with other children or bullies them,1.0,Not true
gpsdfb00,Often fights with other children or bullies them,2.0,Somewhat true
gpsdfb00,Often fights with other children or bullies them,3.0,Certainly true
gpsdfb00,Often fights with other children or bullies them,4.0,Blank
gpsdud00,Often unhappy,-1.0,Not applicable
gpsdud00,Often unhappy,1.0,Not true
gpsdud00,Often unhappy,2.0,Somewhat true
gpsdud00,Often unhappy,3.0,Certainly true
gpsdud00,Often unhappy,4.0,Blank
gpsdlc00,Generally liked by other children,-1.0,Not applicable
gpsdlc00,Generally liked by other children,1.0,Not true
gpsdlc00,Generally liked by other children,2.0,Somewhat true
gpsdlc00,Generally liked by other children,3.0,Certainly true
gpsdlc00,Generally liked by other children,4.0,Blank
gpsddc00,Easily distracted,-1.0,Not applicable
gpsddc00,Easily distracted,1.0,Not true
gpsddc00,Easily distracted,2.0,Somewhat true
gpsddc00,Easily distracted,3.0,Certainly true
gpsddc00,Easily distracted,4.0,Blank
gpsdnc00,Nervous or clingy in new situations,-1.0,Not applicable
gpsdnc00,Nervous or clingy in new situations,1.0,Not true
gpsdnc00,Nervous or clingy in new situations,2.0,Somewhat true
gpsdnc00,Nervous or clingy in new situations,3.0,Certainly true
gpsdnc00,Nervous or clingy in new situations,4.0,Blank
gpsdky00,Kind to younger children,-1.0,Not applicable
gpsdky00,Kind to younger children,1.0,Not true
gpsdky00,Kind to younger children,2.0,Somewhat true
gpsdky00,Kind to younger children,3.0,Certainly true
gpsdky00,Kind to younger children,4.0,Blank
gpsdoa00,Often lies or cheats,-1.0,Not applicable
gpsdoa00,Often lies or cheats,1.0,Not true
gpsdoa00,Often lies or cheats,2.0,Somewhat true
gpsdoa00,Often lies or cheats,3.0,Certainly true
gpsdoa00,Often lies or cheats,4.0,Blank
gpsdpb00,Picked on or bullied by other children,-1.0,Not applicable
gpsdpb00,Picked on or bullied by other children,1.0,Not true
gpsdpb00,Picked on or bullied by other children,2.0,Somewhat true
gpsdpb00,Picked on or bullied by other children,3.0,Certainly true
gpsdpb00,Picked on or bullied by other children,4.0,Blank
gpsdvh00,Often volunteers to help others (parents,-1.0,Not applicable
gpsdvh00,Often volunteers to help others (parents,1.0,Not true
gpsdvh00,Often volunteers to help others (parents,2.0,Somewhat true
gpsdvh00,Often volunteers to help others (parents,3.0,Certainly true
gpsdvh00,Often volunteers to help others (parents,4.0,Blank
gpsdst00,Thinks things out before acting,-1.0,Not applicable
gpsdst00,Thinks things out before acting,1.0,Not true
gpsdst00,Thinks things out before acting,2.0,Somewhat true
gpsdst00,Thinks things out before acting,3.0,Certainly true
gpsdst00,Thinks things out before acting,4.0,Blank
gpsdcs00,Steals from home,-1.0,Not applicable
gpsdcs00,Steals from home,1.0,Not true
gpsdcs00,Steals from home,2.0,Somewhat true
gpsdcs00,Steals from home,3.0,Certainly true
gpsdcs00,Steals from home,4.0,Blank
gpsdgb00,Gets on better with adults than with other children,-1.0,Not applicable
gpsdgb00,Gets on better with adults than with other children,1.0,Not true
gpsdgb00,Gets on better with adults than with other children,2.0,Somewhat true
gpsdgb00,Gets on better with adults than with other children,3.0,Certainly true
gpsdgb00,Gets on better with adults than with other children,4.0,Blank
gpsdfe00,Many fears,-1.0,Not applicable
gpsdfe00,Many fears,1.0,Not true
gpsdfe00,Many fears,2.0,Somewhat true
gpsdfe00,Many fears,3.0,Certainly true
gpsdfe00,Many fears,4.0,Blank
gpsdte00,Sees tasks through to the end,-1.0,Not applicable
gpsdte00,Sees tasks through to the end,1.0,Not true
gpsdte00,Sees tasks through to the end,2.0,Somewhat true
gpsdte00,Sees tasks through to the end,3.0,Certainly true
gpsdte00,Sees tasks through to the end,4.0,Blank
gpsdqc,IWR: SDQ questionnaire completed and returned during the household visit?,-1.0,Not applicable
gpsdqc,IWR: SDQ questionnaire completed and returned during the household visit?,1.0,Yes â€“ SDQ completed during hh iw
gpsdqc,IWR: SDQ questionnaire completed and returned during the household visit?,2.0,No â€“ SDQ not completed during hh iw
gpsdqtrans1,IWR: Did someone translate the Parent SDQ about CM into a language other than English for the respondent?,-1.0,Not applicable
gpsdqtrans1,IWR: Did someone translate the Parent SDQ about CM into a language other than English for the respondent?,1.0,No
gpsdqtrans1,IWR: Did someone translate the Parent SDQ about CM into a language other than English for the respondent?,2.0,Yes
gpsdqtrans2,Which language was the Parent SDQ about CM translated into?,-1.0,Not applicable
gpsdqtrans2,Which language was the Parent SDQ about CM translated into?,1.0,Gaelic
gpsdqtrans2,Which language was the Parent SDQ about CM translated into?,2.0,Urdu
gpsdqtrans2,Which language was the Parent SDQ about CM translated into?,3.0,Punjabi
gpsdqtrans2,Which language was the Parent SDQ about CM translated into?,4.0,Gujarati
gpsdqtrans2,Which language was the Parent SDQ about CM translated into?,5.0,Hindi
gpsdqtrans2,Which language was the Parent SDQ about CM translated into?,6.0,Bengali
gpsdqtrans2,Which language was the Parent SDQ about CM translated into?,7.0,Sylheti
gpsdqtrans2,Which language was the Parent SDQ about CM translated into?,8.0,Cantonese
gpsdqtrans2,Which language was the Parent SDQ about CM translated into?,9.0,Somali
gpsdqtrans2,Which language was the Parent SDQ about CM translated into?,10.0,Tamil
gpsdqtrans2,Which language was the Parent SDQ about CM translated into?,11.0,Turkish
gpsdqtrans2,Which language was the Parent SDQ about CM translated into?,12.0,Kurdish
gpsdqtrans2,Which language was the Parent SDQ about CM translated into?,13.0,Arabic
gpsdqtrans2,Which language was the Parent SDQ about CM translated into?,14.0,Other European language (PLEASE SPECIFY)
gpsdqtrans2,Which language was the Parent SDQ about CM translated into?,15.0,Other African language (PLEASE SPECIFY)
gpsdqtrans2,Which language was the Parent SDQ about CM translated into?,16.0,Other Asian language (PLEASE SPECIFY)
gpsdqtrans2,Which language was the Parent SDQ about CM translated into?,17.0,Other (PLEASE SPECIFY)
gpsdqtrans2,Which language was the Parent SDQ about CM translated into?,18.0,Do not know which language
avail_from_dt,,,
mcs_llc_fid_e,Encrypted Family/Household anonymised ID for LLC,,
