variable_name,variable_label,value_value,value_label
gdhtyp00,S7 DV Parents/Carers in Household,1.0,Both natural parents
gdhtyp00,S7 DV Parents/Carers in Household,2.0,Natural mother and step-parent
gdhtyp00,S7 DV Parents/Carers in Household,3.0,Natural mother and other parent/carer
gdhtyp00,S7 DV Parents/Carers in Household,4.0,Natural mother and adoptive parent
gdhtyp00,S7 DV Parents/Carers in Household,5.0,Natural father and step-parent
gdhtyp00,S7 DV Parents/Carers in Household,6.0,Natural father and other parent/carer
gdhtyp00,S7 DV Parents/Carers in Household,7.0,Natural father and adoptive parent
gdhtyp00,S7 DV Parents/Carers in Household,8.0,Two adoptive parents
gdhtyp00,S7 DV Parents/Carers in Household,9.0,Adoptive mother and other parent/carer
gdhtyp00,S7 DV Parents/Carers in Household,10.0,Two foster parents
gdhtyp00,S7 DV Parents/Carers in Household,11.0,Two grandparents
gdhtyp00,S7 DV Parents/Carers in Household,12.0,Grandmother and other parent/carer
gdhtyp00,S7 DV Parents/Carers in Household,13.0,Grandfather and other parent/carer
gdhtyp00,S7 DV Parents/Carers in Household,14.0,Two other parents
gdhtyp00,S7 DV Parents/Carers in Household,15.0,Natural mother only
gdhtyp00,S7 DV Parents/Carers in Household,16.0,Natural father only
gdhtyp00,S7 DV Parents/Carers in Household,17.0,Adoptive mother only
gdhtyp00,S7 DV Parents/Carers in Household,18.0,Adoptive father only
gdhtyp00,S7 DV Parents/Carers in Household,19.0,Step mother only
gdhtyp00,S7 DV Parents/Carers in Household,20.0,Grandmother only
gdhtyp00,S7 DV Parents/Carers in Household,21.0,Other parent/carer only (foster/sib/rel)
gdhtyp00,S7 DV Parents/Carers in Household,22.0,Step father only
gdhtyp00,S7 DV Parents/Carers in Household,23.0,Unknown parent types
gdhtyp00,S7 DV Parents/Carers in Household,24.0,Grandfather only
gdhtyp00,S7 DV Parents/Carers in Household,25.0,Adoptive mother and step parent
gdhtyp00,S7 DV Parents/Carers in Household,26.0,Two step-parents
gdhtys00,S7 DV Summary of Parents/Carers in Household,1.0,Two parents/carers
gdhtys00,S7 DV Summary of Parents/Carers in Household,2.0,One parent/carer
gdrelp00,S7 DV Relationship between Parents/Carers in Household,-1.0,Not applicable
gdrelp00,S7 DV Relationship between Parents/Carers in Household,1.0,Married
gdrelp00,S7 DV Relationship between Parents/Carers in Household,2.0,Cohabiting
gdrelp00,S7 DV Relationship between Parents/Carers in Household,3.0,Neither
gdnatm00,S7 DV Natural mother status,-1.0,Not applicable
gdnatm00,S7 DV Natural mother status,1.0,Resident full-time in household
gdnatm00,S7 DV Natural mother status,2.0,Resident part-time in household
gdnatm00,S7 DV Natural mother status,3.0,Deceased
gdnatm00,S7 DV Natural mother status,4.0,Non-resident
gdminh00,S7 DV Natural mother in HH,-1.0,Not applicable
gdminh00,S7 DV Natural mother in HH,1.0,Resident in household
gdminh00,S7 DV Natural mother in HH,2.0,Not resident in household
gdminh00,S7 DV Natural mother in HH,3.0,Deceased
gdnatf00,S7 DV Natural father status,-1.0,Not applicable
gdnatf00,S7 DV Natural father status,1.0,Resident full-time in household
gdnatf00,S7 DV Natural father status,2.0,Resident part-time in household
gdnatf00,S7 DV Natural father status,3.0,Deceased
gdnatf00,S7 DV Natural father status,4.0,Non-resident
gdfinh00,S7 DV Natural father in HH,-1.0,Not applicable
gdfinh00,S7 DV Natural father in HH,1.0,Resident in household
gdfinh00,S7 DV Natural father in HH,2.0,Not resident in household
gdfinh00,S7 DV Natural father in HH,3.0,Deceased
gdoths00,S7 DV Number of siblings of CM in household,-2.0,Not Known
gdnocm00,S7 DV Number of CMs in household,-2.0,Not Known
gdtots00,S7 DV Number of sibs in hhold plus CMs,-2.0,Not Known
gdnsib00,S7 DV Natural siblings of CM in household,-2.0,Not Known
gdnsib00,S7 DV Natural siblings of CM in household,1.0,At least 1 natural sib in HH
gdnsib00,S7 DV Natural siblings of CM in household,2.0,No natural sibs in HH
gdhsib00,S7 DV Half siblings of CM in household,-2.0,Not Known
gdhsib00,S7 DV Half siblings of CM in household,1.0,At least 1 half sib in HH
gdhsib00,S7 DV Half siblings of CM in household,2.0,No half sibs in HH
gdssib00,S7 DV Step siblings of CM in household,-2.0,Not Known
gdssib00,S7 DV Step siblings of CM in household,1.0,At least 1 step sib in HH
gdssib00,S7 DV Step siblings of CM in household,2.0,No step sibs in HH
gdasib00,S7 DV Adoptive siblings of CM in household,-2.0,Not Known
gdasib00,S7 DV Adoptive siblings of CM in household,1.0,At least 1 adoptive sib in HH
gdasib00,S7 DV Adoptive siblings of CM in household,2.0,No adoptive sibs in HH
gdfsib00,S7 DV Foster siblings of CM in household,-2.0,Not Known
gdfsib00,S7 DV Foster siblings of CM in household,1.0,At least 1 foster sib in HH
gdfsib00,S7 DV Foster siblings of CM in household,2.0,No step sibs in HH
gdgpar00,S7 DV Grandparent of CM in household,-2.0,Not Known
gdgpar00,S7 DV Grandparent of CM in household,1.0,At least 1 grandparent in HH
gdgpar00,S7 DV Grandparent of CM in household,2.0,No grandparents in HH
gdotha00,S7 DV Other adult in household,-2.0,Not Known
gdotha00,S7 DV Other adult in household,1.0,At least 1 'other' adult in HH
gdotha00,S7 DV Other adult in household,2.0,No 'other' adults in HH
gdnumh00,S7 DV Number of people in HH excluding CMs,-2.0,Not Known
gdtotp00,S7 DV Number of people in HH including CMs,-2.0,Not Known
avail_from_dt,,,
mcs_llc_fid_e,Encrypted Family/Household anonymised ID for LLC,,
