variable_name,variable_label,value_value,value_label
study_id_e,,,
pnum,Cohort Member number whithin an MCS family,,
adc11e00,DV Cohort Member Ethnic Group - 11 category Census class,,
bdc11e00,DV Cohort Member Ethnic Group - 11 category Census class,,
gcmcs7ag,Age at interview to nearest 10th of year,,
gcapnt00,Are you currently doing an Apprenticeship?,,
gcbgfr00,Have you got a [BGFR]?,,
gceduc00,Are you currently going to school or college?  This includes being on study leave or doing exams.          If you are on holiday or off sick at the moment,,
gcjobs00,And are you currently doing any kind of paid job? Please only include paid jobs,,
gcmnac00,You said that you are doing more than one activity. Which of these things would you say is your main activity? That is the one you spend the most hours doing in a normal week.,,
gctrin00,Are you currently doing any kind of traineeship,,
gcsoc00_tr3,Cohort Member Job S0C2010 coding [truncated to 3 characters],,
avail_from_dt,,,
mcs_llc_fid_e,Encrypted Family/Household anonymised ID for LLC,,
