variable_name,variable_label,value_value,value_label
g_country,IWR: country of interview,-1.0,Not applicable
g_country,IWR: country of interview,1.0,England
g_country,IWR: country of interview,2.0,Wales
g_country,IWR: country of interview,3.0,Scotland
g_country,IWR: country of interview,4.0,NI
ghnrml00,Address: normally live at this address or somewhere else?,-1.0,Not applicable
ghnrml00,Address: normally live at this address or somewhere else?,1.0,This address
ghnrml00,Address: normally live at this address or somewhere else?,2.0,Somewhere else
ghnrml00,Address: normally live at this address or somewhere else?,3.0,Do not know
ghnrml00,Address: normally live at this address or somewhere else?,4.0,Refused
ghadsa00,Same address as of last interview?,-1.0,Not applicable
ghadsa00,Same address as of last interview?,1.0,Yes
ghadsa00,Same address as of last interview?,2.0,No
ghadsa00,Same address as of last interview?,3.0,Do not know
ghadsa00,Same address as of last interview?,4.0,Prefer not to answer
ghadsm00,Did one of the CMs move with one of the parents since last interview?,-1.0,Not applicable
ghadsm00,Did one of the CMs move with one of the parents since last interview?,1.0,Yes
ghadsm00,Did one of the CMs move with one of the parents since last interview?,2.0,No
ghadsm00,Did one of the CMs move with one of the parents since last interview?,3.0,Do not know
ghadsm00,Did one of the CMs move with one of the parents since last interview?,4.0,Prefer not to answer
ghmoyr00,When did <address at last interview> stop being CM s main address? YEAR,-9.0,Refused
ghmoyr00,When did <address at last interview> stop being CM s main address? YEAR,-8.0,Do not know
ghmoyr00,When did <address at last interview> stop being CM s main address? YEAR,-5.0,Never lived at the address given
ghmoyr00,When did <address at last interview> stop being CM s main address? YEAR,-1.0,Not applicable
ghmoyr00,When did <address at last interview> stop being CM s main address? YEAR,1.0,2000
ghmoyr00,When did <address at last interview> stop being CM s main address? YEAR,2.0,2001
ghmoyr00,When did <address at last interview> stop being CM s main address? YEAR,3.0,2002
ghmoyr00,When did <address at last interview> stop being CM s main address? YEAR,4.0,2003
ghmoyr00,When did <address at last interview> stop being CM s main address? YEAR,5.0,2004
ghmoyr00,When did <address at last interview> stop being CM s main address? YEAR,6.0,2005
ghmoyr00,When did <address at last interview> stop being CM s main address? YEAR,7.0,2006
ghmoyr00,When did <address at last interview> stop being CM s main address? YEAR,8.0,2007
ghmoyr00,When did <address at last interview> stop being CM s main address? YEAR,9.0,2008
ghmoyr00,When did <address at last interview> stop being CM s main address? YEAR,10.0,2009
ghmoyr00,When did <address at last interview> stop being CM s main address? YEAR,11.0,2010
ghmoyr00,When did <address at last interview> stop being CM s main address? YEAR,12.0,2011
ghmoyr00,When did <address at last interview> stop being CM s main address? YEAR,13.0,2012
ghmoyr00,When did <address at last interview> stop being CM s main address? YEAR,14.0,2013
ghmoyr00,When did <address at last interview> stop being CM s main address? YEAR,15.0,2014
ghmoyr00,When did <address at last interview> stop being CM s main address? YEAR,16.0,2015
ghmoyr00,When did <address at last interview> stop being CM s main address? YEAR,17.0,2016
ghmoyr00,When did <address at last interview> stop being CM s main address? YEAR,18.0,2017
ghmoyr00,When did <address at last interview> stop being CM s main address? YEAR,19.0,2018
ghmoyr00,When did <address at last interview> stop being CM s main address? YEAR,20.0,2019
ghmomn00,When did <address at last interview> stop being CM s main address? MONTH,-9.0,Refused
ghmomn00,When did <address at last interview> stop being CM s main address? MONTH,-8.0,Do not know
ghmomn00,When did <address at last interview> stop being CM s main address? MONTH,-5.0,Never lived at the address given
ghmomn00,When did <address at last interview> stop being CM s main address? MONTH,-1.0,Not applicable
ghmomn00,When did <address at last interview> stop being CM s main address? MONTH,1.0,January
ghmomn00,When did <address at last interview> stop being CM s main address? MONTH,2.0,February
ghmomn00,When did <address at last interview> stop being CM s main address? MONTH,3.0,March
ghmomn00,When did <address at last interview> stop being CM s main address? MONTH,4.0,April
ghmomn00,When did <address at last interview> stop being CM s main address? MONTH,5.0,May
ghmomn00,When did <address at last interview> stop being CM s main address? MONTH,6.0,June
ghmomn00,When did <address at last interview> stop being CM s main address? MONTH,7.0,July
ghmomn00,When did <address at last interview> stop being CM s main address? MONTH,8.0,August
ghmomn00,When did <address at last interview> stop being CM s main address? MONTH,9.0,September
ghmomn00,When did <address at last interview> stop being CM s main address? MONTH,10.0,October
ghmomn00,When did <address at last interview> stop being CM s main address? MONTH,11.0,November
ghmomn00,When did <address at last interview> stop being CM s main address? MONTH,12.0,December
ghmoty00,Type of accommodation of CM [CM moved away from parent accommodation] (A),-9.0,Refused
ghmoty00,Type of accommodation of CM [CM moved away from parent accommodation] (A),-8.0,Do not know
ghmoty00,Type of accommodation of CM [CM moved away from parent accommodation] (A),-1.0,Not Applicable
ghmoty00,Type of accommodation of CM [CM moved away from parent accommodation] (A),1.0,A house or bungalow
ghmoty00,Type of accommodation of CM [CM moved away from parent accommodation] (A),2.0,A flat or maisonette
ghmoty00,Type of accommodation of CM [CM moved away from parent accommodation] (A),3.0,A studio flat
ghmoty00,Type of accommodation of CM [CM moved away from parent accommodation] (A),4.0,"Or, room(s) or a bedsit"
ghmoty00,Type of accommodation of CM [CM moved away from parent accommodation] (A),5.0,Other (specify)
ghmoty00,Type of accommodation of CM [CM moved away from parent accommodation] (A),6.0,Caravan
ghmoty00,Type of accommodation of CM [CM moved away from parent accommodation] (A),7.0,Vague irrelevant answer
ghrcpl00,Has CM lived continuously with Main and Partner respondents since last interview?,-9.0,Refusal
ghrcpl00,Has CM lived continuously with Main and Partner respondents since last interview?,-8.0,Do not know
ghrcpl00,Has CM lived continuously with Main and Partner respondents since last interview?,-1.0,Not applicable
ghrcpl00,Has CM lived continuously with Main and Partner respondents since last interview?,1.0,Yes
ghrcpl00,Has CM lived continuously with Main and Partner respondents since last interview?,2.0,No
ghrcpl00,Has CM lived continuously with Main and Partner respondents since last interview?,3.0,"Interviewer, code if respondent disputes any of this"
ghrsin00,Has CM lived continuously with resp (lone parent) since last interview?,-9.0,Refusal
ghrsin00,Has CM lived continuously with resp (lone parent) since last interview?,-8.0,Do not know
ghrsin00,Has CM lived continuously with resp (lone parent) since last interview?,-1.0,Not applicable
ghrsin00,Has CM lived continuously with resp (lone parent) since last interview?,1.0,Yes
ghrsin00,Has CM lived continuously with resp (lone parent) since last interview?,2.0,No
ghrsin00,Has CM lived continuously with resp (lone parent) since last interview?,3.0,"Interviewer, code if respondent disputes any of this"
ghrely00,Start of current period of CM living with parent? YEAR,-9.0,Refused
ghrely00,Start of current period of CM living with parent? YEAR,-8.0,Do not know
ghrely00,Start of current period of CM living with parent? YEAR,-1.0,Not applicable
ghrelm00,Start of current period of CM living with parent? MONTH,-9.0,Refused
ghrelm00,Start of current period of CM living with parent? MONTH,-8.0,Do not know
ghrelm00,Start of current period of CM living with parent? MONTH,-1.0,Not applicable
ghrelm00,Start of current period of CM living with parent? MONTH,1.0,January
ghrelm00,Start of current period of CM living with parent? MONTH,2.0,February
ghrelm00,Start of current period of CM living with parent? MONTH,3.0,March
ghrelm00,Start of current period of CM living with parent? MONTH,4.0,April
ghrelm00,Start of current period of CM living with parent? MONTH,5.0,May
ghrelm00,Start of current period of CM living with parent? MONTH,6.0,June
ghrelm00,Start of current period of CM living with parent? MONTH,7.0,July
ghrelm00,Start of current period of CM living with parent? MONTH,8.0,August
ghrelm00,Start of current period of CM living with parent? MONTH,9.0,September
ghrelm00,Start of current period of CM living with parent? MONTH,10.0,October
ghrelm00,Start of current period of CM living with parent? MONTH,11.0,November
ghrelm00,Start of current period of CM living with parent? MONTH,12.0,December
ghrepy00,End of period of CM living with previous FF HH composition YEAR,-9.0,Refused
ghrepy00,End of period of CM living with previous FF HH composition YEAR,-8.0,Do not know
ghrepy00,End of period of CM living with previous FF HH composition YEAR,-1.0,Not applicable
ghrepm00,End of period of CM living with previous FF HH composition MONTH,-9.0,Refused
ghrepm00,End of period of CM living with previous FF HH composition MONTH,-8.0,Do not know
ghrepm00,End of period of CM living with previous FF HH composition MONTH,-1.0,Not applicable
ghrepm00,End of period of CM living with previous FF HH composition MONTH,1.0,January
ghrepm00,End of period of CM living with previous FF HH composition MONTH,2.0,February
ghrepm00,End of period of CM living with previous FF HH composition MONTH,3.0,March
ghrepm00,End of period of CM living with previous FF HH composition MONTH,4.0,April
ghrepm00,End of period of CM living with previous FF HH composition MONTH,5.0,May
ghrepm00,End of period of CM living with previous FF HH composition MONTH,6.0,June
ghrepm00,End of period of CM living with previous FF HH composition MONTH,7.0,July
ghrepm00,End of period of CM living with previous FF HH composition MONTH,8.0,August
ghrepm00,End of period of CM living with previous FF HH composition MONTH,9.0,September
ghrepm00,End of period of CM living with previous FF HH composition MONTH,10.0,October
ghrepm00,End of period of CM living with previous FF HH composition MONTH,11.0,November
ghrepm00,End of period of CM living with previous FF HH composition MONTH,12.0,December
ghresy00,End of period of CM living with FF HH composition YEAR,-9.0,Refused
ghresy00,End of period of CM living with FF HH composition YEAR,-8.0,Do not know
ghresy00,End of period of CM living with FF HH composition YEAR,-5.0,IWR: respondent disputes
ghresy00,End of period of CM living with FF HH composition YEAR,-1.0,Not applicable
ghresm00,End of period of CM living with FF HH composition MONTH,-9.0,Refused
ghresm00,End of period of CM living with FF HH composition MONTH,-8.0,Do not know
ghresm00,End of period of CM living with FF HH composition MONTH,-5.0,IWR: respondent disputes
ghresm00,End of period of CM living with FF HH composition MONTH,-1.0,Not applicable
ghresm00,End of period of CM living with FF HH composition MONTH,1.0,January
ghresm00,End of period of CM living with FF HH composition MONTH,2.0,February
ghresm00,End of period of CM living with FF HH composition MONTH,3.0,March
ghresm00,End of period of CM living with FF HH composition MONTH,4.0,April
ghresm00,End of period of CM living with FF HH composition MONTH,5.0,May
ghresm00,End of period of CM living with FF HH composition MONTH,6.0,June
ghresm00,End of period of CM living with FF HH composition MONTH,7.0,July
ghresm00,End of period of CM living with FF HH composition MONTH,8.0,August
ghresm00,End of period of CM living with FF HH composition MONTH,9.0,September
ghresm00,End of period of CM living with FF HH composition MONTH,10.0,October
ghresm00,End of period of CM living with FF HH composition MONTH,11.0,November
ghresm00,End of period of CM living with FF HH composition MONTH,12.0,December
ghreey00,Start of CM living with current HH composition (new parent) YEAR,-9.0,Refused
ghreey00,Start of CM living with current HH composition (new parent) YEAR,-8.0,Do not know
ghreey00,Start of CM living with current HH composition (new parent) YEAR,-5.0,IWR: respondent disputes
ghreey00,Start of CM living with current HH composition (new parent) YEAR,-1.0,Not applicable
ghreem00,Start of CM living with current HH composition (new parent) MONTH,-9.0,Refused
ghreem00,Start of CM living with current HH composition (new parent) MONTH,-8.0,Do not know
ghreem00,Start of CM living with current HH composition (new parent) MONTH,-5.0,IWR: respondent disputes
ghreem00,Start of CM living with current HH composition (new parent) MONTH,-1.0,Not applicable
ghreem00,Start of CM living with current HH composition (new parent) MONTH,1.0,January
ghreem00,Start of CM living with current HH composition (new parent) MONTH,2.0,February
ghreem00,Start of CM living with current HH composition (new parent) MONTH,3.0,March
ghreem00,Start of CM living with current HH composition (new parent) MONTH,4.0,April
ghreem00,Start of CM living with current HH composition (new parent) MONTH,5.0,May
ghreem00,Start of CM living with current HH composition (new parent) MONTH,6.0,June
ghreem00,Start of CM living with current HH composition (new parent) MONTH,7.0,July
ghreem00,Start of CM living with current HH composition (new parent) MONTH,8.0,August
ghreem00,Start of CM living with current HH composition (new parent) MONTH,9.0,September
ghreem00,Start of CM living with current HH composition (new parent) MONTH,10.0,October
ghreem00,Start of CM living with current HH composition (new parent) MONTH,11.0,November
ghreem00,Start of CM living with current HH composition (new parent) MONTH,12.0,December
ghrfmca0,Flag on entering relationship history (loop A) R1,-1.0,Not applicable
ghrfmca0,Flag on entering relationship history (loop A) R1,1.0,Yes
ghrfmca0,Flag on entering relationship history (loop A) R1,2.0,No
ghrfmcb0,Flag on entering relationship history (loop B) R2,-1.0,Not applicable
ghrfmcb0,Flag on entering relationship history (loop B) R2,1.0,Yes
ghrfmcb0,Flag on entering relationship history (loop B) R2,2.0,No
ghrfmcc0,Flag on entering relationship history (loop C) R3,-1.0,Not applicable
ghrfmcc0,Flag on entering relationship history (loop C) R3,1.0,Yes
ghrfmcc0,Flag on entering relationship history (loop C) R3,2.0,No
ghrfmcd0,Flag on entering relationship history (loop D) R4,-1.0,Not applicable
ghrfmcd0,Flag on entering relationship history (loop D) R4,1.0,Yes
ghrfmcd0,Flag on entering relationship history (loop D) R4,2.0,No
ghrfmce0,Flag on entering relationship history (loop E) R5,-1.0,Not applicable
ghrfmce0,Flag on entering relationship history (loop E) R5,1.0,Yes
ghrfmce0,Flag on entering relationship history (loop E) R5,2.0,No
ghrfmcf0,Flag on entering relationship history (loop F) R6,-1.0,Not applicable
ghrfmcf0,Flag on entering relationship history (loop F) R6,1.0,Yes
ghrfmcf0,Flag on entering relationship history (loop F) R6,2.0,No
ghrfmcg0,Flag on entering relationship history (loop G) R7,-1.0,Not applicable
ghrfmcg0,Flag on entering relationship history (loop G) R7,1.0,Yes
ghrfmcg0,Flag on entering relationship history (loop G) R7,2.0,No
ghrfmch0,Flag on entering relationship history (loop H) R8,-1.0,Not applicable
ghrfmch0,Flag on entering relationship history (loop H) R8,1.0,Yes
ghrfmch0,Flag on entering relationship history (loop H) R8,2.0,No
ghrfmci0,Flag on entering relationship history (loop I) R9,-1.0,Not applicable
ghrfmci0,Flag on entering relationship history (loop I) R9,1.0,Yes
ghrfmci0,Flag on entering relationship history (loop I) R9,2.0,No
ghrfmcj0,Flag on entering relationship history (loop J) R10,-1.0,Not applicable
ghrfmcj0,Flag on entering relationship history (loop J) R10,1.0,Yes
ghrfmcj0,Flag on entering relationship history (loop J) R10,2.0,No
ghrfama0,Context prior to that period of living as a 2-parent or lone parent (loop A) R1,-9.0,Refusal
ghrfama0,Context prior to that period of living as a 2-parent or lone parent (loop A) R1,-8.0,Do not know
ghrfama0,Context prior to that period of living as a 2-parent or lone parent (loop A) R1,-1.0,Not applicable
ghrfama0,Context prior to that period of living as a 2-parent or lone parent (loop A) R1,1.0,Two-parent
ghrfama0,Context prior to that period of living as a 2-parent or lone parent (loop A) R1,2.0,Lone home
ghrfama0,Context prior to that period of living as a 2-parent or lone parent (loop A) R1,3.0,Care home
ghrfamb0,Context prior to that period of living as a 2-parent or lone parent (loop B) R2,-9.0,Refusal
ghrfamb0,Context prior to that period of living as a 2-parent or lone parent (loop B) R2,-8.0,Do not know
ghrfamb0,Context prior to that period of living as a 2-parent or lone parent (loop B) R2,-1.0,Not applicable
ghrfamb0,Context prior to that period of living as a 2-parent or lone parent (loop B) R2,1.0,Two-parent
ghrfamb0,Context prior to that period of living as a 2-parent or lone parent (loop B) R2,2.0,Lone home
ghrfamb0,Context prior to that period of living as a 2-parent or lone parent (loop B) R2,3.0,Care home
ghrfamc0,Context prior to that period of living as a 2-parent or lone parent (loop C) R3,-9.0,Refusal
ghrfamc0,Context prior to that period of living as a 2-parent or lone parent (loop C) R3,-8.0,Do not know
ghrfamc0,Context prior to that period of living as a 2-parent or lone parent (loop C) R3,-1.0,Not applicable
ghrfamc0,Context prior to that period of living as a 2-parent or lone parent (loop C) R3,1.0,Two-parent
ghrfamc0,Context prior to that period of living as a 2-parent or lone parent (loop C) R3,2.0,Lone home
ghrfamc0,Context prior to that period of living as a 2-parent or lone parent (loop C) R3,3.0,Care home
ghrfamd0,Context prior to that period of living as a 2-parent or lone parent (loop D) R4,-9.0,Refusal
ghrfamd0,Context prior to that period of living as a 2-parent or lone parent (loop D) R4,-8.0,Do not know
ghrfamd0,Context prior to that period of living as a 2-parent or lone parent (loop D) R4,-1.0,Not applicable
ghrfamd0,Context prior to that period of living as a 2-parent or lone parent (loop D) R4,1.0,Two-parent
ghrfamd0,Context prior to that period of living as a 2-parent or lone parent (loop D) R4,2.0,Lone home
ghrfamd0,Context prior to that period of living as a 2-parent or lone parent (loop D) R4,3.0,Care home
ghrfame0,Context prior to that period of living as a 2-parent or lone parent (loop E) R5,-9.0,Refusal
ghrfame0,Context prior to that period of living as a 2-parent or lone parent (loop E) R5,-8.0,Do not know
ghrfame0,Context prior to that period of living as a 2-parent or lone parent (loop E) R5,-1.0,Not applicable
ghrfame0,Context prior to that period of living as a 2-parent or lone parent (loop E) R5,1.0,Two-parent
ghrfame0,Context prior to that period of living as a 2-parent or lone parent (loop E) R5,2.0,Lone home
ghrfame0,Context prior to that period of living as a 2-parent or lone parent (loop E) R5,3.0,Care home
ghrfamf0,Context prior to that period of living as a 2-parent or lone parent (loop F) R6,-9.0,Refusal
ghrfamf0,Context prior to that period of living as a 2-parent or lone parent (loop F) R6,-8.0,Do not know
ghrfamf0,Context prior to that period of living as a 2-parent or lone parent (loop F) R6,-1.0,Not applicable
ghrfamf0,Context prior to that period of living as a 2-parent or lone parent (loop F) R6,1.0,Two-parent
ghrfamf0,Context prior to that period of living as a 2-parent or lone parent (loop F) R6,2.0,Lone home
ghrfamf0,Context prior to that period of living as a 2-parent or lone parent (loop F) R6,3.0,Care home
ghrfamg0,Context prior to that period of living as a 2-parent or lone parent (loop G) R7,-9.0,Refusal
ghrfamg0,Context prior to that period of living as a 2-parent or lone parent (loop G) R7,-8.0,Do not know
ghrfamg0,Context prior to that period of living as a 2-parent or lone parent (loop G) R7,-1.0,Not applicable
ghrfamg0,Context prior to that period of living as a 2-parent or lone parent (loop G) R7,1.0,Two-parent
ghrfamg0,Context prior to that period of living as a 2-parent or lone parent (loop G) R7,2.0,Lone home
ghrfamg0,Context prior to that period of living as a 2-parent or lone parent (loop G) R7,3.0,Care home
ghrfamh0,Context prior to that period of living as a 2-parent or lone parent (loop H) R8,-9.0,Refusal
ghrfamh0,Context prior to that period of living as a 2-parent or lone parent (loop H) R8,-8.0,Do not know
ghrfamh0,Context prior to that period of living as a 2-parent or lone parent (loop H) R8,-1.0,Not applicable
ghrfamh0,Context prior to that period of living as a 2-parent or lone parent (loop H) R8,1.0,Two-parent
ghrfamh0,Context prior to that period of living as a 2-parent or lone parent (loop H) R8,2.0,Lone home
ghrfamh0,Context prior to that period of living as a 2-parent or lone parent (loop H) R8,3.0,Care home
ghrfami0,Context prior to that period of living as a 2-parent or lone parent (loop I) R9,-9.0,Refusal
ghrfami0,Context prior to that period of living as a 2-parent or lone parent (loop I) R9,-8.0,Do not know
ghrfami0,Context prior to that period of living as a 2-parent or lone parent (loop I) R9,-1.0,Not applicable
ghrfami0,Context prior to that period of living as a 2-parent or lone parent (loop I) R9,1.0,Two-parent
ghrfami0,Context prior to that period of living as a 2-parent or lone parent (loop I) R9,2.0,Lone home
ghrfami0,Context prior to that period of living as a 2-parent or lone parent (loop I) R9,3.0,Care home
ghrfamj0,Context prior to that period of living as a 2-parent or lone parent (loop J) R10,-9.0,Refusal
ghrfamj0,Context prior to that period of living as a 2-parent or lone parent (loop J) R10,-8.0,Do not know
ghrfamj0,Context prior to that period of living as a 2-parent or lone parent (loop J) R10,-1.0,Not applicable
ghrfamj0,Context prior to that period of living as a 2-parent or lone parent (loop J) R10,1.0,Two-parent
ghrfamj0,Context prior to that period of living as a 2-parent or lone parent (loop J) R10,2.0,Lone home
ghrfamj0,Context prior to that period of living as a 2-parent or lone parent (loop J) R10,3.0,Care home
ghrpnaa0,Family Context A,-9.0,Refusal
ghrpnaa0,Family Context A,-8.0,Do not know
ghrpnaa0,Family Context A,-1.0,Not applicable
ghrpnaa0,Family Context A,1.0,1
ghrpnaa0,Family Context A,2.0,2
ghrpnaa0,Family Context A,3.0,3
ghrpnaa0,Family Context A,4.0,4
ghrpnaa0,Family Context A,5.0,5
ghrpnaa0,Family Context A,6.0,6
ghrpnaa0,Family Context A,7.0,7
ghrpnaa0,Family Context A,8.0,8
ghrpnaa0,Family Context A,9.0,9
ghrpnaa0,Family Context A,10.0,10
ghrpnaa0,Family Context A,11.0,11
ghrpnaa0,Family Context A,12.0,12
ghrpnaa0,Family Context A,13.0,13
ghrpnaa0,Family Context A,14.0,14
ghrpnaa0,Family Context A,15.0,15
ghrpnaa0,Family Context A,16.0,16
ghrpnaa0,Family Context A,17.0,17
ghrpnaa0,Family Context A,18.0,18
ghrpnaa0,Family Context A,19.0,19
ghrpnaa0,Family Context A,20.0,20
ghrpnaa0,Family Context A,21.0,21
ghrpnaa0,Family Context A,22.0,22
ghrpnaa0,Family Context A,23.0,23
ghrpnaa0,Family Context A,24.0,24
ghrpnaa0,Family Context A,25.0,25
ghrpnaa0,Family Context A,26.0,Person not in household
ghrpnab0,Family Context B,8.0,8
ghrpnab0,Family Context B,9.0,9
ghrpnab0,Family Context B,10.0,10
ghrpnab0,Family Context B,11.0,11
ghrpnab0,Family Context B,12.0,12
ghrpnab0,Family Context B,13.0,13
ghrpnab0,Family Context B,14.0,14
ghrpnab0,Family Context B,15.0,15
ghrpnab0,Family Context B,16.0,16
ghrpnab0,Family Context B,17.0,17
ghrpnab0,Family Context B,18.0,18
ghrpnab0,Family Context B,19.0,19
ghrpnab0,Family Context B,20.0,20
ghrpnab0,Family Context B,21.0,21
ghrpnab0,Family Context B,22.0,22
ghrpnab0,Family Context B,23.0,23
ghrpnab0,Family Context B,24.0,24
ghrpnab0,Family Context B,25.0,25
ghrpnab0,Family Context B,26.0,Person not in household
ghrpnab0,Family Context B,-9.0,Refusal
ghrpnab0,Family Context B,-8.0,Do not know
ghrpnab0,Family Context B,-1.0,Not applicable
ghrpnab0,Family Context B,1.0,1
ghrpnab0,Family Context B,2.0,2
ghrpnab0,Family Context B,3.0,3
ghrpnab0,Family Context B,4.0,4
ghrpnab0,Family Context B,5.0,5
ghrpnab0,Family Context B,6.0,6
ghrpnab0,Family Context B,7.0,7
ghrpnac0,Family Context C,-9.0,Refusal
ghrpnac0,Family Context C,-8.0,Do not know
ghrpnac0,Family Context C,-1.0,Not applicable
ghrpnac0,Family Context C,1.0,1
ghrpnac0,Family Context C,2.0,2
ghrpnac0,Family Context C,3.0,3
ghrpnac0,Family Context C,4.0,4
ghrpnac0,Family Context C,5.0,5
ghrpnac0,Family Context C,6.0,6
ghrpnac0,Family Context C,7.0,7
ghrpnac0,Family Context C,8.0,8
ghrpnac0,Family Context C,9.0,9
ghrpnac0,Family Context C,10.0,10
ghrpnac0,Family Context C,11.0,11
ghrpnac0,Family Context C,12.0,12
ghrpnac0,Family Context C,13.0,13
ghrpnac0,Family Context C,14.0,14
ghrpnac0,Family Context C,15.0,15
ghrpnac0,Family Context C,16.0,16
ghrpnac0,Family Context C,17.0,17
ghrpnac0,Family Context C,18.0,18
ghrpnac0,Family Context C,19.0,19
ghrpnac0,Family Context C,20.0,20
ghrpnac0,Family Context C,21.0,21
ghrpnac0,Family Context C,22.0,22
ghrpnac0,Family Context C,23.0,23
ghrpnac0,Family Context C,24.0,24
ghrpnac0,Family Context C,25.0,25
ghrpnac0,Family Context C,26.0,Person not in household
ghrpnad0,Family Context D,-9.0,Refusal
ghrpnad0,Family Context D,-8.0,Do not know
ghrpnad0,Family Context D,-1.0,Not applicable
ghrpnad0,Family Context D,1.0,1
ghrpnad0,Family Context D,2.0,2
ghrpnad0,Family Context D,3.0,3
ghrpnad0,Family Context D,4.0,4
ghrpnad0,Family Context D,5.0,5
ghrpnad0,Family Context D,6.0,6
ghrpnad0,Family Context D,7.0,7
ghrpnad0,Family Context D,8.0,8
ghrpnad0,Family Context D,9.0,9
ghrpnad0,Family Context D,10.0,10
ghrpnad0,Family Context D,11.0,11
ghrpnad0,Family Context D,12.0,12
ghrpnad0,Family Context D,13.0,13
ghrpnad0,Family Context D,14.0,14
ghrpnad0,Family Context D,15.0,15
ghrpnad0,Family Context D,16.0,16
ghrpnad0,Family Context D,17.0,17
ghrpnad0,Family Context D,18.0,18
ghrpnad0,Family Context D,19.0,19
ghrpnad0,Family Context D,20.0,20
ghrpnad0,Family Context D,21.0,21
ghrpnad0,Family Context D,22.0,22
ghrpnad0,Family Context D,23.0,23
ghrpnad0,Family Context D,24.0,24
ghrpnad0,Family Context D,25.0,25
ghrpnad0,Family Context D,26.0,Person not in household
ghrpnae0,Family Context E,-9.0,Refusal
ghrpnae0,Family Context E,-8.0,Do not know
ghrpnae0,Family Context E,-1.0,Not applicable
ghrpnae0,Family Context E,1.0,1
ghrpnae0,Family Context E,2.0,2
ghrpnae0,Family Context E,3.0,3
ghrpnae0,Family Context E,4.0,4
ghrpnae0,Family Context E,5.0,5
ghrpnae0,Family Context E,6.0,6
ghrpnae0,Family Context E,7.0,7
ghrpnae0,Family Context E,8.0,8
ghrpnae0,Family Context E,9.0,9
ghrpnae0,Family Context E,10.0,10
ghrpnae0,Family Context E,11.0,11
ghrpnae0,Family Context E,12.0,12
ghrpnae0,Family Context E,13.0,13
ghrpnae0,Family Context E,14.0,14
ghrpnae0,Family Context E,15.0,15
ghrpnae0,Family Context E,16.0,16
ghrpnae0,Family Context E,17.0,17
ghrpnae0,Family Context E,18.0,18
ghrpnae0,Family Context E,19.0,19
ghrpnae0,Family Context E,20.0,20
ghrpnae0,Family Context E,21.0,21
ghrpnae0,Family Context E,22.0,22
ghrpnae0,Family Context E,23.0,23
ghrpnae0,Family Context E,24.0,24
ghrpnae0,Family Context E,25.0,25
ghrpnae0,Family Context E,26.0,Person not in household
ghrpnaf0,Family Context F,-9.0,Refusal
ghrpnaf0,Family Context F,-8.0,Do not know
ghrpnaf0,Family Context F,-1.0,Not applicable
ghrpnaf0,Family Context F,1.0,1
ghrpnaf0,Family Context F,2.0,2
ghrpnaf0,Family Context F,3.0,3
ghrpnaf0,Family Context F,4.0,4
ghrpnaf0,Family Context F,5.0,5
ghrpnaf0,Family Context F,6.0,6
ghrpnaf0,Family Context F,7.0,7
ghrpnaf0,Family Context F,8.0,8
ghrpnaf0,Family Context F,9.0,9
ghrpnaf0,Family Context F,10.0,10
ghrpnaf0,Family Context F,11.0,11
ghrpnaf0,Family Context F,12.0,12
ghrpnaf0,Family Context F,13.0,13
ghrpnaf0,Family Context F,14.0,14
ghrpnaf0,Family Context F,15.0,15
ghrpnaf0,Family Context F,16.0,16
ghrpnaf0,Family Context F,17.0,17
ghrpnaf0,Family Context F,18.0,18
ghrpnaf0,Family Context F,19.0,19
ghrpnaf0,Family Context F,20.0,20
ghrpnaf0,Family Context F,21.0,21
ghrpnaf0,Family Context F,22.0,22
ghrpnaf0,Family Context F,23.0,23
ghrpnaf0,Family Context F,24.0,24
ghrpnaf0,Family Context F,25.0,25
ghrpnaf0,Family Context F,26.0,Person not in household
ghrpnag0,Family Context G,-9.0,Refusal
ghrpnag0,Family Context G,-8.0,Do not know
ghrpnag0,Family Context G,-1.0,Not applicable
ghrpnag0,Family Context G,1.0,1
ghrpnag0,Family Context G,2.0,2
ghrpnag0,Family Context G,3.0,3
ghrpnag0,Family Context G,4.0,4
ghrpnag0,Family Context G,5.0,5
ghrpnag0,Family Context G,6.0,6
ghrpnag0,Family Context G,7.0,7
ghrpnag0,Family Context G,8.0,8
ghrpnag0,Family Context G,9.0,9
ghrpnag0,Family Context G,10.0,10
ghrpnag0,Family Context G,11.0,11
ghrpnag0,Family Context G,12.0,12
ghrpnag0,Family Context G,13.0,13
ghrpnag0,Family Context G,14.0,14
ghrpnag0,Family Context G,15.0,15
ghrpnag0,Family Context G,16.0,16
ghrpnag0,Family Context G,17.0,17
ghrpnag0,Family Context G,18.0,18
ghrpnag0,Family Context G,19.0,19
ghrpnag0,Family Context G,20.0,20
ghrpnag0,Family Context G,21.0,21
ghrpnag0,Family Context G,22.0,22
ghrpnag0,Family Context G,23.0,23
ghrpnag0,Family Context G,24.0,24
ghrpnag0,Family Context G,25.0,25
ghrpnag0,Family Context G,26.0,Person not in household
ghrpnah0,Family Context H,-9.0,Refusal
ghrpnah0,Family Context H,-8.0,Do not know
ghrpnah0,Family Context H,-1.0,Not applicable
ghrpnah0,Family Context H,1.0,1
ghrpnah0,Family Context H,2.0,2
ghrpnah0,Family Context H,3.0,3
ghrpnah0,Family Context H,4.0,4
ghrpnah0,Family Context H,5.0,5
ghrpnah0,Family Context H,6.0,6
ghrpnah0,Family Context H,7.0,7
ghrpnah0,Family Context H,8.0,8
ghrpnah0,Family Context H,9.0,9
ghrpnah0,Family Context H,10.0,10
ghrpnah0,Family Context H,11.0,11
ghrpnah0,Family Context H,12.0,12
ghrpnah0,Family Context H,13.0,13
ghrpnah0,Family Context H,14.0,14
ghrpnah0,Family Context H,15.0,15
ghrpnah0,Family Context H,16.0,16
ghrpnah0,Family Context H,17.0,17
ghrpnah0,Family Context H,18.0,18
ghrpnah0,Family Context H,19.0,19
ghrpnah0,Family Context H,20.0,20
ghrpnah0,Family Context H,21.0,21
ghrpnah0,Family Context H,22.0,22
ghrpnah0,Family Context H,23.0,23
ghrpnah0,Family Context H,24.0,24
ghrpnah0,Family Context H,25.0,25
ghrpnah0,Family Context H,26.0,Person not in household
ghrpnai0,Family Context I,8.0,8
ghrpnai0,Family Context I,9.0,9
ghrpnai0,Family Context I,10.0,10
ghrpnai0,Family Context I,11.0,11
ghrpnai0,Family Context I,12.0,12
ghrpnai0,Family Context I,13.0,13
ghrpnai0,Family Context I,14.0,14
ghrpnai0,Family Context I,15.0,15
ghrpnai0,Family Context I,16.0,16
ghrpnai0,Family Context I,17.0,17
ghrpnai0,Family Context I,18.0,18
ghrpnai0,Family Context I,19.0,19
ghrpnai0,Family Context I,20.0,20
ghrpnai0,Family Context I,21.0,21
ghrpnai0,Family Context I,22.0,22
ghrpnai0,Family Context I,23.0,23
ghrpnai0,Family Context I,24.0,24
ghrpnai0,Family Context I,25.0,25
ghrpnai0,Family Context I,26.0,Person not in household
ghrpnai0,Family Context I,-9.0,Refusal
ghrpnai0,Family Context I,-8.0,Do not know
ghrpnai0,Family Context I,-1.0,Not applicable
ghrpnai0,Family Context I,1.0,1
ghrpnai0,Family Context I,2.0,2
ghrpnai0,Family Context I,3.0,3
ghrpnai0,Family Context I,4.0,4
ghrpnai0,Family Context I,5.0,5
ghrpnai0,Family Context I,6.0,6
ghrpnai0,Family Context I,7.0,7
ghrpnaj0,Family Context J,-9.0,Refusal
ghrpnaj0,Family Context J,-8.0,Do not know
ghrpnaj0,Family Context J,-1.0,Not applicable
ghrpnaj0,Family Context J,1.0,1
ghrpnaj0,Family Context J,2.0,2
ghrpnaj0,Family Context J,3.0,3
ghrpnaj0,Family Context J,4.0,4
ghrpnaj0,Family Context J,5.0,5
ghrpnaj0,Family Context J,6.0,6
ghrpnaj0,Family Context J,7.0,7
ghrpnaj0,Family Context J,8.0,8
ghrpnaj0,Family Context J,9.0,9
ghrpnaj0,Family Context J,10.0,10
ghrpnaj0,Family Context J,11.0,11
ghrpnaj0,Family Context J,12.0,12
ghrpnaj0,Family Context J,13.0,13
ghrpnaj0,Family Context J,14.0,14
ghrpnaj0,Family Context J,15.0,15
ghrpnaj0,Family Context J,16.0,16
ghrpnaj0,Family Context J,17.0,17
ghrpnaj0,Family Context J,18.0,18
ghrpnaj0,Family Context J,19.0,19
ghrpnaj0,Family Context J,20.0,20
ghrpnaj0,Family Context J,21.0,21
ghrpnaj0,Family Context J,22.0,22
ghrpnaj0,Family Context J,23.0,23
ghrpnaj0,Family Context J,24.0,24
ghrpnaj0,Family Context J,25.0,25
ghrpnaj0,Family Context J,26.0,Person not in household
ghrpnba0,Family Context A,-9.0,Refusal
ghrpnba0,Family Context A,-8.0,Do not know
ghrpnba0,Family Context A,-1.0,Not applicable
ghrpnba0,Family Context A,1.0,1
ghrpnba0,Family Context A,2.0,2
ghrpnba0,Family Context A,3.0,3
ghrpnba0,Family Context A,4.0,4
ghrpnba0,Family Context A,5.0,5
ghrpnba0,Family Context A,6.0,6
ghrpnba0,Family Context A,7.0,7
ghrpnba0,Family Context A,8.0,8
ghrpnba0,Family Context A,9.0,9
ghrpnba0,Family Context A,10.0,10
ghrpnba0,Family Context A,11.0,11
ghrpnba0,Family Context A,12.0,12
ghrpnba0,Family Context A,13.0,13
ghrpnba0,Family Context A,14.0,14
ghrpnba0,Family Context A,15.0,15
ghrpnba0,Family Context A,16.0,16
ghrpnba0,Family Context A,17.0,17
ghrpnba0,Family Context A,18.0,18
ghrpnba0,Family Context A,19.0,19
ghrpnba0,Family Context A,20.0,20
ghrpnba0,Family Context A,21.0,21
ghrpnba0,Family Context A,22.0,22
ghrpnba0,Family Context A,23.0,23
ghrpnba0,Family Context A,24.0,24
ghrpnba0,Family Context A,25.0,25
ghrpnba0,Family Context A,26.0,Person not in household
ghrpnbb0,Family Context B,-9.0,Refusal
ghrpnbb0,Family Context B,-8.0,Do not know
ghrpnbb0,Family Context B,-1.0,Not applicable
ghrpnbb0,Family Context B,1.0,1
ghrpnbb0,Family Context B,2.0,2
ghrpnbb0,Family Context B,3.0,3
ghrpnbb0,Family Context B,4.0,4
ghrpnbb0,Family Context B,5.0,5
ghrpnbb0,Family Context B,6.0,6
ghrpnbb0,Family Context B,7.0,7
ghrpnbb0,Family Context B,8.0,8
ghrpnbb0,Family Context B,9.0,9
ghrpnbb0,Family Context B,10.0,10
ghrpnbb0,Family Context B,11.0,11
ghrpnbb0,Family Context B,12.0,12
ghrpnbb0,Family Context B,13.0,13
ghrpnbb0,Family Context B,14.0,14
ghrpnbb0,Family Context B,15.0,15
ghrpnbb0,Family Context B,16.0,16
ghrpnbb0,Family Context B,17.0,17
ghrpnbb0,Family Context B,18.0,18
ghrpnbb0,Family Context B,19.0,19
ghrpnbb0,Family Context B,20.0,20
ghrpnbb0,Family Context B,21.0,21
ghrpnbb0,Family Context B,22.0,22
ghrpnbb0,Family Context B,23.0,23
ghrpnbb0,Family Context B,24.0,24
ghrpnbb0,Family Context B,25.0,25
ghrpnbb0,Family Context B,26.0,Person not in household
ghrpnbc0,Family Context C,-9.0,Refusal
ghrpnbc0,Family Context C,-8.0,Do not know
ghrpnbc0,Family Context C,-1.0,Not applicable
ghrpnbc0,Family Context C,1.0,1
ghrpnbc0,Family Context C,2.0,2
ghrpnbc0,Family Context C,3.0,3
ghrpnbc0,Family Context C,4.0,4
ghrpnbc0,Family Context C,5.0,5
ghrpnbc0,Family Context C,6.0,6
ghrpnbc0,Family Context C,7.0,7
ghrpnbc0,Family Context C,8.0,8
ghrpnbc0,Family Context C,9.0,9
ghrpnbc0,Family Context C,10.0,10
ghrpnbc0,Family Context C,11.0,11
ghrpnbc0,Family Context C,12.0,12
ghrpnbc0,Family Context C,13.0,13
ghrpnbc0,Family Context C,14.0,14
ghrpnbc0,Family Context C,15.0,15
ghrpnbc0,Family Context C,16.0,16
ghrpnbc0,Family Context C,17.0,17
ghrpnbc0,Family Context C,18.0,18
ghrpnbc0,Family Context C,19.0,19
ghrpnbc0,Family Context C,20.0,20
ghrpnbc0,Family Context C,21.0,21
ghrpnbc0,Family Context C,22.0,22
ghrpnbc0,Family Context C,23.0,23
ghrpnbc0,Family Context C,24.0,24
ghrpnbc0,Family Context C,25.0,25
ghrpnbc0,Family Context C,26.0,Person not in household
ghrpnbd0,Family Context D,-9.0,Refusal
ghrpnbd0,Family Context D,-8.0,Do not know
ghrpnbd0,Family Context D,-1.0,Not applicable
ghrpnbd0,Family Context D,1.0,1
ghrpnbd0,Family Context D,2.0,2
ghrpnbd0,Family Context D,3.0,3
ghrpnbd0,Family Context D,4.0,4
ghrpnbd0,Family Context D,5.0,5
ghrpnbd0,Family Context D,6.0,6
ghrpnbd0,Family Context D,7.0,7
ghrpnbd0,Family Context D,8.0,8
ghrpnbd0,Family Context D,9.0,9
ghrpnbd0,Family Context D,10.0,10
ghrpnbd0,Family Context D,11.0,11
ghrpnbd0,Family Context D,12.0,12
ghrpnbd0,Family Context D,13.0,13
ghrpnbd0,Family Context D,14.0,14
ghrpnbd0,Family Context D,15.0,15
ghrpnbd0,Family Context D,16.0,16
ghrpnbd0,Family Context D,17.0,17
ghrpnbd0,Family Context D,18.0,18
ghrpnbd0,Family Context D,19.0,19
ghrpnbd0,Family Context D,20.0,20
ghrpnbd0,Family Context D,21.0,21
ghrpnbd0,Family Context D,22.0,22
ghrpnbd0,Family Context D,23.0,23
ghrpnbd0,Family Context D,24.0,24
ghrpnbd0,Family Context D,25.0,25
ghrpnbd0,Family Context D,26.0,Person not in household
ghrpnbe0,Family Context E,-9.0,Refusal
ghrpnbe0,Family Context E,-8.0,Do not know
ghrpnbe0,Family Context E,-1.0,Not applicable
ghrpnbe0,Family Context E,1.0,1
ghrpnbe0,Family Context E,2.0,2
ghrpnbe0,Family Context E,3.0,3
ghrpnbe0,Family Context E,4.0,4
ghrpnbe0,Family Context E,5.0,5
ghrpnbe0,Family Context E,6.0,6
ghrpnbe0,Family Context E,7.0,7
ghrpnbe0,Family Context E,8.0,8
ghrpnbe0,Family Context E,9.0,9
ghrpnbe0,Family Context E,10.0,10
ghrpnbe0,Family Context E,11.0,11
ghrpnbe0,Family Context E,12.0,12
ghrpnbe0,Family Context E,13.0,13
ghrpnbe0,Family Context E,14.0,14
ghrpnbe0,Family Context E,15.0,15
ghrpnbe0,Family Context E,16.0,16
ghrpnbe0,Family Context E,17.0,17
ghrpnbe0,Family Context E,18.0,18
ghrpnbe0,Family Context E,19.0,19
ghrpnbe0,Family Context E,20.0,20
ghrpnbe0,Family Context E,21.0,21
ghrpnbe0,Family Context E,22.0,22
ghrpnbe0,Family Context E,23.0,23
ghrpnbe0,Family Context E,24.0,24
ghrpnbe0,Family Context E,25.0,25
ghrpnbe0,Family Context E,26.0,Person not in household
ghrpnbf0,Family Context F,8.0,8
ghrpnbf0,Family Context F,9.0,9
ghrpnbf0,Family Context F,10.0,10
ghrpnbf0,Family Context F,11.0,11
ghrpnbf0,Family Context F,12.0,12
ghrpnbf0,Family Context F,13.0,13
ghrpnbf0,Family Context F,14.0,14
ghrpnbf0,Family Context F,15.0,15
ghrpnbf0,Family Context F,16.0,16
ghrpnbf0,Family Context F,17.0,17
ghrpnbf0,Family Context F,18.0,18
ghrpnbf0,Family Context F,19.0,19
ghrpnbf0,Family Context F,20.0,20
ghrpnbf0,Family Context F,21.0,21
ghrpnbf0,Family Context F,22.0,22
ghrpnbf0,Family Context F,23.0,23
ghrpnbf0,Family Context F,24.0,24
ghrpnbf0,Family Context F,25.0,25
ghrpnbf0,Family Context F,26.0,Person not in household
ghrpnbf0,Family Context F,-9.0,Refusal
ghrpnbf0,Family Context F,-8.0,Do not know
ghrpnbf0,Family Context F,-1.0,Not applicable
ghrpnbf0,Family Context F,1.0,1
ghrpnbf0,Family Context F,2.0,2
ghrpnbf0,Family Context F,3.0,3
ghrpnbf0,Family Context F,4.0,4
ghrpnbf0,Family Context F,5.0,5
ghrpnbf0,Family Context F,6.0,6
ghrpnbf0,Family Context F,7.0,7
ghrpnbg0,Family Context G,-9.0,Refusal
ghrpnbg0,Family Context G,-8.0,Do not know
ghrpnbg0,Family Context G,-1.0,Not applicable
ghrpnbg0,Family Context G,1.0,1
ghrpnbg0,Family Context G,2.0,2
ghrpnbg0,Family Context G,3.0,3
ghrpnbg0,Family Context G,4.0,4
ghrpnbg0,Family Context G,5.0,5
ghrpnbg0,Family Context G,6.0,6
ghrpnbg0,Family Context G,7.0,7
ghrpnbg0,Family Context G,8.0,8
ghrpnbg0,Family Context G,9.0,9
ghrpnbg0,Family Context G,10.0,10
ghrpnbg0,Family Context G,11.0,11
ghrpnbg0,Family Context G,12.0,12
ghrpnbg0,Family Context G,13.0,13
ghrpnbg0,Family Context G,14.0,14
ghrpnbg0,Family Context G,15.0,15
ghrpnbg0,Family Context G,16.0,16
ghrpnbg0,Family Context G,17.0,17
ghrpnbg0,Family Context G,18.0,18
ghrpnbg0,Family Context G,19.0,19
ghrpnbg0,Family Context G,20.0,20
ghrpnbg0,Family Context G,21.0,21
ghrpnbg0,Family Context G,22.0,22
ghrpnbg0,Family Context G,23.0,23
ghrpnbg0,Family Context G,24.0,24
ghrpnbg0,Family Context G,25.0,25
ghrpnbg0,Family Context G,26.0,Person not in household
ghrpnbh0,Family Context H,-9.0,Refusal
ghrpnbh0,Family Context H,-8.0,Do not know
ghrpnbh0,Family Context H,-1.0,Not applicable
ghrpnbh0,Family Context H,1.0,1
ghrpnbh0,Family Context H,2.0,2
ghrpnbh0,Family Context H,3.0,3
ghrpnbh0,Family Context H,4.0,4
ghrpnbh0,Family Context H,5.0,5
ghrpnbh0,Family Context H,6.0,6
ghrpnbh0,Family Context H,7.0,7
ghrpnbh0,Family Context H,8.0,8
ghrpnbh0,Family Context H,9.0,9
ghrpnbh0,Family Context H,10.0,10
ghrpnbh0,Family Context H,11.0,11
ghrpnbh0,Family Context H,12.0,12
ghrpnbh0,Family Context H,13.0,13
ghrpnbh0,Family Context H,14.0,14
ghrpnbh0,Family Context H,15.0,15
ghrpnbh0,Family Context H,16.0,16
ghrpnbh0,Family Context H,17.0,17
ghrpnbh0,Family Context H,18.0,18
ghrpnbh0,Family Context H,19.0,19
ghrpnbh0,Family Context H,20.0,20
ghrpnbh0,Family Context H,21.0,21
ghrpnbh0,Family Context H,22.0,22
ghrpnbh0,Family Context H,23.0,23
ghrpnbh0,Family Context H,24.0,24
ghrpnbh0,Family Context H,25.0,25
ghrpnbh0,Family Context H,26.0,Person not in household
ghrpnbi0,Family Context I,23.0,23
ghrpnbi0,Family Context I,24.0,24
ghrpnbi0,Family Context I,25.0,25
ghrpnbi0,Family Context I,26.0,Person not in household
ghrpnbi0,Family Context I,-9.0,Refusal
ghrpnbi0,Family Context I,-8.0,Do not know
ghrpnbi0,Family Context I,-1.0,Not applicable
ghrpnbi0,Family Context I,1.0,1
ghrpnbi0,Family Context I,2.0,2
ghrpnbi0,Family Context I,3.0,3
ghrpnbi0,Family Context I,4.0,4
ghrpnbi0,Family Context I,5.0,5
ghrpnbi0,Family Context I,6.0,6
ghrpnbi0,Family Context I,7.0,7
ghrpnbi0,Family Context I,8.0,8
ghrpnbi0,Family Context I,9.0,9
ghrpnbi0,Family Context I,10.0,10
ghrpnbi0,Family Context I,11.0,11
ghrpnbi0,Family Context I,12.0,12
ghrpnbi0,Family Context I,13.0,13
ghrpnbi0,Family Context I,14.0,14
ghrpnbi0,Family Context I,15.0,15
ghrpnbi0,Family Context I,16.0,16
ghrpnbi0,Family Context I,17.0,17
ghrpnbi0,Family Context I,18.0,18
ghrpnbi0,Family Context I,19.0,19
ghrpnbi0,Family Context I,20.0,20
ghrpnbi0,Family Context I,21.0,21
ghrpnbi0,Family Context I,22.0,22
ghrpnbj0,Family Context J,-9.0,Refusal
ghrpnbj0,Family Context J,-8.0,Do not know
ghrpnbj0,Family Context J,-1.0,Not applicable
ghrpnbj0,Family Context J,1.0,1
ghrpnbj0,Family Context J,2.0,2
ghrpnbj0,Family Context J,3.0,3
ghrpnbj0,Family Context J,4.0,4
ghrpnbj0,Family Context J,5.0,5
ghrpnbj0,Family Context J,6.0,6
ghrpnbj0,Family Context J,7.0,7
ghrpnbj0,Family Context J,8.0,8
ghrpnbj0,Family Context J,9.0,9
ghrpnbj0,Family Context J,10.0,10
ghrpnbj0,Family Context J,11.0,11
ghrpnbj0,Family Context J,12.0,12
ghrpnbj0,Family Context J,13.0,13
ghrpnbj0,Family Context J,14.0,14
ghrpnbj0,Family Context J,15.0,15
ghrpnbj0,Family Context J,16.0,16
ghrpnbj0,Family Context J,17.0,17
ghrpnbj0,Family Context J,18.0,18
ghrpnbj0,Family Context J,19.0,19
ghrpnbj0,Family Context J,20.0,20
ghrpnbj0,Family Context J,21.0,21
ghrpnbj0,Family Context J,22.0,22
ghrpnbj0,Family Context J,23.0,23
ghrpnbj0,Family Context J,24.0,24
ghrpnbj0,Family Context J,25.0,25
ghrpnbj0,Family Context J,26.0,Person not in household
ghrprya0,Start of period of CM living with HH composition of Family Context A [YEAR] R1,-9.0,Refused
ghrprya0,Start of period of CM living with HH composition of Family Context A [YEAR] R1,-8.0,Do not know
ghrprya0,Start of period of CM living with HH composition of Family Context A [YEAR] R1,-1.0,Not applicable
ghrpryb0,Start of period of CM living with HH composition of Family Context B [YEAR] R2,-9.0,Refused
ghrpryb0,Start of period of CM living with HH composition of Family Context B [YEAR] R2,-8.0,Do not know
ghrpryb0,Start of period of CM living with HH composition of Family Context B [YEAR] R2,-1.0,Not applicable
ghrpryc0,Start of period of CM living with HH composition of Family Context C [YEAR] R3,-9.0,Refused
ghrpryc0,Start of period of CM living with HH composition of Family Context C [YEAR] R3,-8.0,Do not know
ghrpryc0,Start of period of CM living with HH composition of Family Context C [YEAR] R3,-1.0,Not applicable
ghrpryd0,Start of period of CM living with HH composition of Family Context D [YEAR] R4,-9.0,Refused
ghrpryd0,Start of period of CM living with HH composition of Family Context D [YEAR] R4,-8.0,Do not know
ghrpryd0,Start of period of CM living with HH composition of Family Context D [YEAR] R4,-1.0,Not applicable
ghrprye0,Start of period of CM living with HH composition of Family Context E [YEAR] R5,-9.0,Refused
ghrprye0,Start of period of CM living with HH composition of Family Context E [YEAR] R5,-8.0,Do not know
ghrprye0,Start of period of CM living with HH composition of Family Context E [YEAR] R5,-1.0,Not applicable
ghrpryf0,Start of period of CM living with HH composition of Family Context F [YEAR] R6,-9.0,Refused
ghrpryf0,Start of period of CM living with HH composition of Family Context F [YEAR] R6,-8.0,Do not know
ghrpryf0,Start of period of CM living with HH composition of Family Context F [YEAR] R6,-1.0,Not applicable
ghrpryg0,Start of period of CM living with HH composition of Family Context G [YEAR] R7,-9.0,Refused
ghrpryg0,Start of period of CM living with HH composition of Family Context G [YEAR] R7,-8.0,Do not know
ghrpryg0,Start of period of CM living with HH composition of Family Context G [YEAR] R7,-1.0,Not applicable
ghrpryh0,Start of period of CM living with HH composition of Family Context H [YEAR] R8,-9.0,Refused
ghrpryh0,Start of period of CM living with HH composition of Family Context H [YEAR] R8,-8.0,Do not know
ghrpryh0,Start of period of CM living with HH composition of Family Context H [YEAR] R8,-1.0,Not applicable
ghrpryi0,Start of period of CM living with HH composition of Family Context I [YEAR] R9,-9.0,Refused
ghrpryi0,Start of period of CM living with HH composition of Family Context I [YEAR] R9,-8.0,Do not know
ghrpryi0,Start of period of CM living with HH composition of Family Context I [YEAR] R9,-1.0,Not applicable
ghrpryj0,Start of period of CM living with HH composition of Family Context J [YEAR] R10,-9.0,Refused
ghrpryj0,Start of period of CM living with HH composition of Family Context J [YEAR] R10,-8.0,Do not know
ghrpryj0,Start of period of CM living with HH composition of Family Context J [YEAR] R10,-1.0,Not applicable
ghrprma0,Start of period of CM living with HH composition of Family Context A [MONTH] R1,-9.0,Refused
ghrprma0,Start of period of CM living with HH composition of Family Context A [MONTH] R1,-8.0,Do not know
ghrprma0,Start of period of CM living with HH composition of Family Context A [MONTH] R1,-1.0,Not applicable
ghrprma0,Start of period of CM living with HH composition of Family Context A [MONTH] R1,1.0,January
ghrprma0,Start of period of CM living with HH composition of Family Context A [MONTH] R1,2.0,February
ghrprma0,Start of period of CM living with HH composition of Family Context A [MONTH] R1,3.0,March
ghrprma0,Start of period of CM living with HH composition of Family Context A [MONTH] R1,4.0,April
ghrprma0,Start of period of CM living with HH composition of Family Context A [MONTH] R1,5.0,May
ghrprma0,Start of period of CM living with HH composition of Family Context A [MONTH] R1,6.0,June
ghrprma0,Start of period of CM living with HH composition of Family Context A [MONTH] R1,7.0,July
ghrprma0,Start of period of CM living with HH composition of Family Context A [MONTH] R1,8.0,August
ghrprma0,Start of period of CM living with HH composition of Family Context A [MONTH] R1,9.0,September
ghrprma0,Start of period of CM living with HH composition of Family Context A [MONTH] R1,10.0,October
ghrprma0,Start of period of CM living with HH composition of Family Context A [MONTH] R1,11.0,November
ghrprma0,Start of period of CM living with HH composition of Family Context A [MONTH] R1,12.0,December
ghrprmb0,Start of period of CM living with HH composition of Family Context B [MONTH] R2,-9.0,Refused
ghrprmb0,Start of period of CM living with HH composition of Family Context B [MONTH] R2,-8.0,Do not know
ghrprmb0,Start of period of CM living with HH composition of Family Context B [MONTH] R2,-1.0,Not applicable
ghrprmb0,Start of period of CM living with HH composition of Family Context B [MONTH] R2,1.0,January
ghrprmb0,Start of period of CM living with HH composition of Family Context B [MONTH] R2,2.0,February
ghrprmb0,Start of period of CM living with HH composition of Family Context B [MONTH] R2,3.0,March
ghrprmb0,Start of period of CM living with HH composition of Family Context B [MONTH] R2,4.0,April
ghrprmb0,Start of period of CM living with HH composition of Family Context B [MONTH] R2,5.0,May
ghrprmb0,Start of period of CM living with HH composition of Family Context B [MONTH] R2,6.0,June
ghrprmb0,Start of period of CM living with HH composition of Family Context B [MONTH] R2,7.0,July
ghrprmb0,Start of period of CM living with HH composition of Family Context B [MONTH] R2,8.0,August
ghrprmb0,Start of period of CM living with HH composition of Family Context B [MONTH] R2,9.0,September
ghrprmb0,Start of period of CM living with HH composition of Family Context B [MONTH] R2,10.0,October
ghrprmb0,Start of period of CM living with HH composition of Family Context B [MONTH] R2,11.0,November
ghrprmb0,Start of period of CM living with HH composition of Family Context B [MONTH] R2,12.0,December
ghrprmc0,Start of period of CM living with HH composition of Family Context C [MONTH] R3,-9.0,Refused
ghrprmc0,Start of period of CM living with HH composition of Family Context C [MONTH] R3,-8.0,Do not know
ghrprmc0,Start of period of CM living with HH composition of Family Context C [MONTH] R3,-1.0,Not applicable
ghrprmc0,Start of period of CM living with HH composition of Family Context C [MONTH] R3,1.0,January
ghrprmc0,Start of period of CM living with HH composition of Family Context C [MONTH] R3,6.0,June
ghrprmc0,Start of period of CM living with HH composition of Family Context C [MONTH] R3,7.0,July
ghrprmc0,Start of period of CM living with HH composition of Family Context C [MONTH] R3,8.0,August
ghrprmc0,Start of period of CM living with HH composition of Family Context C [MONTH] R3,9.0,September
ghrprmc0,Start of period of CM living with HH composition of Family Context C [MONTH] R3,10.0,October
ghrprmc0,Start of period of CM living with HH composition of Family Context C [MONTH] R3,11.0,November
ghrprmc0,Start of period of CM living with HH composition of Family Context C [MONTH] R3,12.0,December
ghrprmc0,Start of period of CM living with HH composition of Family Context C [MONTH] R3,2.0,February
ghrprmc0,Start of period of CM living with HH composition of Family Context C [MONTH] R3,3.0,March
ghrprmc0,Start of period of CM living with HH composition of Family Context C [MONTH] R3,4.0,April
ghrprmc0,Start of period of CM living with HH composition of Family Context C [MONTH] R3,5.0,May
ghrprmd0,Start of period of CM living with HH composition of Family Context D [MONTH] R4,-9.0,Refused
ghrprmd0,Start of period of CM living with HH composition of Family Context D [MONTH] R4,-8.0,Do not know
ghrprmd0,Start of period of CM living with HH composition of Family Context D [MONTH] R4,-1.0,Not applicable
ghrprmd0,Start of period of CM living with HH composition of Family Context D [MONTH] R4,1.0,January
ghrprmd0,Start of period of CM living with HH composition of Family Context D [MONTH] R4,2.0,February
ghrprmd0,Start of period of CM living with HH composition of Family Context D [MONTH] R4,3.0,March
ghrprmd0,Start of period of CM living with HH composition of Family Context D [MONTH] R4,4.0,April
ghrprmd0,Start of period of CM living with HH composition of Family Context D [MONTH] R4,5.0,May
ghrprmd0,Start of period of CM living with HH composition of Family Context D [MONTH] R4,6.0,June
ghrprmd0,Start of period of CM living with HH composition of Family Context D [MONTH] R4,7.0,July
ghrprmd0,Start of period of CM living with HH composition of Family Context D [MONTH] R4,8.0,August
ghrprmd0,Start of period of CM living with HH composition of Family Context D [MONTH] R4,9.0,September
ghrprmd0,Start of period of CM living with HH composition of Family Context D [MONTH] R4,10.0,October
ghrprmd0,Start of period of CM living with HH composition of Family Context D [MONTH] R4,11.0,November
ghrprmd0,Start of period of CM living with HH composition of Family Context D [MONTH] R4,12.0,December
ghrprme0,Start of period of CM living with HH composition of Family Context E [MONTH] R5,-9.0,Refused
ghrprme0,Start of period of CM living with HH composition of Family Context E [MONTH] R5,-8.0,Do not know
ghrprme0,Start of period of CM living with HH composition of Family Context E [MONTH] R5,-1.0,Not applicable
ghrprme0,Start of period of CM living with HH composition of Family Context E [MONTH] R5,1.0,January
ghrprme0,Start of period of CM living with HH composition of Family Context E [MONTH] R5,2.0,February
ghrprme0,Start of period of CM living with HH composition of Family Context E [MONTH] R5,3.0,March
ghrprme0,Start of period of CM living with HH composition of Family Context E [MONTH] R5,4.0,April
ghrprme0,Start of period of CM living with HH composition of Family Context E [MONTH] R5,5.0,May
ghrprme0,Start of period of CM living with HH composition of Family Context E [MONTH] R5,6.0,June
ghrprme0,Start of period of CM living with HH composition of Family Context E [MONTH] R5,7.0,July
ghrprme0,Start of period of CM living with HH composition of Family Context E [MONTH] R5,8.0,August
ghrprme0,Start of period of CM living with HH composition of Family Context E [MONTH] R5,9.0,September
ghrprme0,Start of period of CM living with HH composition of Family Context E [MONTH] R5,10.0,October
ghrprme0,Start of period of CM living with HH composition of Family Context E [MONTH] R5,11.0,November
ghrprme0,Start of period of CM living with HH composition of Family Context E [MONTH] R5,12.0,December
ghrprmf0,Start of period of CM living with HH composition of Family Context F [MONTH] R6,-9.0,Refused
ghrprmf0,Start of period of CM living with HH composition of Family Context F [MONTH] R6,-8.0,Do not know
ghrprmf0,Start of period of CM living with HH composition of Family Context F [MONTH] R6,-1.0,Not applicable
ghrprmf0,Start of period of CM living with HH composition of Family Context F [MONTH] R6,1.0,January
ghrprmf0,Start of period of CM living with HH composition of Family Context F [MONTH] R6,2.0,February
ghrprmf0,Start of period of CM living with HH composition of Family Context F [MONTH] R6,3.0,March
ghrprmf0,Start of period of CM living with HH composition of Family Context F [MONTH] R6,4.0,April
ghrprmf0,Start of period of CM living with HH composition of Family Context F [MONTH] R6,5.0,May
ghrprmf0,Start of period of CM living with HH composition of Family Context F [MONTH] R6,6.0,June
ghrprmf0,Start of period of CM living with HH composition of Family Context F [MONTH] R6,7.0,July
ghrprmf0,Start of period of CM living with HH composition of Family Context F [MONTH] R6,8.0,August
ghrprmf0,Start of period of CM living with HH composition of Family Context F [MONTH] R6,9.0,September
ghrprmf0,Start of period of CM living with HH composition of Family Context F [MONTH] R6,10.0,October
ghrprmf0,Start of period of CM living with HH composition of Family Context F [MONTH] R6,11.0,November
ghrprmf0,Start of period of CM living with HH composition of Family Context F [MONTH] R6,12.0,December
ghrprmg0,Start of period of CM living with HH composition of Family Context G [MONTH] R7,-9.0,Refused
ghrprmg0,Start of period of CM living with HH composition of Family Context G [MONTH] R7,-8.0,Do not know
ghrprmg0,Start of period of CM living with HH composition of Family Context G [MONTH] R7,-1.0,Not applicable
ghrprmg0,Start of period of CM living with HH composition of Family Context G [MONTH] R7,1.0,January
ghrprmg0,Start of period of CM living with HH composition of Family Context G [MONTH] R7,2.0,February
ghrprmg0,Start of period of CM living with HH composition of Family Context G [MONTH] R7,3.0,March
ghrprmg0,Start of period of CM living with HH composition of Family Context G [MONTH] R7,4.0,April
ghrprmg0,Start of period of CM living with HH composition of Family Context G [MONTH] R7,5.0,May
ghrprmg0,Start of period of CM living with HH composition of Family Context G [MONTH] R7,6.0,June
ghrprmg0,Start of period of CM living with HH composition of Family Context G [MONTH] R7,7.0,July
ghrprmg0,Start of period of CM living with HH composition of Family Context G [MONTH] R7,8.0,August
ghrprmg0,Start of period of CM living with HH composition of Family Context G [MONTH] R7,9.0,September
ghrprmg0,Start of period of CM living with HH composition of Family Context G [MONTH] R7,10.0,October
ghrprmg0,Start of period of CM living with HH composition of Family Context G [MONTH] R7,11.0,November
ghrprmg0,Start of period of CM living with HH composition of Family Context G [MONTH] R7,12.0,December
ghrprmh0,Start of period of CM living with HH composition of Family Context H [MONTH] R8,-9.0,Refused
ghrprmh0,Start of period of CM living with HH composition of Family Context H [MONTH] R8,-8.0,Do not know
ghrprmh0,Start of period of CM living with HH composition of Family Context H [MONTH] R8,-1.0,Not applicable
ghrprmh0,Start of period of CM living with HH composition of Family Context H [MONTH] R8,1.0,January
ghrprmh0,Start of period of CM living with HH composition of Family Context H [MONTH] R8,2.0,February
ghrprmh0,Start of period of CM living with HH composition of Family Context H [MONTH] R8,3.0,March
ghrprmh0,Start of period of CM living with HH composition of Family Context H [MONTH] R8,4.0,April
ghrprmh0,Start of period of CM living with HH composition of Family Context H [MONTH] R8,5.0,May
ghrprmh0,Start of period of CM living with HH composition of Family Context H [MONTH] R8,6.0,June
ghrprmh0,Start of period of CM living with HH composition of Family Context H [MONTH] R8,7.0,July
ghrprmh0,Start of period of CM living with HH composition of Family Context H [MONTH] R8,8.0,August
ghrprmh0,Start of period of CM living with HH composition of Family Context H [MONTH] R8,9.0,September
ghrprmh0,Start of period of CM living with HH composition of Family Context H [MONTH] R8,10.0,October
ghrprmh0,Start of period of CM living with HH composition of Family Context H [MONTH] R8,11.0,November
ghrprmh0,Start of period of CM living with HH composition of Family Context H [MONTH] R8,12.0,December
ghrprmi0,Start of period of CM living with HH composition of Family Context I [MONTH] R9,10.0,October
ghrprmi0,Start of period of CM living with HH composition of Family Context I [MONTH] R9,11.0,November
ghrprmi0,Start of period of CM living with HH composition of Family Context I [MONTH] R9,12.0,December
ghrprmi0,Start of period of CM living with HH composition of Family Context I [MONTH] R9,-9.0,Refused
ghrprmi0,Start of period of CM living with HH composition of Family Context I [MONTH] R9,-8.0,Do not know
ghrprmi0,Start of period of CM living with HH composition of Family Context I [MONTH] R9,-1.0,Not applicable
ghrprmi0,Start of period of CM living with HH composition of Family Context I [MONTH] R9,1.0,January
ghrprmi0,Start of period of CM living with HH composition of Family Context I [MONTH] R9,2.0,February
ghrprmi0,Start of period of CM living with HH composition of Family Context I [MONTH] R9,3.0,March
ghrprmi0,Start of period of CM living with HH composition of Family Context I [MONTH] R9,4.0,April
ghrprmi0,Start of period of CM living with HH composition of Family Context I [MONTH] R9,5.0,May
ghrprmi0,Start of period of CM living with HH composition of Family Context I [MONTH] R9,6.0,June
ghrprmi0,Start of period of CM living with HH composition of Family Context I [MONTH] R9,7.0,July
ghrprmi0,Start of period of CM living with HH composition of Family Context I [MONTH] R9,8.0,August
ghrprmi0,Start of period of CM living with HH composition of Family Context I [MONTH] R9,9.0,September
ghrprmj0,Start of period of CM living with HH composition of Family Context J [MONTH] R10,-9.0,Refused
ghrprmj0,Start of period of CM living with HH composition of Family Context J [MONTH] R10,-8.0,Do not know
ghrprmj0,Start of period of CM living with HH composition of Family Context J [MONTH] R10,-1.0,Not applicable
ghrprmj0,Start of period of CM living with HH composition of Family Context J [MONTH] R10,1.0,January
ghrprmj0,Start of period of CM living with HH composition of Family Context J [MONTH] R10,2.0,February
ghrprmj0,Start of period of CM living with HH composition of Family Context J [MONTH] R10,3.0,March
ghrprmj0,Start of period of CM living with HH composition of Family Context J [MONTH] R10,4.0,April
ghrprmj0,Start of period of CM living with HH composition of Family Context J [MONTH] R10,5.0,May
ghrprmj0,Start of period of CM living with HH composition of Family Context J [MONTH] R10,6.0,June
ghrprmj0,Start of period of CM living with HH composition of Family Context J [MONTH] R10,7.0,July
ghrprmj0,Start of period of CM living with HH composition of Family Context J [MONTH] R10,8.0,August
ghrprmj0,Start of period of CM living with HH composition of Family Context J [MONTH] R10,9.0,September
ghrprmj0,Start of period of CM living with HH composition of Family Context J [MONTH] R10,10.0,October
ghrprmj0,Start of period of CM living with HH composition of Family Context J [MONTH] R10,11.0,November
ghrprmj0,Start of period of CM living with HH composition of Family Context J [MONTH] R10,12.0,December
ghramy0,[CM not living with parents] Start of period of CM living with current HH composition YEAR,-9.0,Refused
ghramy0,[CM not living with parents] Start of period of CM living with current HH composition YEAR,-8.0,Do not know
ghramy0,[CM not living with parents] Start of period of CM living with current HH composition YEAR,-1.0,Not applicable
ghramm0,[CM not living with parents] Start of period of CM living with current HH composition MONTH,-9.0,Refused
ghramm0,[CM not living with parents] Start of period of CM living with current HH composition MONTH,-8.0,Do not know
ghramm0,[CM not living with parents] Start of period of CM living with current HH composition MONTH,-1.0,Not applicable
ghramm0,[CM not living with parents] Start of period of CM living with current HH composition MONTH,1.0,January
ghramm0,[CM not living with parents] Start of period of CM living with current HH composition MONTH,2.0,February
ghramm0,[CM not living with parents] Start of period of CM living with current HH composition MONTH,3.0,March
ghramm0,[CM not living with parents] Start of period of CM living with current HH composition MONTH,4.0,April
ghramm0,[CM not living with parents] Start of period of CM living with current HH composition MONTH,5.0,May
ghramm0,[CM not living with parents] Start of period of CM living with current HH composition MONTH,6.0,June
ghramm0,[CM not living with parents] Start of period of CM living with current HH composition MONTH,7.0,July
ghramm0,[CM not living with parents] Start of period of CM living with current HH composition MONTH,8.0,August
ghramm0,[CM not living with parents] Start of period of CM living with current HH composition MONTH,9.0,September
ghramm0,[CM not living with parents] Start of period of CM living with current HH composition MONTH,10.0,October
ghramm0,[CM not living with parents] Start of period of CM living with current HH composition MONTH,11.0,November
ghramm0,[CM not living with parents] Start of period of CM living with current HH composition MONTH,12.0,December
ghrapy0,[CM not living with parents] End of period of CM living with partner [from MCS6] YEAR,-9.0,Refused
ghrapy0,[CM not living with parents] End of period of CM living with partner [from MCS6] YEAR,-8.0,Do not know
ghrapy0,[CM not living with parents] End of period of CM living with partner [from MCS6] YEAR,-1.0,Not applicable
ghrapm0,[CM not living with parents] End of period of CM living with partner [from MCS6] MONTH,-9.0,Refused
ghrapm0,[CM not living with parents] End of period of CM living with partner [from MCS6] MONTH,-8.0,Do not know
ghrapm0,[CM not living with parents] End of period of CM living with partner [from MCS6] MONTH,-1.0,Not applicable
ghrapm0,[CM not living with parents] End of period of CM living with partner [from MCS6] MONTH,1.0,January
ghrapm0,[CM not living with parents] End of period of CM living with partner [from MCS6] MONTH,2.0,February
ghrapm0,[CM not living with parents] End of period of CM living with partner [from MCS6] MONTH,3.0,March
ghrapm0,[CM not living with parents] End of period of CM living with partner [from MCS6] MONTH,4.0,April
ghrapm0,[CM not living with parents] End of period of CM living with partner [from MCS6] MONTH,5.0,May
ghrapm0,[CM not living with parents] End of period of CM living with partner [from MCS6] MONTH,6.0,June
ghrapm0,[CM not living with parents] End of period of CM living with partner [from MCS6] MONTH,7.0,July
ghrapm0,[CM not living with parents] End of period of CM living with partner [from MCS6] MONTH,8.0,August
ghrapm0,[CM not living with parents] End of period of CM living with partner [from MCS6] MONTH,9.0,September
ghrapm0,[CM not living with parents] End of period of CM living with partner [from MCS6] MONTH,10.0,October
ghrapm0,[CM not living with parents] End of period of CM living with partner [from MCS6] MONTH,11.0,November
ghrapm0,[CM not living with parents] End of period of CM living with partner [from MCS6] MONTH,12.0,December
ghrwnaa0,[CM not living with parents or partner from MCS6] Current HH composition R1,-1.0,Not applicable
ghrwnaa0,[CM not living with parents or partner from MCS6] Current HH composition R1,1.0,Start living in your current household setting?
ghrwnaa0,[CM not living with parents or partner from MCS6] Current HH composition R1,2.0,Start living in another family setting e.g. with different relatives or with a foster family?
ghrwnaa0,[CM not living with parents or partner from MCS6] Current HH composition R1,3.0,Or do something else?
ghrwnaa0,[CM not living with parents or partner from MCS6] Current HH composition R1,4.0,Do not know
ghrwnaa0,[CM not living with parents or partner from MCS6] Current HH composition R1,5.0,Refused
ghrwnab0,[CM not living with parents or partner from MCS6] Current HH composition R2,-1.0,Not applicable
ghrwnab0,[CM not living with parents or partner from MCS6] Current HH composition R2,1.0,Start living in your current household setting?
ghrwnab0,[CM not living with parents or partner from MCS6] Current HH composition R2,2.0,Start living in another family setting e.g. with different relatives or with a foster family?
ghrwnab0,[CM not living with parents or partner from MCS6] Current HH composition R2,3.0,Or do something else?
ghrwnab0,[CM not living with parents or partner from MCS6] Current HH composition R2,4.0,Do not know
ghrwnab0,[CM not living with parents or partner from MCS6] Current HH composition R2,5.0,Refused
ghrwnac0,[CM not living with parents or partner from MCS6] Current HH composition R3,-1.0,Not applicable
ghrwnac0,[CM not living with parents or partner from MCS6] Current HH composition R3,1.0,Start living in your current household setting?
ghrwnac0,[CM not living with parents or partner from MCS6] Current HH composition R3,2.0,Start living in another family setting e.g. with different relatives or with a foster family?
ghrwnac0,[CM not living with parents or partner from MCS6] Current HH composition R3,3.0,Or do something else?
ghrwnac0,[CM not living with parents or partner from MCS6] Current HH composition R3,4.0,Do not know
ghrwnac0,[CM not living with parents or partner from MCS6] Current HH composition R3,5.0,Refused
ghrwnad0,[CM not living with parents or partner from MCS6] Current HH composition R4,-1.0,Not applicable
ghrwnad0,[CM not living with parents or partner from MCS6] Current HH composition R4,1.0,Start living in your current household setting?
ghrwnad0,[CM not living with parents or partner from MCS6] Current HH composition R4,2.0,Start living in another family setting e.g. with different relatives or with a foster family?
ghrwnad0,[CM not living with parents or partner from MCS6] Current HH composition R4,3.0,Or do something else?
ghrwnad0,[CM not living with parents or partner from MCS6] Current HH composition R4,4.0,Do not know
ghrwnad0,[CM not living with parents or partner from MCS6] Current HH composition R4,5.0,Refused
ghrwnae0,[CM not living with parents or partner from MCS6] Current HH composition R5,-1.0,Not applicable
ghrwnae0,[CM not living with parents or partner from MCS6] Current HH composition R5,1.0,Start living in your current household setting?
ghrwnae0,[CM not living with parents or partner from MCS6] Current HH composition R5,2.0,Start living in another family setting e.g. with different relatives or with a foster family?
ghrwnae0,[CM not living with parents or partner from MCS6] Current HH composition R5,3.0,Or do something else?
ghrwnae0,[CM not living with parents or partner from MCS6] Current HH composition R5,4.0,Do not know
ghrwnae0,[CM not living with parents or partner from MCS6] Current HH composition R5,5.0,Refused
ghrwnaf0,[CM not living with parents or partner from MCS6] Current HH composition R6,3.0,Or do something else?
ghrwnaf0,[CM not living with parents or partner from MCS6] Current HH composition R6,4.0,Do not know
ghrwnaf0,[CM not living with parents or partner from MCS6] Current HH composition R6,5.0,Refused
ghrwnaf0,[CM not living with parents or partner from MCS6] Current HH composition R6,-1.0,Not applicable
ghrwnaf0,[CM not living with parents or partner from MCS6] Current HH composition R6,1.0,Start living in your current household setting?
ghrwnaf0,[CM not living with parents or partner from MCS6] Current HH composition R6,2.0,Start living in another family setting e.g. with different relatives or with a foster family?
ghrwnag0,[CM not living with parents or partner from MCS6] Current HH composition R7,-1.0,Not applicable
ghrwnag0,[CM not living with parents or partner from MCS6] Current HH composition R7,1.0,Start living in your current household setting?
ghrwnag0,[CM not living with parents or partner from MCS6] Current HH composition R7,2.0,Start living in another family setting e.g. with different relatives or with a foster family?
ghrwnag0,[CM not living with parents or partner from MCS6] Current HH composition R7,3.0,Or do something else?
ghrwnag0,[CM not living with parents or partner from MCS6] Current HH composition R7,4.0,Do not know
ghrwnag0,[CM not living with parents or partner from MCS6] Current HH composition R7,5.0,Refused
ghrwnah0,[CM not living with parents or partner from MCS6] Current HH composition R8,-1.0,Not applicable
ghrwnah0,[CM not living with parents or partner from MCS6] Current HH composition R8,1.0,Start living in your current household setting?
ghrwnah0,[CM not living with parents or partner from MCS6] Current HH composition R8,2.0,Start living in another family setting e.g. with different relatives or with a foster family?
ghrwnah0,[CM not living with parents or partner from MCS6] Current HH composition R8,3.0,Or do something else?
ghrwnah0,[CM not living with parents or partner from MCS6] Current HH composition R8,4.0,Do not know
ghrwnah0,[CM not living with parents or partner from MCS6] Current HH composition R8,5.0,Refused
ghrwnai0,[CM not living with parents or partner from MCS6] Current HH composition R9,-1.0,Not applicable
ghrwnai0,[CM not living with parents or partner from MCS6] Current HH composition R9,1.0,Start living in your current household setting?
ghrwnai0,[CM not living with parents or partner from MCS6] Current HH composition R9,2.0,Start living in another family setting e.g. with different relatives or with a foster family?
ghrwnai0,[CM not living with parents or partner from MCS6] Current HH composition R9,3.0,Or do something else?
ghrwnai0,[CM not living with parents or partner from MCS6] Current HH composition R9,4.0,Do not know
ghrwnai0,[CM not living with parents or partner from MCS6] Current HH composition R9,5.0,Refused
ghrwnaj0,[CM not living with parents or partner from MCS6] Current HH composition R10,-1.0,Not applicable
ghrwnaj0,[CM not living with parents or partner from MCS6] Current HH composition R10,1.0,Start living in your current household setting?
ghrwnaj0,[CM not living with parents or partner from MCS6] Current HH composition R10,2.0,Start living in another family setting e.g. with different relatives or with a foster family?
ghrwnaj0,[CM not living with parents or partner from MCS6] Current HH composition R10,3.0,Or do something else?
ghrwnaj0,[CM not living with parents or partner from MCS6] Current HH composition R10,4.0,Do not know
ghrwnaj0,[CM not living with parents or partner from MCS6] Current HH composition R10,5.0,Refused
ghrwnya0,[CM not living with parents or partner from MCS6] Start of period of CM living with current HH composition YEAR R1,-9.0,Refused
ghrwnya0,[CM not living with parents or partner from MCS6] Start of period of CM living with current HH composition YEAR R1,-8.0,Do not know
ghrwnya0,[CM not living with parents or partner from MCS6] Start of period of CM living with current HH composition YEAR R1,-1.0,Not applicable
ghrwnyb0,[CM not living with parents or partner from MCS6] Start of period of CM living with current HH composition YEAR R2,-9.0,Refused
ghrwnyb0,[CM not living with parents or partner from MCS6] Start of period of CM living with current HH composition YEAR R2,-8.0,Do not know
ghrwnyb0,[CM not living with parents or partner from MCS6] Start of period of CM living with current HH composition YEAR R2,-1.0,Not applicable
ghrwnyc0,[CM not living with parents or partner from MCS6] Start of period of CM living with current HH composition YEAR R3,-9.0,Refused
ghrwnyc0,[CM not living with parents or partner from MCS6] Start of period of CM living with current HH composition YEAR R3,-8.0,Do not know
ghrwnyc0,[CM not living with parents or partner from MCS6] Start of period of CM living with current HH composition YEAR R3,-1.0,Not applicable
ghrwnyd0,[CM not living with parents or partner from MCS6] Start of period of CM living with current HH composition YEAR R4,-9.0,Refused
ghrwnyd0,[CM not living with parents or partner from MCS6] Start of period of CM living with current HH composition YEAR R4,-8.0,Do not know
ghrwnyd0,[CM not living with parents or partner from MCS6] Start of period of CM living with current HH composition YEAR R4,-1.0,Not applicable
ghrwnye0,[CM not living with parents or partner from MCS6] Start of period of CM living with current HH composition YEAR R5,-9.0,Refused
ghrwnye0,[CM not living with parents or partner from MCS6] Start of period of CM living with current HH composition YEAR R5,-8.0,Do not know
ghrwnye0,[CM not living with parents or partner from MCS6] Start of period of CM living with current HH composition YEAR R5,-1.0,Not applicable
ghrwnyf0,[CM not living with parents or partner from MCS6] Start of period of CM living with current HH composition YEAR R6,-9.0,Refused
ghrwnyf0,[CM not living with parents or partner from MCS6] Start of period of CM living with current HH composition YEAR R6,-8.0,Do not know
ghrwnyf0,[CM not living with parents or partner from MCS6] Start of period of CM living with current HH composition YEAR R6,-1.0,Not applicable
ghrwnyg0,[CM not living with parents or partner from MCS6] Start of period of CM living with current HH composition YEAR R7,-9.0,Refused
ghrwnyg0,[CM not living with parents or partner from MCS6] Start of period of CM living with current HH composition YEAR R7,-8.0,Do not know
ghrwnyg0,[CM not living with parents or partner from MCS6] Start of period of CM living with current HH composition YEAR R7,-1.0,Not applicable
ghrwnyh0,[CM not living with parents or partner from MCS6] Start of period of CM living with current HH composition YEAR R8,-9.0,Refused
ghrwnyh0,[CM not living with parents or partner from MCS6] Start of period of CM living with current HH composition YEAR R8,-8.0,Do not know
ghrwnyh0,[CM not living with parents or partner from MCS6] Start of period of CM living with current HH composition YEAR R8,-1.0,Not applicable
ghrwnyi0,[CM not living with parents or partner from MCS6] Start of period of CM living with current HH composition YEAR R9,-9.0,Refused
ghrwnyi0,[CM not living with parents or partner from MCS6] Start of period of CM living with current HH composition YEAR R9,-8.0,Do not know
ghrwnyi0,[CM not living with parents or partner from MCS6] Start of period of CM living with current HH composition YEAR R9,-1.0,Not applicable
ghrwnyj0,[CM not living with parents or partner from MCS6] Start of period of CM living with current HH composition YEAR R10,-9.0,Refused
ghrwnyj0,[CM not living with parents or partner from MCS6] Start of period of CM living with current HH composition YEAR R10,-8.0,Do not know
ghrwnyj0,[CM not living with parents or partner from MCS6] Start of period of CM living with current HH composition YEAR R10,-1.0,Not applicable
ghrwnma0,[CM not living with parents or partner from MCS6] Start of period of CM living with current HH composition MONTH R1,-9.0,Refused
ghrwnma0,[CM not living with parents or partner from MCS6] Start of period of CM living with current HH composition MONTH R1,-8.0,Do not know
ghrwnma0,[CM not living with parents or partner from MCS6] Start of period of CM living with current HH composition MONTH R1,-1.0,Not applicable
ghrwnma0,[CM not living with parents or partner from MCS6] Start of period of CM living with current HH composition MONTH R1,1.0,January
ghrwnma0,[CM not living with parents or partner from MCS6] Start of period of CM living with current HH composition MONTH R1,2.0,February
ghrwnma0,[CM not living with parents or partner from MCS6] Start of period of CM living with current HH composition MONTH R1,3.0,March
ghrwnma0,[CM not living with parents or partner from MCS6] Start of period of CM living with current HH composition MONTH R1,4.0,April
ghrwnma0,[CM not living with parents or partner from MCS6] Start of period of CM living with current HH composition MONTH R1,5.0,May
ghrwnma0,[CM not living with parents or partner from MCS6] Start of period of CM living with current HH composition MONTH R1,6.0,June
ghrwnma0,[CM not living with parents or partner from MCS6] Start of period of CM living with current HH composition MONTH R1,7.0,July
ghrwnma0,[CM not living with parents or partner from MCS6] Start of period of CM living with current HH composition MONTH R1,8.0,August
ghrwnma0,[CM not living with parents or partner from MCS6] Start of period of CM living with current HH composition MONTH R1,9.0,September
ghrwnma0,[CM not living with parents or partner from MCS6] Start of period of CM living with current HH composition MONTH R1,10.0,October
ghrwnma0,[CM not living with parents or partner from MCS6] Start of period of CM living with current HH composition MONTH R1,11.0,November
ghrwnma0,[CM not living with parents or partner from MCS6] Start of period of CM living with current HH composition MONTH R1,12.0,December
ghrwnmb0,[CM not living with parents or partner from MCS6] Start of period of CM living with current HH composition MONTH R2,-9.0,Refused
ghrwnmb0,[CM not living with parents or partner from MCS6] Start of period of CM living with current HH composition MONTH R2,-8.0,Do not know
ghrwnmb0,[CM not living with parents or partner from MCS6] Start of period of CM living with current HH composition MONTH R2,-1.0,Not applicable
ghrwnmb0,[CM not living with parents or partner from MCS6] Start of period of CM living with current HH composition MONTH R2,1.0,January
ghrwnmb0,[CM not living with parents or partner from MCS6] Start of period of CM living with current HH composition MONTH R2,2.0,February
ghrwnmb0,[CM not living with parents or partner from MCS6] Start of period of CM living with current HH composition MONTH R2,3.0,March
ghrwnmb0,[CM not living with parents or partner from MCS6] Start of period of CM living with current HH composition MONTH R2,4.0,April
ghrwnmb0,[CM not living with parents or partner from MCS6] Start of period of CM living with current HH composition MONTH R2,5.0,May
ghrwnmb0,[CM not living with parents or partner from MCS6] Start of period of CM living with current HH composition MONTH R2,6.0,June
ghrwnmb0,[CM not living with parents or partner from MCS6] Start of period of CM living with current HH composition MONTH R2,7.0,July
ghrwnmb0,[CM not living with parents or partner from MCS6] Start of period of CM living with current HH composition MONTH R2,8.0,August
ghrwnmb0,[CM not living with parents or partner from MCS6] Start of period of CM living with current HH composition MONTH R2,9.0,September
ghrwnmb0,[CM not living with parents or partner from MCS6] Start of period of CM living with current HH composition MONTH R2,10.0,October
ghrwnmb0,[CM not living with parents or partner from MCS6] Start of period of CM living with current HH composition MONTH R2,11.0,November
ghrwnmb0,[CM not living with parents or partner from MCS6] Start of period of CM living with current HH composition MONTH R2,12.0,December
ghrwnmc0,[CM not living with parents or partner from MCS6] Start of period of CM living with current HH composition MONTH R3,3.0,March
ghrwnmc0,[CM not living with parents or partner from MCS6] Start of period of CM living with current HH composition MONTH R3,4.0,April
ghrwnmc0,[CM not living with parents or partner from MCS6] Start of period of CM living with current HH composition MONTH R3,5.0,May
ghrwnmc0,[CM not living with parents or partner from MCS6] Start of period of CM living with current HH composition MONTH R3,6.0,June
ghrwnmc0,[CM not living with parents or partner from MCS6] Start of period of CM living with current HH composition MONTH R3,7.0,July
ghrwnmc0,[CM not living with parents or partner from MCS6] Start of period of CM living with current HH composition MONTH R3,8.0,August
ghrwnmc0,[CM not living with parents or partner from MCS6] Start of period of CM living with current HH composition MONTH R3,9.0,September
ghrwnmc0,[CM not living with parents or partner from MCS6] Start of period of CM living with current HH composition MONTH R3,10.0,October
ghrwnmc0,[CM not living with parents or partner from MCS6] Start of period of CM living with current HH composition MONTH R3,11.0,November
ghrwnmc0,[CM not living with parents or partner from MCS6] Start of period of CM living with current HH composition MONTH R3,12.0,December
ghrwnmc0,[CM not living with parents or partner from MCS6] Start of period of CM living with current HH composition MONTH R3,-9.0,Refused
ghrwnmc0,[CM not living with parents or partner from MCS6] Start of period of CM living with current HH composition MONTH R3,-8.0,Do not know
ghrwnmc0,[CM not living with parents or partner from MCS6] Start of period of CM living with current HH composition MONTH R3,-1.0,Not applicable
ghrwnmc0,[CM not living with parents or partner from MCS6] Start of period of CM living with current HH composition MONTH R3,1.0,January
ghrwnmc0,[CM not living with parents or partner from MCS6] Start of period of CM living with current HH composition MONTH R3,2.0,February
ghrwnmd0,[CM not living with parents or partner from MCS6] Start of period of CM living with current HH composition MONTH R4,-9.0,Refused
ghrwnmd0,[CM not living with parents or partner from MCS6] Start of period of CM living with current HH composition MONTH R4,-8.0,Do not know
ghrwnmd0,[CM not living with parents or partner from MCS6] Start of period of CM living with current HH composition MONTH R4,-1.0,Not applicable
ghrwnmd0,[CM not living with parents or partner from MCS6] Start of period of CM living with current HH composition MONTH R4,1.0,January
ghrwnmd0,[CM not living with parents or partner from MCS6] Start of period of CM living with current HH composition MONTH R4,2.0,February
ghrwnmd0,[CM not living with parents or partner from MCS6] Start of period of CM living with current HH composition MONTH R4,3.0,March
ghrwnmd0,[CM not living with parents or partner from MCS6] Start of period of CM living with current HH composition MONTH R4,4.0,April
ghrwnmd0,[CM not living with parents or partner from MCS6] Start of period of CM living with current HH composition MONTH R4,5.0,May
ghrwnmd0,[CM not living with parents or partner from MCS6] Start of period of CM living with current HH composition MONTH R4,6.0,June
ghrwnmd0,[CM not living with parents or partner from MCS6] Start of period of CM living with current HH composition MONTH R4,7.0,July
ghrwnmd0,[CM not living with parents or partner from MCS6] Start of period of CM living with current HH composition MONTH R4,8.0,August
ghrwnmd0,[CM not living with parents or partner from MCS6] Start of period of CM living with current HH composition MONTH R4,9.0,September
ghrwnmd0,[CM not living with parents or partner from MCS6] Start of period of CM living with current HH composition MONTH R4,10.0,October
ghrwnmd0,[CM not living with parents or partner from MCS6] Start of period of CM living with current HH composition MONTH R4,11.0,November
ghrwnmd0,[CM not living with parents or partner from MCS6] Start of period of CM living with current HH composition MONTH R4,12.0,December
ghrwnme0,[CM not living with parents or partner from MCS6] Start of period of CM living with current HH composition MONTH R5,-9.0,Refused
ghrwnme0,[CM not living with parents or partner from MCS6] Start of period of CM living with current HH composition MONTH R5,-8.0,Do not know
ghrwnme0,[CM not living with parents or partner from MCS6] Start of period of CM living with current HH composition MONTH R5,-1.0,Not applicable
ghrwnme0,[CM not living with parents or partner from MCS6] Start of period of CM living with current HH composition MONTH R5,1.0,January
ghrwnme0,[CM not living with parents or partner from MCS6] Start of period of CM living with current HH composition MONTH R5,2.0,February
ghrwnme0,[CM not living with parents or partner from MCS6] Start of period of CM living with current HH composition MONTH R5,3.0,March
ghrwnme0,[CM not living with parents or partner from MCS6] Start of period of CM living with current HH composition MONTH R5,4.0,April
ghrwnme0,[CM not living with parents or partner from MCS6] Start of period of CM living with current HH composition MONTH R5,5.0,May
ghrwnme0,[CM not living with parents or partner from MCS6] Start of period of CM living with current HH composition MONTH R5,6.0,June
ghrwnme0,[CM not living with parents or partner from MCS6] Start of period of CM living with current HH composition MONTH R5,7.0,July
ghrwnme0,[CM not living with parents or partner from MCS6] Start of period of CM living with current HH composition MONTH R5,8.0,August
ghrwnme0,[CM not living with parents or partner from MCS6] Start of period of CM living with current HH composition MONTH R5,9.0,September
ghrwnme0,[CM not living with parents or partner from MCS6] Start of period of CM living with current HH composition MONTH R5,10.0,October
ghrwnme0,[CM not living with parents or partner from MCS6] Start of period of CM living with current HH composition MONTH R5,11.0,November
ghrwnme0,[CM not living with parents or partner from MCS6] Start of period of CM living with current HH composition MONTH R5,12.0,December
ghrwnmf0,[CM not living with parents or partner from MCS6] Start of period of CM living with current HH composition MONTH R6,-9.0,Refused
ghrwnmf0,[CM not living with parents or partner from MCS6] Start of period of CM living with current HH composition MONTH R6,-8.0,Do not know
ghrwnmf0,[CM not living with parents or partner from MCS6] Start of period of CM living with current HH composition MONTH R6,-1.0,Not applicable
ghrwnmf0,[CM not living with parents or partner from MCS6] Start of period of CM living with current HH composition MONTH R6,1.0,January
ghrwnmf0,[CM not living with parents or partner from MCS6] Start of period of CM living with current HH composition MONTH R6,2.0,February
ghrwnmf0,[CM not living with parents or partner from MCS6] Start of period of CM living with current HH composition MONTH R6,3.0,March
ghrwnmf0,[CM not living with parents or partner from MCS6] Start of period of CM living with current HH composition MONTH R6,4.0,April
ghrwnmf0,[CM not living with parents or partner from MCS6] Start of period of CM living with current HH composition MONTH R6,5.0,May
ghrwnmf0,[CM not living with parents or partner from MCS6] Start of period of CM living with current HH composition MONTH R6,6.0,June
ghrwnmf0,[CM not living with parents or partner from MCS6] Start of period of CM living with current HH composition MONTH R6,7.0,July
ghrwnmf0,[CM not living with parents or partner from MCS6] Start of period of CM living with current HH composition MONTH R6,8.0,August
ghrwnmf0,[CM not living with parents or partner from MCS6] Start of period of CM living with current HH composition MONTH R6,9.0,September
ghrwnmf0,[CM not living with parents or partner from MCS6] Start of period of CM living with current HH composition MONTH R6,10.0,October
ghrwnmf0,[CM not living with parents or partner from MCS6] Start of period of CM living with current HH composition MONTH R6,11.0,November
ghrwnmf0,[CM not living with parents or partner from MCS6] Start of period of CM living with current HH composition MONTH R6,12.0,December
ghrwnmg0,[CM not living with parents or partner from MCS6] Start of period of CM living with current HH composition MONTH R7,-9.0,Refused
ghrwnmg0,[CM not living with parents or partner from MCS6] Start of period of CM living with current HH composition MONTH R7,-8.0,Do not know
ghrwnmg0,[CM not living with parents or partner from MCS6] Start of period of CM living with current HH composition MONTH R7,-1.0,Not applicable
ghrwnmg0,[CM not living with parents or partner from MCS6] Start of period of CM living with current HH composition MONTH R7,1.0,January
ghrwnmg0,[CM not living with parents or partner from MCS6] Start of period of CM living with current HH composition MONTH R7,2.0,February
ghrwnmg0,[CM not living with parents or partner from MCS6] Start of period of CM living with current HH composition MONTH R7,3.0,March
ghrwnmg0,[CM not living with parents or partner from MCS6] Start of period of CM living with current HH composition MONTH R7,4.0,April
ghrwnmg0,[CM not living with parents or partner from MCS6] Start of period of CM living with current HH composition MONTH R7,5.0,May
ghrwnmg0,[CM not living with parents or partner from MCS6] Start of period of CM living with current HH composition MONTH R7,6.0,June
ghrwnmg0,[CM not living with parents or partner from MCS6] Start of period of CM living with current HH composition MONTH R7,7.0,July
ghrwnmg0,[CM not living with parents or partner from MCS6] Start of period of CM living with current HH composition MONTH R7,8.0,August
ghrwnmg0,[CM not living with parents or partner from MCS6] Start of period of CM living with current HH composition MONTH R7,9.0,September
ghrwnmg0,[CM not living with parents or partner from MCS6] Start of period of CM living with current HH composition MONTH R7,10.0,October
ghrwnmg0,[CM not living with parents or partner from MCS6] Start of period of CM living with current HH composition MONTH R7,11.0,November
ghrwnmg0,[CM not living with parents or partner from MCS6] Start of period of CM living with current HH composition MONTH R7,12.0,December
ghrwnmh0,[CM not living with parents or partner from MCS6] Start of period of CM living with current HH composition MONTH R8,-9.0,Refused
ghrwnmh0,[CM not living with parents or partner from MCS6] Start of period of CM living with current HH composition MONTH R8,-8.0,Do not know
ghrwnmh0,[CM not living with parents or partner from MCS6] Start of period of CM living with current HH composition MONTH R8,-1.0,Not applicable
ghrwnmh0,[CM not living with parents or partner from MCS6] Start of period of CM living with current HH composition MONTH R8,1.0,January
ghrwnmh0,[CM not living with parents or partner from MCS6] Start of period of CM living with current HH composition MONTH R8,2.0,February
ghrwnmh0,[CM not living with parents or partner from MCS6] Start of period of CM living with current HH composition MONTH R8,3.0,March
ghrwnmh0,[CM not living with parents or partner from MCS6] Start of period of CM living with current HH composition MONTH R8,4.0,April
ghrwnmh0,[CM not living with parents or partner from MCS6] Start of period of CM living with current HH composition MONTH R8,5.0,May
ghrwnmh0,[CM not living with parents or partner from MCS6] Start of period of CM living with current HH composition MONTH R8,6.0,June
ghrwnmh0,[CM not living with parents or partner from MCS6] Start of period of CM living with current HH composition MONTH R8,7.0,July
ghrwnmh0,[CM not living with parents or partner from MCS6] Start of period of CM living with current HH composition MONTH R8,8.0,August
ghrwnmh0,[CM not living with parents or partner from MCS6] Start of period of CM living with current HH composition MONTH R8,9.0,September
ghrwnmh0,[CM not living with parents or partner from MCS6] Start of period of CM living with current HH composition MONTH R8,10.0,October
ghrwnmh0,[CM not living with parents or partner from MCS6] Start of period of CM living with current HH composition MONTH R8,11.0,November
ghrwnmh0,[CM not living with parents or partner from MCS6] Start of period of CM living with current HH composition MONTH R8,12.0,December
ghrwnmi0,[CM not living with parents or partner from MCS6] Start of period of CM living with current HH composition MONTH R9,6.0,June
ghrwnmi0,[CM not living with parents or partner from MCS6] Start of period of CM living with current HH composition MONTH R9,7.0,July
ghrwnmi0,[CM not living with parents or partner from MCS6] Start of period of CM living with current HH composition MONTH R9,8.0,August
ghrwnmi0,[CM not living with parents or partner from MCS6] Start of period of CM living with current HH composition MONTH R9,9.0,September
ghrwnmi0,[CM not living with parents or partner from MCS6] Start of period of CM living with current HH composition MONTH R9,-9.0,Refused
ghrwnmi0,[CM not living with parents or partner from MCS6] Start of period of CM living with current HH composition MONTH R9,-8.0,Do not know
ghrwnmi0,[CM not living with parents or partner from MCS6] Start of period of CM living with current HH composition MONTH R9,-1.0,Not applicable
ghrwnmi0,[CM not living with parents or partner from MCS6] Start of period of CM living with current HH composition MONTH R9,1.0,January
ghrwnmi0,[CM not living with parents or partner from MCS6] Start of period of CM living with current HH composition MONTH R9,2.0,February
ghrwnmi0,[CM not living with parents or partner from MCS6] Start of period of CM living with current HH composition MONTH R9,3.0,March
ghrwnmi0,[CM not living with parents or partner from MCS6] Start of period of CM living with current HH composition MONTH R9,4.0,April
ghrwnmi0,[CM not living with parents or partner from MCS6] Start of period of CM living with current HH composition MONTH R9,5.0,May
ghrwnmi0,[CM not living with parents or partner from MCS6] Start of period of CM living with current HH composition MONTH R9,10.0,October
ghrwnmi0,[CM not living with parents or partner from MCS6] Start of period of CM living with current HH composition MONTH R9,11.0,November
ghrwnmi0,[CM not living with parents or partner from MCS6] Start of period of CM living with current HH composition MONTH R9,12.0,December
ghrwnmj0,[CM not living with parents or partner from MCS6] Start of period of CM living with current HH composition MONTH R10,-9.0,Refused
ghrwnmj0,[CM not living with parents or partner from MCS6] Start of period of CM living with current HH composition MONTH R10,-8.0,Do not know
ghrwnmj0,[CM not living with parents or partner from MCS6] Start of period of CM living with current HH composition MONTH R10,-1.0,Not applicable
ghrwnmj0,[CM not living with parents or partner from MCS6] Start of period of CM living with current HH composition MONTH R10,1.0,January
ghrwnmj0,[CM not living with parents or partner from MCS6] Start of period of CM living with current HH composition MONTH R10,2.0,February
ghrwnmj0,[CM not living with parents or partner from MCS6] Start of period of CM living with current HH composition MONTH R10,3.0,March
ghrwnmj0,[CM not living with parents or partner from MCS6] Start of period of CM living with current HH composition MONTH R10,4.0,April
ghrwnmj0,[CM not living with parents or partner from MCS6] Start of period of CM living with current HH composition MONTH R10,5.0,May
ghrwnmj0,[CM not living with parents or partner from MCS6] Start of period of CM living with current HH composition MONTH R10,6.0,June
ghrwnmj0,[CM not living with parents or partner from MCS6] Start of period of CM living with current HH composition MONTH R10,7.0,July
ghrwnmj0,[CM not living with parents or partner from MCS6] Start of period of CM living with current HH composition MONTH R10,8.0,August
ghrwnmj0,[CM not living with parents or partner from MCS6] Start of period of CM living with current HH composition MONTH R10,9.0,September
ghrwnmj0,[CM not living with parents or partner from MCS6] Start of period of CM living with current HH composition MONTH R10,10.0,October
ghrwnmj0,[CM not living with parents or partner from MCS6] Start of period of CM living with current HH composition MONTH R10,11.0,November
ghrwnmj0,[CM not living with parents or partner from MCS6] Start of period of CM living with current HH composition MONTH R10,12.0,December
ghroma,Number of rooms of CM accommodation [CM moved away from parent accommodation] [TOP-CODED],-9.0,Refusal
ghroma,Number of rooms of CM accommodation [CM moved away from parent accommodation] [TOP-CODED],-8.0,Do not know
ghroma,Number of rooms of CM accommodation [CM moved away from parent accommodation] [TOP-CODED],-1.0,Not applicable
ghroma,Number of rooms of CM accommodation [CM moved away from parent accommodation] [TOP-CODED],1.0,1 room
ghroma,Number of rooms of CM accommodation [CM moved away from parent accommodation] [TOP-CODED],2.0,2 rooms
ghroma,Number of rooms of CM accommodation [CM moved away from parent accommodation] [TOP-CODED],3.0,3 rooms
ghroma,Number of rooms of CM accommodation [CM moved away from parent accommodation] [TOP-CODED],4.0,4 rooms
ghroma,Number of rooms of CM accommodation [CM moved away from parent accommodation] [TOP-CODED],5.0,5 rooms
ghroma,Number of rooms of CM accommodation [CM moved away from parent accommodation] [TOP-CODED],6.0,6 rooms
ghroma,Number of rooms of CM accommodation [CM moved away from parent accommodation] [TOP-CODED],7.0,7 rooms
ghroma,Number of rooms of CM accommodation [CM moved away from parent accommodation] [TOP-CODED],8.0,8 rooms
ghroma,Number of rooms of CM accommodation [CM moved away from parent accommodation] [TOP-CODED],9.0,9 rooms
ghroma,Number of rooms of CM accommodation [CM moved away from parent accommodation] [TOP-CODED],10.0,10+ rooms
avail_from_dt,,,
mcs_llc_fid_e,Encrypted Family/Household anonymised ID for LLC,,
