variable_name,variable_label,value_value,value_label
study_id_e,,,
pnum,Cohort Member number within an MCS family,1.0,1st Cohort Member of the family
pnum,Cohort Member number within an MCS family,2.0,2nd Cohort Member of the family
pnum,Cohort Member number within an MCS family,3.0,3rd Cohort Member of the family
mail,CCTS: Stage at which questionnaire productive,1.0,Productive at first mailing
mail,CCTS: Stage at which questionnaire productive,2.0,Productive telephone interview
mail,CCTS: Stage at which questionnaire productive,3.0,Productive questionnaire reminder
mail,CCTS: Stage at which questionnaire productive,4.0,Productive at final reminder
qver,CCTS: Questionnaire version,1.0,Scottish questionnaire
qver,CCTS: Questionnaire version,2.0,Welsh questionnaire
qver,CCTS: Questionnaire version,3.0,Northern Ireland
qver,CCTS: Questionnaire version,4.0,Welsh translated questionnaire
docm,CCTS: Date of Completion MONTH,-9.0,Not answered (99)
docm,CCTS: Date of Completion MONTH,-1.0,Item not applicable
docy,CCTS: Date of Completion YEAR,-9.0,Not answered (9999)
docy,CCTS: Date of Completion YEAR,-1.0,Item not applicable
q1a_1,CCTS: DA - interest in classroom activities,-9.0,Not answered (9)
q1a_1,CCTS: DA - interest in classroom activities,-1.0,Item not applicable
q1a_1,CCTS: DA - interest in classroom activities,1.0,Yes
q1a_1,CCTS: DA - interest in classroom activities,2.0,No
q1a_2,CCTS: DA - Dresses,-9.0,Not answered (9)
q1a_2,CCTS: DA - Dresses,-1.0,Item not applicable
q1a_2,CCTS: DA - Dresses,1.0,Yes
q1a_2,CCTS: DA - Dresses,2.0,No
q1a_3,CCTS: DA - Displays high levels of involvement in activities,-9.0,Not answered (9)
q1a_3,CCTS: DA - Displays high levels of involvement in activities,-1.0,Item not applicable
q1a_3,CCTS: DA - Displays high levels of involvement in activities,1.0,Yes
q1a_3,CCTS: DA - Displays high levels of involvement in activities,2.0,No
q1a_4,CCTS: DA - Dresses and undresses independently and manages own hygiene,-9.0,Not answered (9)
q1a_4,CCTS: DA - Dresses and undresses independently and manages own hygiene,-1.0,Item not applicable
q1a_4,CCTS: DA - Dresses and undresses independently and manages own hygiene,1.0,Yes
q1a_4,CCTS: DA - Dresses and undresses independently and manages own hygiene,2.0,No
q1a_5,CCTS: DA - Selects and uses activities and resources independently,-9.0,Not answered (9)
q1a_5,CCTS: DA - Selects and uses activities and resources independently,-1.0,Item not applicable
q1a_5,CCTS: DA - Selects and uses activities and resources independently,1.0,Yes
q1a_5,CCTS: DA - Selects and uses activities and resources independently,2.0,No
q1a_6,CCTS: DA - Continues to be interested,-9.0,Not answered (9)
q1a_6,CCTS: DA - Continues to be interested,-1.0,Item not applicable
q1a_6,CCTS: DA - Continues to be interested,1.0,Yes
q1a_6,CCTS: DA - Continues to be interested,2.0,No
q1a_7,CCTS: DA - Confident to try new activities,-9.0,Not answered (9)
q1a_7,CCTS: DA - Confident to try new activities,-1.0,Item not applicable
q1a_7,CCTS: DA - Confident to try new activities,1.0,Yes
q1a_7,CCTS: DA - Confident to try new activities,2.0,No
q1a_8,CCTS: DA - Maintains attention and concentrates,-9.0,Not answered (9)
q1a_8,CCTS: DA - Maintains attention and concentrates,-1.0,Item not applicable
q1a_8,CCTS: DA - Maintains attention and concentrates,1.0,Yes
q1a_8,CCTS: DA - Maintains attention and concentrates,2.0,No
q1a_9,CCTS: DA - Sustains involvement and perseveres,-9.0,Not answered (9)
q1a_9,CCTS: DA - Sustains involvement and perseveres,-1.0,Item not applicable
q1a_9,CCTS: DA - Sustains involvement and perseveres,1.0,Yes
q1a_9,CCTS: DA - Sustains involvement and perseveres,2.0,No
rawda,CCTS: DA - Disposition and Attitudes raw score,,
q1b_1,CCTS: SD - Plays alongside others,-9.0,Not answered (9)
q1b_1,CCTS: SD - Plays alongside others,-1.0,Item not applicable
q1b_1,CCTS: SD - Plays alongside others,1.0,Yes
q1b_1,CCTS: SD - Plays alongside others,2.0,No
q1b_2,CCTS: SD - Builds relationships through gesture and talk,-9.0,Not answered (9)
q1b_2,CCTS: SD - Builds relationships through gesture and talk,-1.0,Item not applicable
q1b_2,CCTS: SD - Builds relationships through gesture and talk,1.0,Yes
q1b_2,CCTS: SD - Builds relationships through gesture and talk,2.0,No
q1b_3,CCTS: SD - Takes turns and shares with adult support,-9.0,Not answered (9)
q1b_3,CCTS: SD - Takes turns and shares with adult support,-1.0,Item not applicable
q1b_3,CCTS: SD - Takes turns and shares with adult support,1.0,Yes
q1b_3,CCTS: SD - Takes turns and shares with adult support,2.0,No
q1b_4,CCTS: SD - Works as part of a group or class,-9.0,Not answered (9)
q1b_4,CCTS: SD - Works as part of a group or class,-1.0,Item not applicable
q1b_4,CCTS: SD - Works as part of a group or class,1.0,Yes
q1b_4,CCTS: SD - Works as part of a group or class,2.0,No
q1b_5,CCTS: SD - Forms good relationships with adults and peers,-9.0,Not answered (9)
q1b_5,CCTS: SD - Forms good relationships with adults and peers,-1.0,Item not applicable
q1b_5,CCTS: SD - Forms good relationships with adults and peers,1.0,Yes
q1b_5,CCTS: SD - Forms good relationships with adults and peers,2.0,No
q1b_6,CCTS: SD - Understands that there need to to be agreed values behaviour,-9.0,Not answered (9)
q1b_6,CCTS: SD - Understands that there need to to be agreed values behaviour,-1.0,Item not applicable
q1b_6,CCTS: SD - Understands that there need to to be agreed values behaviour,1.0,Yes
q1b_6,CCTS: SD - Understands that there need to to be agreed values behaviour,2.0,No
q1b_7,CCTS: SD - Understands that people have different needs,-9.0,Not answered (9)
q1b_7,CCTS: SD - Understands that people have different needs,-1.0,Item not applicable
q1b_7,CCTS: SD - Understands that people have different needs,1.0,Yes
q1b_7,CCTS: SD - Understands that people have different needs,2.0,No
q1b_8,CCTS: SD - Understands that s/he can expect others to treat needs with respect,-9.0,Not answered (9)
q1b_8,CCTS: SD - Understands that s/he can expect others to treat needs with respect,-1.0,Item not applicable
q1b_8,CCTS: SD - Understands that s/he can expect others to treat needs with respect,1.0,Yes
q1b_8,CCTS: SD - Understands that s/he can expect others to treat needs with respect,2.0,No
q1b_9,CCTS: SD - Takes into account the ideas of others,-9.0,Not answered (9)
q1b_9,CCTS: SD - Takes into account the ideas of others,-1.0,Item not applicable
q1b_9,CCTS: SD - Takes into account the ideas of others,1.0,Yes
q1b_9,CCTS: SD - Takes into account the ideas of others,2.0,No
rawsd,CCTS: SD - Social Development raw score,,
q1c_1,CCTS: ED - Separates from main carer with support,-9.0,Not answered (9)
q1c_1,CCTS: ED - Separates from main carer with support,-1.0,Item not applicable
q1c_1,CCTS: ED - Separates from main carer with support,1.0,Yes
q1c_1,CCTS: ED - Separates from main carer with support,2.0,No
q1c_2,CCTS: ED - Communicates freely about home and community,1.0,Yes
q1c_2,CCTS: ED - Communicates freely about home and community,2.0,No
q1c_2,CCTS: ED - Communicates freely about home and community,-9.0,Not answered (9)
q1c_2,CCTS: ED - Communicates freely about home and community,-1.0,Item not applicable
q1c_3,CCTS: ED - Expresses needs and feelings in appropriate ways,-9.0,Not answered (9)
q1c_3,CCTS: ED - Expresses needs and feelings in appropriate ways,-1.0,Item not applicable
q1c_3,CCTS: ED - Expresses needs and feelings in appropriate ways,1.0,Yes
q1c_3,CCTS: ED - Expresses needs and feelings in appropriate ways,2.0,No
q1c_4,CCTS: ED - Responds to significant experiences,-9.0,Not answered (9)
q1c_4,CCTS: ED - Responds to significant experiences,-1.0,Item not applicable
q1c_4,CCTS: ED - Responds to significant experiences,1.0,Yes
q1c_4,CCTS: ED - Responds to significant experiences,2.0,No
q1c_5,CCTS: ED - Has a developing awareness of own needs,-9.0,Not answered (9)
q1c_5,CCTS: ED - Has a developing awareness of own needs,-1.0,Item not applicable
q1c_5,CCTS: ED - Has a developing awareness of own needs,1.0,Yes
q1c_5,CCTS: ED - Has a developing awareness of own needs,2.0,No
q1c_6,CCTS: ED - Has a developing respect for own culture and of others,-9.0,Not answered (9)
q1c_6,CCTS: ED - Has a developing respect for own culture and of others,-1.0,Item not applicable
q1c_6,CCTS: ED - Has a developing respect for own culture and of others,1.0,Yes
q1c_6,CCTS: ED - Has a developing respect for own culture and of others,2.0,No
q1c_7,CCTS: ED - Considers the consequences of words and actions,-9.0,Not answered (9)
q1c_7,CCTS: ED - Considers the consequences of words and actions,-1.0,Item not applicable
q1c_7,CCTS: ED - Considers the consequences of words and actions,1.0,Yes
q1c_7,CCTS: ED - Considers the consequences of words and actions,2.0,No
q1c_8,CCTS: ED - Understands what is right and what is wrong,-9.0,Not answered (9)
q1c_8,CCTS: ED - Understands what is right and what is wrong,-1.0,Item not applicable
q1c_8,CCTS: ED - Understands what is right and what is wrong,1.0,Yes
q1c_8,CCTS: ED - Understands what is right and what is wrong,2.0,No
q1c_9,CCTS: ED - Displays a strong and positive sense of self-identity,-9.0,Not answered (9)
q1c_9,CCTS: ED - Displays a strong and positive sense of self-identity,-1.0,Item not applicable
q1c_9,CCTS: ED - Displays a strong and positive sense of self-identity,1.0,Yes
q1c_9,CCTS: ED - Displays a strong and positive sense of self-identity,2.0,No
rawed,CCTS: ED - Emotional Development raw score,,
rawpse,CCTS: PSE - Personal,,
q2a_1,CCTS: LCT - Listens and responds,-9.0,Not answered (9)
q2a_1,CCTS: LCT - Listens and responds,-1.0,Item not applicable
q2a_1,CCTS: LCT - Listens and responds,1.0,Yes
q2a_1,CCTS: LCT - Listens and responds,2.0,No
q2a_2,CCTS: LCT - Initiates communication with others etc,-9.0,Not answered (9)
q2a_2,CCTS: LCT - Initiates communication with others etc,-1.0,Item not applicable
q2a_2,CCTS: LCT - Initiates communication with others etc,1.0,Yes
q2a_2,CCTS: LCT - Initiates communication with others etc,2.0,No
q2a_3,CCTS: LCT - Talks activities through,-9.0,Not answered (9)
q2a_3,CCTS: LCT - Talks activities through,-1.0,Item not applicable
q2a_3,CCTS: LCT - Talks activities through,1.0,Yes
q2a_3,CCTS: LCT - Talks activities through,2.0,No
q2a_4,CCTS: LCT - Listens with enjoyment; sustains attentive listening,-9.0,Not answered (9)
q2a_4,CCTS: LCT - Listens with enjoyment; sustains attentive listening,-1.0,Item not applicable
q2a_4,CCTS: LCT - Listens with enjoyment; sustains attentive listening,1.0,Yes
q2a_4,CCTS: LCT - Listens with enjoyment; sustains attentive listening,2.0,No
q2a_5,CCTS: LCT- Uses language to imagine and to recreate roles and experiences,-9.0,Not answered (9)
q2a_5,CCTS: LCT- Uses language to imagine and to recreate roles and experiences,-1.0,Item not applicable
q2a_5,CCTS: LCT- Uses language to imagine and to recreate roles and experiences,1.0,Yes
q2a_5,CCTS: LCT- Uses language to imagine and to recreate roles and experiences,2.0,No
q2a_6,CCTS: LCT - Interacts with others,-9.0,Not answered (9)
q2a_6,CCTS: LCT - Interacts with others,-1.0,Item not applicable
q2a_6,CCTS: LCT - Interacts with others,1.0,Yes
q2a_6,CCTS: LCT - Interacts with others,2.0,No
q2a_7,CCTS: LCT - Uses talk to organise,-9.0,Not answered (9)
q2a_7,CCTS: LCT - Uses talk to organise,-1.0,Item not applicable
q2a_7,CCTS: LCT - Uses talk to organise,1.0,Yes
q2a_7,CCTS: LCT - Uses talk to organise,2.0,No
q2a_8,CCTS: LCT - Speaks clearly with confidence and control etc,-9.0,Not answered (9)
q2a_8,CCTS: LCT - Speaks clearly with confidence and control etc,-1.0,Item not applicable
q2a_8,CCTS: LCT - Speaks clearly with confidence and control etc,1.0,Yes
q2a_8,CCTS: LCT - Speaks clearly with confidence and control etc,2.0,No
q2a_9,CCTS: LCT - Talks and listens confidently and with control etc,-9.0,Not answered (9)
q2a_9,CCTS: LCT - Talks and listens confidently and with control etc,-1.0,Item not applicable
q2a_9,CCTS: LCT - Talks and listens confidently and with control etc,1.0,Yes
q2a_9,CCTS: LCT - Talks and listens confidently and with control etc,2.0,No
rawlct,CCTS: LCT - Language for Communication and Thinking raw score,,
q2b_1,CCTS: LSL - Joins in rhyming and rhythmic activities,-9.0,Not answered (9)
q2b_1,CCTS: LSL - Joins in rhyming and rhythmic activities,-1.0,Item not applicable
q2b_1,CCTS: LSL - Joins in rhyming and rhythmic activities,1.0,Yes
q2b_1,CCTS: LSL - Joins in rhyming and rhythmic activities,2.0,No
q2b_2,CCTS: LSL - Shows an awareness of rhyme and alliteration,-9.0,Not answered (9)
q2b_2,CCTS: LSL - Shows an awareness of rhyme and alliteration,-1.0,Item not applicable
q2b_2,CCTS: LSL - Shows an awareness of rhyme and alliteration,1.0,Yes
q2b_2,CCTS: LSL - Shows an awareness of rhyme and alliteration,2.0,No
q2b_3,CCTS: LSL - Links some sounds to letters,-9.0,Not answered (9)
q2b_3,CCTS: LSL - Links some sounds to letters,-1.0,Item not applicable
q2b_3,CCTS: LSL - Links some sounds to letters,1.0,Yes
q2b_3,CCTS: LSL - Links some sounds to letters,2.0,No
q2b_4,CCTS: LSL - Links sounds to letters,-9.0,Not answered (9)
q2b_4,CCTS: LSL - Links sounds to letters,-1.0,Item not applicable
q2b_4,CCTS: LSL - Links sounds to letters,1.0,Yes
q2b_4,CCTS: LSL - Links sounds to letters,2.0,No
q2b_5,CCTS: LSL - Hears and says initial and final sounds in words,-9.0,Not answered (9)
q2b_5,CCTS: LSL - Hears and says initial and final sounds in words,-1.0,Item not applicable
q2b_5,CCTS: LSL - Hears and says initial and final sounds in words,1.0,Yes
q2b_5,CCTS: LSL - Hears and says initial and final sounds in words,2.0,No
q2b_6,CCTS: LSL - Hears and says vowel sounds within words,-9.0,Not answered (9)
q2b_6,CCTS: LSL - Hears and says vowel sounds within words,-1.0,Item not applicable
q2b_6,CCTS: LSL - Hears and says vowel sounds within words,1.0,Yes
q2b_6,CCTS: LSL - Hears and says vowel sounds within words,2.0,No
q2b_7,CCTS: LSL - Uses phonic knowledge to read simple and regular words,-9.0,Not answered (9)
q2b_7,CCTS: LSL - Uses phonic knowledge to read simple and regular words,-1.0,Item not applicable
q2b_7,CCTS: LSL - Uses phonic knowledge to read simple and regular words,1.0,Yes
q2b_7,CCTS: LSL - Uses phonic knowledge to read simple and regular words,2.0,No
q2b_8,CCTS: LSL - Attempts to read more complex words,1.0,Yes
q2b_8,CCTS: LSL - Attempts to read more complex words,2.0,No
q2b_8,CCTS: LSL - Attempts to read more complex words,-9.0,Not answered (9)
q2b_8,CCTS: LSL - Attempts to read more complex words,-1.0,Item not applicable
q2b_9,CCTS: LSL - Uses knowledge of letters,-9.0,Not answered (9)
q2b_9,CCTS: LSL - Uses knowledge of letters,-1.0,Item not applicable
q2b_9,CCTS: LSL - Uses knowledge of letters,1.0,Yes
q2b_9,CCTS: LSL - Uses knowledge of letters,2.0,No
rawlsl,CCTS: LSL -  Linking Sounds and Letters raw score,,
q2c_1,CCTS: R - Is developing an interest in books,-9.0,Not answered (9)
q2c_1,CCTS: R - Is developing an interest in books,-1.0,Item not applicable
q2c_1,CCTS: R - Is developing an interest in books,1.0,Yes
q2c_1,CCTS: R - Is developing an interest in books,2.0,No
q2c_2,CCTS: R - Knows that print conveys meaning,-9.0,Not answered (9)
q2c_2,CCTS: R - Knows that print conveys meaning,-1.0,Item not applicable
q2c_2,CCTS: R - Knows that print conveys meaning,1.0,Yes
q2c_2,CCTS: R - Knows that print conveys meaning,2.0,No
q2c_3,CCTS: R - Recognises a few familiar words,-9.0,Not answered (9)
q2c_3,CCTS: R - Recognises a few familiar words,-1.0,Item not applicable
q2c_3,CCTS: R - Recognises a few familiar words,1.0,Yes
q2c_3,CCTS: R - Recognises a few familiar words,2.0,No
q2c_4,CCTS: R - Knows direction that own language,-9.0,Not answered (9)
q2c_4,CCTS: R - Knows direction that own language,-1.0,Item not applicable
q2c_4,CCTS: R - Knows direction that own language,1.0,Yes
q2c_4,CCTS: R - Knows direction that own language,2.0,No
q2c_5,CCTS: R - Shows an understanding of the elements of stories,-9.0,Not answered (9)
q2c_5,CCTS: R - Shows an understanding of the elements of stories,-1.0,Item not applicable
q2c_5,CCTS: R - Shows an understanding of the elements of stories,1.0,Yes
q2c_5,CCTS: R - Shows an understanding of the elements of stories,2.0,No
q2c_6,CCTS: R - Reads a range of familiar and common words independently,-9.0,Not answered (9)
q2c_6,CCTS: R - Reads a range of familiar and common words independently,-1.0,Item not applicable
q2c_6,CCTS: R - Reads a range of familiar and common words independently,1.0,Yes
q2c_6,CCTS: R - Reads a range of familiar and common words independently,2.0,No
q2c_7,CCTS: R - Retells narratives in the correct sequence etc,-9.0,Not answered (9)
q2c_7,CCTS: R - Retells narratives in the correct sequence etc,-1.0,Item not applicable
q2c_7,CCTS: R - Retells narratives in the correct sequence etc,1.0,Yes
q2c_7,CCTS: R - Retells narratives in the correct sequence etc,2.0,No
q2c_8,CCTS: R - Shows an understanding of how information can be found,-9.0,Not answered (9)
q2c_8,CCTS: R - Shows an understanding of how information can be found,-1.0,Item not applicable
q2c_8,CCTS: R - Shows an understanding of how information can be found,1.0,Yes
q2c_8,CCTS: R - Shows an understanding of how information can be found,2.0,No
q2c_9,CCTS: R - Reads books of own choice with some fluency and accuracy,-9.0,Not answered (9)
q2c_9,CCTS: R - Reads books of own choice with some fluency and accuracy,-1.0,Item not applicable
q2c_9,CCTS: R - Reads books of own choice with some fluency and accuracy,1.0,Yes
q2c_9,CCTS: R - Reads books of own choice with some fluency and accuracy,2.0,No
rawread,CCTS: R - Reading raw score,,
q2d_1,CCTS: W - Experiments with mark-mixing,-9.0,Not answered (9)
q2d_1,CCTS: W - Experiments with mark-mixing,-1.0,Item not applicable
q2d_1,CCTS: W - Experiments with mark-mixing,1.0,Yes
q2d_1,CCTS: W - Experiments with mark-mixing,2.0,No
q2d_2,CCTS: W - Uses some clearly identifiable letters to communicate meaning,-9.0,Not answered (9)
q2d_2,CCTS: W - Uses some clearly identifiable letters to communicate meaning,-1.0,Item not applicable
q2d_2,CCTS: W - Uses some clearly identifiable letters to communicate meaning,1.0,Yes
q2d_2,CCTS: W - Uses some clearly identifiable letters to communicate meaning,2.0,No
q2d_3,CCTS: W - Represents some sounds correctly in writing,-9.0,Not answered (9)
q2d_3,CCTS: W - Represents some sounds correctly in writing,-1.0,Item not applicable
q2d_3,CCTS: W - Represents some sounds correctly in writing,1.0,Yes
q2d_3,CCTS: W - Represents some sounds correctly in writing,2.0,No
q2d_4,CCTS: W - Writes own name and other words from memory,-9.0,Not answered (9)
q2d_4,CCTS: W - Writes own name and other words from memory,-1.0,Item not applicable
q2d_4,CCTS: W - Writes own name and other words from memory,1.0,Yes
q2d_4,CCTS: W - Writes own name and other words from memory,2.0,No
q2d_5,CCTS: W - Holds a pencil and uses it to form recognisable letters,-9.0,Not answered (9)
q2d_5,CCTS: W - Holds a pencil and uses it to form recognisable letters,-1.0,Item not applicable
q2d_5,CCTS: W - Holds a pencil and uses it to form recognisable letters,1.0,Yes
q2d_5,CCTS: W - Holds a pencil and uses it to form recognisable letters,2.0,No
q2d_6,CCTS: W - Attempts writing for a variety of purposes,-9.0,Not answered (9)
q2d_6,CCTS: W - Attempts writing for a variety of purposes,-1.0,Item not applicable
q2d_6,CCTS: W - Attempts writing for a variety of purposes,1.0,Yes
q2d_6,CCTS: W - Attempts writing for a variety of purposes,2.0,No
q2d_7,CCTS: W - Uses phonic knowledge to write simple words,-9.0,Not answered (9)
q2d_7,CCTS: W - Uses phonic knowledge to write simple words,-1.0,Item not applicable
q2d_7,CCTS: W - Uses phonic knowledge to write simple words,1.0,Yes
q2d_7,CCTS: W - Uses phonic knowledge to write simple words,2.0,No
q2d_8,CCTS: W - Begins to form captions and simple sentences,-9.0,Not answered (9)
q2d_8,CCTS: W - Begins to form captions and simple sentences,-1.0,Item not applicable
q2d_8,CCTS: W - Begins to form captions and simple sentences,1.0,Yes
q2d_8,CCTS: W - Begins to form captions and simple sentences,2.0,No
q2d_9,CCTS: W - Communicates meaning through phrases and simple sentences,-9.0,Not answered (9)
q2d_9,CCTS: W - Communicates meaning through phrases and simple sentences,-1.0,Item not applicable
q2d_9,CCTS: W - Communicates meaning through phrases and simple sentences,1.0,Yes
q2d_9,CCTS: W - Communicates meaning through phrases and simple sentences,2.0,No
rawwrite,CCTS: W - Writing raw score,,
rawlit,CCTS: CLL - Communication,,
q3a_1,CCTS: NLC - Says some number names in familiar contexts eg nursery rhymes,-9.0,Not answered (9)
q3a_1,CCTS: NLC - Says some number names in familiar contexts eg nursery rhymes,-1.0,Item not applicable
q3a_1,CCTS: NLC - Says some number names in familiar contexts eg nursery rhymes,1.0,Yes
q3a_1,CCTS: NLC - Says some number names in familiar contexts eg nursery rhymes,2.0,No
q3a_2,CCTS: NLC - Counts reliably up to three everyday objects,-9.0,Not answered (9)
q3a_2,CCTS: NLC - Counts reliably up to three everyday objects,-1.0,Item not applicable
q3a_2,CCTS: NLC - Counts reliably up to three everyday objects,1.0,Yes
q3a_2,CCTS: NLC - Counts reliably up to three everyday objects,2.0,No
q3a_3,CCTS: NLC - Counts reliably up to six everyday objects,-9.0,Not answered (9)
q3a_3,CCTS: NLC - Counts reliably up to six everyday objects,-1.0,Item not applicable
q3a_3,CCTS: NLC - Counts reliably up to six everyday objects,1.0,Yes
q3a_3,CCTS: NLC - Counts reliably up to six everyday objects,2.0,No
q3a_4,CCTS: NLC - Says number names in order,-9.0,Not answered (9)
q3a_4,CCTS: NLC - Says number names in order,-1.0,Item not applicable
q3a_4,CCTS: NLC - Says number names in order,1.0,Yes
q3a_4,CCTS: NLC - Says number names in order,2.0,No
q3a_5,CCTS: NLC - Recognises numberals 1 to 9,-9.0,Not answered (9)
q3a_5,CCTS: NLC - Recognises numberals 1 to 9,-1.0,Item not applicable
q3a_5,CCTS: NLC - Recognises numberals 1 to 9,1.0,Yes
q3a_5,CCTS: NLC - Recognises numberals 1 to 9,2.0,No
q3a_6,CCTS: NLC - Counts reliably up to 10 everyday objects,-9.0,Not answered (9)
q3a_6,CCTS: NLC - Counts reliably up to 10 everyday objects,-1.0,Item not applicable
q3a_6,CCTS: NLC - Counts reliably up to 10 everyday objects,1.0,Yes
q3a_6,CCTS: NLC - Counts reliably up to 10 everyday objects,2.0,No
q3a_7,CCTS: NLC - Orders numbers up to 10,-9.0,Not answered (9)
q3a_7,CCTS: NLC - Orders numbers up to 10,-1.0,Item not applicable
q3a_7,CCTS: NLC - Orders numbers up to 10,1.0,Yes
q3a_7,CCTS: NLC - Orders numbers up to 10,2.0,No
q3a_8,CCTS: NLC - Uses developing mathematical ideas and methods to solves problems,-9.0,Not answered (9)
q3a_8,CCTS: NLC - Uses developing mathematical ideas and methods to solves problems,-1.0,Item not applicable
q3a_8,CCTS: NLC - Uses developing mathematical ideas and methods to solves problems,1.0,Yes
q3a_8,CCTS: NLC - Uses developing mathematical ideas and methods to solves problems,2.0,No
q3a_9,CCTS: NLC - Recognises,-9.0,Not answered (9)
q3a_9,CCTS: NLC - Recognises,-1.0,Item not applicable
q3a_9,CCTS: NLC - Recognises,1.0,Yes
q3a_9,CCTS: NLC - Recognises,2.0,No
rawnlc,CCTS: NLC - Numbers as Labels and for Counting raw score,,
q3b_1,CCTS: C - Responds to the vocabulary involved in addition and subtraction,-9.0,Not answered (9)
q3b_1,CCTS: C - Responds to the vocabulary involved in addition and subtraction,-1.0,Item not applicable
q3b_1,CCTS: C - Responds to the vocabulary involved in addition and subtraction,1.0,Yes
q3b_1,CCTS: C - Responds to the vocabulary involved in addition and subtraction,2.0,No
q3b_2,CCTS: C - Recognises differences in quantity when comparing sets of objects,-9.0,Not answered (9)
q3b_2,CCTS: C - Recognises differences in quantity when comparing sets of objects,-1.0,Item not applicable
q3b_2,CCTS: C - Recognises differences in quantity when comparing sets of objects,1.0,Yes
q3b_2,CCTS: C - Recognises differences in quantity when comparing sets of objects,2.0,No
q3b_3,CCTS: C - Finds one more or one less from a group of up to five objects,-9.0,Not answered (9)
q3b_3,CCTS: C - Finds one more or one less from a group of up to five objects,-1.0,Item not applicable
q3b_3,CCTS: C - Finds one more or one less from a group of up to five objects,1.0,Yes
q3b_3,CCTS: C - Finds one more or one less from a group of up to five objects,2.0,No
q3b_4,CCTS: C - Relates addition to combining two groups,-9.0,Not answered (9)
q3b_4,CCTS: C - Relates addition to combining two groups,-1.0,Item not applicable
q3b_4,CCTS: C - Relates addition to combining two groups,1.0,Yes
q3b_4,CCTS: C - Relates addition to combining two groups,2.0,No
q3b_5,CCTS: C - Relates subtraction to taking away,-9.0,Not answered (9)
q3b_5,CCTS: C - Relates subtraction to taking away,-1.0,Item not applicable
q3b_5,CCTS: C - Relates subtraction to taking away,1.0,Yes
q3b_5,CCTS: C - Relates subtraction to taking away,2.0,No
q3b_6,CCTS: C - In practical activities uses adding and subtracting vocabulary,-9.0,Not answered (9)
q3b_6,CCTS: C - In practical activities uses adding and subtracting vocabulary,-1.0,Item not applicable
q3b_6,CCTS: C - In practical activities uses adding and subtracting vocabulary,1.0,Yes
q3b_6,CCTS: C - In practical activities uses adding and subtracting vocabulary,2.0,No
q3b_7,CCTS: C - Finds one more or one less than a number from 1 to 10,-9.0,Not answered (9)
q3b_7,CCTS: C - Finds one more or one less than a number from 1 to 10,-1.0,Item not applicable
q3b_7,CCTS: C - Finds one more or one less than a number from 1 to 10,1.0,Yes
q3b_7,CCTS: C - Finds one more or one less than a number from 1 to 10,2.0,No
q3b_8,CCTS: C - Uses developing mathematical ideas and methods,-9.0,Not answered (9)
q3b_8,CCTS: C - Uses developing mathematical ideas and methods,-1.0,Item not applicable
q3b_8,CCTS: C - Uses developing mathematical ideas and methods,1.0,Yes
q3b_8,CCTS: C - Uses developing mathematical ideas and methods,2.0,No
q3b_9,CCTS: C - Uses a range of strategies for add / subtraction eg number bonds,-9.0,Not answered (9)
q3b_9,CCTS: C - Uses a range of strategies for add / subtraction eg number bonds,-1.0,Item not applicable
q3b_9,CCTS: C - Uses a range of strategies for add / subtraction eg number bonds,1.0,Yes
q3b_9,CCTS: C - Uses a range of strategies for add / subtraction eg number bonds,2.0,No
rawcalc,CCTS: C - Calculating raw score,,
q3c_1,CCTS: SSM - Experiments with range of objects and materials showing awareness,-9.0,Not answered (9)
q3c_1,CCTS: SSM - Experiments with range of objects and materials showing awareness,-1.0,Item not applicable
q3c_1,CCTS: SSM - Experiments with range of objects and materials showing awareness,1.0,Yes
q3c_1,CCTS: SSM - Experiments with range of objects and materials showing awareness,2.0,No
q3c_2,CCTS: SSM - Sorts or matches objects and talks about sorting,-9.0,Not answered (9)
q3c_2,CCTS: SSM - Sorts or matches objects and talks about sorting,-1.0,Item not applicable
q3c_2,CCTS: SSM - Sorts or matches objects and talks about sorting,1.0,Yes
q3c_2,CCTS: SSM - Sorts or matches objects and talks about sorting,2.0,No
q3c_3,CCTS: SSM - Describes shapes in simple models,-9.0,Not answered (9)
q3c_3,CCTS: SSM - Describes shapes in simple models,-1.0,Item not applicable
q3c_3,CCTS: SSM - Describes shapes in simple models,1.0,Yes
q3c_3,CCTS: SSM - Describes shapes in simple models,2.0,No
q3c_4,CCTS: SSM - Talks about,-9.0,Not answered (9)
q3c_4,CCTS: SSM - Talks about,-1.0,Item not applicable
q3c_4,CCTS: SSM - Talks about,1.0,Yes
q3c_4,CCTS: SSM - Talks about,2.0,No
q3c_5,CCTS: SSM - Uses everyday words to describe position,-9.0,Not answered (9)
q3c_5,CCTS: SSM - Uses everyday words to describe position,-1.0,Item not applicable
q3c_5,CCTS: SSM - Uses everyday words to describe position,1.0,Yes
q3c_5,CCTS: SSM - Uses everyday words to describe position,2.0,No
q3c_6,CCTS: SSM - Uses language such as 'circle' or 'bigger' to describe,-9.0,Not answered (9)
q3c_6,CCTS: SSM - Uses language such as 'circle' or 'bigger' to describe,-1.0,Item not applicable
q3c_6,CCTS: SSM - Uses language such as 'circle' or 'bigger' to describe,1.0,Yes
q3c_6,CCTS: SSM - Uses language such as 'circle' or 'bigger' to describe,2.0,No
q3c_7,CCTS: SSM - Uses language such as 'greater',-9.0,Not answered (9)
q3c_7,CCTS: SSM - Uses language such as 'greater',-1.0,Item not applicable
q3c_7,CCTS: SSM - Uses language such as 'greater',1.0,Yes
q3c_7,CCTS: SSM - Uses language such as 'greater',2.0,No
q3c_8,CCTS: SSM - Uses developing mathematical ideas,-9.0,Not answered (9)
q3c_8,CCTS: SSM - Uses developing mathematical ideas,-1.0,Item not applicable
q3c_8,CCTS: SSM - Uses developing mathematical ideas,1.0,Yes
q3c_8,CCTS: SSM - Uses developing mathematical ideas,2.0,No
q3c_9,CCTS: SSM - Uses mathematical language to describe,-9.0,Not answered (9)
q3c_9,CCTS: SSM - Uses mathematical language to describe,-1.0,Item not applicable
q3c_9,CCTS: SSM - Uses mathematical language to describe,1.0,Yes
q3c_9,CCTS: SSM - Uses mathematical language to describe,2.0,No
rawssm,CCTS: SSM - Shapes,,
rawmath,CCTS: MD - Mathematical Development raw score,,
q4_1,CCTS: KUW - Shows curiosity and interest by exploring surroundings,-9.0,Not answered (9)
q4_1,CCTS: KUW - Shows curiosity and interest by exploring surroundings,-1.0,Item not applicable
q4_1,CCTS: KUW - Shows curiosity and interest by exploring surroundings,1.0,Yes
q4_1,CCTS: KUW - Shows curiosity and interest by exploring surroundings,2.0,No
q4_2,CCTS: KUW - Observes,-9.0,Not answered (9)
q4_2,CCTS: KUW - Observes,-1.0,Item not applicable
q4_2,CCTS: KUW - Observes,1.0,Yes
q4_2,CCTS: KUW - Observes,2.0,No
q4_3,CCTS: KUW - Identifies obvious similarities and differences,-9.0,Not answered (9)
q4_3,CCTS: KUW - Identifies obvious similarities and differences,-1.0,Item not applicable
q4_3,CCTS: KUW - Identifies obvious similarities and differences,1.0,Yes
q4_3,CCTS: KUW - Identifies obvious similarities and differences,2.0,No
q4_4,CCTS: KUW - Investigates places,-9.0,Not answered (9)
q4_4,CCTS: KUW - Investigates places,-1.0,Item not applicable
q4_4,CCTS: KUW - Investigates places,1.0,Yes
q4_4,CCTS: KUW - Investigates places,2.0,No
q4_5,CCTS: KUW - Asks questions about why things happen and how things work.,-9.0,Not answered (9)
q4_5,CCTS: KUW - Asks questions about why things happen and how things work.,-1.0,Item not applicable
q4_5,CCTS: KUW - Asks questions about why things happen and how things work.,1.0,Yes
q4_5,CCTS: KUW - Asks questions about why things happen and how things work.,2.0,No
q4_6,CCTS: KUW - Finds out past and present events in own life,-9.0,Not answered (9)
q4_6,CCTS: KUW - Finds out past and present events in own life,-1.0,Item not applicable
q4_6,CCTS: KUW - Finds out past and present events in own life,1.0,Yes
q4_6,CCTS: KUW - Finds out past and present events in own life,2.0,No
q4_7,CCTS: KUW - Finds out about the uses of everyday techniques,-9.0,Not answered (9)
q4_7,CCTS: KUW - Finds out about the uses of everyday techniques,-1.0,Item not applicable
q4_7,CCTS: KUW - Finds out about the uses of everyday techniques,1.0,Yes
q4_7,CCTS: KUW - Finds out about the uses of everyday techniques,2.0,No
q4_8,CCTS: KUW - Builds and constructs with a wide range of objects,-9.0,Not answered (9)
q4_8,CCTS: KUW - Builds and constructs with a wide range of objects,-1.0,Item not applicable
q4_8,CCTS: KUW - Builds and constructs with a wide range of objects,1.0,Yes
q4_8,CCTS: KUW - Builds and constructs with a wide range of objects,2.0,No
q4_9,CCTS: KUW - Communicates simple planning for investigations and constructions,-9.0,Not answered (9)
q4_9,CCTS: KUW - Communicates simple planning for investigations and constructions,-1.0,Item not applicable
q4_9,CCTS: KUW - Communicates simple planning for investigations and constructions,1.0,Yes
q4_9,CCTS: KUW - Communicates simple planning for investigations and constructions,2.0,No
rawkuw,CCTS: KUW - Knowledge and Understanding of the World raw score,,
q5_1,CCTS: PD - Moves spontaneously showing some control and co-ordination,-9.0,Not answered (9)
q5_1,CCTS: PD - Moves spontaneously showing some control and co-ordination,-1.0,Item not applicable
q5_1,CCTS: PD - Moves spontaneously showing some control and co-ordination,1.0,Yes
q5_1,CCTS: PD - Moves spontaneously showing some control and co-ordination,2.0,No
q5_2,CCTS: PD - Moves with confidence in a variety of ways,-9.0,Not answered (9)
q5_2,CCTS: PD - Moves with confidence in a variety of ways,-1.0,Item not applicable
q5_2,CCTS: PD - Moves with confidence in a variety of ways,1.0,Yes
q5_2,CCTS: PD - Moves with confidence in a variety of ways,2.0,No
q5_3,CCTS: PD - Usually shows appropriate control in large,-9.0,Not answered (9)
q5_3,CCTS: PD - Usually shows appropriate control in large,-1.0,Item not applicable
q5_3,CCTS: PD - Usually shows appropriate control in large,1.0,Yes
q5_3,CCTS: PD - Usually shows appropriate control in large,2.0,No
q5_4,CCTS: PD - Moves with confidence,-9.0,Not answered (9)
q5_4,CCTS: PD - Moves with confidence,-1.0,Item not applicable
q5_4,CCTS: PD - Moves with confidence,1.0,Yes
q5_4,CCTS: PD - Moves with confidence,2.0,No
q5_5,CCTS: PD - Demonstrates fine motor control and co-ordination,-9.0,Not answered (9)
q5_5,CCTS: PD - Demonstrates fine motor control and co-ordination,-1.0,Item not applicable
q5_5,CCTS: PD - Demonstrates fine motor control and co-ordination,1.0,Yes
q5_5,CCTS: PD - Demonstrates fine motor control and co-ordination,2.0,No
q5_6,CCTS: PD - Uses small and large equipment showing a range of basic skills,-9.0,Not answered (9)
q5_6,CCTS: PD - Uses small and large equipment showing a range of basic skills,-1.0,Item not applicable
q5_6,CCTS: PD - Uses small and large equipment showing a range of basic skills,1.0,Yes
q5_6,CCTS: PD - Uses small and large equipment showing a range of basic skills,2.0,No
q5_7,CCTS: PD - Handles tools,-9.0,Not answered (9)
q5_7,CCTS: PD - Handles tools,-1.0,Item not applicable
q5_7,CCTS: PD - Handles tools,1.0,Yes
q5_7,CCTS: PD - Handles tools,2.0,No
q5_8,CCTS: PD - Recognises the importance of keeping healthy,-9.0,Not answered (9)
q5_8,CCTS: PD - Recognises the importance of keeping healthy,-1.0,Item not applicable
q5_8,CCTS: PD - Recognises the importance of keeping healthy,1.0,Yes
q5_8,CCTS: PD - Recognises the importance of keeping healthy,2.0,No
q5_9,CCTS: PD - Repeats,-9.0,Not answered (9)
q5_9,CCTS: PD - Repeats,-1.0,Item not applicable
q5_9,CCTS: PD - Repeats,1.0,Yes
q5_9,CCTS: PD - Repeats,2.0,No
rawpd,CCTS: PD - Physical Development raw score,,
q6_1,CCTS: CD - Explores different media and responds to various experiences.,-9.0,Not answered (9)
q6_1,CCTS: CD - Explores different media and responds to various experiences.,-1.0,Item not applicable
q6_1,CCTS: CD - Explores different media and responds to various experiences.,1.0,Yes
q6_1,CCTS: CD - Explores different media and responds to various experiences.,2.0,No
q6_2,CCTS: CD - Creates simple representation of events,-9.0,Not answered (9)
q6_2,CCTS: CD - Creates simple representation of events,-1.0,Item not applicable
q6_2,CCTS: CD - Creates simple representation of events,1.0,Yes
q6_2,CCTS: CD - Creates simple representation of events,2.0,No
q6_3,CCTS: CD - Tries to capture experiences by using a variety of different media,-9.0,Not answered (9)
q6_3,CCTS: CD - Tries to capture experiences by using a variety of different media,-1.0,Item not applicable
q6_3,CCTS: CD - Tries to capture experiences by using a variety of different media,1.0,Yes
q6_3,CCTS: CD - Tries to capture experiences by using a variety of different media,2.0,No
q6_4,CCTS: CD - Sings simple songs from memory,-9.0,Not answered (9)
q6_4,CCTS: CD - Sings simple songs from memory,-1.0,Item not applicable
q6_4,CCTS: CD - Sings simple songs from memory,1.0,Yes
q6_4,CCTS: CD - Sings simple songs from memory,2.0,No
q6_5,CCTS: CD - Explores colour,-9.0,Not answered (9)
q6_5,CCTS: CD - Explores colour,-1.0,Item not applicable
q6_5,CCTS: CD - Explores colour,1.0,Yes
q6_5,CCTS: CD - Explores colour,2.0,No
q6_6,CCTS: CD - Recognises and explores how sounds can be changed,-9.0,Not answered (9)
q6_6,CCTS: CD - Recognises and explores how sounds can be changed,-1.0,Item not applicable
q6_6,CCTS: CD - Recognises and explores how sounds can be changed,1.0,Yes
q6_6,CCTS: CD - Recognises and explores how sounds can be changed,2.0,No
q6_7,CCTS: CD - Uses imagination in art and design,-9.0,Not answered (9)
q6_7,CCTS: CD - Uses imagination in art and design,-1.0,Item not applicable
q6_7,CCTS: CD - Uses imagination in art and design,1.0,Yes
q6_7,CCTS: CD - Uses imagination in art and design,2.0,No
q6_8,CCTS: CD - Expresses and communicates ideas,2.0,No
q6_8,CCTS: CD - Expresses and communicates ideas,-9.0,Not answered (9)
q6_8,CCTS: CD - Expresses and communicates ideas,-1.0,Item not applicable
q6_8,CCTS: CD - Expresses and communicates ideas,1.0,Yes
q6_9,CCTS: CD - Expresses feelings and preferences in response to artwork,-9.0,Not answered (9)
q6_9,CCTS: CD - Expresses feelings and preferences in response to artwork,-1.0,Item not applicable
q6_9,CCTS: CD - Expresses feelings and preferences in response to artwork,1.0,Yes
q6_9,CCTS: CD - Expresses feelings and preferences in response to artwork,2.0,No
rawcd,CCTS: CD - Creative Development raw score,,
rawtot,CCTS: Total Raw Score,,
q7_1,CCTS: Which of the following best describes the child's ability in Welsh,-9.0,Not answered (9)
q7_1,CCTS: Which of the following best describes the child's ability in Welsh,-1.0,Item not applicable
q7_1,CCTS: Which of the following best describes the child's ability in Welsh,1.0,Fluent in Welsh
q7_1,CCTS: Which of the following best describes the child's ability in Welsh,2.0,Can speak a lot of Welsh
q7_1,CCTS: Which of the following best describes the child's ability in Welsh,3.0,Can speak a little Welsh
q7_1,CCTS: Which of the following best describes the child's ability in Welsh,4.0,Can only say a few words in Welsh
q7_1,CCTS: Which of the following best describes the child's ability in Welsh,5.0,Does not speak Welsh
q7_1,CCTS: Which of the following best describes the child's ability in Welsh,6.0,Don't know
q7_2,CCTS: Is this an Irish-medium school?,-9.0,Not answered (9)
q7_2,CCTS: Is this an Irish-medium school?,-1.0,Item not applicable
q7_2,CCTS: Is this an Irish-medium school?,1.0,Yes
q7_2,CCTS: Is this an Irish-medium school?,2.0,No
q7_3,CCTS: Please state in which language the child is educated,-9.0,Not answered (99)
q7_3,CCTS: Please state in which language the child is educated,-1.0,Item not applicable
q7_3,CCTS: Please state in which language the child is educated,1.0,Welsh/Irish only
q7_3,CCTS: Please state in which language the child is educated,2.0,Mainly Welsh/Irish
q7_3,CCTS: Please state in which language the child is educated,3.0,Welsh/Irish and English in roughly equa
q7_3,CCTS: Please state in which language the child is educated,4.0,Mainly English
q7_3,CCTS: Please state in which language the child is educated,5.0,English only
q7_3,CCTS: Please state in which language the child is educated,6.0,Other (please write in)
avail_from_dt,,,
mcs_llc_fid_e,Encrypted Family/Household anonymised ID for LLC,,
