variable_name,variable_label,value_value,value_label
study_id_e,,,
pnum,Person Number,-1.0,Not applicable
gdeea00,S7 DV Respondent's Ethnic Group (England),-1.0,Not applicable
gdeea00,S7 DV Respondent's Ethnic Group (England),1.0,White - British
gdeea00,S7 DV Respondent's Ethnic Group (England),2.0,White - Irish
gdeea00,S7 DV Respondent's Ethnic Group (England),3.0,Any other White background
gdeea00,S7 DV Respondent's Ethnic Group (England),4.0,Mixed - White and Black Caribbean
gdeea00,S7 DV Respondent's Ethnic Group (England),5.0,Mixed - White and Black African
gdeea00,S7 DV Respondent's Ethnic Group (England),6.0,Mixed - White and Asian
gdeea00,S7 DV Respondent's Ethnic Group (England),7.0,Any other mixed background
gdeea00,S7 DV Respondent's Ethnic Group (England),8.0,Asian/Asian British - Indian
gdeea00,S7 DV Respondent's Ethnic Group (England),9.0,Asian/Asian British - Pakistani
gdeea00,S7 DV Respondent's Ethnic Group (England),10.0,Asian/Asian British - Bangladeshi
gdeea00,S7 DV Respondent's Ethnic Group (England),11.0,Any other Asian background
gdeea00,S7 DV Respondent's Ethnic Group (England),12.0,Black/Black British - Caribbean
gdeea00,S7 DV Respondent's Ethnic Group (England),13.0,Black/Black British - African
gdeea00,S7 DV Respondent's Ethnic Group (England),14.0,Any other Black background
gdeea00,S7 DV Respondent's Ethnic Group (England),15.0,Chinese
gdeea00,S7 DV Respondent's Ethnic Group (England),95.0,Any other background
gdewa00,S7 DV Respondent's Ethnic Group (Wales),-1.0,Not applicable
gdewa00,S7 DV Respondent's Ethnic Group (Wales),1.0,White - British
gdewa00,S7 DV Respondent's Ethnic Group (Wales),2.0,White - Irish
gdewa00,S7 DV Respondent's Ethnic Group (Wales),3.0,Any other White background
gdewa00,S7 DV Respondent's Ethnic Group (Wales),4.0,Mixed - White and Black Caribbean
gdewa00,S7 DV Respondent's Ethnic Group (Wales),5.0,Mixed - White and Black African
gdewa00,S7 DV Respondent's Ethnic Group (Wales),6.0,Mixed - White and Asian
gdewa00,S7 DV Respondent's Ethnic Group (Wales),7.0,Any other mixed background
gdewa00,S7 DV Respondent's Ethnic Group (Wales),8.0,Asian/Asian British - Indian
gdewa00,S7 DV Respondent's Ethnic Group (Wales),9.0,Asian/Asian British - Pakistani
gdewa00,S7 DV Respondent's Ethnic Group (Wales),10.0,Asian/Asian British - Bangladeshi
gdewa00,S7 DV Respondent's Ethnic Group (Wales),11.0,Any other Asian background
gdewa00,S7 DV Respondent's Ethnic Group (Wales),12.0,Black/Black British - Caribbean
gdewa00,S7 DV Respondent's Ethnic Group (Wales),13.0,Black/Black British - African
gdewa00,S7 DV Respondent's Ethnic Group (Wales),14.0,Any other Black background
gdewa00,S7 DV Respondent's Ethnic Group (Wales),15.0,Chinese
gdewa00,S7 DV Respondent's Ethnic Group (Wales),95.0,Any other background
gdesa00,S7 DV Respondent's Ethnic Group (Scotland),-1.0,Not applicable
gdesa00,S7 DV Respondent's Ethnic Group (Scotland),1.0,White - Scottish
gdesa00,S7 DV Respondent's Ethnic Group (Scotland),2.0,White - other British
gdesa00,S7 DV Respondent's Ethnic Group (Scotland),3.0,White - Irish
gdesa00,S7 DV Respondent's Ethnic Group (Scotland),4.0,Any other White background
gdesa00,S7 DV Respondent's Ethnic Group (Scotland),5.0,Any mixed background
gdesa00,S7 DV Respondent's Ethnic Group (Scotland),6.0,Asian/Asian Scottish - Indian
gdesa00,S7 DV Respondent's Ethnic Group (Scotland),7.0,Asian/Asian Scottish - Pakistani
gdesa00,S7 DV Respondent's Ethnic Group (Scotland),8.0,Asian/Asian Scottish - Bangladeshi
gdesa00,S7 DV Respondent's Ethnic Group (Scotland),9.0,Asian/Asian Scottish - Chinese
gdesa00,S7 DV Respondent's Ethnic Group (Scotland),10.0,Any other Asian background
gdesa00,S7 DV Respondent's Ethnic Group (Scotland),11.0,Black/Black Scottish - Caribbean
gdesa00,S7 DV Respondent's Ethnic Group (Scotland),12.0,Black/Black Scottish - African
gdesa00,S7 DV Respondent's Ethnic Group (Scotland),13.0,Any other Black background
gdesa00,S7 DV Respondent's Ethnic Group (Scotland),95.0,Any other background
gdena00,S7 DV Respondent's Ethnic Group (Northern Ireland),-1.0, Not applicable
gdena00,S7 DV Respondent's Ethnic Group (Northern Ireland),1.0,White
gdena00,S7 DV Respondent's Ethnic Group (Northern Ireland),2.0,Chinese
gdena00,S7 DV Respondent's Ethnic Group (Northern Ireland),3.0,Irish Traveller
gdena00,S7 DV Respondent's Ethnic Group (Northern Ireland),4.0,Indian
gdena00,S7 DV Respondent's Ethnic Group (Northern Ireland),5.0,Pakistani
gdena00,S7 DV Respondent's Ethnic Group (Northern Ireland),6.0,Bangladeshi
gdena00,S7 DV Respondent's Ethnic Group (Northern Ireland),7.0,Black Caribbean
gdena00,S7 DV Respondent's Ethnic Group (Northern Ireland),8.0,Black African
gdena00,S7 DV Respondent's Ethnic Group (Northern Ireland),9.0,Black Other
gdena00,S7 DV Respondent's Ethnic Group (Northern Ireland),10.0,Mixed ethnic group
gdena00,S7 DV Respondent's Ethnic Group (Northern Ireland),95.0,Any other background
gd06e00,S7 DV Respondent's ethnic group - 6 category census classification (UK),-9.0,Refused
gd06e00,S7 DV Respondent's ethnic group - 6 category census classification (UK),-8.0,Don't know
gd06e00,S7 DV Respondent's ethnic group - 6 category census classification (UK),-1.0,Not applicable
gd06e00,S7 DV Respondent's ethnic group - 6 category census classification (UK),1.0,White
gd06e00,S7 DV Respondent's ethnic group - 6 category census classification (UK),2.0,Mixed
gd06e00,S7 DV Respondent's ethnic group - 6 category census classification (UK),3.0,Indian
gd06e00,S7 DV Respondent's ethnic group - 6 category census classification (UK),4.0,Pakistani and Bangladeshi
gd06e00,S7 DV Respondent's ethnic group - 6 category census classification (UK),5.0,Black or Black British
gd06e00,S7 DV Respondent's ethnic group - 6 category census classification (UK),6.0,"Other Ethnic group (inc Chinese,Other)"
gd11e00,S7 DV Respondent's ethnic group - 11 category census classification (UK),-9.0,Refused
gd11e00,S7 DV Respondent's ethnic group - 11 category census classification (UK),-8.0,Don't know
gd11e00,S7 DV Respondent's ethnic group - 11 category census classification (UK),-1.0,Not applicable
gd11e00,S7 DV Respondent's ethnic group - 11 category census classification (UK),1.0,White
gd11e00,S7 DV Respondent's ethnic group - 11 category census classification (UK),2.0,Mixed
gd11e00,S7 DV Respondent's ethnic group - 11 category census classification (UK),3.0,Indian
gd11e00,S7 DV Respondent's ethnic group - 11 category census classification (UK),4.0,Pakistani
gd11e00,S7 DV Respondent's ethnic group - 11 category census classification (UK),5.0,Bangladeshi
gd11e00,S7 DV Respondent's ethnic group - 11 category census classification (UK),6.0,Other Asian
gd11e00,S7 DV Respondent's ethnic group - 11 category census classification (UK),7.0,Black Caribbean
gd11e00,S7 DV Respondent's ethnic group - 11 category census classification (UK),8.0,Black African
gd11e00,S7 DV Respondent's ethnic group - 11 category census classification (UK),9.0,Other Black
gd11e00,S7 DV Respondent's ethnic group - 11 category census classification (UK),10.0,Chinese
gd11e00,S7 DV Respondent's ethnic group - 11 category census classification (UK),11.0,Other Ethnic Group
gd08e00,S7 DV Respondent's ethnic group - 8 category census classification (UK),-9.0,Refused
gd08e00,S7 DV Respondent's ethnic group - 8 category census classification (UK),-8.0,Don't know
gd08e00,S7 DV Respondent's ethnic group - 8 category census classification (UK),-1.0,Not applicable
gd08e00,S7 DV Respondent's ethnic group - 8 category census classification (UK),1.0,White
gd08e00,S7 DV Respondent's ethnic group - 8 category census classification (UK),2.0,Mixed
gd08e00,S7 DV Respondent's ethnic group - 8 category census classification (UK),3.0,Indian
gd08e00,S7 DV Respondent's ethnic group - 8 category census classification (UK),4.0,Pakistani
gd08e00,S7 DV Respondent's ethnic group - 8 category census classification (UK),5.0,Bangladeshi
gd08e00,S7 DV Respondent's ethnic group - 8 category census classification (UK),6.0,Black Caribbean
gd08e00,S7 DV Respondent's ethnic group - 8 category census classification (UK),7.0,Black African
gd08e00,S7 DV Respondent's ethnic group - 8 category census classification (UK),8.0,"Other Ethnic Group (inc Chinese, Other)"
gdres00,S7 DV Respondent identity and interview status,-2.0,Missing information
gdres00,S7 DV Respondent identity and interview status,-1.0,Not applicable
gdres00,S7 DV Respondent identity and interview status,1.0,Natural mother: interviewed
gdres00,S7 DV Respondent identity and interview status,2.0,Natural father: interviewed
gdres00,S7 DV Respondent identity and interview status,3.0,Adoptive mother: interviewed
gdres00,S7 DV Respondent identity and interview status,4.0,Adoptive father: interviewed
gdres00,S7 DV Respondent identity and interview status,5.0,Foster mother: interviewed
gdres00,S7 DV Respondent identity and interview status,6.0,Foster father: interviewed
gdres00,S7 DV Respondent identity and interview status,7.0,Step mother/partner of father: interviewed
gdres00,S7 DV Respondent identity and interview status,8.0,Step father/partner of mother: interviewed
gdres00,S7 DV Respondent identity and interview status,9.0,Grandmother: interviewed
gdres00,S7 DV Respondent identity and interview status,10.0,Grandfather: interviewed
gdres00,S7 DV Respondent identity and interview status,11.0,Natural mother: by proxy
gdres00,S7 DV Respondent identity and interview status,12.0,Natural father: by proxy
gdres00,S7 DV Respondent identity and interview status,13.0,Step mother: by proxy
gdres00,S7 DV Respondent identity and interview status,14.0,Step father: by proxy
gdres00,S7 DV Respondent identity and interview status,15.0,Natural mother: not interviewed
gdres00,S7 DV Respondent identity and interview status,16.0,Natural father: not interviewed
gdres00,S7 DV Respondent identity and interview status,17.0,Adoptive mother: not interviewed
gdres00,S7 DV Respondent identity and interview status,18.0,Adoptive father: not interviewed
gdres00,S7 DV Respondent identity and interview status,19.0,Foster mother: not interviewed
gdres00,S7 DV Respondent identity and interview status,20.0,Foster father: not interviewed
gdres00,S7 DV Respondent identity and interview status,21.0,Step mother: not interviewed
gdres00,S7 DV Respondent identity and interview status,22.0,Step father: not interviewed
gdres00,S7 DV Respondent identity and interview status,23.0,"Natural mother: by proxy, not interviewed"
gdres00,S7 DV Respondent identity and interview status,24.0,"Natural father: by proxy, not interviewed"
gdres00,S7 DV Respondent identity and interview status,25.0,Other female non-relative: interviewed
gdres00,S7 DV Respondent identity and interview status,26.0,Other male non relative: interviewed
gdres00,S7 DV Respondent identity and interview status,27.0,Other female non-relative: not interviewed
gdres00,S7 DV Respondent identity and interview status,28.0,Other male non relative: not interviewed
gdres00,S7 DV Respondent identity and interview status,29.0,"Step mother: by proxy, not interviewed"
gdres00,S7 DV Respondent identity and interview status,30.0,"Step father: by proxy, not interviewed"
gdres00,S7 DV Respondent identity and interview status,31.0,Other female relative: interviewed
gdres00,S7 DV Respondent identity and interview status,32.0,Other male relative: interviewed
gdres00,S7 DV Respondent identity and interview status,33.0,"Female, unknown relationship: interviewed"
gdres00,S7 DV Respondent identity and interview status,34.0,"Male, unknown relationship:interviewed"
gdres00,S7 DV Respondent identity and interview status,35.0,"Step parent, unknown sex: interviewed"
gdres00,S7 DV Respondent identity and interview status,36.0,"Step parent, unknown sex: not interviewed"
gdres00,S7 DV Respondent identity and interview status,37.0,"Adoptive parent, unknown sex: interviewed"
gdres00,S7 DV Respondent identity and interview status,38.0,"Adoptive parent, unknown sex: not interviewed"
gdres00,S7 DV Respondent identity and interview status,39.0,Grandmother: not interviewed
gdres00,S7 DV Respondent identity and interview status,40.0,Grandfather: not interviewed
gdres00,S7 DV Respondent identity and interview status,41.0,"Female, unknown relationship: not interviewed"
gdres00,S7 DV Respondent identity and interview status,42.0,"Male, unknown relationship: not interviewed"
gdres00,S7 DV Respondent identity and interview status,43.0,Other female relative: not interviewed
gdres00,S7 DV Respondent identity and interview status,44.0,Other male relative: not interviewed
gdres00,S7 DV Respondent identity and interview status,45.0,"Natural parent, unknown sex: interviewed"
gdres00,S7 DV Respondent identity and interview status,46.0,"Natural parent, unknown sex: not interviewed"
gdres00,S7 DV Respondent identity and interview status,47.0,"Natural parent, unknown sex: by proxy"
gdres00,S7 DV Respondent identity and interview status,48.0,Other male non-relative: by proxy
gdres00,S7 DV Respondent identity and interview status,49.0,"Other non-relative, sex unknown: interviewed"
gdres00,S7 DV Respondent identity and interview status,50.0,"Unknown relationship, unknown sex: by proxy"
gdres00,S7 DV Respondent identity and interview status,51.0,Adoptive father: by proxy
gdres00,S7 DV Respondent identity and interview status,52.0,Grandfather: by proxy
gdres00,S7 DV Respondent identity and interview status,53.0,"Other male non-relative: by proxy, no proxy interview"
gdres00,S7 DV Respondent identity and interview status,54.0,Other male relative: by proxy
gdres00,S7 DV Respondent identity and interview status,55.0,Natural sister: interviewed
gdres00,S7 DV Respondent identity and interview status,56.0,Natural brother: interviewed
gdres00,S7 DV Respondent identity and interview status,57.0,Natural sister: not interviewed
gdres00,S7 DV Respondent identity and interview status,58.0,"Adoptive father: by proxy, no proxy interview"
gdres00,S7 DV Respondent identity and interview status,59.0,"Grandfather: by proxy, no proxy interview"
gdres00,S7 DV Respondent identity and interview status,60.0,"Foster father: by proxy, no proxy interview"
gdres00,S7 DV Respondent identity and interview status,61.0,Half brother: interviewed
gdres00,S7 DV Respondent identity and interview status,62.0,Half sister: interviewed
gdrel00,S7 DV Respondent relationship to CM,-9.0,Refused
gdrel00,S7 DV Respondent relationship to CM,-8.0,Dont know
gdrel00,S7 DV Respondent relationship to CM,-1.0,Not applicable
gdrel00,S7 DV Respondent relationship to CM,1.0,Husband/Wife
gdrel00,S7 DV Respondent relationship to CM,2.0,Partner/Cohabitee
gdrel00,S7 DV Respondent relationship to CM,3.0,Natural son/daughter
gdrel00,S7 DV Respondent relationship to CM,4.0,Adopted son/daughter
gdrel00,S7 DV Respondent relationship to CM,5.0,Foster son/daughter
gdrel00,S7 DV Respondent relationship to CM,6.0,Step-son-daughter
gdrel00,S7 DV Respondent relationship to CM,7.0,Natural parent
gdrel00,S7 DV Respondent relationship to CM,8.0,Adoptive parent
gdrel00,S7 DV Respondent relationship to CM,9.0,Foster parent
gdrel00,S7 DV Respondent relationship to CM,10.0,"Step-parent, partner of parent"
gdrel00,S7 DV Respondent relationship to CM,11.0,Natural brother/Natural sister
gdrel00,S7 DV Respondent relationship to CM,12.0,Half-brother/Half-sister
gdrel00,S7 DV Respondent relationship to CM,13.0,Step-brother/Step-sister
gdrel00,S7 DV Respondent relationship to CM,14.0,Adopted brother/Adopted sister
gdrel00,S7 DV Respondent relationship to CM,15.0,Foster brother/Foster sister
gdrel00,S7 DV Respondent relationship to CM,16.0,Grandchild
gdrel00,S7 DV Respondent relationship to CM,17.0,Grandparent
gdrel00,S7 DV Respondent relationship to CM,18.0,Nanny/au pair
gdrel00,S7 DV Respondent relationship to CM,19.0,Other relative
gdrel00,S7 DV Respondent relationship to CM,20.0,Other non-relative
gdrel00,S7 DV Respondent relationship to CM,96.0,Self
gdagi00,S7 DV Respondent Age at Interview,-9.0,Refused
gdagi00,S7 DV Respondent Age at Interview,-8.0,Dont know
gdagi00,S7 DV Respondent Age at Interview,-3.0,Dob or Date of Interview Missing
gdagi00,S7 DV Respondent Age at Interview,-2.0,Not Known
gdagi00,S7 DV Respondent Age at Interview,-1.0,Not applicable
gdgai00,S7 DV Respondent Age at Interview (grouped),-9.0,Refused
gdgai00,S7 DV Respondent Age at Interview (grouped),-3.0,Dob or Date of Interview Missing
gdgai00,S7 DV Respondent Age at Interview (grouped),-2.0,Not Known
gdgai00,S7 DV Respondent Age at Interview (grouped),-1.0,Not applicable
gdgai00,S7 DV Respondent Age at Interview (grouped),1.0,16 to 19
gdgai00,S7 DV Respondent Age at Interview (grouped),2.0,20 to 29
gdgai00,S7 DV Respondent Age at Interview (grouped),3.0,30 to 39
gdgai00,S7 DV Respondent Age at Interview (grouped),4.0,40 to 49
gdgai00,S7 DV Respondent Age at Interview (grouped),5.0,50 plus
gdsam00,DV Respondent same as at sweep 6,-1.0,Family not present at MCS6
gdsam00,DV Respondent same as at sweep 6,1.0,Yes
gdsam00,DV Respondent same as at sweep 6,2.0,No
gdlst00,DV Respondent status at sweep 6,-1.0,Family not present at MCS6
gdlst00,DV Respondent status at sweep 6,1.0,Main Interview
gdlst00,DV Respondent status at sweep 6,2.0,Partner Interview
gdlst00,DV Respondent status at sweep 6,3.0,Proxy Interview
gdlst00,DV Respondent status at sweep 6,4.0,No Interview
avail_from_dt,,,
mcs_llc_fid_e,Encrypted Family/Household anonymised ID for LLC,,
