variable_name,variable_label,value_value,value_label
study_id_e,,,
pnum,Cohort Member number within an MCS family,1.0,1st Cohort Member of the family
pnum,Cohort Member number within an MCS family,2.0,2nd Cohort Member of the family
pnum,Cohort Member number within an MCS family,3.0,3rd Cohort Member of the family
ddc06e00,DV Cohort Member Ethnic Group - 6 category Census class,-9.0,Refusal
ddc06e00,DV Cohort Member Ethnic Group - 6 category Census class,-8.0,Don't Know
ddc06e00,DV Cohort Member Ethnic Group - 6 category Census class,-1.0,Not applicable
ddc06e00,DV Cohort Member Ethnic Group - 6 category Census class,1.0,White
ddc06e00,DV Cohort Member Ethnic Group - 6 category Census class,2.0,Mixed
ddc06e00,DV Cohort Member Ethnic Group - 6 category Census class,3.0,Indian
ddc06e00,DV Cohort Member Ethnic Group - 6 category Census class,4.0,Pakistani and Bangladeshi
ddc06e00,DV Cohort Member Ethnic Group - 6 category Census class,5.0,Black or Black British
ddc06e00,DV Cohort Member Ethnic Group - 6 category Census class,6.0,"Other Ethnic group (inc Chinese,other)"
ddc08e00,DV Cohort Member Ethnic Group - 8 category classification,-9.0,Refusal
ddc08e00,DV Cohort Member Ethnic Group - 8 category classification,-8.0,Don't know
ddc08e00,DV Cohort Member Ethnic Group - 8 category classification,-1.0,Not applicable
ddc08e00,DV Cohort Member Ethnic Group - 8 category classification,1.0,White
ddc08e00,DV Cohort Member Ethnic Group - 8 category classification,2.0,Mixed
ddc08e00,DV Cohort Member Ethnic Group - 8 category classification,3.0,Indian
ddc08e00,DV Cohort Member Ethnic Group - 8 category classification,4.0,Pakistani
ddc08e00,DV Cohort Member Ethnic Group - 8 category classification,5.0,Bangladeshi
ddc08e00,DV Cohort Member Ethnic Group - 8 category classification,6.0,Black Caribbean
ddc08e00,DV Cohort Member Ethnic Group - 8 category classification,7.0,Black African
ddc08e00,DV Cohort Member Ethnic Group - 8 category classification,8.0,"Other Ethnic group (inc Chinese,Other)"
ddc11e00,DV Cohort Member Ethnic Group - 11 category Census class,-9.0,Refusal
ddc11e00,DV Cohort Member Ethnic Group - 11 category Census class,-8.0,Don't know
ddc11e00,DV Cohort Member Ethnic Group - 11 category Census class,-1.0,Not applicable
ddc11e00,DV Cohort Member Ethnic Group - 11 category Census class,1.0,White
ddc11e00,DV Cohort Member Ethnic Group - 11 category Census class,2.0,Mixed
ddc11e00,DV Cohort Member Ethnic Group - 11 category Census class,3.0,Indian
ddc11e00,DV Cohort Member Ethnic Group - 11 category Census class,4.0,Pakistani
ddc11e00,DV Cohort Member Ethnic Group - 11 category Census class,5.0,Bangladeshi
ddc11e00,DV Cohort Member Ethnic Group - 11 category Census class,6.0,Other Asian
ddc11e00,DV Cohort Member Ethnic Group - 11 category Census class,7.0,Black Caribbean
ddc11e00,DV Cohort Member Ethnic Group - 11 category Census class,8.0,Black African
ddc11e00,DV Cohort Member Ethnic Group - 11 category Census class,9.0,Other Black
ddc11e00,DV Cohort Member Ethnic Group - 11 category Census class,10.0,Chinese
ddc11e00,DV Cohort Member Ethnic Group - 11 category Census class,11.0,Other Ethnic Group
ddemotion,DV SDQ Emotional Symptoms,-9.0,Refusal
ddemotion,DV SDQ Emotional Symptoms,-8.0,Don't know
ddemotion,DV SDQ Emotional Symptoms,-1.0,Not applicable
ddconduct,DV SDQ Conduct Problems,-9.0,Refusal
ddconduct,DV SDQ Conduct Problems,-8.0,Don't know
ddconduct,DV SDQ Conduct Problems,-1.0,Not applicable
ddhyper,DV SDQ Hyperactivity/Inattention,-9.0,Refusal
ddhyper,DV SDQ Hyperactivity/Inattention,-8.0,Don't know
ddhyper,DV SDQ Hyperactivity/Inattention,-1.0,Not applicable
ddpeer,DV SDQ Peer Problems,-9.0,Refusal
ddpeer,DV SDQ Peer Problems,-8.0,Don't know
ddpeer,DV SDQ Peer Problems,-1.0,Not applicable
ddprosoc,DV SDQ Prosocial,-9.0,Refusal
ddprosoc,DV SDQ Prosocial,-8.0,Don't know
ddprosoc,DV SDQ Prosocial,-1.0,Not applicable
dddebdtot,DV SDQ Total Difficulties,-9.0,Refusal
dddebdtot,DV SDQ Total Difficulties,-8.0,Don't know
dddebdtot,DV SDQ Total Difficulties,-1.0,Not applicable
ddimpact,DV SDQ Impact,-9.0,Refusal
ddimpact,DV SDQ Impact,-8.0,Don't know
ddimpact,DV SDQ Impact,-1.0,Not applicable
dddebddiff,DV SDQ CM has Difficulties in one or more areas,-1.0,Not applicable
dddebddiff,DV SDQ CM has Difficulties in one or more areas,0.0,No difficulties
dddebddiff,DV SDQ CM has Difficulties in one or more areas,1.0,Yes Minor difficulties
dddebddiff,DV SDQ CM has Difficulties in one or more areas,2.0,Yes definite difficulties
dddebddiff,DV SDQ CM has Difficulties in one or more areas,3.0,Yes severe difficulties
dddebddiff,DV SDQ CM has Difficulties in one or more areas,4.0,Can't say
ddcsbi00,Child Social Behaviour Questionnaire (Independence-Self Regulation),-1.0,Not applicable
ddcsbe00,Child Social Behaviour Questionnaire (Emotional-Dysregulation),-1.0,Not applicable
ddcsbc00,Child Social Behaviour Questionnaire (Cooperation),-1.0,Not applicable
ddemoti_t,DV TEACHER SDQ Emotional Symptoms,-9.0,Refusal
ddemoti_t,DV TEACHER SDQ Emotional Symptoms,-8.0,Don't know
ddemoti_t,DV TEACHER SDQ Emotional Symptoms,-1.0,Not applicable
ddcond_t,DV TEACHER SDQ Conduct Problems,-9.0,Refusal
ddcond_t,DV TEACHER SDQ Conduct Problems,-8.0,Don't know
ddcond_t,DV TEACHER SDQ Conduct Problems,-1.0,Not applicable
ddhyper_t,DV TEACHER SDQ Hyperactivity/Inattention,-9.0,Refusal
ddhyper_t,DV TEACHER SDQ Hyperactivity/Inattention,-8.0,Don't know
ddhyper_t,DV TEACHER SDQ Hyperactivity/Inattention,-1.0,Not applicable
ddpeer_t,DV TEACHER SDQ Peer Problems,-9.0,Refusal
ddpeer_t,DV TEACHER SDQ Peer Problems,-8.0,Don't know
ddpeer_t,DV TEACHER SDQ Peer Problems,-1.0,Not applicable
ddproso_t,DV TEACHER SDQ Prosocial,-9.0,Refusal
ddproso_t,DV TEACHER SDQ Prosocial,-8.0,Don't know
ddproso_t,DV TEACHER SDQ Prosocial,-1.0,Not applicable
dddebdto_t,DV TEACHER SDQ Total Difficulties,-9.0,Refusal
dddebdto_t,DV TEACHER SDQ Total Difficulties,-8.0,Don't know
dddebdto_t,DV TEACHER SDQ Total Difficulties,-1.0,Not applicable
dddimpact_t,DV TEACHER SDQ Impact,-9.0,Refusal
dddimpact_t,DV TEACHER SDQ Impact,-8.0,Don't know
dddimpact_t,DV TEACHER SDQ Impact,-1.0,Not applicable
dddebdif_t,DV TEACHER SDQ CM has Difficulties in one or more areas,-1.0,Not applicable
dddebdif_t,DV TEACHER SDQ CM has Difficulties in one or more areas,1.0,Yes Minor difficulties
dddebdif_t,DV TEACHER SDQ CM has Difficulties in one or more areas,2.0,Yes definite difficulties
dddebdif_t,DV TEACHER SDQ CM has Difficulties in one or more areas,3.0,Yes severe difficulties
dddebdif_t,DV TEACHER SDQ CM has Difficulties in one or more areas,4.0,No
avail_from_dt,,,
mcs_llc_fid_e,Encrypted Family/Household anonymised ID for LLC,,
