variable_name,variable_label,value_value,value_label
study_id_e,,,
b_jbfxinf,informal flexible working arrangements  ,,
b_wkaut1,autonomy over job tasks ,,
b_wkaut2,autonomy over work pace ,,
b_wkaut3,autonomy over work manner   ,,
b_wkaut4,autonomy over task order,,
b_wkaut5,autonomy over work hours,,
b_depenth1,feels tense about job   ,,
b_depenth2,feels uneasy about job  ,,
b_depenth3,feels worried about job ,,
b_depenth4,feels depressed about job   ,,
b_depenth5,feels gloomy about job  ,,
b_depenth6,feels miserable about job   ,,
b_jblkcha,would like: better job with same employer   ,,
b_jbxpcha,expect: better job with same employer   ,,
b_jblkchb,would like: work related training   ,,
b_jbxpchb,expect: work related training   ,,
b_jblkchc,would like: new job with a new employer ,,
b_jbxpchc,expect: new job with a new employer ,,
b_jblkchd,would like: start own business  ,,
b_jbxpchd,expect: start own business  ,,
b_jblkche,would like: give up paid work   ,,
b_jbxpche,expect: give up paid work   ,,
b_jbsec,job security in next 12 months,,
b_julk4wk,looked for work in last 4 weeks ,,
b_julkjb,would like a regular paid job   ,,
b_jubgn,able to start work within 2 weeks   ,,
b_julk4x1,Applied directly to an employer,,
b_julk4x2,Studied or replied to advertisements,,
b_julk4x3,Searched for jobs/information about jobs on the internet,,
b_julk4x4,Contacted a private employment agency or job centre,,
b_julk4x5,Asked friends or contacts,,
b_julk4x6,Taken steps to start your own business,,
b_julk4x96,Or none of these steps?,,
b_jbhad,ever had paid employment,,
b_jlendm,month left last job ,,
b_jlendy,year left last job  ,,
b_jlsemp,employee or self employed; last job ,,
b_jlboss,hired employees; last job   ,,
b_jlmngr,managerial duties; last job ,,
b_jlsize,number of people employed at workplace; last job employee   ,,
b_eprosh,chance starting work within 12 months   ,,
b_j2has,has a second job,,
b_j2semp,employee or self employed; second job   ,,
b_j2hrs,no. of hours worked per month; second job   ,,
b_j2pay,gross earnings from second jobs last month  ,,
b_retchk,retired check   ,,
b_ageret,age expected to retire  ,,
b_rtpro1,benefits retirement: being own boss ,,
b_rtpro2,benefits retirement: taking things easy ,,
b_rtpro3,benefits retirement: chance to travel   ,,
b_rtpro4,benefits retirement: time for family/friends,,
b_rtpro5,benefits retirement: time for leisure activities,,
b_rtpro6,benefits retirement: time for voluntary work,,
b_rtcon1,Disadvantages retirement: unproductive,,
b_rtcon2,Disadvantages retirement: illness/disability,,
b_rtcon3,Disadvantages retirement: lack of income,,
b_rtcon4,Disadvantages retirement: lonely/isolated,,
b_penmex,have employers pension scheme   ,,
b_pppex,have private pension scheme ,,
b_pppexm,any other retirement income ,,
b_sppen,benefit from spouse's pension scheme,,
b_rtexpjb,expects to have pd employment during retirement ,,
b_rtfnd1,State retirement (Old Age) pension; including State Second Pension (SERPS),,
b_rtfnd2,Savings or investments,,
b_rtfnd3,Releasing equity in your home by moving to a less expensive one,,
b_rtfnd4,Renting out a property (other than your main home),,
b_rtfnd5,Sale of another property (other than your main home),,
b_rtfnd6,Inheritance in the future,,
b_rtfnd7,Financial support from your partner or family,,
b_rtfnd8,Earnings from part-time/freelance work,,
b_rtfnd9,Occupational or personal pension from scheme not yet started,,
b_rtfnd10,Something else,,
b_rtfnd96,None of the above,,
b_retamt,expected ratio of post to pre-retirement income ,,
b_retsuf,Adequacy expected retirement income,,
b_volun,volunteer in last 12 months ,,
b_volfreq,frequency of volunteering   ,,
b_volhrs,hours spent volunteering in last 4 weeks,,
b_chargv,donated money to charity,,
b_charfreq,frequency donated to charity,,
b_charam,amount given to charity last 12 months  ,,
b_ccare,uses childcare  ,,
b_ccwork,other arrangements for child whilst working ,,
b_btype1,unemployment-related benefits; or national insurance credits,,
b_btype2,income support  ,,
b_btype3,sick; disab or incapacity ben (inc emp't and supp allowance)?   ,,
b_btype4,any pension inc. a private pension or state pension?,,
b_btype5,child benefit   ,,
b_btype6,tax credits; such as the working tax credit or child tax credit ,,
b_btype7,any other family related benefit or payment ,,
b_btype8,housing or council tax benefit; rent or rate rebatehousing or council tax bene  ,,
b_btype9,income from any other state benefit ,,
b_btype96,none of these   ,,
b_benunemp1,job seeker's allowance  ,,
b_benunemp2,or national insurance credits   ,,
b_benunemp96,none of these   ,,
b_bendis1,Incapacity Benefit,,
b_bendis2,Employment and Support Allowance,,
b_bendis3,Severe Disablement Allowance,,
b_bendis4,Carer's Allowance,,
b_bendis5,Disability Living Allowance,,
b_bendis6,return to work credit   ,,
b_bendis7,Attendance Allowance,,
b_bendis8,Industrial Injury Disablement Benefit,,
b_bendis9,war disablement pension ,,
b_bendis10,Sickness and Accident Insurance,,
b_bendis11,any other disability related benefit or payment ,,
b_bendis96,None of these,,
b_benpen1,NI Pension or State Retirement (Old Age) Pension,,
b_benpen2,A pension from a previous employer,,
b_benpen3,A pension from a spouse's previous employer,,
b_benpen4,Pension Credit including Guarantee Credit & Savings Credit,,
b_benpen5,Private Pension or Annuity,,
b_benpen6,Widow's or War Widow's Pension,,
b_benpen7,Widowed Mother's Allowance; Parent's Allowance or Bereavement Allowance,,
b_benpen8,War Disablement Pension,,
b_benpen96,None of these,,
b_niserps,income: receives serps  ,,
b_bencb,income: receives child benefit  ,,
b_benctc,income: receives child tax credit   ,,
b_benfam1,foster allowance or guardian allowance  ,,
b_benfam2,maternity allowance ,,
b_benfam3,maintenance or alimony  ,,
b_benfam4,in-work credit for lone parents ,,
b_benfam5,any payments from a family member not living with you   ,,
b_benfam96,none of these   ,,
b_bentax1,working tax credit; including disabled person's tax credit? ,,
b_bentax2,council tax benefit ,,
b_bentax3,pension credit including guarantee credit or saving credit  ,,
b_bentax4,child tax credit,,
b_bentax5,return to work credit   ,,
b_bentax96,none of these   ,,
b_benhou1,housing benefit ,,
b_benhou2,council tax benefit ,,
b_benhou3,rent rebate ,,
b_benhou4,rate rebate ,,
b_benhou96,none of these   ,,
b_bensta1,a private pension or annuity,,
b_bensta2,Education Grant other than a Student Loan or Tuition Fee Loan,,
b_bensta3,Trade Union or Friendly Society Payment,,
b_bensta4,Maintenance or Alimony,,
b_bensta5,Payments from a family member not living with you,,
b_bensta6,Rent from Boarders or Lodgers (not family members) living here with you,,
b_bensta7,Rent from any other property even if that only covers that property's mortgage o,,
b_bensta8,or any other regular payment,,
b_bensta96,None of these,,
b_nfh01,NI Retirement/State Retirement (Old Age) Pension : Further income sources ,,
b_nfh02,A Pension From A Previous Employer : Further income sources ,,
b_nfh03,A Pension From A Spouse's Previous Employer : Further income sources ,,
b_nfh04,A Private Pension/Annuity : Further income sources ,,
b_nfh05,A Widow's Or War Widow's Pension : Further income ,,
b_nfh06,A Widowed Mother's Allowance / Widowed Parent's Allowance / Bereavement Allow ,,
b_nfh07,Pension Credit (includes Guarantee Credit & Saving Credit) : Further income ,,
b_nfh08,Severe Disablement Allowance : Further income sources ,,
b_nfh09,Industrial Injury Disablement Allowance : Further income sources ,,
b_nfh10,Disability Living Allowance : Further income sources ,,
b_nfh11,Attendance Allowance : Further income sources ,,
b_nfh12,Carer's Allowance (formerly Invalid Care Allowance) : Further income sources ,,
b_nfh13,War Disablement Pension : Further income sources ,,
b_nfh14,Incapacity Benefit : Further income sources ,,
b_nfh15,Income Support : Further income sources ,,
b_nfh16,Job Seeker's Allowance : Further income sources ,,
b_nfh17,further income sources  ,,
b_nfh18,Child Benefit (including Lone-Parent Child Benefit Payments) : Further income ,,
b_nfh19,Child Tax Credit : Further income sources  ,,
b_nfh20,Working Tax Credit (includes Disabled Person's Tax Credit) : Further income ,,
b_nfh21,Maternity Allowance : Further income sources ,,
b_nfh22,Housing Benefit : Further income sources ,,
b_nfh23,Council Tax Benefit : Further income sources ,,
b_nfh24,Educational Grant (not Student Loan Or Tuition Fee Loan : Further income sou ,,
b_nfh25,Trade Union / Friendly Society Payment : Further income sources ,,
b_nfh26,Maintenance Or Alimony : Further income sources ,,
b_nfh27,Payments From A Family Member Not Living Here : Further income sources ,,
b_nfh28,Rent From Boarders Or Lodgers (not Family Members) Living Here With You : Fu ,,
b_nfh29,Rent From Any Other Property : Further income sources ,,
b_nfh30,Foster Allowance / Guardian Allowance : Further income sources ,,
b_nfh31,Rent Rebate : Further income sources ,,
b_nfh32,Rate Rebate : Further income sources ,,
b_nfh33,Employment And Support Allowance : Further income sources ,,
b_nfh34,Return To Work Credit : Further income sources ,,
b_nfh35,Sickness And Accident Insurance : Further income ,,
b_nfh36,In-Work Credit For Lone Parents : Further income ,,
b_nfh37,Other Disability Related Benefit Or Payment : Further income,,
b_nfh38,Any Other Regular Payment : Further income,,
b_fiyrdia,amount received in interest/dividends   ,,
b_fiyrdb1,over 500 in interest/dividends  ,,
b_fiyrdb2,over 1000 in interest/dividends ,,
b_fiyrdb3,over 5000 in interest/dividends ,,
b_fiyrdb4,over 2500 in interest/dividends ,,
b_fiyrdb5,over 10000 in interest/dividends,,
b_fiyrdb6,over 100 in interest/dividends  ,,
b_finnow,Subjective financial situation - current,,
b_finfut,Subjective financial situation - future,,
b_ppen,whether contributes to personal pension ,,
b_ppent,stakeholder or other personal pension   ,,
b_ppyrs,date joined personal pension scheme ,,
b_ppreg,contributes regularly to pension,,
b_ppram,pension amount contributed  ,,
b_pprampc,pension period covered  ,,
b_save,whether saves   ,,
b_saved,monthly amount saved,,
b_savreg,regular saver   ,,
b_savlt,saving long or short term   ,,
b_hubuys,who does the grocery shopping (couples) ,,
b_hufrys,who does the cooking (couples)  ,,
b_humops,who does the cleaning (couples) ,,
b_huiron,who does the washing/ironing (couples)  ,,
b_hupots,who does the gardening (couples),,
b_hudiy,who does the diy jobs (couples) ,,
b_husits,who is responsible for childcare,,
b_huboss,household financial decisions   ,,
b_howlng,hours per week on housework ,,
b_vote1,supports a particular political party   ,,
b_vote2,closer to one political party than others   ,,
b_vote3,Party would vote for tomorrow,,
b_vote4,Which political party closest to,,
b_vote5,strength of support for stated party,,
b_vote6,level of interest in politics   ,,
b_perpolinf,perceived political influence   ,,
b_colbens1,collective benefits: conservative   ,,
b_colbens2,collective benefits: labour ,,
b_colbens3,collective benefits: liberal democrats  ,,
b_civicduty,sense of civic duty ,,
b_polcost,Cost of political engagement,,
b_votenorm,Voting as a social norm,,
b_perbfts,personal benefit in voting  ,,
b_grpbfts,Group benefit from voting,,
b_voteintent,voting intention,,
b_demorient,democratic orientation  ,,
b_vote7,voted in last general election  ,,
b_vote8,Party voted for in last general election,,
b_arts1a1,dance; including ballet ,,
b_arts1a2,sang to an audience or rehearsed for a performance (not karaoke),,
b_arts1a3,played a musical instrument ,,
b_arts1a4,written music   ,,
b_arts1a5,rehearsed or performed in a play/drama; opera/operetta or musical theatre   ,,
b_arts1a6,taken part in a carnival or street arts event (e.g. as a musician; dancer or c  ,,
b_arts1a7,learned or practised circus skills  ,,
b_arts1a96,none of these   ,,
b_arts1b9,painting; drawing; printmaking or sculpture ,,
b_arts1b10,photography; film or video making as an artistic activity (not family or holid  ,,
b_arts1b11,used a computer to create original artworks or animation,,
b_arts1b12,textile crafts; wood crafts or any other crafts; such as embroidery; knitting;  ,,
b_arts1b13,read for pleasure (not newspapers; magazines or comics) ,,
b_arts1b14,written any stories; plays or poetry,,
b_arts1b15,been a member of a book club; where people meet up to discuss and share bboks   ,,
b_arts1b96,none of these   ,,
b_arts1freq,arts activities frequency   ,,
b_arts2a1,film at a cinema or other venue ,,
b_arts2a2,exhibition or collection of art; photography or sculpture or a craft exhibitio  ,,
b_arts2a3,event which included video or electronic art,,
b_arts2a4,event connected with books or writing   ,,
b_arts2a5,street arts or a public art display or installation (art in everyday surroundi  ,,
b_arts2a6,carnival or culturally specific festival (for example; mela; baisakhi; navrati  ,,
b_arts2a7,circus (not animals),,
b_arts2a96,none of these   ,,
b_arts2b9,play/drama; pantomime or a musical  ,,
b_arts2b10,opera/operetta  ,,
b_arts2b11,classical music performance ,,
b_arts2b12,rock; pop or jazz performance   ,,
b_arts2b13,ballet  ,,
b_arts2b14,contemporary dance  ,,
b_arts2b15,african people's dance or south asian and chinese dance ,,
b_arts2b96,none of these   ,,
b_arts2freq,arts events frequency   ,,
b_mla1,used a public library service   ,,
b_mla2,been to an archive centre or records office ,,
b_mla3,visited a museum or gallery ,,
b_mla96,none of these things,,
b_libfreq,library frequency   ,,
b_arcfreq,archive frequency   ,,
b_musfreq,museum frequency,,
b_heritage1,a city or town with historic character  ,,
b_heritage2,a historic building open to the public (non-religious)  ,,
b_heritage3,a historic park or garden open to the public,,
b_heritage4,a place connected with industrial history (e.g. an old factory; dockyard or mi  ,,
b_heritage5,a historic place of worship attended as a visitor (not to worship)  ,,
b_heritage6,a monument such as a castle; fort or ruin   ,,
b_heritage7,a site of archaeological interest (e.g. roman villa; ancient burial site)   ,,
b_heritage8,a site connected with sports heritage (e.g. wimbledon) (not visited for the pu  ,,
b_heritage96,none of these things,,
b_herfreq,historical sites frequency  ,,
b_sports11,health; fitness; gym or conditioning activities (including aerobics; keep-fit   ,,
b_sports12,gymnastics  ,,
b_sports13,swimming or diving  ,,
b_sports14,cycling; bmx or mountain biking (for sport or recreation)   ,,
b_sports15,football (including 5 or 6-a-side)  ,,
b_sports16,rugby (union or league) or american football,,
b_sports17,track and field athletics   ,,
b_sports18,jogging; cross-country; road-running,,
b_sports19,hill trecking; backpacking; climbing or mountaineering  ,,
b_sports110,golf (including pitch and putt) ,,
b_sports111,boxing  ,,
b_sports112,martial arts (including tai chi; taekwondo; karate and judo),,
b_sports113,water sports; including yachting; dinghy sailing; canoeing; rowing; windsurfin  ,,
b_sports114,horse riding,,
b_sports196,nothing of this kind,,
b_sports216,basketball  ,,
b_sports217,netball ,,
b_sports218,volleyball  ,,
b_sports219,cricket ,,
b_sports220,hockey (exclude ice; roller or street hockey but include in 'other'),,
b_sports221,baseball; softball or rounders  ,,
b_sports222,racquet sports such as table tennis; tennis; badminton or squash,,
b_sports223,ice-skating ,,
b_sports224,ski-ing (on snow; or an artificial surface: on slopes or grass) ,,
b_sports225,motor sports,,
b_sports226,angling or fishing  ,,
b_sports227,archery {if age > 64}   ,,
b_sports228,yoga or pilates {if age > 64}   ,,
b_sports229,bowls (indoors or outdoors) {if age > 64}   ,,
b_sports230,croquet {if age > 64}   ,,
b_sports231,other sporting activity such as triathlon; fencing; lacrosse; orienteering; cu  ,,
b_sports296,nothing of this kind,,
b_sportsfreq,moderate intensity sports frequency ,,
b_sports31,snooker; pool or billiards  ,,
b_sports32,darts   ,,
b_sports33,ten-pin bowling ,,
b_sports34,rambling; walking for pleasure or recreation,,
b_sports35,shooting,,
b_sports36,archery {if age < 65}   ,,
b_sports37,yoga or pilates {if age < 65}   ,,
b_sports38,bowls (indoors or outdoors) {if age < 65}   ,,
b_sports39,croquet {if age < 65}   ,,
b_sports396,nothing of this kind,,
b_sports3freq,mild intensity sports frequency ,,
b_club,sports club member  ,,
b_sportact,sports activity ranking ,,
b_access,accessibility of sporting facilities,,
b_acc1to161,i don't want to participate in sports and leisure activities,,
b_acc1to162,can't afford costs (including travel costs) ,,
b_acc1to163,health reasons or disability,,
b_acc1to164,lack of time due to family or work commitments  ,,
b_acc1to165,lack of facilities in the area  ,,
b_acc1to166,facilites not available at suitable times   ,,
b_acc1to167,no-one to play sport or do activity with,,
b_acc1to168,no access to car,,
b_acc1to169,no public transport available   ,,
b_acc1to1610,public transport is infrequent or unreliable,,
b_acc1to1611,can't physically access public transport that is available  ,,
b_acc1to1612,lack of information on available public transport   ,,
b_acc1to1613,personal safety concerns when travelling,,
b_acc1to1614,spontaneous: does fitness at home/no need to go ,,
b_acc1to1697,other reason,,
b_advvoucher,interviewer: respondent should have received voucher with advance letter - pl   ,,
b_voucher,interviewer: hand ^vouchamt voucher to respondent and get respondent to sign,,
b_chkcoa,interviewer: did respondent receive change of address card? ,,
b_givecoa,interviewer: you must write the following onto the change of address card bef   ,,
b_lenindintv,interviewer: estimate overall length of this individual s interview (excludin   ,,
b_indmode,mode this individual was given final ind outcome in,,
b_event1,1st mentioned important event of year   ,,
b_event1s,subject of 1st mentioned event of year  ,,
b_event2,2nd mentioned important event of year   ,,
b_event2s,subject of 2nd mentioned event of year  ,,
b_event3,3rd mentioned important event of year   ,,
b_event3s,subject of 3rd mentioned event of year  ,,
b_event4,4th mentioned important event of year   ,,
b_event4s,subject of 4th mentioned event of year  ,,
b_rhland_code,home landline phone number given flag (details carried forward if no change),,
b_rphmob_code,mobile phone number given flag (details carried forward if no change),,
b_rphwrk_code,work phone number given flag,,
b_remail_code,e-mail address given flag,,
b_ctadd1_code,stable contact address 1 given,,
b_ctadd2_code,stable contact address 2 given,,
b_cttown_code,stable contact town 1 given,,
b_ctcnty_code,stable contact county given,,
b_ctpcode_code,stable contact postcode given,,
b_cttel1_code,stable contact phone 1 given,,
b_cttel2_code,stable contact phone 2 given,,
b_ctemail_code,stable contact email given,,
b_marstat,legal marital status,,
b_livesp,live with spouse,,
b_livewith,live with someone as a couple   ,,
b_employ,in paid employment  ,,
b_lingua,Language translation needed in,,
b_jbbgdatd,day started current job (exact date known),,
b_jbbgdatm,month started current job (exact date known),,
b_jbbgdaty,year started current job (exact date known),,
b_prel,Rel between proxy and proxy informant,,
b_preason,reason for proxy,,
b_pripn,pno of proxy informant  ,,
b_pjulk4wk,looked for work in last 4 weeks ,,
b_pjbptft,part-time or full-time: current job ,,
b_pjsptft,s/emp: part-time or full-time   ,,
b_prearn,total earnings  ,,
b_prearnw_w2,total earnings weekly   ,,
b_prearna_w2,total earnings annually ,,
b_pbnft1,NI Retirement/State Retirement (old age) Pension,,
b_pbnft2,Pension from previous employer(s),,
b_pbnft3,Disability Living Allowance,,
b_pbnft4,Job Seekers Allowance (Unemployment) and/or Income Support,,
b_pbnft5,Employment and Support Allowance,,
b_pbnft6,Child Benefit,,
b_pbnft7,Working Tax Credit (formerly Working Family Tax Credit and Disabled Person's Tax,,
b_pbnft8,Housing Benefit/Rent Rebate,,
b_pbnft9,Incapacity Benefit (Replaces Invalidity and NI Sickness Benefit),,
b_pbnft10,Any other state benefit,,
b_pbnft11,Child Tax Credit,,
b_pbnft12,Pension Credit,,
b_pbnft96,None of these,,
b_prfitb,total personal income   ,,
b_prfitbw_w2,total personal income weekly,,
b_prfitba_w2,total personal income annually  ,,
b_ivintlang,language interview conducted in ,,
b_ivwhoint,who conducted non-english interview ,,
b_ivcoop,respondent cooperation  ,,
b_susp,respondent suspicion,,
b_undqus,respondent's understanding  ,,
b_ivprsnt,anyone present during interview ,,
b_ivinfnce,others influenced the interview ,,
b_ivaffct11,Other answered directly for respondent (butted in; prompted respondent),,
b_ivaffct12,Other changed/altered respondent's answers,,
b_ivaffct13,Other augmented/added to respondent's answers,,
b_ivaffct14,Other disapproved of answers/stopped respondent answering,,
b_ivaffct15,Respondent sought help from/conferred with other(s),,
b_ivaffct17,Other negative effect; influence; disturbance,,
b_ivaffct21,Other confirmed respondent's answers,,
b_ivaffct22,Other helped in translation; reading showcards; other survey tasks,,
b_ivaffct23,Other helped recall of dates; amounts etc but did not answer directly for respon,,
b_ivaffct27,Other positive effect; influence; disturbance,,
b_ivaffct30,Children/family/other being disruptive,,
b_ivaffct97,Any other effect,,
b_ivtrans,translator used ,,
b_hgbiom,pno of biological mother,,
b_hgbiof,pno of biological father,,
b_respm16,whether mother of child under aged under 16 in hh   ,,
b_respf16,whether father of child under aged under 16 in hh   ,,
b_hgadoptm,pno of adoptive mother  ,,
b_hgadoptf,pno of adoptive father  ,,
b_adresp17,adult responsible for child aged 17 or under,,
b_hgpart,pno of husband/wife/cp  ,,
b_origadd,interview being conducted at original address   ,,
b_scdoby4,date of birth - year,,
b_scsex,gender  ,,
b_scsf1,general health  ,,
b_scsf2a,health limits moderate activities   ,,
b_scsf2b,health limits several flights of stairs ,,
b_scsf3a,last 4 weeks: physical health limits amount of work ,,
b_scsf3b,last 4 weeks: physical health limits kind of work   ,,
b_scsf4a,last 4 weeks: mental health meant accomplished less ,,
b_scsf4b,last 4 weeks: mental health meant worked less carefully ,,
b_scsf5,last 4 weeks: pain interfered with work ,,
b_scsf6a,last 4 weeks: felt calm and peaceful,,
b_scsf6b,last 4 weeks: had a lot of energy   ,,
b_scsf6c,last 4 weeks: felt downhearted and depressed,,
b_scsf7,last 4 weeks: physical or mental health interfered with social life ,,
b_scghqa,ghq: concentration  ,,
b_scghqb,ghq: loss of sleep  ,,
b_scghqc,ghq: playing a useful role  ,,
b_scghqd,ghq: capable of making decisions,,
b_scghqe,ghq: constantly under strain,,
b_scghqf,ghq: problem overcoming difficulties,,
b_scghqg,ghq: enjoy day-to-day activities,,
b_scghqh,ghq: ability to face problems   ,,
b_scghqi,ghq: unhappy or depressed   ,,
b_scghqj,ghq: losing confidence  ,,
b_scghqk,ghq: believe in self-worth  ,,
b_scghql,ghq: general happiness  ,,
b_scwhorupro,important who you are: profession   ,,
b_scwhoruedu,important who you are: education,,
b_scwhorurac,important who you are: ethnic background,,
b_scwhorupol,important who you are: political beliefs,,
b_scwhorufam,important who you are: family   ,,
b_scwhorusex,important who you are: gender   ,,
b_scwhoruage,important who you are: age/life stage   ,,
b_scage1drink,how old were you the first time you had an alcoholic drink? ,,
b_sceverdrnk,ever had an alcoholic drink ,,
b_scfalcdrnk,how often have you had an alcoholic drink during the last 12 months?,,
b_scalcl7d,did you have an alcoholic drink in the seven days ending yesterday? ,,
b_scnalcl7d,on how many days did you have an alcoholic drink?   ,,
b_scnalcpint,max number of pints in a day,,
b_scnalcshot,max number of spirits in a day  ,,
b_scnalcwine,max number of glasses of wine in a day  ,,
b_scnalcpops,max number of alcopops in a day ,,
b_sclfsat1,Satisfaction with health,,
b_sclfsat2,Satisfaction with income,,
b_sclfsat7,Satisfaction with amount of leisure time,,
b_sclfsato,Satisfaction with life overall,,
b_schmcont,control over things at home ,,
b_scloutcont,what happens in life beyond my control  ,,
b_scdem2many,different demands on me hard to combine ,,
b_sctimemnuf,in general; i have enough time to do everything ,,
b_scwkvfast,considering the things i have to do at home; i have to work very fast   ,,
b_scmolwp,married or living with partner  ,,
b_scpundstnd,partner - how much do they really understand the way you feel about things? ,,
b_scprely,partner - how much can you rely on them if you have a serious problem?  ,,
b_scpopenup,partner - how much can you open up to them if you need to talk about your wor   ,,
b_scpcritic,partner - how much do they criticise you?   ,,
b_scpletdwn,partner - how much do they let you down when you are counting on them?  ,,
b_scpannoy,partner - how much do they get on your nerves?  ,,
b_screlany,do you have any immediate family?   ,,
b_scrundstnd,family - how much do they really understand the way you feel about things?  ,,
b_scrrely,can rely on family  ,,
b_scropenup,family - how much can you open up to them if you need to talk about your worr   ,,
b_scrcritic,family - how much do they criticise you?,,
b_scrletdwn,family lets me down ,,
b_scrannoy,family - how much do they get on your nerves?   ,,
b_scfrendany,do you have any friends?,,
b_scfundstnd,friends - how much do they really understand the way you feel about things? ,,
b_scfrely,can rely on friends ,,
b_scfopenup,friends - how much can you open up to them if you need to talk about your wor   ,,
b_scfcritic,friends - how much do they criticise you?   ,,
b_scfletdwn,friends let me down ,,
b_scfannoy,friends - how much do they get on your nerves?  ,,
b_scssup1,sex of closest friend   ,,
b_scssupr2r,relationship of closest friend to resp  ,,
b_scopfama,pre-school child suffers if mother works,,
b_scopfamb,family suffers if mother works full-time,,
b_scopfamd,husband and wife should contribute to hh income ,,
b_scopfamf,husband should earn; wife should stay at home   ,,
b_scopfamh,employers should help mothers combine jobs and childcare,,
b_scanyelsetxt,text,,
b_istrtdathh,individual interview start (hours),,
b_istrtdatmm,individual interview start (minutes),,
b_istrtdatss,individual interview start (seconds),,
b_ienddathh,individual interview end (hours),,
b_ienddatmm,individual interview end (minutes),,
b_ienddatss,individual interview end (seconds),,
b_intdatd_if,Interview date: Day; imputation flag,,
b_intdatm_if,Interview date: Month; imputation flag,,
b_intdaty_if,Interview date: Year; imputation flag,,
b_doby_if,DOB Year imputation flag,,
b_age_if,Imputation flag for age_dv,,
b_ppsex,Partner's sex,,
b_pn1pno,Natural parent 1: PNO,,
b_pn1sex,Natural parent 1: Sex,,
b_pn2pno,Natural parent 2: PNO,,
b_pn2sex,Natural parent 2: Sex,,
b_pns1pno,Nat/step/adopt parent 1: PNO,,
b_pns1sex,Nat/step/adopt parent 1: Sex,,
b_pns2pno,Nat/step/adopt parent 2: PNO,,
b_pns2sex,Nat/step/adopt parent 2: Sex,,
b_j2pay_if,imputation flag jb2pay_dv,,
b_fimngrs_tc,fimngrs_dv includes top coded component (EUL version only) (EUL version only),,
b_fimngrs_dv,total monthly personal income gross,,
b_fimnlabgrs_tc,fimnlabgrs_dv includes top coded component (EUL version only) (EUL version only),,
b_fimnlabgrs_dv,total monthly labour income gross,,
b_fimnlabnet_tc,fimnlabnet_dv includes top coded component (EUL version only) (EUL version only),,
b_fimnlabnet_dv,amount income component 1: net labour income,,
b_fiyrinvinc_tc,fiyrinvinc_dv includes top coded component (EUL version only) (EUL version only),,
b_fiyrinvinc_dv,income from savings and investments; annual,,
b_fibenothr_tc,fibenothr_dv includes top coded component (EUL version only) (EUL version only),,
b_fibenothr_dv,Total income from benefits and other sources,,
b_paygl,gross pay at last payment,,
b_paynl,take home pay at last payment,,
b_jsprf,s/emp: net profit in last yearly account,,
b_paygu_dv,usual gross pay per month: current job,,
b_payg_dv,gross pay per month in current job: last payment,,
b_paynu_dv,usual net pay per month: current job,,
b_payn_dv,net pay per month in current job: last payment,,
b_seearngrs_dv,self employment earnings - gross,,
b_seearnnet_dv,self employment earnings - net,,
b_j2pay_dv,pay in second job,,
b_j2paynet_dv,amount income component 1c: net earnings second job,,
b_ff_ivlolw,fed forward interview outcome prev wave,,
b_ff_everint,fed forward ever interviewed,,
b_ff_jbstat,respondent employment status at previous interview,,
b_ff_emplw,whether in paid employment at previous wave,,
b_ff_tel,telephone interview at this wave (bhps sample only) (qhffw.qh.ff_tel)   ,,
b_ff_bentype01,fed-forward: received ni retirement/state retirement (old age) pension ,,
b_ff_bentype02,fed-forward: received pension; previous employer ,,
b_ff_bentype03,fed-forward: received pension from a spouse's previous employer ,,
b_ff_bentype04,fed-forward: received private pension/annuity ,,
b_ff_bentype05,fed-forward: received widow's or war widow's pension ,,
b_ff_bentype06,fed-forward: received widowed mother's allowance / widowed parent's allowance ,,
b_ff_bentype07,fed-forward: received pension credit (incl. guarantee credit & saving credit) ,,
b_ff_bentype08,fed-forward: received severe disablement allowance ,,
b_ff_bentype09,fed-forward: received industrial injury disablement allowance ,,
b_ff_bentype10,fed-forward: received disability living allowance ,,
b_ff_bentype11,fed-forward: received attendance allowance ,,
b_ff_bentype12,fed-forward: received carer's allowance (was invalid care allowance) ,,
b_ff_bentype13,fed-forward: received war disablement pension ,,
b_ff_bentype14,fed-forward: received incapacity benefit ,,
b_ff_bentype15,fed-forward: received income support ,,
b_ff_bentype16,fed-forward: received job seeker's allowance ,,
b_ff_bentype17,fed-forward: received national insurance credits ,,
b_ff_bentype18,fed-forward: received child benefit (incl. lone-parent child benefit payments) ,,
b_ff_bentype19,fed-forward: received child tax credit ,,
b_ff_bentype20,fed-forward: received working tax credit (incl. disabled person's tax credit) ,,
b_ff_bentype21,fed-forward: received maternity allowance ,,
b_ff_bentype22,fed-forward: received housing benefit ,,
b_ff_bentype23,fed-forward: received council tax benefit ,,
b_ff_bentype24,fed-forward: received educational grant (not student loan or tuition fee loan) ,,
b_ff_bentype25,fed-forward: received trade union / friendly society payment ,,
b_ff_bentype26,fed-forward: received maintenance or alimony ,,
b_ff_bentype27,fed-forward: received payments from a family member not living here ,,
b_ff_bentype28,fed-forward: received rent from boarders or lodgers (not family members) living ,,
b_ff_bentype29,fed-forward: received rent from any other property ,,
b_ff_bentype30,fed-forward: received foster allowance / guardian allowance ,,
b_ff_bentype31,fed-forward: received rent rebate ,,
b_ff_bentype32,fed-forward: received rate rebate ,,
b_ff_bentype33,fed-forward: received employment and support allowance ,,
b_ff_bentype34,fed-forward: received return to work credit ,,
b_ff_bentype35,fed-forward: received sickness and accident insurance ,,
b_ff_bentype36,fed-forward: received in-work credit for lone parents ,,
b_ff_bentype37,fed-forward: other disability related benefit or payment ,,
b_ff_bentype38,fed-forward: any other regular payment ,,
b_ff_jbsemp,fed-forward job status: employed or self employed,,
b_ff_jbmngr,fed-forward job status: managerial duties,,
b_ff_jbsize,fed-forward job status: number employed at workplace,,
b_ff_oprlg,fed-forward whether belong to a religion,,
b_ff_oprlg0,fed-forward religion brought up in: e/s/w,,
b_ff_oprlg0ni,Religious affiliation / Northern Ireland,,
b_ff_ukborn,fed-forward born in the uk,,
b_ff_yr2uk4,fed-forward year to uk,,
b_sex_dv,Sex; derived,,
b_age_dv,Age; derived from dob_dv and intdat_dv,,
b_ethn_dv,Ethnic group (derived from multiple sources),,
b_intdatd_dv,Interview date: Day; derived,,
b_intdatm_dv,Interview date: Month; derived,,
b_intdaty_dv,Interview date: Year; derived,,
b_doby_dv,DOB: Year; derived,,
b_pensioner_dv,Whether R is of pensionable age,,
b_marstat_dv,Harmonised de facto marital status,,
b_npn_dv,Number of R's natural parents in hh,,
b_npns_dv,Number of R's nat/step/adopt parents in hh,,
b_ngrp_dv,Number of R's grandparents in hh,,
b_nnsib_dv,Number of R's natural siblings in hh,,
b_nnssib_dv,Number of R's nat/step/adopt siblings in hh,,
b_npensioner_dv,Total # of pensionable age in hh,,
b_j1nssec8_dv,own first job: NSSEC 8 classes,,
b_panssec8_dv,Father's job: NSSEC 8 classes; resp aged 14,,
b_manssec8_dv,Mother's job: NSSEC 8 classes; resp aged 14,,
b_j2nssec8_dv,2nd job: NSSEC 8 classes,,
b_fimnmisc_dv,amount income component 2: miscellaneous income,,
b_fimnprben_dv,amount income component 3: private benefit income,,
b_fimninvnet_dv,amount income component 5: investment income,,
b_fimnpen_dv,amount income component 6: pension income,,
b_fimnsben_dv,amount income component 7: social benefit income,,
b_fimnnet_dv,total net personal income - no deductions,,
b_country,Country of residence,,
b_gor_dv,Government Office Region,,
b_urban_dv,Urban or rural area; derived,,
b_hhresp_dv,Household response status,,
b_xtra5min_dv,Received extra 5 mins EMB questions? cross-sectional,,
b_xtra5minosm_dv,Received extra 5 mins EMB questions? longitudinal,,
b_agegr5_dv,Age group (age_dv): 5 year intervals,,
b_agegr10_dv,Age group (age_dv): 10 year intervals,,
b_agegr13_dv,Age group (age_dv): 13 categories,,
b_livesp_dv,Lives with spouse in hh,,
b_cohab_dv,Lives with cohabitee in hh,,
b_single_dv,Single in hh,,
b_mastat_dv,De facto marital status,,
b_hhtype_dv,Composition of household; LFS-version,,
b_buno_dv,benefit unit number,,
b_depchl_dv,Whether dependent child - official definition,,
b_nchild_dv,Number of own children in household,,
b_ndepchl_dv,Number of own dependent children in household,,
b_adresp15_dv,PNO of person responsible for child under 16,,
b_respm16_dv,whether natural/adoptive/step mother of child under 16,,
b_respf16_dv,whether natural/adoptive/step/foster father of child under 16,,
b_rach16_dv,Whether responsible for child under 16,,
b_hrpno,Household reference person: PNO,,
b_ppno,partner's person number: PNO,,
b_sppno,Spouse's person number: PNO,,
b_fnpno,Natural father: PNO,,
b_fnspno,Nat/step/adopt father: PNO,,
b_mnpno,Natural mother: PNO,,
b_mnspno,Nat/step/adopt mother: PNO,,
b_grfpno,Grandfather: PNO,,
b_grmpno,Grandfather: PNO,,
b_qfhigh_dv,Highest educational qualification,,
b_nqfhigh_dv,Newly reported highest educational qualification,,
b_qfhighfl_dv,Eligibility flag for QFHIGH in UKHLS format,,
b_hiqual_dv,Highest qualification; UKHLS & BHPS samples,,
b_nhiqual_dv,Highest new qualification; UKHLS & BHPS samples,,
b_nnmpsp_dv,No. non-employment spells since last interview,,
b_nmpsp_dv,No. employment spells since last interview,,
b_nunmpsp_dv,No. unemployment spells since last interview,,
b_jbft_dv,Full or part-time employee,,
b_jbsoc00_cc,Current job: SOC 2000; condensed,,
b_jbsoc10_cc,Current job: SOC 2010; condensed,,
b_jbsic07_cc,Current job: SIC 2007; condensed,,
b_jbiindb_dv,Current job: Industrial classification (CNEF); two digits,,
b_jbes2000,Current job: Employment Status 2000,,
b_jbseg_dv,Current job: Socio-economic Group,,
b_jbrgsc_dv,Current job: Registrar General's Social Class,,
b_jbnssec_dv,Current job: NS-SEC (detailed),,
b_jbnssec8_dv,Current job: Eight Class NS-SEC,,
b_jbnssec5_dv,Current job: Five Class NS-SEC,,
b_jbisco88_cc,Current job: ISCO88 (condensed 3 digits version),,
b_jlsoc00_cc,Last job: SOC 2000; condensed,,
b_jlsoc10_cc,Last job: SOC 2010; condensed,,
b_jlsic07_cc,Last job: SIC 2007; condensed,,
b_jliindb_dv,Last job: Industrial classification (CNEF); two digits,,
b_jles2000,Last job: Employment Status 2000,,
b_jlseg_dv,Last job: Socio-economic Group,,
b_jlrgsc_dv,Last job: Registrar General's Social Class,,
b_jlnssec_dv,Last job: NS-SEC,,
b_jlnssec8_dv,Last job: Eight Class NS-SEC,,
b_jlnssec5_dv,Last job: Five Class NS-SEC,,
b_jlisco88_cc,Last job: ISCO88 (condensed 3 digits version),,
b_pasoc90_cc,Father's SOC 1990; resp aged 14; condensed,,
b_pasoc00_cc,Father's SOC 2000; resp aged 14; condensed,,
b_pasoc10_cc,Father's SOC 2010; resp aged 14; condensed,,
b_masoc90_cc,Mother's SOC 1990; resp aged 14; condensed,,
b_masoc00_cc,Mother's SOC 2000; resp aged 14; condensed,,
b_masoc10_cc,Mother's SOC 2010; resp aged 14; condensed,,
b_j1soc90_cc,First job: SOC 1990; condensed,,
b_j1soc00_cc,First job: SOC 2000; condensed,,
b_j1soc10_cc,First job: SOC 2010; condensed,,
b_j2soc90_cc,2nd current job: SOC 1990; condensed,,
b_j2soc00_cc,2nd current job: SOC 2000; condensed,,
b_j2soc10_cc,2nd current job: SOC 2010; condensed,,
b_scghq1_dv,Subjective wellbeing (GHQ): Likert,,
b_scghq2_dv,Subjective wellbeing (GHQ): Caseness,,
b_sf12pcs_dv,SF-12 Physical Component Summary (PCS),,
b_sf12mcs_dv,SF-12 Mental Component Summary (PCS),,
b_jwbs1_dv,Job-related Wellbeing Scale: Anxiety subscale,,
b_jwbs2_dv,Job-related Wellbeing Scale: Depression subscale,,
b_scflag_dv,flag for self completion record,,
b_payu_dv,usual pay per month if different from last,,
b_paygu_if,imputation flag var - paygu_dv,,
b_paynu_if,imputation flag var - paynu_dv,,
b_seearngrs_if,imputation flag var - seearngrs_dv,,
b_fiyrinvinc_if,imputation flag var fiyrinvinc_dv,,
b_fibenothr_if,share of c_fibenothr_dv imputed,,
b_fimnlabgrs_if,imputation flag fimnlabgrs_dv,,
b_fimngrs_if,imputation flag fimngrs_dv,,
b_indpxbh_xw,BHPS cross-sectional adult main or proxy interview weight,,
b_indinbh_xw,BHPS cross-sectional adult main interview weight,,
b_indscbh_xw,BHPS cross-sectional adult self-completion interview weight,,
b_indpxus_xw,cross-sectional adult main or proxy interview weight,,
b_indinus_xw,cross-sectional adult main interview weight,,
b_indscus_xw,cross-sectional adult self-completion interview weight,,
b_indpxus_lw,longitudinal adult main or proxy interview weight,,
b_indin91_lw,BHPS 1991 longitudinal full response weight,,
b_indin01_lw,BHPS 2001 longitudinal full response weight,,
b_indinus_lw,longitudinal adult main interview weight,,
b_indinub_xw,combined cross-sectional adult full interview weight,,
b_indscus_lw,longitudinal adult self-completion interview weight,,
b_ind5mus_lw,longitudinal adult extra 5 minutes interview weight,,
b_indpxub_xw,combined cross-sectional adult full and proxy interview weight,,
b_indscub_xw,combined cross-sectional adult self-completion interview weight,,
b_jbnssec3_dv,Current job: Three Class NS-SEC,,
b_jlnssec3_dv,Last job: Three Class NS-SEC,,
b_racel_dv,Ethnic group incorp. all waves; codings; modes and bhps,,
avail_from_dt,,,
