variable_name,variable_label,value_value,value_label
study_id_e,,,
a_pno,person number,,
a_hhorig,Sample origin; household,,
a_memorig,Sample origin; individual,,
a_psu,Primary sampling unit,,
a_strata,Strata,,
a_sampst,sample status,,
a_month,sample month,,
a_ivfio,Individual level outcome,,
a_ioutcome,final outcome code  ,,
a_sex,sex,,
a_dvage,age for whole sample; from birth or ageif   ,,
a_birthy,year of birth   ,,
a_istrtdatd,date interview with this respondent was started - date of day   ,,
a_istrtdatm,date interview with this respondent was started - month ,,
a_istrtdaty,date interview with this respondent was started - year  ,,
a_mvever,Lived at address whole life,,
a_mvmnth,Month moved to current address,,
a_mvyr,year moved to current address   ,,
a_lkmove,prefers to move house   ,,
a_xpmove,expects to move in next year,,
a_jbstat,Current economic activity,,
a_mlstatchk,marital status check,,
a_mlstat,Present legal marital status,,
a_ukborn,born in uk  ,,
a_plbornc,country of birth,,
a_yr2uk4,year came to britain,,
a_citzn1,UK citizen uk citizen,,
a_citzn2,citizen of country of birth,,
a_citzn3,citizen of other country,,
a_qfhigh,Highest qualification,,
a_qualoc,uk or non-uk qualification  ,,
a_qfvoc1,Youth training cert.,,
a_qfvoc2,Key Skills,,
a_qfvoc3,Basic skills,,
a_qfvoc4,Entry lvl qual (Wales),,
a_qfvoc5,Modern/trade apprentice,,
a_qfvoc6,RSA/OCR/Cleri/comm qual,,
a_qfvoc7,City and Guilds Cert,,
a_qfvoc8,GNVQ/GSVQ,,
a_qfvoc9,NVQ/SVQ - Level 1 - 2,,
a_qfvoc10,NVQ/SVQ - Level 3 - 5,,
a_qfvoc11,HNC/HND,,
a_qfvoc12,ONC/OND,,
a_qfvoc13,BTEC/BEC/TEC/EdExcel/LQL,,
a_qfvoc14,SCOTVEC/SCOTEC/SCOTBEC,,
a_qfvoc15,Other voc/tech/prof qual,,
a_qfvoc96,None of the above,,
a_school,never went to/still at school   ,,
a_scend,school leaving age  ,,
a_schlloc,Place of school,,
a_fenow,Still in further education,,
a_feend,further education leaving age   ,,
a_edtype,type of educational institution attending   ,,
a_edasp,highest level exam like to get b/f leave school ,,
a_fedlik,likelihood of entering further education,,
a_fednt,reasons not going on to further education   ,,
a_wlsh1,understand spoken welsh ,,
a_wlsh2,speak welsh ,,
a_wlsh3,read welsh  ,,
a_wlsh4,write welsh ,,
a_wlsh96,none of the above   ,,
a_wlshua,welsh at home   ,,
a_wlshub,welsh at work   ,,
a_wlshuc,welsh at school/college/uni ,,
a_wlshud,welsh talking to relatives  ,,
a_wlshue,welsh for day to day activities ,,
a_paju,father not working when resp. aged 14   ,,
a_maju,mother not working when resp. aged 14   ,,
a_pacob,country father born in  ,,
a_payruk,father lived in uk  ,,
a_payruk1,year father moved to the uk ,,
a_macob,country mother born in  ,,
a_mayruk,mother lived in uk  ,,
a_mayruk1,year mother moved to the uk ,,
a_pgprob,country father's father born in ,,
a_pgmrob,country father's mother born in ,,
a_mgprob,country mother's father born in ,,
a_mgmrob,country mother's mother born in ,,
a_paedqf,father's educational qualifications ,,
a_maedqf,mother's educational qualifications ,,
a_lvag16,living with biological parents at 16,,
a_agelh,age stopped living with both biological parents ,,
a_lvag14,who living with at age 14   ,,
a_ynlp14,why not living with both biological parents ,,
a_natid1,English,,
a_natid2,Welsh,,
a_natid3,Scottish,,
a_natid4,Northern Irish,,
a_natid5,British,,
a_natid6,Irish,,
a_natid97,Other,,
a_racel,ethnic group,,
a_racelo_code,specific code for generic ethnic groups ,,
a_paid,father's ethnic group   ,,
a_spaid,strength of identification with father's ethnicity  ,,
a_maid,mother's ethnic group   ,,
a_smaid,strength of identification with mother's ethnicity  ,,
a_britid,importance of being british ,,
a_englang,english is first language   ,,
a_engspk,difficulty speaking day to day english  ,,
a_spkdif,degree of difficulty speaking day-to-day english,,
a_engtel,difficulty speaking english on the phone,,
a_teldif,degree of difficulty speaking english on phone  ,,
a_engread,difficulty reading english  ,,
a_readdif,degree of difficulty reading english,,
a_engform,difficulty completing forms in english  ,,
a_formdif,degree of difficulty completing forms in english,,
a_oprlg,whether belong to a religion,,
a_oprlg0,Religion brought up in: E/S/W,,
a_oprlg0ni,religion brought up in: ni  ,,
a_oprlg1,Religion: E/S/W,,
a_nirel,religion: ni,,
a_niact,religion active: ni ,,
a_oprlg2,attendance at religious services,,
a_oprlg3,religion makes a difference to life ,,
a_mabroad,has lived abroad,,
a_mnabroad,number of other countries lived in  ,,
a_mindirect,moves directly from country of birth,,
a_mnotherc,number of countries lived in,,
a_mreturned,ever returned to country of birth to live   ,,
a_mlived,lived in countries other than uk since arrival  ,,
a_mnlived,number of countries lived in since uk arrival   ,,
a_moveage,age respondent moved to uk  ,,
a_mnmoves,number of moves to a new address,,
a_mlivedist,current home: distance from first home/age 14   ,,
a_mlivedist5,ever lived further than 5 miles from where now lives,,
a_mlivedistf,furthest distance lived from present home   ,,
a_lcmarm,month of current marriage   ,,
a_lcmary4,year of current marriage,,
a_mpno,person number of spouse ,,
a_lcmcoh,cohabited before current marriage   ,,
a_lcmcbm,month began cohabiting before current marriage  ,,
a_lcmcby4,year began cohabiting before current marriage   ,,
a_lcmspm,month separated ,,
a_lcmspy4,year separated  ,,
a_nmar,number of marriages ,,
a_lcoh,ever cohabited  ,,
a_lncoh,number cohabiting partners  ,,
a_ladopt,ever had step/adopted child(ren),,
a_lnadopt,number of step/adopted child(ren)   ,,
a_lprnt,Ever had/fathered children,,
a_lnprnt,number of biological children ever had/fathered ,,
a_lchmor,likely resp will have more children ,,
a_lchmorn,no. more children resp likely to have   ,,
a_sf1,General health,,
a_sf2a,health limits typical activities,,
a_sf2b,health limits climbing stairs   ,,
a_sf3a,health limits work  ,,
a_sf3b,health limits kind of work  ,,
a_sf4a,emotional problems: accomplished less   ,,
a_sf4b,emotional problems: less carefully than usual   ,,
a_sf5,pain interferes with work   ,,
a_sf6a,felt calm and peaceful  ,,
a_sf6b,had a lot of energy ,,
a_sf6c,felt downhearted and depressed  ,,
a_sf7,health or emotional problems interfered with social activities  ,,
a_hlht,height: unit of measurement ,,
a_hlhtf,height without shoes: feet  ,,
a_hlhti,height without shoes: inches,,
a_hlhtc,height without shoes: cms   ,,
a_hlwt,weight: unit of measurement ,,
a_hlwts,weight: stones  ,,
a_hlwtp,weight: pounds  ,,
a_hlwtk,weight: kilos   ,,
a_hlwte,accuracy of weight  ,,
a_hlwtl,when last weighed   ,,
a_health,long-standing illness or impairment ,,
a_disdif1,Mobility (moving around at home and walking),,
a_disdif2,Lifting; carrying or moving objects,,
a_disdif3,Manual dexterity (using your hands to carry out everyday tasks),,
a_disdif4,Continence (bladder and bowel control),,
a_disdif5,Hearing (apart from using a standard hearing aid),,
a_disdif6,Sight (apart from wearing standard glasses),,
a_disdif7,Communication or speech problems,,
a_disdif8,Memory or ability to concentrate; learn or understand,,
a_disdif9,Recognising when you are in physical danger,,
a_disdif10,Your physical co-ordination (e.g. balance),,
a_disdif11,Difficulties with own personal care,,
a_disdif12,Other health problem or disability,,
a_disdif96,None of these,,
a_hcond1,Asthma,,
a_hcond2,Arthritis,,
a_hcond3,Congestive heart failure,,
a_hcond4,Coronary heart disease,,
a_hcond5,Angina,,
a_hcond6,Heart attack or myocardial infarction,,
a_hcond7,Stroke,,
a_hcond8,Emphysema,,
a_hcond9,Hyperthyroidism or an over-active thyroid,,
a_hcond10,Hypothyroidism or an under-active thyroid,,
a_hcond11,Chronic bronchitis,,
a_hcond12,Any kind of liver condition,,
a_hcond13,Cancer or malignancy,,
a_hcond14,Diabetes,,
a_hcond15,Epilepsy,,
a_hcond16,High blood pressure,,
a_hcond17,Clinical depression,,
a_hcond96,None of these,,
a_hconds01,still have health condition : asthma,,
a_hconds02,still have health condition : arthritis ,,
a_hconds03,still have health condition : congestive heart failure  ,,
a_hconds04,still have health condition : coronary heart disease,,
a_hconds05,still have health condition : angina,,
a_hconds06,still have health condition : heart attack  ,,
a_hconds07,still have health condition : stroke,,
a_hconds08,still have health condition : emphysema ,,
a_hconds09,still have health condition : hyperthyroidism   ,,
a_hconds10,still have health condition : hypothyroidism,,
a_hconds11,still have health condition : chronic bronchitis,,
a_hconds12,still have health condition : liver condition   ,,
a_hconds13,still have health condition : cancer or malignancy  ,,
a_hconds14,still have health condition : diabetes  ,,
a_hconds15,still have health condition : epilepsy  ,,
a_hconds16,still have health condition : high blood pressure   ,,
a_hconds17,still have health condition: clinical depression,,
a_hconda01,age told had health condition : asthma  ,,
a_hconda02,age told had health condition : arthritis   ,,
a_hconda03,age told had health condition : congestive heart failure,,
a_hconda04,age told had health condition : coronary heart disease  ,,
a_hconda05,age told had health condition : angina  ,,
a_hconda06,age told had health condition : heart attack,,
a_hconda07,age told had health condition : stroke  ,,
a_hconda08,age told had health condition : emphysema   ,,
a_hconda09,age told had health condition : hyperthyroidism ,,
a_hconda10,age told had health condition : hypothyroidism  ,,
a_hconda11,age told had health condition : chronic bronchitis  ,,
a_hconda12,age told had health condition : liver condition ,,
a_hconda13,age told had health condition : cancer or malignancy,,
a_hconda14,age told had health condition : diabetes,,
a_hconda15,age told had health condition : epilepsy,,
a_hconda16,age told had health condition : high blood pressure ,,
a_hconda17,age told had health condition: clinical depression  ,,
a_aidhh,cares for handicapped/other in household,,
a_aidhua1,Person number 1 Resp. aids person number 1,,
a_aidhua2,Person number 2 Resp. aids person number 2,,
a_aidhua3,Person number 3 Resp. aids person number 3,,
a_aidhua4,Person number 4 Resp. aids person number 4,,
a_aidhua5,Person number 5 Resp. aids person number 5,,
a_aidhua6,Person number 6 Resp. aids person number 6,,
a_aidhua7,Person number 7 Resp. aids person number 7,,
a_aidhua8,Person number 8 Resp. aids person number 8,,
a_aidhua9,Person number 9 Resp. aids person number 9,,
a_aidhua10,Person number 10 Resp. aids person number 10,,
a_aidhua11,Person number 11 Resp. aids person number 11,,
a_aidhua12,Person number 12 Resp. aids person number 12,,
a_aidhua13,Person number 13 Resp. aids person number 13,,
a_aidhua14,Person number 14 Resp. aids person number 14,,
a_aidhua15,Person number 15 Resp. aids person number 15,,
a_aidhua16,Person number 16 Resp. aids person number 16,,
a_aidxhh,non-residents cared for ,,
a_naidxhh,number of non-residents cared for   ,,
a_aidhu1,caring: relation to 1st non-res dependent   ,,
a_aidhu2,caring: relation to 2nd non-res dependent   ,,
a_aidhrs,hours per week spent caring ,,
a_aideft,caring prevents paid employment ,,
a_lgaped,whether left f/t education before starting fe   ,,
a_jbhas,did paid work last week ,,
a_jboff,no work last week but has paid job  ,,
a_jboffy,reason off work last week   ,,
a_jbterm1,current job: permanent or temporary ,,
a_jbterm2,type of non-permanent job   ,,
a_jbsemp,employed or self-employed: current job  ,,
a_jbbgd,day started current job ,,
a_jbbgm,month started current job   ,,
a_jbbgy,year started current job,,
a_jbmngr,managerial duties: current job  ,,
a_jbsize,No. employed at workplace: current job,,
a_jbsect,private company ,,
a_jbsectpub,Non-private organisation,,
a_jbhrs,no. of hours normally worked per week   ,,
a_jbot,no. of overtime hours in normal week,,
a_jbotpd,no. of hours worked as paid overtime,,
a_jbpl,Work location,,
a_jbttwt,minutes spent travelling to work,,
a_workdis,distance from work  ,,
a_worktrav,mode of transport for journey to work   ,,
a_paygwc,pay period: gross pay   ,,
a_paynwc,pay period: take home pay   ,,
a_payusl,last take home pay the usual amount ,,
a_payu,usual pay   ,,
a_payuwc,pay period: usual pay   ,,
a_payug,usual pay: gross/net of deductions  ,,
a_paytyp,salaried or paid by the hour,,
a_ovtpay,additional pay for extra hours  ,,
a_extnsa,extra pay: amount given ,,
a_extrate,extra pay hourly rate   ,,
a_extrest,estimated amount for extra hours worked ,,
a_basnsa,basic pay: amount given ,,
a_basrate,basic pay hourly rate   ,,
a_basrest,estimated amount - hourly basic pay rate,,
a_ovtnsa,overtime pay: amount given  ,,
a_ovtrate,overtime pay hourly rate,,
a_ovtrest,estimated amount - hourly overtime rate ,,
a_jbpen,pension: employer runs a pension scheme ,,
a_jbpenm,pension: member of employers scheme ,,
a_jsboss,S/emp: hires employees,,
a_jssize,S/emp: number of employees,,
a_jshrs,s/emp: hours normally worked per week   ,,
a_jstypeb,s/emp: nature of employment ,,
a_jsaccs,s/emp: draws up profit/loss accounts,,
a_jspart,s/emp: own account or partnership   ,,
a_jsprbm,s/emp: date accounts began: month   ,,
a_jsprby4,s/emp: date accounts began: year,,
a_jsprem,s/emp: date accounts ended: month   ,,
a_jsprey4,s/emp: date accounts ended: year,,
a_jsprls,sole accounts: whether profit/loss  ,,
a_jsprtx,sole accounts: whether before tax   ,,
a_jsprni,sole accounts: whether before ni,,
a_jspayu,average income from job/business,,
a_jspayw,job/business income: pay period (weeks) ,,
a_jspytx,job/business income: whether before tax ,,
a_jspyni,job/business income: whether before ni  ,,
a_jspl,s/emp: work location,,
a_jsttwt,s/emp: commuting time provided  ,,
a_jsttwtb,s/emp: commuting time   ,,
a_jsworkdis,s/emp: commuting distance   ,,
a_jsworktrav,s/emp: mode of transport to work,,
a_jbsat,job satisfaction,,
a_julk4wk,looked for work in last 4 weeks ,,
a_julk4x1,Applied directly to an employer,,
a_julk4x2,Studied or replied to advertisements,,
a_julk4x3,Searched for jobs/information about jobs on the internet,,
a_julk4x4,Contacted a private employment agency or job centre,,
a_julk4x5,Asked friends or contacts,,
a_julk4x6,Taken steps to start your own business,,
a_julk4x96,Or none of these steps?,,
a_julkjb,would like a regular paid job   ,,
a_jubgn,able to start work within 2 weeks   ,,
a_jbhad,ever had paid employment,,
a_retdatey,year of retirement  ,,
a_retdatem,month of retirement ,,
a_jlendy,year left last job  ,,
a_jlendm,month left last job ,,
a_jlsemp,employee or self employed; last job ,,
a_jlboss,hired employees; last job   ,,
a_jlmngr,managerial duties; last job ,,
a_jlsize,number of people employed at workplace; last job employee   ,,
a_j2has,has a second job,,
a_j2semp,employee or self employed; second job   ,,
a_j2hrs,no. of hours worked per month; second job   ,,
a_j2pay,gross earnings from second jobs last month  ,,
a_joblook,looked for job in last 12 months,,
a_jobdeny,turned down for job ,,
a_resjobdeny1,Sex,,
a_resjobdeny2,Age,,
a_resjobdeny3,Ethnicity,,
a_resjobdeny4,Sexual orientation,,
a_resjobdeny5,Health or disability,,
a_resjobdeny6,Nationality,,
a_resjobdeny7,Religion,,
a_resjobdeny8,Language or accent,,
a_resjobdeny9,Dress or appearance,,
a_resjobdeny96,None of the above,,
a_resjobdeny97,Other reason,,
a_eed12,whether employee in last 12 months  ,,
a_promodeny,turned down for promotion   ,,
a_respromodeny1,your sex,,
a_respromodeny2,your age,,
a_respromodeny3,your ethnicity  ,,
a_respromodeny4,your sexual orientation ,,
a_respromodeny5,your health or disability   ,,
a_respromodeny6,your nationality,,
a_respromodeny7,your religion   ,,
a_respromodeny8,your language or accent ,,
a_respromodeny9,your dress or appearance,,
a_respromodeny96,none of the above   ,,
a_respromodeny97,other reason,,
a_traindeny,turned down for work related training   ,,
a_restraindeny1,your sex,,
a_restraindeny2,your age,,
a_restraindeny3,your ethnicity  ,,
a_restraindeny4,your sexual orientation ,,
a_restraindeny5,your health or disability   ,,
a_restraindeny6,your nationality,,
a_restraindeny7,your religion   ,,
a_restraindeny8,your language or accent ,,
a_restraindeny9,your dress or appearance,,
a_restraindeny96,none of the above   ,,
a_restraindeny97,other reason,,
a_ccare,uses childcare  ,,
a_ccwork,other arrangements for child whilst working ,,
a_hlphmwk,parent helps their children with homework   ,,
a_levelimp,parents think a levels/highers important,,
a_samsch,children go to same school  ,,
a_socialkid,frequency of leisure with child ,,
a_dinner,frequency of eating dinner with kids,,
a_quarrel,how often quarrel with children ,,
a_talkmatter,how often talk about important matters with children,,
a_praisekid,How often praise child,,
a_ruleskid,how often involve kid in setting rules  ,,
a_slapkid,How often spank or slap child,,
a_cuddlekid,How often hug or cuddle child,,
a_yellkid,How often shout at kid,,
a_lvrel1,Mother,,
a_lvrel2,Father,,
a_lvrel3,Son(s)/daughter(s),,
a_lvrel4,Brothers/sisters,,
a_lvrel5,Grandchildren,,
a_lvrel6,Grandparents,,
a_lvrel7,Great Grandchildren,,
a_lvrel8,Great Grandparents,,
a_lvrel96,None of these,,
a_maage,mother's age,,
a_paage,father's age,,
a_nrelsw11,number of absent sons or daughers,,
a_nrelsw12,number of absent brothers or sisters,,
a_nrelsw13,number of absent grandchildren  ,,
a_nrelsw14,number of absent grandparents   ,,
a_nrelsw15,number of absent great grandchildren,,
a_nrelsw16,number of absent great grandparents ,,
a_parmar,parents live together in same household ,,
a_ohch16,children under 16 not living in hh  ,,
a_seekid,how often contact child outside hh  ,,
a_wekid,child outside hh stays with r regularly ,,
a_farkid,Time taken to get to child outside HH,,
a_relkid,relationship with child outside hh  ,,
a_masee,frequency of seeing mother  ,,
a_macon,frequency of other contact with mother  ,,
a_mafar,Distance to where mother lives,,
a_pasee,frequency of seeing father  ,,
a_pacon,frequency of other contact with father  ,,
a_pafar,Distance to where Father lives,,
a_chsee,frequency of seeing children over 16,,
a_chcon,frequency of other contact with child(ren) over 16  ,,
a_chfar,Distance to where child(ren) live(s),,
a_kidspt,send or give money for child support,,
a_ftexv,amount of last child support payment,,
a_ftexw,frequency of child support payment  ,,
a_remit1,repayment of a loan ,,
a_remit2,support for family members or friends   ,,
a_remit3,support for a local community   ,,
a_remit4,personal investment or savings; including property  ,,
a_remit5,no money sent/given ,,
a_remitfreq1,1: frequency of sending/giving  ,,
a_remitreg1,1: regular payment  ,,
a_remitamt1,1: amount of last remittance,,
a_remcntry1,1 a_remcntry,,
a_remitusual1,1: whether usual amount ,,
a_remusamt1,1: usual remittance amount  ,,
a_remitfreq2,2: frequency of sending/giving  ,,
a_remitreg2,2: regular payment  ,,
a_remitamt2,2: amount of last remittance,,
a_remcntry2,2 a_remcntry,,
a_remitusual2,2: whether usual amount ,,
a_remusamt2,2: usual remittance amount  ,,
a_remitfreq3,3: frequency of sending/giving  ,,
a_remitreg3,3: regular payment  ,,
a_remitamt3,3: amount of last remittance,,
a_remcntry3,3 a_remcntry,,
a_remitusual3,3: whether usual amount ,,
a_remusamt3,3: usual remittance amount  ,,
a_remitfreq4,4: frequency of sending/giving  ,,
a_remitreg4,4: regular payment  ,,
a_remitamt4,4: amount of last remittance,,
a_remcntry4,4 a_remcntry,,
a_remitusual4,4: whether usual amount ,,
a_remusamt4,4: usual remittance amount  ,,
a_btype1,unemployment-related benefits; or national insurance credits?   ,,
a_btype2,income support? ,,
a_btype3,sick; disab or incapacity ben (inc emp't and supp allowance)?   ,,
a_btype4,any pension inc. a private pension or state pension?,,
a_btype5,child benefit?  ,,
a_btype6,tax credits; such as the working tax credit or child tax credit?,,
a_btype7,any other family related benefits or payment?   ,,
a_btype8,housing or council tax benefit  ,,
a_btype9,income from any other state benefit?,,
a_btype96,none of these   ,,
a_benunemp1,job seeker's allowance? ,,
a_benunemp2,or national insurance credits?  ,,
a_benunemp96,none of these   ,,
a_bendis1,Incapacity Benefit,,
a_bendis2,Employment and Support Allowance,,
a_bendis3,Severe Disablement Allowance,,
a_bendis4,Carer's Allowance,,
a_bendis5,Disability Living Allowance,,
a_bendis6,return to work credit?  ,,
a_bendis7,Attendance Allowance,,
a_bendis8,Industrial Injury Disablement Benefit,,
a_bendis9,war disablement pension?,,
a_bendis10,Sickness and Accident Insurance,,
a_bendis11,any other disability related benefit or payment?,,
a_bendis96,None of these,,
a_benpen1,NI Pension or State Retirement (Old Age) Pension,,
a_benpen2,A pension from a previous employer,,
a_benpen3,A pension from a spouse's previous employer,,
a_benpen4,Pension Credit including Guarantee Credit & Savings Credit,,
a_benpen5,Private Pension or Annuity,,
a_benpen6,Widow's or War Widow's Pension,,
a_benpen7,Widowed Mother's Allowance; Parent's Allowance or Bereavement Allowance,,
a_benpen8,War Disablement Pension,,
a_benpen96,None of these,,
a_niserps,income: receives serps  ,,
a_bencb,income: receives child benefit  ,,
a_benctc,income: receives child tax credit   ,,
a_benfam1,foster allowance or guardian allowance? ,,
a_benfam2,maternity allowance?,,
a_benfam3,maintenance or alimony? ,,
a_benfam4,in-work credit for lone parents?,,
a_benfam5,any payments from a family member not living with you?  ,,
a_benfam96,none of these   ,,
a_bentax1,working tax credit; including disabled person's tax credit? ,,
a_bentax2,council tax benefit?,,
a_bentax3,pension credit including guarantee credit or savind credit? ,,
a_bentax4,child tax credit?   ,,
a_bentax5,return to work credit?  ,,
a_bentax96,none of these   ,,
a_benhou1,housing benefit ,,
a_benhou2,council tax benefit ,,
a_benhou3,rent rebate ,,
a_benhou4,rate rebate ,,
a_benhou96,none of these   ,,
a_bensta1,a private pension or annuity,,
a_bensta2,Education Grant other than a Student Loan or Tuition Fee Loan,,
a_bensta3,Trade Union or Friendly Society Payment,,
a_bensta4,Maintenance or Alimony,,
a_bensta5,Payments from a family member not living with you,,
a_bensta6,Rent from Boarders or Lodgers (not family members) living here with you,,
a_bensta7,Rent from any other property even if that only covers that property's mortgage o,,
a_bensta8,or any other regular payment?   ,,
a_bensta96,None of these,,
a_fiyrdia,amount received in interest/dividends   ,,
a_fiyrdb1,over 500 in interest/dividends  ,,
a_fiyrdb2,over 1000 in interest/dividends ,,
a_fiyrdb3,over 5000 in interest/dividends ,,
a_fiyrdb4,over 2500 in interest/dividends ,,
a_fiyrdb5,over 10000 in interest/dividends,,
a_fiyrdb6,over 100 in interest/dividends  ,,
a_finnow,Subjective financial situation - current,,
a_finfut,Subjective financial situation - future,,
a_vote1,supports a particular political party   ,,
a_vote2,closer to one political party than others   ,,
a_vote3,Party would vote for tomorrow,,
a_vote4,Which political party closest to,,
a_vote5,strength of support for stated party,,
a_vote6,level of interest in politics   ,,
a_unsafew11,At school,,
a_unsafew12,At college/university,,
a_unsafew13,At work,,
a_unsafew14,On public transport,,
a_unsafew15,At/near Bus/train stn,,
a_unsafew16,In Shopping centres; etc,,
a_unsafew17,In cinema; cafes,,
a_unsafew196,Not; in last 12 months,,
a_unsafew197,Other places,,
a_resunsafew1_1_1,reason unsafe in place 1: sex   ,,
a_resunsafew1_1_2,reason unsafe in place 1: age   ,,
a_resunsafew1_1_3,reason unsafe in place 1: ethnicity ,,
a_resunsafew1_1_4,reason unsafe in place 1: sexual orientation,,
a_resunsafew1_1_5,reason unsafe in place 1: health or disability  ,,
a_resunsafew1_1_6,reason unsafe in place 1: nationality   ,,
a_resunsafew1_1_7,reason unsafe in place 1: religion  ,,
a_resunsafew1_1_8,reason unsafe in place 1: language or accent,,
a_resunsafew1_1_9,reason unsafe in place 1: dress or appearance   ,,
a_resunsafew1_1_96,reason unsafe in place 1: none of the above ,,
a_resunsafew1_1_97,reason unsafe in place 1: other ,,
a_resunsafew1_2_1,reason unsafe in place 2: sex   ,,
a_resunsafew1_2_2,reason unsafe in place 2: age   ,,
a_resunsafew1_2_3,reason unsafe in place 2: ethnicity ,,
a_resunsafew1_2_4,reason unsafe in place 2: sexual orientation,,
a_resunsafew1_2_5,reason unsafe in place 2: health or disability  ,,
a_resunsafew1_2_6,reason unsafe in place 2: nationality   ,,
a_resunsafew1_2_7,reason unsafe in place 2: religion  ,,
a_resunsafew1_2_8,reason unsafe in place 2: language or accent,,
a_resunsafew1_2_9,reason unsafe in place 2: dress or appearance   ,,
a_resunsafew1_2_96,reason unsafe in place 2: none of the above ,,
a_resunsafew1_2_97,reason unsafe in place 2: other ,,
a_resunsafew1_3_1,reason unsafe in place 3: sex   ,,
a_resunsafew1_3_2,reason unsafe in place 3: age   ,,
a_resunsafew1_3_3,reason unsafe in place 3: ethnicity ,,
a_resunsafew1_3_4,reason unsafe in place 3: sexual orientation,,
a_resunsafew1_3_5,reason unsafe in place 3: health or disability  ,,
a_resunsafew1_3_6,reason unsafe in place 3: nationality   ,,
a_resunsafew1_3_7,reason unsafe in place 3: religion  ,,
a_resunsafew1_3_8,reason unsafe in place 3: language or accent,,
a_resunsafew1_3_9,reason unsafe in place 3: dress or appearance   ,,
a_resunsafew1_3_96,reason unsafe in place 3: none of the above ,,
a_resunsafew1_3_97,reason unsafe in place 3: other ,,
a_resunsafew1_4_1,reason unsafe in place 4: sex   ,,
a_resunsafew1_4_2,reason unsafe in place 4: age   ,,
a_resunsafew1_4_3,reason unsafe in place 4: ethnicity ,,
a_resunsafew1_4_4,reason unsafe in place 4: sexual orientation,,
a_resunsafew1_4_5,reason unsafe in place 4: health or disability  ,,
a_resunsafew1_4_6,reason unsafe in place 4: nationality   ,,
a_resunsafew1_4_7,reason unsafe in place 4: religion  ,,
a_resunsafew1_4_8,reason unsafe in place 4: language or accent,,
a_resunsafew1_4_9,reason unsafe in place 4: dress or appearance   ,,
a_resunsafew1_4_96,reason unsafe in place 4: none of the above ,,
a_resunsafew1_4_97,reason unsafe in place 4: other ,,
a_resunsafew1_5_1,reason unsafe in place 5: sex   ,,
a_resunsafew1_5_2,reason unsafe in place 5: age   ,,
a_resunsafew1_5_3,reason unsafe in place 5: ethnicity ,,
a_resunsafew1_5_4,reason unsafe in place 5: sexual orientation,,
a_resunsafew1_5_5,reason unsafe in place 5: health or disability  ,,
a_resunsafew1_5_6,reason unsafe in place 5: nationality   ,,
a_resunsafew1_5_7,reason unsafe in place 5: religion  ,,
a_resunsafew1_5_8,reason unsafe in place 5: language or accent,,
a_resunsafew1_5_9,reason unsafe in place 5: dress or appearance   ,,
a_resunsafew1_5_96,reason unsafe in place 5: none of the above ,,
a_resunsafew1_5_97,reason unsafe in place 5: other ,,
a_resunsafew1_6_1,reason unsafe in place 6: sex   ,,
a_resunsafew1_6_2,reason unsafe in place 6: age   ,,
a_resunsafew1_6_3,reason unsafe in place 6: ethnicity ,,
a_resunsafew1_6_4,reason unsafe in place 6: sexual orientation,,
a_resunsafew1_6_5,reason unsafe in place 6: health or disability  ,,
a_resunsafew1_6_6,reason unsafe in place 6: nationality   ,,
a_resunsafew1_6_7,reason unsafe in place 6: religion  ,,
a_resunsafew1_6_8,reason unsafe in place 6: language or accent,,
a_resunsafew1_6_9,reason unsafe in place 6: dress or appearance   ,,
a_resunsafew1_6_96,reason unsafe in place 6: none of the above ,,
a_resunsafew1_6_97,reason unsafe in place 6: other ,,
a_resunsafew1_7_1,reason unsafe in place 7: sex   ,,
a_resunsafew1_7_2,reason unsafe in place 7: age   ,,
a_resunsafew1_7_3,reason unsafe in place 7: ethnicity ,,
a_resunsafew1_7_4,reason unsafe in place 7: sexual orientation,,
a_resunsafew1_7_5,reason unsafe in place 7: health or disability  ,,
a_resunsafew1_7_6,reason unsafe in place 7: nationality   ,,
a_resunsafew1_7_7,reason unsafe in place 7: religion  ,,
a_resunsafew1_7_8,reason unsafe in place 7: language or accent,,
a_resunsafew1_7_9,reason unsafe in place 7: dress or appearance   ,,
a_resunsafew1_7_96,reason unsafe in place 7: none of the above ,,
a_resunsafew1_7_97,reason unsafe in place 7: other ,,
a_resunsafew1_97_1,reason unsafe in place other: sex   ,,
a_resunsafew1_97_2,reason unsafe in place other: age   ,,
a_resunsafew1_97_3,reason unsafe in place other: ethnicity ,,
a_resunsafew1_97_4,reason unsafe in place other: sexual orientation,,
a_resunsafew1_97_5,reason unsafe in place other: health or disability  ,,
a_resunsafew1_97_6,reason unsafe in place other: nationality   ,,
a_resunsafew1_97_7,reason unsafe in place other: religion  ,,
a_resunsafew1_97_8,reason unsafe in place other: language or accent,,
a_resunsafew1_97_9,reason unsafe in place other: dress or appearance   ,,
a_resunsafew1_97_96,reason unsafe in place other: none of the above ,,
a_resunsafew1_97_97,reason unsafe in place other: other ,,
a_avoidancew11,School,,
a_avoidancew12,College or university,,
a_avoidancew13,Work,,
a_avoidancew14,Public Transport,,
a_avoidancew15,A bus or train station,,
a_avoidancew16,Commercial places,,
a_avoidancew17,Theatres; cinema; cafes,,
a_avoidancew196,Not avoided anywhere,,
a_avoidancew197,Other places,,
a_resavoidw1_1_1,reason avoid in place 1: sex,,
a_resavoidw1_1_2,reason avoid in place 1: age,,
a_resavoidw1_1_3,reason avoid in place 1: ethnicity  ,,
a_resavoidw1_1_4,reason avoid in place 1: sexual orientation ,,
a_resavoidw1_1_5,reason avoid in place 1: health or disability   ,,
a_resavoidw1_1_6,reason avoid in place 1: nationality,,
a_resavoidw1_1_7,reason avoid in place 1: religion   ,,
a_resavoidw1_1_8,reason avoid in place 1: language or accent ,,
a_resavoidw1_1_9,reason avoid in place 1: dress or appearance,,
a_resavoidw1_1_96,reason avoid in place 1: none of the above  ,,
a_resavoidw1_1_97,reason avoid in place 1: other  ,,
a_resavoidw1_2_1,reason avoid in place 2: sex,,
a_resavoidw1_2_2,reason avoid in place 2: age,,
a_resavoidw1_2_3,reason avoid in place 2: ethnicity  ,,
a_resavoidw1_2_4,reason avoid in place 2: sexual orientation ,,
a_resavoidw1_2_5,reason avoid in place 2: health or disability   ,,
a_resavoidw1_2_6,reason avoid in place 2: nationality,,
a_resavoidw1_2_7,reason avoid in place 2: religion   ,,
a_resavoidw1_2_8,reason avoid in place 2: language or accent ,,
a_resavoidw1_2_9,reason avoid in place 2: dress or appearance,,
a_resavoidw1_2_96,reason avoid in place 2: none of the above  ,,
a_resavoidw1_2_97,reason avoid in place 2: other  ,,
a_resavoidw1_3_1,reason avoid in place 3: sex,,
a_resavoidw1_3_2,reason avoid in place 3: age,,
a_resavoidw1_3_3,reason avoid in place 3: ethnicity  ,,
a_resavoidw1_3_4,reason avoid in place 3: sexual orientation ,,
a_resavoidw1_3_5,reason avoid in place 3: health or disability   ,,
a_resavoidw1_3_6,reason avoid in place 3: nationality,,
a_resavoidw1_3_7,reason avoid in place 3: religion   ,,
a_resavoidw1_3_8,reason avoid in place 3: language or accent ,,
a_resavoidw1_3_9,reason avoid in place 3: dress or appearance,,
a_resavoidw1_3_96,reason avoid in place 3: none of the above  ,,
a_resavoidw1_3_97,reason avoid in place 3: other  ,,
a_resavoidw1_4_1,reason avoid in place 4: sex,,
a_resavoidw1_4_2,reason avoid in place 4: age,,
a_resavoidw1_4_3,reason avoid in place 4: ethnicity  ,,
a_resavoidw1_4_4,reason avoid in place 4: sexual orientation ,,
a_resavoidw1_4_5,reason avoid in place 4: health or disability   ,,
a_resavoidw1_4_6,reason avoid in place 4: nationality,,
a_resavoidw1_4_7,reason avoid in place 4: religion   ,,
a_resavoidw1_4_8,reason avoid in place 4: language or accent ,,
a_resavoidw1_4_9,reason avoid in place 4: dress or appearance,,
a_resavoidw1_4_96,reason avoid in place 4: none of the above  ,,
a_resavoidw1_4_97,reason avoid in place 4: other  ,,
a_resavoidw1_5_1,reason avoid in place 5: sex,,
a_resavoidw1_5_2,reason avoid in place 5: age,,
a_resavoidw1_5_3,reason avoid in place 5: ethnicity  ,,
a_resavoidw1_5_4,reason avoid in place 5: sexual orientation ,,
a_resavoidw1_5_5,reason avoid in place 5: health or disability   ,,
a_resavoidw1_5_6,reason avoid in place 5: nationality,,
a_resavoidw1_5_7,reason avoid in place 5: religion   ,,
a_resavoidw1_5_8,reason avoid in place 5: language or accent ,,
a_resavoidw1_5_9,reason avoid in place 5: dress or appearance,,
a_resavoidw1_5_96,reason avoid in place 5: none of the above  ,,
a_resavoidw1_5_97,reason avoid in place 5: other  ,,
a_resavoidw1_6_1,reason avoid in place 6: sex,,
a_resavoidw1_6_2,reason avoid in place 6: age,,
a_resavoidw1_6_3,reason avoid in place 6: ethnicity  ,,
a_resavoidw1_6_4,reason avoid in place 6: sexual orientation ,,
a_resavoidw1_6_5,reason avoid in place 6: health or disability   ,,
a_resavoidw1_6_6,reason avoid in place 6: nationality,,
a_resavoidw1_6_7,reason avoid in place 6: religion   ,,
a_resavoidw1_6_8,reason avoid in place 6: language or accent ,,
a_resavoidw1_6_9,reason avoid in place 6: dress or appearance,,
a_resavoidw1_6_96,reason avoid in place 6: none of the above  ,,
a_resavoidw1_6_97,reason avoid in place 6: other  ,,
a_resavoidw1_7_1,reason avoid in place 7: sex,,
a_resavoidw1_7_2,reason avoid in place 7: age,,
a_resavoidw1_7_3,reason avoid in place 7: ethnicity  ,,
a_resavoidw1_7_4,reason avoid in place 7: sexual orientation ,,
a_resavoidw1_7_5,reason avoid in place 7: health or disability   ,,
a_resavoidw1_7_6,reason avoid in place 7: nationality,,
a_resavoidw1_7_7,reason avoid in place 7: religion   ,,
a_resavoidw1_7_8,reason avoid in place 7: language or accent ,,
a_resavoidw1_7_9,reason avoid in place 7: dress or appearance,,
a_resavoidw1_7_96,reason avoid in place 7: none of the above  ,,
a_resavoidw1_7_97,reason avoid in place 7: other  ,,
a_resavoidw1_97_1,reason avoid in place other: sex,,
a_resavoidw1_97_2,reason avoid in place other: age,,
a_resavoidw1_97_3,reason avoid in place other: ethnicity  ,,
a_resavoidw1_97_4,reason avoid in place other: sexual orientation ,,
a_resavoidw1_97_5,reason avoid in place other: health or disability   ,,
a_resavoidw1_97_6,reason avoid in place other: nationality,,
a_resavoidw1_97_7,reason avoid in place other: religion   ,,
a_resavoidw1_97_8,reason avoid in place other: language or accent ,,
a_resavoidw1_97_9,reason avoid in place other: dress or appearance,,
a_resavoidw1_97_96,reason avoid in place other: none of the above  ,,
a_resavoidw1_97_97,reason avoid in place other: other  ,,
a_insultedw11,At school,,
a_insultedw12,At college/university,,
a_insultedw13,At work,,
a_insultedw14,On public transport,,
a_insultedw15,At/near Bus/train stn,,
a_insultedw16,In Shopping centres; etc,,
a_insultedw17,In cinema; cafes,,
a_insultedw196,Not; in last 12 months,,
a_insultedw197,Other places,,
a_resinsultedw1_1_1,reason insulted in place 1: sex ,,
a_resinsultedw1_1_2,reason insulted in place 1: age ,,
a_resinsultedw1_1_3,reason insulted in place 1: ethnicity   ,,
a_resinsultedw1_1_4,reason insulted in place 1: sexual orientation  ,,
a_resinsultedw1_1_5,reason insulted in place 1: health or disability,,
a_resinsultedw1_1_6,reason insulted in place 1: nationality ,,
a_resinsultedw1_1_7,reason insulted in place 1: religion,,
a_resinsultedw1_1_8,reason insulted in place 1: language or accent  ,,
a_resinsultedw1_1_9,reason insulted in place 1: dress or appearance ,,
a_resinsultedw1_1_96,reason insulted in place 1: none of the above   ,,
a_resinsultedw1_1_97,reason insulted in place 1: other   ,,
a_resinsultedw1_2_1,reason insulted in place 2: sex ,,
a_resinsultedw1_2_2,reason insulted in place 2: age ,,
a_resinsultedw1_2_3,reason insulted in place 2: ethnicity   ,,
a_resinsultedw1_2_4,reason insulted in place 2: sexual orientation  ,,
a_resinsultedw1_2_5,reason insulted in place 2: health or disability,,
a_resinsultedw1_2_6,reason insulted in place 2: nationality ,,
a_resinsultedw1_2_7,reason insulted in place 2: religion,,
a_resinsultedw1_2_8,reason insulted in place 2: language or accent  ,,
a_resinsultedw1_2_9,reason insulted in place 2: dress or appearance ,,
a_resinsultedw1_2_96,reason insulted in place 2: none of the above   ,,
a_resinsultedw1_2_97,reason insulted in place 2: other   ,,
a_resinsultedw1_3_1,reason insulted in place 3: sex ,,
a_resinsultedw1_3_2,reason insulted in place 3: age ,,
a_resinsultedw1_3_3,reason insulted in place 3: ethnicity   ,,
a_resinsultedw1_3_4,reason insulted in place 3: sexual orientation  ,,
a_resinsultedw1_3_5,reason insulted in place 3: health or disability,,
a_resinsultedw1_3_6,reason insulted in place 3: nationality ,,
a_resinsultedw1_3_7,reason insulted in place 3: religion,,
a_resinsultedw1_3_8,reason insulted in place 3: language or accent  ,,
a_resinsultedw1_3_9,reason insulted in place 3: dress or appearance ,,
a_resinsultedw1_3_96,reason insulted in place 3: none of the above   ,,
a_resinsultedw1_3_97,reason insulted in place 3: other   ,,
a_resinsultedw1_4_1,reason insulted in place 4: sex ,,
a_resinsultedw1_4_2,reason insulted in place 4: age ,,
a_resinsultedw1_4_3,reason insulted in place 4: ethnicity   ,,
a_resinsultedw1_4_4,reason insulted in place 4: sexual orientation  ,,
a_resinsultedw1_4_5,reason insulted in place 4: health or disability,,
a_resinsultedw1_4_6,reason insulted in place 4: nationality ,,
a_resinsultedw1_4_7,reason insulted in place 4: religion,,
a_resinsultedw1_4_8,reason insulted in place 4: language or accent  ,,
a_resinsultedw1_4_9,reason insulted in place 4: dress or appearance ,,
a_resinsultedw1_4_96,reason insulted in place 4: none of the above   ,,
a_resinsultedw1_4_97,reason insulted in place 4: other   ,,
a_resinsultedw1_5_1,reason insulted in place 5: sex ,,
a_resinsultedw1_5_2,reason insulted in place 5: age ,,
a_resinsultedw1_5_3,reason insulted in place 5: ethnicity   ,,
a_resinsultedw1_5_4,reason insulted in place 5: sexual orientation  ,,
a_resinsultedw1_5_5,reason insulted in place 5: health or disability,,
a_resinsultedw1_5_6,reason insulted in place 5: nationality ,,
a_resinsultedw1_5_7,reason insulted in place 5: religion,,
a_resinsultedw1_5_8,reason insulted in place 5: language or accent  ,,
a_resinsultedw1_5_9,reason insulted in place 5: dress or appearance ,,
a_resinsultedw1_5_96,reason insulted in place 5: none of the above   ,,
a_resinsultedw1_5_97,reason insulted in place 5: other   ,,
a_resinsultedw1_6_1,reason insulted in place 6: sex ,,
a_resinsultedw1_6_2,reason insulted in place 6: age ,,
a_resinsultedw1_6_3,reason insulted in place 6: ethnicity   ,,
a_resinsultedw1_6_4,reason insulted in place 6: sexual orientation  ,,
a_resinsultedw1_6_5,reason insulted in place 6: health or disability,,
a_resinsultedw1_6_6,reason insulted in place 6: nationality ,,
a_resinsultedw1_6_7,reason insulted in place 6: religion,,
a_resinsultedw1_6_8,reason insulted in place 6: language or accent  ,,
a_resinsultedw1_6_9,reason insulted in place 6: dress or appearance ,,
a_resinsultedw1_6_96,reason insulted in place 6: none of the above   ,,
a_resinsultedw1_6_97,reason insulted in place 6: other   ,,
a_resinsultedw1_7_1,reason insulted in place 7: sex ,,
a_resinsultedw1_7_2,reason insulted in place 7: age ,,
a_resinsultedw1_7_3,reason insulted in place 7: ethnicity   ,,
a_resinsultedw1_7_4,reason insulted in place 7: sexual orientation  ,,
a_resinsultedw1_7_5,reason insulted in place 7: health or disability,,
a_resinsultedw1_7_6,reason insulted in place 7: nationality ,,
a_resinsultedw1_7_7,reason insulted in place 7: religion,,
a_resinsultedw1_7_8,reason insulted in place 7: language or accent  ,,
a_resinsultedw1_7_9,reason insulted in place 7: dress or appearance ,,
a_resinsultedw1_7_96,reason insulted in place 7: none of the above   ,,
a_resinsultedw1_7_97,reason insulted in place 7: other   ,,
a_resinsultedw1_97_1,reason insulted in place other: sex ,,
a_resinsultedw1_97_2,reason insulted in place other: age ,,
a_resinsultedw1_97_3,reason insulted in place other: ethnicity   ,,
a_resinsultedw1_97_4,reason insulted in place other: sexual orientation  ,,
a_resinsultedw1_97_5,reason insulted in place other: health or disability,,
a_resinsultedw1_97_6,reason insulted in place other: nationality ,,
a_resinsultedw1_97_7,reason insulted in place other: religion,,
a_resinsultedw1_97_8,reason insulted in place other: language or accent  ,,
a_resinsultedw1_97_9,reason insulted in place other: dress or appearance ,,
a_resinsultedw1_97_96,reason insulted in place other: none of the above   ,,
a_resinsultedw1_97_97,reason insulted in place other: other   ,,
a_attackedw11,At school,,
a_attackedw12,At college/university,,
a_attackedw13,At work,,
a_attackedw14,On public transport,,
a_attackedw15,At/near Bus/train stn,,
a_attackedw16,In Shopping centres; etc,,
a_attackedw17,In cinema; cafes,,
a_attackedw196,Not; in last 12 months,,
a_attackedw197,Other places,,
a_resattackedw1_1_1,reason attacked in place 1: sex ,,
a_resattackedw1_1_2,reason attacked in place 1: age ,,
a_resattackedw1_1_3,reason attacked in place 1: ethnicity   ,,
a_resattackedw1_1_4,reason attacked in place 1: sexual orientation  ,,
a_resattackedw1_1_5,reason attacked in place 1: health or disability,,
a_resattackedw1_1_6,reason attacked in place 1: nationality ,,
a_resattackedw1_1_7,reason attacked in place 1: religion,,
a_resattackedw1_1_8,reason attacked in place 1: language or accent  ,,
a_resattackedw1_1_9,reason attacked in place 1: dress or appearance ,,
a_resattackedw1_1_96,reason attacked in place 1: none of the above   ,,
a_resattackedw1_1_97,reason attacked in place 1: other   ,,
a_resattackedw1_2_1,reason attacked in place 2: sex ,,
a_resattackedw1_2_2,reason attacked in place 2: age ,,
a_resattackedw1_2_3,reason attacked in place 2: ethnicity   ,,
a_resattackedw1_2_4,reason attacked in place 2: sexual orientation  ,,
a_resattackedw1_2_5,reason attacked in place 2: health or disability,,
a_resattackedw1_2_6,reason attacked in place 2: nationality ,,
a_resattackedw1_2_7,reason attacked in place 2: religion,,
a_resattackedw1_2_8,reason attacked in place 2: language or accent  ,,
a_resattackedw1_2_9,reason attacked in place 2: dress or appearance ,,
a_resattackedw1_2_96,reason attacked in place 2: none of the above   ,,
a_resattackedw1_2_97,reason attacked in place 2: other   ,,
a_resattackedw1_3_1,reason attacked in place 3: sex ,,
a_resattackedw1_3_2,reason attacked in place 3: age ,,
a_resattackedw1_3_3,reason attacked in place 3: ethnicity   ,,
a_resattackedw1_3_4,reason attacked in place 3: sexual orientation  ,,
a_resattackedw1_3_5,reason attacked in place 3: health or disability,,
a_resattackedw1_3_6,reason attacked in place 3: nationality ,,
a_resattackedw1_3_7,reason attacked in place 3: religion,,
a_resattackedw1_3_8,reason attacked in place 3: language or accent  ,,
a_resattackedw1_3_9,reason attacked in place 3: dress or appearance ,,
a_resattackedw1_3_96,reason attacked in place 3: none of the above   ,,
a_resattackedw1_3_97,reason attacked in place 3: other   ,,
a_resattackedw1_4_1,reason attacked in place 4: sex ,,
a_resattackedw1_4_2,reason attacked in place 4: age ,,
a_resattackedw1_4_3,reason attacked in place 4: ethnicity   ,,
a_resattackedw1_4_4,reason attacked in place 4: sexual orientation  ,,
a_resattackedw1_4_5,reason attacked in place 4: health or disability,,
a_resattackedw1_4_6,reason attacked in place 4: nationality ,,
a_resattackedw1_4_7,reason attacked in place 4: religion,,
a_resattackedw1_4_8,reason attacked in place 4: language or accent  ,,
a_resattackedw1_4_9,reason attacked in place 4: dress or appearance ,,
a_resattackedw1_4_96,reason attacked in place 4: none of the above   ,,
a_resattackedw1_4_97,reason attacked in place 4: other   ,,
a_resattackedw1_5_1,reason attacked in place 5: sex ,,
a_resattackedw1_5_2,reason attacked in place 5: age ,,
a_resattackedw1_5_3,reason attacked in place 5: ethnicity   ,,
a_resattackedw1_5_4,reason attacked in place 5: sexual orientation  ,,
a_resattackedw1_5_5,reason attacked in place 5: health or disability,,
a_resattackedw1_5_6,reason attacked in place 5: nationality ,,
a_resattackedw1_5_7,reason attacked in place 5: religion,,
a_resattackedw1_5_8,reason attacked in place 5: language or accent  ,,
a_resattackedw1_5_9,reason attacked in place 5: dress or appearance ,,
a_resattackedw1_5_96,reason attacked in place 5: none of the above   ,,
a_resattackedw1_5_97,reason attacked in place 5: other   ,,
a_resattackedw1_6_1,reason attacked in place 6: sex ,,
a_resattackedw1_6_2,reason attacked in place 6: age ,,
a_resattackedw1_6_3,reason attacked in place 6: ethnicity   ,,
a_resattackedw1_6_4,reason attacked in place 6: sexual orientation  ,,
a_resattackedw1_6_5,reason attacked in place 6: health or disability,,
a_resattackedw1_6_6,reason attacked in place 6: nationality ,,
a_resattackedw1_6_7,reason attacked in place 6: religion,,
a_resattackedw1_6_8,reason attacked in place 6: language or accent  ,,
a_resattackedw1_6_9,reason attacked in place 6: dress or appearance ,,
avail_from_dt,,,
