variable_name,variable_label,value_value,value_label
study_id_e,,,
c_nastop2,Cognitive ability: refused Numeric ability: physical disability,,
c_nastop3,Cognitive ability: refused Numeric ability: attention problems,,
c_nastop4,Cognitive ability: refused Numeric ability: insufficient time,,
c_nastop5,Cognitive ability: refused Numeric ability: anxiety/discomfort,,
c_nastop6,Cognitive ability: refused Numeric ability: others present,,
c_nastop7,Cognitive ability: refused Numeric ability: R does not want to do task ,,
c_nastop8,Cognitive ability: refused Numeric ability: language problems,,
c_nastop97,Cognitive ability: refused Numeric ability: other problem,,
c_liceng,Cognitive ability: whether tests conducted in English,,
c_lictrans,Cognitive ability: language in which tests were conducted,,
c_licwho,Cognitive ability: translated tests administered by who,,
c_clangab,Cognitive ability: interviewer rated language ability,,
c_ivcoop,respondent co-operation ,,
c_susp,respondent suspicious   ,,
c_undqus,respondent understood questions ,,
c_ivprsnt,others present during interview ,,
c_ivinfnce,influence of others on interview,,
c_ivaffct11,Other answered directly for respondent (butted in; prompted respondent),,
c_ivaffct12,Other changed/altered respondent's answers,,
c_ivaffct13,Other augmented/added to respondent's answers,,
c_ivaffct14,Other disapproved of answers/stopped respondent answering,,
c_ivaffct15,Respondent sought help from/conferred with other(s),,
c_ivaffct17,Other negative effect; influence; disturbance,,
c_ivaffct21,Other confirmed respondent's answers,,
c_ivaffct22,Other helped in translation; reading showcards; other survey tasks,,
c_ivaffct23,Other helped recall of dates; amounts etc but did not answer directly for respon,,
c_ivaffct27,Other positive effect; influence; disturbance,,
c_ivaffct30,Children/family/other being disruptive,,
c_ivaffct97,Any other effect,,
c_ivlieng,interview conducted in english  ,,
c_ivlitrans,translated language ,,
c_ivliwho,Who translated if not entire interview in English,,
c_ivlibal,Amount of interview conducted in translation,,
c_prel,Rel between proxy and proxy informant,,
c_preason,reason for proxy,,
c_pripn,pno of proxy informant  ,,
c_pjulk4wk,looked for work in last 4 weeks ,,
c_pjbptft,part-time or full-time : current job,,
c_pjsptft,self-employed : part time or full-time  ,,
c_prearn,total earnings  ,,
c_prearnw_w3,total earnings weekly   ,,
c_prearna_w3,total earnings annually ,,
c_pbnft1,NI Retirement/State Retirement (old age) Pension,,
c_pbnft2,Pension from previous employer(s),,
c_pbnft3,Disability Living Allowance,,
c_pbnft4,Job Seekers Allowance (Unemployment) and/or Income Support,,
c_pbnft5,Employment and Support Allowance,,
c_pbnft6,Child Benefit,,
c_pbnft7,Working Tax Credit (formerly Working Family Tax Credit and Disabled Person's Tax,,
c_pbnft8,Housing Benefit/Rent Rebate,,
c_pbnft9,Incapacity Benefit (Replaces Invalidity and NI Sickness Benefit),,
c_pbnft10,Any other state benefit,,
c_pbnft11,Child Tax Credit,,
c_pbnft12,Pension Credit,,
c_pbnft96,None of these,,
c_netuse,regularly uses internet ,,
c_prfitb,total personal income   ,,
c_prfitbw_w3,total personal income weekly,,
c_prfitba_w3,total personal income annually  ,,
c_hgbiom,person number of biological mother - derived,,
c_hgbiof,person number of biological father - derived,,
c_respm16,whether mother of child under aged under 16 in hh   ,,
c_respf16,whether father of child under aged under 16 in hh   ,,
c_hgadoptm,person number of adoptive mother - derived  ,,
c_hgadoptf,person number of adoptive father - derived  ,,
c_hgpart,person number of husband/wife/civil partner - derived   ,,
c_origadd,interview conducted at original address ,,
c_indmode,mode this individual was given final ind outcome in,,
c_istrtdathh,start of individual interview (hours),,
c_istrtdatmm,start of individual interview (minutes),,
c_istrtdatss,start of individual interview (seconds),,
c_ienddathh,end of individual interview (hours),,
c_ienddatmm,end of individual interview (minutes),,
c_ienddatss,end of individual interview (seconds),,
c_j2pay_if,imputation flag jb2pay_dv,,
c_fimngrs_tc,fimngrs_dv includes top coded component (EUL version only) (EUL version only),,
c_fimngrs_dv,total monthly personal income gross,,
c_fimnlabgrs_tc,fimnlabgrs_dv includes top coded component (EUL version only) (EUL version only),,
c_fimnlabgrs_dv,total monthly labour income gross,,
c_fimnlabnet_tc,fimnlabnet_dv includes top coded component (EUL version only) (EUL version only),,
c_fimnlabnet_dv,amount income component 1: net labour income,,
c_fiyrinvinc_tc,fiyrinvinc_dv includes top coded component (EUL version only) (EUL version only),,
c_fiyrinvinc_dv,income from savings and investments; annual,,
c_fibenothr_tc,fibenothr_dv includes top coded component (EUL version only) (EUL version only),,
c_fibenothr_dv,Total income from benefits and other sources,,
c_paygl,gross pay at last payment,,
c_paynl,take home pay at last payment,,
c_jsprf,s/emp: net profit in last yearly account,,
c_paygu_dv,usual gross pay per month: current job,,
c_payg_dv,gross pay per month in current job: last payment,,
c_paynu_dv,usual net pay per month: current job,,
c_payn_dv,net pay per month in current job: last payment,,
c_seearngrs_dv,self employment earnings - gross,,
c_seearnnet_dv,self employment earnings - net,,
c_j2pay_dv,pay in second job,,
c_j2paynet_dv,amount income component 1c: net earnings second job,,
c_intdatd_if,Interview date: Day; imputation flag,,
c_intdatm_if,Interview date: Month; imputation flag,,
c_intdaty_if,Interview date: Year; imputation flag,,
c_doby_if,DOB Year imputation flag,,
c_age_if,Imputation flag for age_dv,,
c_ppsex,Partner's sex,,
c_pn1pno,Natural parent 1: PNO,,
c_pn1sex,Natural parent 1: Sex,,
c_pn2pno,Natural parent 2: PNO,,
c_pn2sex,Natural parent 2: Sex,,
c_pns1pno,Nat/step/adopt parent 1: PNO,,
c_pns1sex,Nat/step/adopt parent 1: Sex,,
c_pns2pno,Nat/step/adopt parent 2: PNO,,
c_pns2sex,Nat/step/adopt parent 2: Sex,,
c_ff_ivlolw,fed forward interview outcome prev wave,,
c_ff_everint,fed forward ever interviewed,,
c_ff_jbstat,respondent employment status at previous interview,,
c_ff_emplw,whether in paid employment at previous wave,,
c_ff_tel,telephone interview at this wave (bhps sample only) ,,
c_ff_jbsemp,fed-forward job status: employed or self employed,,
c_ff_jbmngr,fed-forward job status: managerial duties,,
c_ff_jbsize,fed-forward job status: number employed at workplace,,
c_ff_oprlg,fed-forward whether belong to a religion,,
c_ff_oprlg0,fed-forward religion brought up in: e/s/w,,
c_ff_oprlg0ni,Religious affiliation / Northern Ireland,,
c_ff_ukborn,fed-forward born in the uk,,
c_ff_yr2uk4,fed-forward year to uk,,
c_ff_bentype01,fed-forward: received ni retirement/state retirement (old age) pension ,,
c_ff_bentype02,fed-forward: received pension; previous employer ,,
c_ff_bentype03,fed-forward: received pension from a spouse's previous employer ,,
c_ff_bentype04,fed-forward: received private pension/annuity ,,
c_ff_bentype05,fed-forward: received widow's or war widow's pension ,,
c_ff_bentype06,fed-forward: received widowed mother's allowance / widowed parent's allowance ,,
c_ff_bentype07,fed-forward: received pension credit (incl. guarantee credit & saving credit) ,,
c_ff_bentype08,fed-forward: received severe disablement allowance ,,
c_ff_bentype09,fed-forward: received industrial injury disablement allowance ,,
c_ff_bentype10,fed-forward: received disability living allowance ,,
c_ff_bentype11,fed-forward: received attendance allowance ,,
c_ff_bentype12,fed-forward: received carer's allowance (was invalid care allowance) ,,
c_ff_bentype13,fed-forward: received war disablement pension ,,
c_ff_bentype14,fed-forward: received incapacity benefit ,,
c_ff_bentype15,fed-forward: received income support ,,
c_ff_bentype16,fed-forward: received job seeker's allowance ,,
c_ff_bentype17,fed-forward: received national insurance credits ,,
c_ff_bentype18,fed-forward: received child benefit (incl. lone-parent child benefit payments) ,,
c_ff_bentype19,fed-forward: received child tax credit ,,
c_ff_bentype20,fed-forward: received working tax credit (incl. disabled person's tax credit) ,,
c_ff_bentype21,fed-forward: received maternity allowance ,,
c_ff_bentype22,fed-forward: received housing benefit ,,
c_ff_bentype23,fed-forward: received council tax benefit ,,
c_ff_bentype24,fed-forward: received educational grant (not student loan or tuition fee loan) ,,
c_ff_bentype25,fed-forward: received trade union / friendly society payment ,,
c_ff_bentype26,fed-forward: received maintenance or alimony ,,
c_ff_bentype27,fed-forward: received payments from a family member not living here ,,
c_ff_bentype28,fed-forward: received rent from boarders or lodgers (not family members) living ,,
c_ff_bentype29,fed-forward: received rent from any other property ,,
c_ff_bentype30,fed-forward: received foster allowance / guardian allowance ,,
c_ff_bentype31,fed-forward: received rent rebate ,,
c_ff_bentype32,fed-forward: received rate rebate ,,
c_ff_bentype33,fed-forward: received employment and support allowance ,,
c_ff_bentype34,fed-forward: received return to work credit ,,
c_ff_bentype35,fed-forward: received sickness and accident insurance ,,
c_ff_bentype36,fed-forward: received in-work credit for lone parents ,,
c_ff_bentype37,fed-forward: other disability related benefit or payment ,,
c_ff_bentype38,fed-forward: any other regular payment ,,
c_ff_bentype39,fed-forward: any other state benefit ,,
c_ff_ivintlang,Interview language previous interview,,
c_sex_dv,Sex; derived,,
c_age_dv,Age; derived from dob_dv and intdat_dv,,
c_ethn_dv,Ethnic group (derived from multiple sources),,
c_fimnmisc_dv,amount income component 2: miscellaneous income,,
c_fimnprben_dv,amount income component 3: private benefit income,,
c_fimninvnet_dv,amount income component 5: investment income,,
c_fimnpen_dv,amount income component 6: pension income,,
c_fimnsben_dv,amount income component 7: social benefit income,,
c_fimnnet_dv,total net personal income - no deductions,,
c_intdatd_dv,Interview date: Day; derived,,
c_intdatm_dv,Interview date: Month; derived,,
c_intdaty_dv,Interview date: Year; derived,,
c_doby_dv,DOB: Year; derived,,
c_pensioner_dv,Whether R is of pensionable age,,
c_marstat_dv,Harmonised de facto marital status,,
c_npn_dv,Number of R's natural parents in hh,,
c_npns_dv,Number of R's nat/step/adopt parents in hh,,
c_ngrp_dv,Number of R's grandparents in hh,,
c_nnsib_dv,Number of R's natural siblings in hh,,
c_nnssib_dv,Number of R's nat/step/adopt siblings in hh,,
c_npensioner_dv,Total # of pensionable age in hh,,
c_j1nssec8_dv,own first job: NSSEC 8 classes,,
c_panssec8_dv,Father's job: NSSEC 8 classes; resp aged 14,,
c_manssec8_dv,Mother's job: NSSEC 8 classes; resp aged 14,,
c_yanssec8_dv,young adult: job like: NSSEC 8 classes,,
c_j2nssec8_dv,2nd job: NSSEC 8 classes,,
c_nbrsnci_dv,Buckner's Neighbourhood Cohesion Instrument; short (Î±= .86),,
c_nbrcoh_dv,Neighbourhood Social Cohesion;(Î±= .78),,
c_nbrcohdk_dv,Neighbourhood social cohesion: Total number of don't knows,,
c_scdassat_dv,Dyadic Adjustment Scale: Relationship satisfaction subscale,,
c_addrmov_dv,Participant changes address postcode since last wave,,
c_distmov_dv,Distance participant moved since last wave (km),,
c_country,Country of residence,,
c_gor_dv,Government Office Region,,
c_urban_dv,Urban or rural area; derived,,
c_hhresp_dv,Household response status,,
c_xtra5min_dv,Received extra 5 mins EMB questions? cross-sectional,,
c_xtra5minosm_dv,Received extra 5 mins EMB questions? longitudinal,,
c_agegr5_dv,Age group (age_dv): 5 year intervals,,
c_agegr10_dv,Age group (age_dv): 10 year intervals,,
c_agegr13_dv,Age group (age_dv): 13 categories,,
c_livesp_dv,Lives with spouse in hh,,
c_cohab_dv,Lives with cohabitee in hh,,
c_single_dv,Single in hh,,
c_mastat_dv,De facto marital status,,
c_hhtype_dv,Composition of household; LFS-version,,
c_buno_dv,benefit unit number,,
c_depchl_dv,Whether dependent child - official definition,,
c_nchild_dv,Number of own children in household,,
c_ndepchl_dv,Number of own dependent children in household,,
c_adresp15_dv,PNO of person responsible for child under 16,,
c_respm16_dv,whether natural/adoptive/step mother of child under 16,,
c_respf16_dv,whether natural/adoptive/step/foster father of child under 16,,
c_rach16_dv,Whether responsible for child under 16,,
c_hrpno,Household reference person: PNO,,
c_ppno,partner's person number: PNO,,
c_sppno,Spouse's person number: PNO,,
c_fnpno,Natural father: PNO,,
c_fnspno,Nat/step/adopt father: PNO,,
c_mnpno,Natural mother: PNO,,
c_mnspno,Nat/step/adopt mother: PNO,,
c_grfpno,Grandfather: PNO,,
c_grmpno,Grandfather: PNO,,
c_qfhigh_dv,Highest educational qualification,,
c_nqfhigh_dv,Newly reported highest educational qualification,,
c_qfhighfl_dv,Eligibility flag for QFHIGH in UKHLS format,,
c_hiqual_dv,Highest qualification; UKHLS & BHPS samples,,
c_nhiqual_dv,Highest new qualification; UKHLS & BHPS samples,,
c_nnmpsp_dv,No. non-employment spells since last interview,,
c_nmpsp_dv,No. employment spells since last interview,,
c_nunmpsp_dv,No. unemployment spells since last interview,,
c_jbft_dv,Full or part-time employee,,
c_jbsoc00_cc,Current job: SOC 2000; condensed,,
c_jbsoc10_cc,Current job: SOC 2010; condensed,,
c_jbsic07_cc,Current job: SIC 2007; condensed,,
c_jbiindb_dv,Current job: Industrial classification (CNEF); two digits,,
c_jbes2000,Current job: Employment Status 2000,,
c_jbseg_dv,Current job: Socio-economic Group,,
c_jbrgsc_dv,Current job: Registrar General's Social Class,,
c_jbnssec_dv,Current job: NS-SEC (detailed),,
c_jbnssec8_dv,Current job: Eight Class NS-SEC,,
c_jbnssec5_dv,Current job: Five Class NS-SEC,,
c_jbisco88_cc,Current job: ISCO88 (condensed 3 digits version),,
c_jlsoc00_cc,Last job: SOC 2000; condensed,,
c_jlsoc10_cc,Last job: SOC 2010; condensed,,
c_jlsic07_cc,Last job: SIC 2007; condensed,,
c_jliindb_dv,Last job: Industrial classification (CNEF); two digits,,
c_jles2000,Last job: Employment Status 2000,,
c_jlseg_dv,Last job: Socio-economic Group,,
c_jlrgsc_dv,Last job: Registrar General's Social Class,,
c_jlnssec_dv,Last job: NS-SEC,,
c_jlnssec8_dv,Last job: Eight Class NS-SEC,,
c_jlnssec5_dv,Last job: Five Class NS-SEC,,
c_jlisco88_cc,Last job: ISCO88 (condensed 3 digits version),,
c_pasoc90_cc,Father's SOC 1990; resp aged 14; condensed,,
c_pasoc00_cc,Father's SOC 2000; resp aged 14; condensed,,
c_pasoc10_cc,Father's SOC 2010; resp aged 14; condensed,,
c_masoc90_cc,Mother's SOC 1990; resp aged 14; condensed,,
c_masoc00_cc,Mother's SOC 2000; resp aged 14; condensed,,
c_masoc10_cc,Mother's SOC 2010; resp aged 14; condensed,,
c_j1soc90_cc,First job: SOC 1990; condensed,,
c_j1soc00_cc,First job: SOC 2000; condensed,,
c_j1soc10_cc,First job: SOC 2010; condensed,,
c_j2soc90_cc,2nd current job: SOC 1990; condensed,,
c_j2soc00_cc,2nd current job: SOC 2000; condensed,,
c_j2soc10_cc,2nd current job: SOC 2010; condensed,,
c_yasoc90_cc,young adult: job like: SOC 1990; condensed,,
c_yasoc00_cc,young adult: job like: SOC 2000; condensed,,
c_yasoc10_cc,young adult: job like: SOC 2010; condensed,,
c_scghq1_dv,Subjective wellbeing (GHQ): Likert,,
c_scghq2_dv,Subjective wellbeing (GHQ): Caseness,,
c_sf12pcs_dv,SF-12 Physical Component Summary (PCS),,
c_sf12mcs_dv,SF-12 Mental Component Summary (PCS),,
c_big5a_dv,Agreeableness,,
c_big5c_dv,Conscientiousness,,
c_big5e_dv,Extraversion,,
c_big5n_dv,Neuroticism,,
c_big5o_dv,Openness,,
c_psdqa_dv,PSDQ: Authorative parenting scale,,
c_psdqb_dv,PSDQ: Authoritarian parenting scale,,
c_psdqc_dv,PSDQ: Permissive parenting scale,,
c_scflag_dv,flag for self completion record,,
c_attacked_dv,Was attacked at some place in the last 12 months,,
c_avoided_dv,Avoided some place in the last 12 months,,
c_insulted_dv,Was insulted at some place in the last 12 months,,
c_unsafe_dv,Felt unsafe at some place in the last 12 months,,
c_cgsrmem_dv,Cognitive ability: Self-rated memory,,
c_cgsrmem2_dv,Cognitive ability: Self rated memory; 2-category,,
c_cgwri1_dv,Cognitive ability: Immediate word recall 1: Number of correct items,,
c_cgwri2_dv,Cognitive ability: Immediate word recall 2: Number of correct items,,
c_cgwri3_dv,Cognitive ability: Immediate word recall 3: Number of correct items,,
c_cgwri4_dv,Cognitive ability: Immediate word recall 4: Number of correct items,,
c_cgwri_dv,Cognitive ability: Immediate word recall: Number of correct items,,
c_cgivwri1_dv,Cognitive ability: anyone present during immed. word recall,,
c_cgwrd_dv,Cognitive ability: Delayed word recall: Number of correct items,,
c_cgivwrd1_dv,Cognitive ability: anyone present during delayed word recall,,
c_cgs7cs_dv,Cognitive ability: Subtract 7: Number of correct subtractions,,
c_cgs7n_dv,Cognitive ability: Subtract 7: Number of items answered,,
c_cgs7ca_dv,Cognitive ability: Subtract 7: Number of correct answers,,
c_cgivs71_dv,Cognitive ability: anyone present during Subtract 7,,
c_cgns1a_dv,Cognitive ability: Number series 1a: Number of correct items,,
c_cgns1b_dv,Cognitive ability: Number series 1b: Number of correct items,,
c_cgns2a_dv,Cognitive ability: Number series 2a: Number of correct items,,
c_cgns2b_dv,Cognitive ability: Number series 2b: Number of correct items,,
c_cgns1sc6_dv,Cognitive ability: Number series: Set 1 A+B total score,,
c_cgns1sc10_dv,Cognitive ability: Number series: Set 1: HRS10 score,,
c_cgns2sc6_dv,Cognitive ability: Number series: Set 2 A+B total score,,
c_cgns2sc10_dv,Cognitive ability: Number series: Set 2: HRS10 score,,
c_cgivns1_dv,Cognitive ability: anyone present during Number series,,
c_cgvfc_dv,Cognitive ability: Verbal fluency: Count of correct answers,,
c_cgvfw_dv,Cognitive ability: Verbal fluency: Count of incorrect answers,,
c_cgivvf1_dv,Cognitive ability: anyone present during Verbal fluency,,
c_cgna_dv,Cognitive ability: Numeric ability: Count of items answered correctly,,
c_cgivna1_dv,Cognitive ability: anyone present during Numeric ability,,
c_payu_dv,usual pay per month if different from last,,
c_paygu_if,imputation flag var - paygu_dv,,
c_paynu_if,imputation flag var - paynu_dv,,
c_seearngrs_if,imputation flag var - seearngrs_dv,,
c_fiyrinvinc_if,imputation flag var fiyrinvinc_dv,,
c_fibenothr_if,share of c_fibenothr_dv imputed,,
c_fimnlabgrs_if,imputation flag fimnlabgrs_dv,,
c_fimngrs_if,imputation flag fimngrs_dv,,
c_indinub_lw,combined longitudinal adult main interview weight,,
c_indpxus_lw,longitudinal adult main or proxy interview weight,,
c_indpxub_lw,combined longitudinal adult main or proxy interview weight,,
c_indin91_lw,BHPS 1991 longitudinal full response weight,,
c_indin01_lw,BHPS 2001 longitudinal full response weight,,
c_indinus_lw,longitudinal adult main interview weight,,
c_indinub_xw,combined cross-sectional adult main interview weight,,
c_indscus_lw,longitudinal adult self-completion interview weight,,
c_indscub_lw,combined longitudinal adult self-completion interview weight,,
c_ind5mus_lw,longitudinal adult extra 5 minute interview weight,,
c_indns91_lw,BHPS 1991 longitudinal nurse visit weight,,
c_indbd91_lw,combined longitudinal blood interview weight,,
c_indnsub_lw,combined UKHLS+BHPS longitudinal nurse interview weight,,
c_indbdub_lw,combined longitudinal blood interview weight,,
c_indpxub_xw,combined cross-sectional adult main or proxy interview weight,,
c_indscub_xw,combined cross-sectional adult self-completion interview weight,,
c_ind5mus_xw,cross-sectional extra 5 minute interview person weight,,
c_jbnssec3_dv,Current job: Three Class NS-SEC,,
c_jlnssec3_dv,Last job: Three Class NS-SEC,,
c_racel_dv,Ethnic group incorp. all waves; codings; modes and bhps,,
avail_from_dt,,,
