variable_name,variable_label,value_value,value_label
study_id_e,,,
bd2cntry,1975: Country of Interview,-1.0,Not known
bd2cntry,1975: Country of Interview,1.0,England
bd2cntry,1975: Country of Interview,2.0,Wales
bd2cntry,1975: Country of Interview,3.0,Scotland
bd2cntry,1975: Country of Interview,4.0,Northern Ireland
bd2cntry,1975: Country of Interview,12.0,Overseas
bd2regn,1975: Standard Region of residence,-2.0,Armed Services
bd2regn,1975: Standard Region of residence,-1.0,Unknown
bd2regn,1975: Standard Region of residence,1.0,North
bd2regn,1975: Standard Region of residence,2.0,Yorks and Humberside
bd2regn,1975: Standard Region of residence,3.0,East Midlands
bd2regn,1975: Standard Region of residence,4.0,East Anglia
bd2regn,1975: Standard Region of residence,5.0,South East
bd2regn,1975: Standard Region of residence,6.0,South West
bd2regn,1975: Standard Region of residence,7.0,West Midlands
bd2regn,1975: Standard Region of residence,8.0,North West
bd2regn,1975: Standard Region of residence,9.0,Wales
bd2regn,1975: Standard Region of residence,10.0,Scotland
bd2regn,1975: Standard Region of residence,11.0,Northern Ireland
bd2regn,1975: Standard Region of residence,12.0,Overseas
bd2soc,1975: Social class -fathers occup (or mothers if missing) (e197 + e206),-1.0,info missing
bd2soc,1975: Social class -fathers occup (or mothers if missing) (e197 + e206),0.0,student/voluntary work
bd2soc,1975: Social class -fathers occup (or mothers if missing) (e197 + e206),1.0,V unskilled
bd2soc,1975: Social class -fathers occup (or mothers if missing) (e197 + e206),2.0,IV partly-skilled
bd2soc,1975: Social class -fathers occup (or mothers if missing) (e197 + e206),3.0,III manual
bd2soc,1975: Social class -fathers occup (or mothers if missing) (e197 + e206),4.0,III non manual
bd2soc,1975: Social class -fathers occup (or mothers if missing) (e197 + e206),5.0,II managerial and Technical
bd2soc,1975: Social class -fathers occup (or mothers if missing) (e197 + e206),6.0,I professional
bd2read,1975: Standardised English Picture Vocab Test score (EPVT) (b5read),-1.0,Not computed
bd2rdage,1975: Estimated reading age at age 5 (derived from zb5read and av age),-1.0,Not computed
bd2in,1975: CM's parent gave information on 1+ Malaise question,0.0,no info
bd2in,1975: CM's parent gave information on 1+ Malaise question,1.0,info at age 5
bd2mal,1975:  (CM's parent) total Malaise score,-2.0,not stated any questions
bd2mal,1975:  (CM's parent) total Malaise score,-1.0,incomplete info
bd2mala,1975: (CM's parent) total Malaise score - grouped based on distribution,-2.0,not stated any questions
bd2mala,1975: (CM's parent) total Malaise score - grouped based on distribution,-1.0,incomplete info
bd2mala,1975: (CM's parent) total Malaise score - grouped based on distribution,1.0,0-80th centile - normal behaviour
bd2mala,1975: (CM's parent) total Malaise score - grouped based on distribution,2.0,81st-95th centile-mod. behaviour probs
bd2mala,1975: (CM's parent) total Malaise score - grouped based on distribution,3.0,95+ centile - severe behaviour problems
bd2malb,1975: (CM's parent) total Malaise score - grouped in standard way,-2.0,not stated any questions
bd2malb,1975: (CM's parent) total Malaise score - grouped in standard way,-1.0,incomplete info
bd2malb,1975: (CM's parent) total Malaise score - grouped in standard way,1.0,score of 0-7
bd2malb,1975: (CM's parent) total Malaise score - grouped in standard way,2.0,score of 8+
bd2n,1975: CM's parent gave information on at least 1 Rutter question,0.0,no info
bd2n,1975: CM's parent gave information on at least 1 Rutter question,1.0,info at age 5
bd2rutt,1975:  (CM's parent) total Rutter behaviour score,-2.0,not stated any questions
bd2rutt,1975:  (CM's parent) total Rutter behaviour score,-1.0,incomplete info
bd2mrutg,1975: (CM's parent) total Rutter behaviour score  - grouped,-2.0,not stated any questions
bd2mrutg,1975: (CM's parent) total Rutter behaviour score  - grouped,-1.0,incomplete info
bd2mrutg,1975: (CM's parent) total Rutter behaviour score  - grouped,1.0,0-80th centile - normal behaviour
bd2mrutg,1975: (CM's parent) total Rutter behaviour score  - grouped,2.0,81st-95th centile-mod. behaviour probs
bd2mrutg,1975: (CM's parent) total Rutter behaviour score  - grouped,3.0,95+ centile - severe behaviour problems
v3,None,,
avail_from_dt,,,
