variable_name,variable_label,value_value,value_label
study_id_e,,,
ncdkid,Summary of audiogram results,-4.0,No audiometry test performed at all
ncdkid,Summary of audiogram results,-2.0,"Not sweep audiogram, no tone test"
ncdkid,Summary of audiogram results,1.0,Minimal loss both ears
ncdkid,Summary of audiogram results,2.0,Moderate loss both ears
ncdkid,Summary of audiogram results,3.0,Severe loss both ears
ncdkid,Summary of audiogram results,4.0,Moderate and severe
ncdkid,Summary of audiogram results,5.0,Minimal and severe
ncdkid,Summary of audiogram results,6.0,Minimal and moderate
ncdkid,Summary of audiogram results,7.0,"1 or 2 ab ears on sweep audio, no tone"
ncdkid,Summary of audiogram results,8.0,Passed sweep audiogram both ears
a103a,Sweep Right Ear - Expanded Categories,-1.0,Not stated/no audiogram
a103a,Sweep Right Ear - Expanded Categories,0.0,"No sweep audio done, no tone test"
a103a,Sweep Right Ear - Expanded Categories,1.0,"Normal on sweep audio, no tone test"
a103a,Sweep Right Ear - Expanded Categories,2.0,"Abnormal on sweep audio, tone test done"
a103a,Sweep Right Ear - Expanded Categories,3.0,Ear not tested on sweep nor pure-tone
a103a,Sweep Right Ear - Expanded Categories,4.0,"Normal on sweep audio, pure-tone done"
a103a,Sweep Right Ear - Expanded Categories,5.0,"Abnormal on sweep audio, no tone done"
a103a,Sweep Right Ear - Expanded Categories,6.0,"Nosweep audio done, pure-tone test done"
a103a,Sweep Right Ear - Expanded Categories,7.0,"Ear not tested on audio, pure-tone done"
a105a,Sweep Left Ear - Expanded Categories,-1.0,Not stated/no audiogram
a105a,Sweep Left Ear - Expanded Categories,0.0,"No sweep audio done, no tone test"
a105a,Sweep Left Ear - Expanded Categories,1.0,"Normal on sweep audio, no tone test"
a105a,Sweep Left Ear - Expanded Categories,2.0,"Abnormal on sweep audio, tone test done"
a105a,Sweep Left Ear - Expanded Categories,3.0,Ear not tested on sweep nor pure-tone
a105a,Sweep Left Ear - Expanded Categories,4.0,"Normal on sweep audio, pure-tone done"
a105a,Sweep Left Ear - Expanded Categories,5.0,"Abnormal on sweep audio, no tone done"
a105a,Sweep Left Ear - Expanded Categories,6.0,"Nosweep audio done, pure-tone test done"
a105a,Sweep Left Ear - Expanded Categories,7.0,"Ear not tested on audio, pure-tone done"
rtotloss,Total Right Freqs Lost(Needs RCOUNT),-1.0,No right freq tests performed
rcount,No of Right Freqs Performed,-1.0,No pure-tone test done on either ear
ltotloss,Total Left Freqs Lost(Needs LCOUNT),-1.0,No left freq tests performed
lcount,No of Left Freqs Performed,-1.0,No pure-tone test done on either ear
v3,None,,
avail_from_dt,,,
