variable_name,variable_label,value_value,value_label
study_id_e,,,
bd6cntry,2000: Country of Interview,-1.0,Not known
bd6cntry,2000: Country of Interview,1.0,England
bd6cntry,2000: Country of Interview,2.0,Wales
bd6cntry,2000: Country of Interview,3.0,Scotland
bd6cntry,2000: Country of Interview,4.0,Northern Ireland
bd6regn,2000: Standard Region of residence,-2.0,Armed Services
bd6regn,2000: Standard Region of residence,-1.0,Unknown
bd6regn,2000: Standard Region of residence,1.0,North
bd6regn,2000: Standard Region of residence,2.0,Yorks and Humberside
bd6regn,2000: Standard Region of residence,3.0,East Midlands
bd6regn,2000: Standard Region of residence,4.0,East Anglia
bd6regn,2000: Standard Region of residence,5.0,South East
bd6regn,2000: Standard Region of residence,6.0,South West
bd6regn,2000: Standard Region of residence,7.0,West Midlands
bd6regn,2000: Standard Region of residence,8.0,North West
bd6regn,2000: Standard Region of residence,9.0,Wales
bd6regn,2000: Standard Region of residence,10.0,Scotland
bd6regn,2000: Standard Region of residence,11.0,Northern Ireland
bd6regn,2000: Standard Region of residence,12.0,Overseas
bd6gor,2000: Government Office Region of residence,-1.0,Unknown
bd6gor,2000: Government Office Region of residence,1.0,North East
bd6gor,2000: Government Office Region of residence,2.0,North West
bd6gor,2000: Government Office Region of residence,3.0,Yorkshire and Humberside
bd6gor,2000: Government Office Region of residence,4.0,East Midlands
bd6gor,2000: Government Office Region of residence,5.0,West Midlands
bd6gor,2000: Government Office Region of residence,6.0,East of England
bd6gor,2000: Government Office Region of residence,7.0,London
bd6gor,2000: Government Office Region of residence,8.0,South East
bd6gor,2000: Government Office Region of residence,9.0,South West
bd6gor,2000: Government Office Region of residence,10.0,Wales
bd6gor,2000: Government Office Region of residence,11.0,Scotland
bd6gor,2000: Government Office Region of residence,12.0,Northern Ireland
bd6mal,2000: Total Malaise score,-2.0,not stated any questions
bd6mal,2000: Total Malaise score,-1.0,Not computed
bd6malg,2000: Total Malaise score - grouped,-2.0,not stated any questions
bd6malg,2000: Total Malaise score - grouped,-1.0,Not computed
bd6malg,2000: Total Malaise score - grouped,1.0,0-7
bd6malg,2000: Total Malaise score - grouped,2.0,8+
hiaca00,2000: Highest Academic level,-9.0,Incomplete info
hiaca00,2000: Highest Academic level,0.0,None
hiaca00,2000: Highest Academic level,1.0, Bad GCSEs
hiaca00,2000: Highest Academic level,2.0,"CSE 2-5, other Scottish school qualific"
hiaca00,2000: Highest Academic level,3.0,"O levels, Good GCSEs"
hiaca00,2000: Highest Academic level,4.0,1 A level or more than 1 AS level at gr
hiaca00,2000: Highest Academic level,5.0,2 or more A-levels
hiaca00,2000: Highest Academic level,6.0,Diploma of HE
hiaca00,2000: Highest Academic level,7.0,"Degree, other degree level"
hiaca00,2000: Highest Academic level,8.0,Higher degree
nvqaca00,2000: Highest NVQ level (academic),-9.0,Incomplete info
nvqaca00,2000: Highest NVQ level (academic),0.0,None
nvqaca00,2000: Highest NVQ level (academic),1.0,NVQ Level 1
nvqaca00,2000: Highest NVQ level (academic),2.0,NVQ Level 2
nvqaca00,2000: Highest NVQ level (academic),3.0,NVQ Level 3
nvqaca00,2000: Highest NVQ level (academic),4.0,NVQ Level 4
nvqaca00,2000: Highest NVQ level (academic),5.0,NVQ Level 5
hivoc00,2000: Highest NVQ level (vocational),-9.0,Incomplete info
hivoc00,2000: Highest NVQ level (vocational),0.0,None
hivoc00,2000: Highest NVQ level (vocational),1.0,NVQ Level 1
hivoc00,2000: Highest NVQ level (vocational),2.0,NVQ Level 2
hivoc00,2000: Highest NVQ level (vocational),3.0,NVQ Level 3
hivoc00,2000: Highest NVQ level (vocational),4.0,NVQ Level 4
hivoc00,2000: Highest NVQ level (vocational),5.0,NVQ Level 5
hinvq00,2000: Highest NVQ level (academic or vocational),-9.0,Incomplete info
hinvq00,2000: Highest NVQ level (academic or vocational),0.0,None
hinvq00,2000: Highest NVQ level (academic or vocational),1.0,NVQ Level 1
hinvq00,2000: Highest NVQ level (academic or vocational),2.0,NVQ Level 2
hinvq00,2000: Highest NVQ level (academic or vocational),3.0,NVQ Level 3
hinvq00,2000: Highest NVQ level (academic or vocational),4.0,NVQ Level 4
hinvq00,2000: Highest NVQ level (academic or vocational),5.0,NVQ Level 5
v3,None,,
avail_from_dt,,,
