variable_name,variable_label,value_value,value_label
study_id_e,,,
f003,Sex,-3.0,Not Attempted
f003,Sex,-2.0,Not Scorable
f003,Sex,-1.0,Interviewed Overseas
f003,Sex,1.0,Boy
f003,Sex,2.0,Girl
f004,Copy Designs: Circle: Copy 1,-3.0,Not Attempted
f004,Copy Designs: Circle: Copy 1,-2.0,Not Scorable
f004,Copy Designs: Circle: Copy 1,-1.0,Not Applicable
f004,Copy Designs: Circle: Copy 1,1.0,Good Copy
f004,Copy Designs: Circle: Copy 1,2.0,Poor Copy
f004,Copy Designs: Circle: Copy 1,3.0,
f005,Copy Designs: Circle: Copy 2,-3.0,Not Attempted
f005,Copy Designs: Circle: Copy 2,-2.0,Not Scorable
f005,Copy Designs: Circle: Copy 2,-1.0,Not Applicable
f005,Copy Designs: Circle: Copy 2,1.0,Good Copy
f005,Copy Designs: Circle: Copy 2,2.0,Poor Copy
f005,Copy Designs: Circle: Copy 2,3.0,
f006,Copy Designs: Cross: Copy 1,-3.0,Not Attempted
f006,Copy Designs: Cross: Copy 1,-2.0,Not Scorable
f006,Copy Designs: Cross: Copy 1,-1.0,Not Applicable
f006,Copy Designs: Cross: Copy 1,1.0,Good Copy
f006,Copy Designs: Cross: Copy 1,2.0,Poor Copy
f006,Copy Designs: Cross: Copy 1,3.0,
f007,Copy Designs: Cross: Copy: 2,-3.0,Not Attempted
f007,Copy Designs: Cross: Copy: 2,-2.0,Not Scorable
f007,Copy Designs: Cross: Copy: 2,-1.0,Not Applicable
f007,Copy Designs: Cross: Copy: 2,1.0,Good Copy
f007,Copy Designs: Cross: Copy: 2,2.0,Poor Copy
f007,Copy Designs: Cross: Copy: 2,3.0,
f008,Copy Designs: Square: Copy 1,-3.0,Not Attempted
f008,Copy Designs: Square: Copy 1,-2.0,Not Scorable
f008,Copy Designs: Square: Copy 1,-1.0,Not Applicable
f008,Copy Designs: Square: Copy 1,1.0,Good Copy
f008,Copy Designs: Square: Copy 1,2.0,Poor Copy
f008,Copy Designs: Square: Copy 1,3.0,
f009,Copy Designs: Square: Copy 2,-3.0,Not Attempted
f009,Copy Designs: Square: Copy 2,-2.0,Not Scorable
f009,Copy Designs: Square: Copy 2,-1.0,Not Applicable
f009,Copy Designs: Square: Copy 2,1.0,Good Copy
f009,Copy Designs: Square: Copy 2,2.0,Poor Copy
f009,Copy Designs: Square: Copy 2,3.0,
f010,Copy Designs: Andrews Cross: Cpy 1,-3.0,Not Attempted
f010,Copy Designs: Andrews Cross: Cpy 1,-2.0,Not Scorable
f010,Copy Designs: Andrews Cross: Cpy 1,-1.0,Not Applicable
f010,Copy Designs: Andrews Cross: Cpy 1,1.0,Good Copy
f010,Copy Designs: Andrews Cross: Cpy 1,2.0,Poor Copy
f010,Copy Designs: Andrews Cross: Cpy 1,3.0,
f011,Copy Designs: Andrews Cross: Cpy 2,-3.0,Not Attempted
f011,Copy Designs: Andrews Cross: Cpy 2,-2.0,Not Scorable
f011,Copy Designs: Andrews Cross: Cpy 2,-1.0,Not Applicable
f011,Copy Designs: Andrews Cross: Cpy 2,1.0,Good Copy
f011,Copy Designs: Andrews Cross: Cpy 2,2.0,Poor Copy
f011,Copy Designs: Andrews Cross: Cpy 2,3.0,
f012,Copy Designs: Flag: Copy 1,-3.0,Not Attempted
f012,Copy Designs: Flag: Copy 1,-2.0,Not Scorable
f012,Copy Designs: Flag: Copy 1,-1.0,Not Applicable
f012,Copy Designs: Flag: Copy 1,1.0,Good Copy
f012,Copy Designs: Flag: Copy 1,2.0,Poor Copy
f012,Copy Designs: Flag: Copy 1,3.0,
f013,Copy Designs: Flag: Copy 2,-3.0,Not Attempted
f013,Copy Designs: Flag: Copy 2,-2.0,Not Scorable
f013,Copy Designs: Flag: Copy 2,-1.0,Not Applicable
f013,Copy Designs: Flag: Copy 2,1.0,Good Copy
f013,Copy Designs: Flag: Copy 2,2.0,Poor Copy
f013,Copy Designs: Flag: Copy 2,3.0,
f014,Copy Designs: Triangle: Copy 1,-3.0,Not Attempted
f014,Copy Designs: Triangle: Copy 1,-2.0,Not Scorable
f014,Copy Designs: Triangle: Copy 1,-1.0,Not Applicable
f014,Copy Designs: Triangle: Copy 1,1.0,Good Copy
f014,Copy Designs: Triangle: Copy 1,2.0,Poor Copy
f014,Copy Designs: Triangle: Copy 1,3.0,
f015,Copy Designs: Triangle: Copy 2,-3.0,Not Attempted
f015,Copy Designs: Triangle: Copy 2,-2.0,Not Scorable
f015,Copy Designs: Triangle: Copy 2,-1.0,Not Applicable
f015,Copy Designs: Triangle: Copy 2,1.0,Good Copy
f015,Copy Designs: Triangle: Copy 2,2.0,Poor Copy
f015,Copy Designs: Triangle: Copy 2,3.0,
f016,Copy Designs: Diamond: Copy 1,-3.0,Not Attempted
f016,Copy Designs: Diamond: Copy 1,-2.0,Not Scorable
f016,Copy Designs: Diamond: Copy 1,-1.0,Not Applicable
f016,Copy Designs: Diamond: Copy 1,1.0,Good Copy
f016,Copy Designs: Diamond: Copy 1,2.0,Poor Copy
f016,Copy Designs: Diamond: Copy 1,3.0,
f017,Copy Designs: Diamond: Copy 2,-3.0,Not Attempted
f017,Copy Designs: Diamond: Copy 2,-2.0,Not Scorable
f017,Copy Designs: Diamond: Copy 2,-1.0,Not Applicable
f017,Copy Designs: Diamond: Copy 2,1.0,Good Copy
f017,Copy Designs: Diamond: Copy 2,2.0,Poor Copy
f017,Copy Designs: Diamond: Copy 2,3.0,
f018,Copy Designs: Thick Cross: Copy 1,-3.0,Not Attempted
f018,Copy Designs: Thick Cross: Copy 1,-2.0,Not Scorable
f018,Copy Designs: Thick Cross: Copy 1,-1.0,Not Applicable
f018,Copy Designs: Thick Cross: Copy 1,1.0,Good Copy
f018,Copy Designs: Thick Cross: Copy 1,2.0,Poor Copy
f018,Copy Designs: Thick Cross: Copy 1,3.0,
f019,Copy Designs: Thick Cross: Copy 2,-3.0,Not Attempted
f019,Copy Designs: Thick Cross: Copy 2,-2.0,Not Scorable
f019,Copy Designs: Thick Cross: Copy 2,-1.0,Not Applicable
f019,Copy Designs: Thick Cross: Copy 2,1.0,Good Copy
f019,Copy Designs: Thick Cross: Copy 2,2.0,Poor Copy
f019,Copy Designs: Thick Cross: Copy 2,3.0,
f020,Human Fig.drwg.1 Childs Descript,-3.0,Not Attempted
f020,Human Fig.drwg.1 Childs Descript,-2.0,Not Scorable
f020,Human Fig.drwg.1 Childs Descript,-1.0,Not Applicable
f020,Human Fig.drwg.1 Childs Descript,1.0,Male: Page 1
f020,Human Fig.drwg.1 Childs Descript,2.0,Female: Page 1
f020,Human Fig.drwg.1 Childs Descript,3.0,Other: Page 1
f020,Human Fig.drwg.1 Childs Descript,4.0,No Response: P.1
f020,Human Fig.drwg.1 Childs Descript,5.0,Male: Page 2
f020,Human Fig.drwg.1 Childs Descript,6.0,Female: Page 2
f020,Human Fig.drwg.1 Childs Descript,7.0,Other: Page 2
f020,Human Fig.drwg.1 Childs Descript,8.0,No Response: P.2
f020,Human Fig.drwg.1 Childs Descript,9.0,One on Page 2
f021,Human Fig.drwg.1 Head,3.0,Head<body
f021,Human Fig.drwg.1 Head,4.0,Head=body
f021,Human Fig.drwg.1 Head,5.0,Head>body
f021,Human Fig.drwg.1 Head,-3.0,Not Attempted
f021,Human Fig.drwg.1 Head,-2.0,Not Scorable
f021,Human Fig.drwg.1 Head,-1.0,Not Applicable
f021,Human Fig.drwg.1 Head,0.0,No Head
f021,Human Fig.drwg.1 Head,1.0,Only 1 Cir Cle
f021,Human Fig.drwg.1 Head,2.0,1 Circl D+ Face
f022,Human Fig.drwg.1 Eyes,-3.0,Not Attempted
f022,Human Fig.drwg.1 Eyes,-2.0,Not Scorab Le
f022,Human Fig.drwg.1 Eyes,-1.0,Not Applicable
f022,Human Fig.drwg.1 Eyes,0.0,Feature Absent
f022,Human Fig.drwg.1 Eyes,1.0,Feature Present
f023,Human Fig.drwg.1 Pupils,-3.0,Not Attempted
f023,Human Fig.drwg.1 Pupils,-2.0,Not Scorable
f023,Human Fig.drwg.1 Pupils,-1.0,Not Applicable
f023,Human Fig.drwg.1 Pupils,0.0,Feature Absent
f023,Human Fig.drwg.1 Pupils,1.0,Feature Present
f024,Human Fig.drwg.1 Eyebrows,-3.0,Not Attempted
f024,Human Fig.drwg.1 Eyebrows,-2.0,Not Scorable
f024,Human Fig.drwg.1 Eyebrows,-1.0,Not Applicable
f024,Human Fig.drwg.1 Eyebrows,0.0,Features Absent
f024,Human Fig.drwg.1 Eyebrows,1.0,Brows No Lashes
f024,Human Fig.drwg.1 Eyebrows,2.0,Lashes No Brows
f024,Human Fig.drwg.1 Eyebrows,3.0,Features Present
f025,Human Fig.drwg.1 Nose,-3.0,Not Attempted
f025,Human Fig.drwg.1 Nose,-2.0,Not Scorable
f025,Human Fig.drwg.1 Nose,-1.0,Not Applicable
f025,Human Fig.drwg.1 Nose,0.0,Any Other Position
f025,Human Fig.drwg.1 Nose,1.0,Position 1
f025,Human Fig.drwg.1 Nose,2.0,Position 2
f025,Human Fig.drwg.1 Nose,3.0,Position 3
f025,Human Fig.drwg.1 Nose,4.0,Position 4
f025,Human Fig.drwg.1 Nose,5.0,Position 5
f026,Human Fig.drwg.1 Nostrils,-3.0,Not Attemp Ted
f026,Human Fig.drwg.1 Nostrils,-2.0,Not Scorable
f026,Human Fig.drwg.1 Nostrils,-1.0,Not Applicable
f026,Human Fig.drwg.1 Nostrils,0.0,Feature Absent
f026,Human Fig.drwg.1 Nostrils,1.0,Feature Present
f027,Human Fig.drwg.1 Mouth,-3.0,Not Attempted
f027,Human Fig.drwg.1 Mouth,-2.0,Not Scorable
f027,Human Fig.drwg.1 Mouth,-1.0,Not Applicable
f027,Human Fig.drwg.1 Mouth,0.0,Feature Absent
f027,Human Fig.drwg.1 Mouth,1.0,Feature Present
f028,Human Fig.drwg.1 Two Lips,-3.0,Not Attempted
f028,Human Fig.drwg.1 Two Lips,-2.0,Not Scorable
f028,Human Fig.drwg.1 Two Lips,-1.0,Not Applicable
f028,Human Fig.drwg.1 Two Lips,0.0,Feature Absent
f028,Human Fig.drwg.1 Two Lips,1.0,Feature Present
f029,Human Fig.drwg.1 Ear,-3.0,Not Attempted
f029,Human Fig.drwg.1 Ear,-2.0,Not Scorab Le
f029,Human Fig.drwg.1 Ear,-1.0,Not Applicable
f029,Human Fig.drwg.1 Ear,0.0,Feature Absent
f029,Human Fig.drwg.1 Ear,1.0,Feature Present
f030,Human Fig.drwg.1 Hair,-3.0,Not Attempted
f030,Human Fig.drwg.1 Hair,-2.0,Not Scorable
f030,Human Fig.drwg.1 Hair,-1.0,Not Applicable
f030,Human Fig.drwg.1 Hair,0.0,Feature Absent
f030,Human Fig.drwg.1 Hair,1.0,Feature Present
f031,Human Fig.drwg.1 Neck,-3.0,Not Attemp Ted
f031,Human Fig.drwg.1 Neck,-2.0,Not Scorable
f031,Human Fig.drwg.1 Neck,-1.0,Not Applicable
f031,Human Fig.drwg.1 Neck,0.0,Feature Absent
f031,Human Fig.drwg.1 Neck,1.0,Feature Present
f032,Human Fig.drwg.1 Body,-3.0,Not Attempted
f032,Human Fig.drwg.1 Body,-2.0,Not Scorable
f032,Human Fig.drwg.1 Body,-1.0,Not Applicable
f032,Human Fig.drwg.1 Body,0.0,Feature Absent
f032,Human Fig.drwg.1 Body,1.0,Feature Present
f033,Human Fig.drwg.1 Arms,-3.0,Not Attempted
f033,Human Fig.drwg.1 Arms,-2.0,Not Scorable
f033,Human Fig.drwg.1 Arms,-1.0,Not Applicable
f033,Human Fig.drwg.1 Arms,0.0,Feature Absent
f033,Human Fig.drwg.1 Arms,1.0,Feature Present
f034,Human Fig.drwg.1 Arms in 2 Dimen,-3.0,Not Attempted
f034,Human Fig.drwg.1 Arms in 2 Dimen,-2.0,Not Scorable
f034,Human Fig.drwg.1 Arms in 2 Dimen,-1.0,Not Applicable
f034,Human Fig.drwg.1 Arms in 2 Dimen,0.0,Feature Absent
f034,Human Fig.drwg.1 Arms in 2 Dimen,1.0,Feature Present
f035,Human Fig.drwg.1 Arms at Angle,-3.0,Not Attempted
f035,Human Fig.drwg.1 Arms at Angle,-2.0,Not Scorable
f035,Human Fig.drwg.1 Arms at Angle,-1.0,Not Applicable
f035,Human Fig.drwg.1 Arms at Angle,0.0,Any Other Postn
f035,Human Fig.drwg.1 Arms at Angle,1.0,Position 1
f035,Human Fig.drwg.1 Arms at Angle,2.0,Position 2
f035,Human Fig.drwg.1 Arms at Angle,3.0,Position 3
f035,Human Fig.drwg.1 Arms at Angle,4.0,Position 4
f035,Human Fig.drwg.1 Arms at Angle,5.0,Position 5
f036,Human Fig.drwg.1 Arms Attached,-3.0,Not Attempted
f036,Human Fig.drwg.1 Arms Attached,-2.0,Not Scorable
f036,Human Fig.drwg.1 Arms Attached,-1.0,Not Applicable
f036,Human Fig.drwg.1 Arms Attached,0.0,Not Connected
f036,Human Fig.drwg.1 Arms Attached,1.0,Yes
f036,Human Fig.drwg.1 Arms Attached,2.0,at Waist
f036,Human Fig.drwg.1 Arms Attached,3.0,at Hips
f036,Human Fig.drwg.1 Arms Attached,4.0,at Head
f036,Human Fig.drwg.1 Arms Attached,5.0,at Legs
f037,Human Fig.drwg.1 Elbow,-3.0,Not Attempted
f037,Human Fig.drwg.1 Elbow,-2.0,Not Scorable
f037,Human Fig.drwg.1 Elbow,-1.0,Not Applicable
f037,Human Fig.drwg.1 Elbow,0.0,Feature Absent
f037,Human Fig.drwg.1 Elbow,1.0,Feature Present
f038,Human Fig.drwg.1 Hands,-3.0,Not Attempted
f038,Human Fig.drwg.1 Hands,-2.0,Not Scorable
f038,Human Fig.drwg.1 Hands,-1.0,Not Applicable
f038,Human Fig.drwg.1 Hands,0.0,Feature Absent
f038,Human Fig.drwg.1 Hands,1.0,Feature Present
f039,Human Fig.drwg.1 Fingers,-3.0,Not Attempted
f039,Human Fig.drwg.1 Fingers,-2.0,Not Scorable
f039,Human Fig.drwg.1 Fingers,-1.0,Not Applicable
f039,Human Fig.drwg.1 Fingers,0.0,Feature Absent
f039,Human Fig.drwg.1 Fingers,1.0,Feature Present
f040,Human Fig.drwg.1 Corr No Fngrs,-3.0,Not Attempted
f040,Human Fig.drwg.1 Corr No Fngrs,-2.0,Not Scorable
f040,Human Fig.drwg.1 Corr No Fngrs,-1.0,Not Applicable
f040,Human Fig.drwg.1 Corr No Fngrs,0.0,Feature Absent
f040,Human Fig.drwg.1 Corr No Fngrs,1.0,Feature Present
f041,Human Fig.drwg.1 Legs,-3.0,Not Attempted
f041,Human Fig.drwg.1 Legs,-2.0,Not Scorable
f041,Human Fig.drwg.1 Legs,-1.0,Not Applicable
f041,Human Fig.drwg.1 Legs,0.0,Feature Absent
f041,Human Fig.drwg.1 Legs,1.0,Feature Present
f042,Human Fig.drwg.1 Legs in 2 Dimen,-3.0,Not Attempted
f042,Human Fig.drwg.1 Legs in 2 Dimen,-2.0,Not Scorable
f042,Human Fig.drwg.1 Legs in 2 Dimen,-1.0,Not Applicable
f042,Human Fig.drwg.1 Legs in 2 Dimen,0.0,Feature Absent
f042,Human Fig.drwg.1 Legs in 2 Dimen,1.0,Feature Present
f043,Human Fig.drwg.1 Knee,-3.0,Not Attempted
f043,Human Fig.drwg.1 Knee,-2.0,Not Scorable
f043,Human Fig.drwg.1 Knee,-1.0,Not Applicable
f043,Human Fig.drwg.1 Knee,0.0,Feature Absent
f043,Human Fig.drwg.1 Knee,1.0,Feature Present
f044,Human Fig.drwg.1 Feet,-3.0,Not Attempted
f044,Human Fig.drwg.1 Feet,-2.0,Not Scorable
f044,Human Fig.drwg.1 Feet,-1.0,Not Applicable
f044,Human Fig.drwg.1 Feet,0.0,Feature Absent
f044,Human Fig.drwg.1 Feet,1.0,Feature Present
f045,Human Fig.drwg.1 Ft.in 2 Dimen,-3.0,Not Attempted
f045,Human Fig.drwg.1 Ft.in 2 Dimen,-2.0,Not Scorable
f045,Human Fig.drwg.1 Ft.in 2 Dimen,-1.0,Not Applicable
f045,Human Fig.drwg.1 Ft.in 2 Dimen,0.0,Feature Absent
f045,Human Fig.drwg.1 Ft.in 2 Dimen,1.0,Feature Present
f046,Human Fig.drwg.1 Profile,-3.0,Not Attempted
f046,Human Fig.drwg.1 Profile,-2.0,Not Scorable
f046,Human Fig.drwg.1 Profile,-1.0,Not Applicable
f046,Human Fig.drwg.1 Profile,0.0,Not in Prf Ile
f046,Human Fig.drwg.1 Profile,1.0,Head in Profile
f047,Human Fig.drwg.1 Clothes 1 or 0,-3.0,Not Attempted
f047,Human Fig.drwg.1 Clothes 1 or 0,-2.0,Not Scorable
f047,Human Fig.drwg.1 Clothes 1 or 0,-1.0,Not Applicable
f047,Human Fig.drwg.1 Clothes 1 or 0,0.0,No Clothing
f047,Human Fig.drwg.1 Clothes 1 or 0,1.0,One Item
f047,Human Fig.drwg.1 Clothes 1 or 0,2.0,Body+clothing
f048,Human Fig.drwg.1 Clothes 2or3,-3.0,Not Attempted
f048,Human Fig.drwg.1 Clothes 2or3,-2.0,Not Scorable
f048,Human Fig.drwg.1 Clothes 2or3,-1.0,Not Applicable
f048,Human Fig.drwg.1 Clothes 2or3,0.0,Lt 2 or Gt 3
f048,Human Fig.drwg.1 Clothes 2or3,1.0,2 or 3 Items
f048,Human Fig.drwg.1 Clothes 2or3,2.0,Body+clothing
f049,Human Fig.drwg.1 Clothes 4: More,-3.0,Not Attempted
f049,Human Fig.drwg.1 Clothes 4: More,-2.0,Not Scorable
f049,Human Fig.drwg.1 Clothes 4: More,-1.0,Not Applicable
f049,Human Fig.drwg.1 Clothes 4: More,0.0,Less Than 4
f049,Human Fig.drwg.1 Clothes 4: More,1.0,4 or More
f049,Human Fig.drwg.1 Clothes 4: More,2.0,Body+clothing
f050,Human Fig.drwg.1 Good Proportion,-3.0,Not Attempted
f050,Human Fig.drwg.1 Good Proportion,-2.0,Not Scorable
f050,Human Fig.drwg.1 Good Proportion,-1.0,Not Applicable
f050,Human Fig.drwg.1 Good Proportion,0.0,No
f050,Human Fig.drwg.1 Good Proportion,1.0,Yes
f050,Human Fig.drwg.1 Good Proportion,2.0,
f051,Human Fig.drwg.1 Size of Fig,-3.0,Not Attempted
f051,Human Fig.drwg.1 Size of Fig,-2.0,Not Scorable
f051,Human Fig.drwg.1 Size of Fig,-1.0,Not Applicable
f051,Human Fig.drwg.1 Size of Fig,1.0,Le 17cm
f051,Human Fig.drwg.1 Size of Fig,2.0,Gt 17 Le 22cm
f051,Human Fig.drwg.1 Size of Fig,3.0,Gt 22cm
f052,Human Fig.drwg.2 Childs Descript,-3.0,Not Attempted
f052,Human Fig.drwg.2 Childs Descript,-2.0,Not Scorable
f052,Human Fig.drwg.2 Childs Descript,-1.0,Not Applicable
f052,Human Fig.drwg.2 Childs Descript,1.0,Male: Page 1
f052,Human Fig.drwg.2 Childs Descript,2.0,Female: Page 1
f052,Human Fig.drwg.2 Childs Descript,3.0,Other: Page 1
f052,Human Fig.drwg.2 Childs Descript,4.0,No Response: P.1
f052,Human Fig.drwg.2 Childs Descript,5.0,Male: Page 2
f052,Human Fig.drwg.2 Childs Descript,6.0,Female: Page 2
f052,Human Fig.drwg.2 Childs Descript,7.0,Other: Page 2
f052,Human Fig.drwg.2 Childs Descript,8.0,No Response: P.2
f052,Human Fig.drwg.2 Childs Descript,9.0,One on Page 2
f053,Human Fig.drwg.2 Head,-3.0,Not Attempted
f053,Human Fig.drwg.2 Head,-2.0,Not Scorable
f053,Human Fig.drwg.2 Head,-1.0,Not Applicable
f053,Human Fig.drwg.2 Head,0.0,No Head
f053,Human Fig.drwg.2 Head,1.0,Only 1 Circled
f053,Human Fig.drwg.2 Head,2.0,1 Circl D+ Face
f053,Human Fig.drwg.2 Head,3.0,Head<Body
f053,Human Fig.drwg.2 Head,4.0,Head=Body
f053,Human Fig.drwg.2 Head,5.0,Head>Body
f054,Human Fig.drwg.2 Eyes,-3.0,Not Attempted
f054,Human Fig.drwg.2 Eyes,-2.0,Not Scorable
f054,Human Fig.drwg.2 Eyes,-1.0,Not Applicable
f054,Human Fig.drwg.2 Eyes,0.0,Feature Absent
f054,Human Fig.drwg.2 Eyes,1.0,Feature Present
f055,Human Fi.,-3.0,Not Attempted
f055,Human Fi.,-2.0,Not Scorable
f055,Human Fi.,-1.0,Not Applicable
f055,Human Fi.,0.0,Feature Absent
f055,Human Fi.,1.0,Feature Present
f056,Human Fig.drwg.2 Eyebrows,-3.0,Not Attempted
f056,Human Fig.drwg.2 Eyebrows,-2.0,Not Scorable
f056,Human Fig.drwg.2 Eyebrows,-1.0,Not Applicable
f056,Human Fig.drwg.2 Eyebrows,0.0,Features Absent
f056,Human Fig.drwg.2 Eyebrows,1.0,Brows No Lashes
f056,Human Fig.drwg.2 Eyebrows,2.0,Lashes No Brows
f056,Human Fig.drwg.2 Eyebrows,3.0,Features Present
f057,Human Fig.drwg.2 Nose,-3.0,Not Attempted
f057,Human Fig.drwg.2 Nose,-2.0,Not Scorable
f057,Human Fig.drwg.2 Nose,-1.0,Not Applicable
f057,Human Fig.drwg.2 Nose,0.0,Feature Absent
f057,Human Fig.drwg.2 Nose,1.0,Feature Present
f058,Human Fig.drwg.2 Nostrils,-3.0,Not Attempted
f058,Human Fig.drwg.2 Nostrils,-2.0,Not Scorable
f058,Human Fig.drwg.2 Nostrils,-1.0,Not Applicable
f058,Human Fig.drwg.2 Nostrils,0.0,Feature Absent
f058,Human Fig.drwg.2 Nostrils,1.0,Feature Present
f059,Human Fig.drwg.2 Mouth,-3.0,Not Attempted
f059,Human Fig.drwg.2 Mouth,-2.0,Not Scorable
f059,Human Fig.drwg.2 Mouth,-1.0,Not Applicable
f059,Human Fig.drwg.2 Mouth,0.0,Feature Absent
f059,Human Fig.drwg.2 Mouth,1.0,Feature Present
f060,Human Fig.drwg.2 Two Lips,-3.0,Not Attempted
f060,Human Fig.drwg.2 Two Lips,-2.0,Not Scorable
f060,Human Fig.drwg.2 Two Lips,-1.0,Not Applicable
f060,Human Fig.drwg.2 Two Lips,0.0,Feature Absent
f060,Human Fig.drwg.2 Two Lips,1.0,Feature Present
f061,Human Fig.drwg.2 Ear,-3.0,Not Attempted
f061,Human Fig.drwg.2 Ear,-2.0,Not Scorable
f061,Human Fig.drwg.2 Ear,-1.0,Not Applicable
f061,Human Fig.drwg.2 Ear,0.0,Feature Absent
f061,Human Fig.drwg.2 Ear,1.0,Feature Present
f062,Human Fig.drwg.2 Hair,-3.0,Not Attempted
f062,Human Fig.drwg.2 Hair,-2.0,Not Scorable
f062,Human Fig.drwg.2 Hair,-1.0,Not Applicable
f062,Human Fig.drwg.2 Hair,0.0,Feature Absent
f062,Human Fig.drwg.2 Hair,1.0,Feature Present
f063,Human Fig.drwg.2 Neck,-3.0,Not Attempted
f063,Human Fig.drwg.2 Neck,-2.0,Not Scorable
f063,Human Fig.drwg.2 Neck,-1.0,Not Applicable
f063,Human Fig.drwg.2 Neck,0.0,Feature Absent
f063,Human Fig.drwg.2 Neck,1.0,Feature Present
f064,Human Fig.drwg.2 Body,-3.0,Not Attempted
f064,Human Fig.drwg.2 Body,-2.0,Not Scorable
f064,Human Fig.drwg.2 Body,-1.0,Not Applicable
f064,Human Fig.drwg.2 Body,0.0,Feature Absent
f064,Human Fig.drwg.2 Body,1.0,Feature Present
f065,Human Fig.drwg.2 Arms,-3.0,Not Attempted
f065,Human Fig.drwg.2 Arms,-2.0,Not Scorable
f065,Human Fig.drwg.2 Arms,-1.0,Not Applicable
f065,Human Fig.drwg.2 Arms,0.0,Feature Absent
f065,Human Fig.drwg.2 Arms,1.0,Feature Present
f066,Human Fig.drwg.2 Arms in 2 Dimen,-3.0,Not Attempted
f066,Human Fig.drwg.2 Arms in 2 Dimen,-2.0,Not Scorable
f066,Human Fig.drwg.2 Arms in 2 Dimen,-1.0,Not Applicable
f066,Human Fig.drwg.2 Arms in 2 Dimen,0.0,Feature Absent
f066,Human Fig.drwg.2 Arms in 2 Dimen,1.0,Feature Present
f067,Human Fig.drwg.2 Arms at Angle,-3.0,Not Attempted
f067,Human Fig.drwg.2 Arms at Angle,-2.0,Not Scorable
f067,Human Fig.drwg.2 Arms at Angle,-1.0,Not Applicable
f067,Human Fig.drwg.2 Arms at Angle,0.0,Any Other Postn
f067,Human Fig.drwg.2 Arms at Angle,1.0,Position 1
f067,Human Fig.drwg.2 Arms at Angle,2.0,Position 2
f067,Human Fig.drwg.2 Arms at Angle,3.0,Position 3
f067,Human Fig.drwg.2 Arms at Angle,4.0,Position 4
f067,Human Fig.drwg.2 Arms at Angle,5.0,Position 5
f068,Human Fig.drwg.2 Arms Attached,-3.0,Not Attempted
f068,Human Fig.drwg.2 Arms Attached,-2.0,Not Scorable
f068,Human Fig.drwg.2 Arms Attached,-1.0,NOT APPLICABLE
f068,Human Fig.drwg.2 Arms Attached,0.0,Not Connected
f068,Human Fig.drwg.2 Arms Attached,1.0,Yes
f068,Human Fig.drwg.2 Arms Attached,2.0,At Waist
f068,Human Fig.drwg.2 Arms Attached,3.0,At Hips
f068,Human Fig.drwg.2 Arms Attached,4.0,At Head
f068,Human Fig.drwg.2 Arms Attached,5.0,At Legs
f069,Human Fig.drwg.2 Elbow,-3.0,Not Attempted
f069,Human Fig.drwg.2 Elbow,-2.0,Not Scorable
f069,Human Fig.drwg.2 Elbow,-1.0,Not Applicable
f069,Human Fig.drwg.2 Elbow,0.0,Feature Absent
f069,Human Fig.drwg.2 Elbow,1.0,Feature Present
f070,Human Fig.drwg.2 Hands,-3.0,Not Attempted
f070,Human Fig.drwg.2 Hands,-2.0,Not Scorable
f070,Human Fig.drwg.2 Hands,-1.0,Not Applicable
f070,Human Fig.drwg.2 Hands,0.0,Feature Absent
f070,Human Fig.drwg.2 Hands,1.0,Feature Present
f071,Human Fig.drwg.2 Fingers,-3.0,Not Attempted
f071,Human Fig.drwg.2 Fingers,-2.0,Not Scorable
f071,Human Fig.drwg.2 Fingers,-1.0,Not Applicable
f071,Human Fig.drwg.2 Fingers,0.0,Feature Absent
f071,Human Fig.drwg.2 Fingers,1.0,Feature Present
f072,Human Fig.drwg.2 Corr No Fngrs,-3.0,Not Attempted
f072,Human Fig.drwg.2 Corr No Fngrs,-2.0,Not Scorable
f072,Human Fig.drwg.2 Corr No Fngrs,-1.0,Not Applicable
f072,Human Fig.drwg.2 Corr No Fngrs,0.0,Feature Absent
f072,Human Fig.drwg.2 Corr No Fngrs,1.0,Feature Present
f073,Human Fig.drwg.2 Legs,-3.0,Not Attempted
f073,Human Fig.drwg.2 Legs,-2.0,Not Scorable
f073,Human Fig.drwg.2 Legs,-1.0,Not Applicable
f073,Human Fig.drwg.2 Legs,0.0,Feature Absent
f073,Human Fig.drwg.2 Legs,1.0,Feature Present
f074,Human Fig.drwg.2 Legs in 2 Dimen,-3.0,Not Attempted
f074,Human Fig.drwg.2 Legs in 2 Dimen,-2.0,Not Scorable
f074,Human Fig.drwg.2 Legs in 2 Dimen,-1.0,Not Applicable
f074,Human Fig.drwg.2 Legs in 2 Dimen,0.0,Feature Absent
f074,Human Fig.drwg.2 Legs in 2 Dimen,1.0,Feature Present
f075,Human Fig.drwg.2 Knee,-3.0,Not Attempted
f075,Human Fig.drwg.2 Knee,-2.0,Not Scorable
f075,Human Fig.drwg.2 Knee,-1.0,Not Applicable
f075,Human Fig.drwg.2 Knee,0.0,Feature Absent
f075,Human Fig.drwg.2 Knee,1.0,Feature Present
f076,Human Fig.drwg.2 Feet,-3.0,Not Attempted
f076,Human Fig.drwg.2 Feet,-2.0,Not Scorable
f076,Human Fig.drwg.2 Feet,-1.0,Not Applicable
f076,Human Fig.drwg.2 Feet,0.0,Feature Absent
f076,Human Fig.drwg.2 Feet,1.0,Feature Present
f077,Human Fig.drwg.2 Feet in 2 Dimen,-3.0,Not Attempted
f077,Human Fig.drwg.2 Feet in 2 Dimen,-2.0,Not Scorable
f077,Human Fig.drwg.2 Feet in 2 Dimen,-1.0,Not Applicable
f077,Human Fig.drwg.2 Feet in 2 Dimen,0.0,Feature Absent
f077,Human Fig.drwg.2 Feet in 2 Dimen,1.0,Feature Present
f078,Human Fig.drwg.2 Profile,-3.0,Not Attempted
f078,Human Fig.drwg.2 Profile,-2.0,Not Scorable
f078,Human Fig.drwg.2 Profile,-1.0,Not Applicable
f078,Human Fig.drwg.2 Profile,0.0,Not in Profile
f078,Human Fig.drwg.2 Profile,1.0,Head in Profile
f079,Human Fig.drwg.2 Clothes 1 or 0,-3.0,Not Attempted
f079,Human Fig.drwg.2 Clothes 1 or 0,-2.0,Not Scorable
f079,Human Fig.drwg.2 Clothes 1 or 0,-1.0,Not Applicable
f079,Human Fig.drwg.2 Clothes 1 or 0,0.0,No Clothing
f079,Human Fig.drwg.2 Clothes 1 or 0,1.0,One Item
f079,Human Fig.drwg.2 Clothes 1 or 0,2.0,Body+clothing
f080,Human Fig.drwg.2 Clothes 2 or 3,-3.0,Not Attempted
f080,Human Fig.drwg.2 Clothes 2 or 3,-2.0,Not Scorable
f080,Human Fig.drwg.2 Clothes 2 or 3,-1.0,Not Applicable
f080,Human Fig.drwg.2 Clothes 2 or 3,0.0,0: 1 or Gt 3
f080,Human Fig.drwg.2 Clothes 2 or 3,1.0,2 or 3 Items
f080,Human Fig.drwg.2 Clothes 2 or 3,2.0,Body+clothing
f081,Human Fig.drwg.2 Clothes 4: More,-3.0,Not Attempted
f081,Human Fig.drwg.2 Clothes 4: More,-2.0,Not Scorable
f081,Human Fig.drwg.2 Clothes 4: More,-1.0,Not Applicable
f081,Human Fig.drwg.2 Clothes 4: More,0.0,Less Than 4
f081,Human Fig.drwg.2 Clothes 4: More,1.0,4 or More
f081,Human Fig.drwg.2 Clothes 4: More,2.0,Body+clothing
f082,Human Fig.drwg.2 Good Proportion,-3.0,Not Attempted
f082,Human Fig.drwg.2 Good Proportion,-2.0,Not Scorable
f082,Human Fig.drwg.2 Good Proportion,-1.0,Not Applicable
f082,Human Fig.drwg.2 Good Proportion,0.0,No
f082,Human Fig.drwg.2 Good Proportion,1.0,Yes
f082,Human Fig.drwg.2 Good Proportion,2.0,
f083,Human Fig.drwg.2 Size of Fig,-3.0,Not Attempted
f083,Human Fig.drwg.2 Size of Fig,-2.0,Not Scorable
f083,Human Fig.drwg.2 Size of Fig,-1.0,Not Applicable
f083,Human Fig.drwg.2 Size of Fig,1.0,Le 17cm
f083,Human Fig.drwg.2 Size of Fig,2.0,Gt 17 Le 22cm
f083,Human Fig.drwg.2 Size of Fig,3.0,Gt 22cm
f084,E.P.V.T. Error Check,-3.0,Not Attempted
f084,E.P.V.T. Error Check,-2.0,No Check Possible
f084,E.P.V.T. Error Check,-1.0,Not Applicable
f084,E.P.V.T. Error Check,0.0,No Errors
f085,E.P.V.T. Base Item,-3.0,Not Attempted
f085,E.P.V.T. Base Item,-2.0,Not Scorable
f085,E.P.V.T. Base Item,-1.0,Not Applicable
f085,E.P.V.T. Base Item,0.0,Lt 5 Correct
f085,E.P.V.T. Base Item,1.0,Item 1
f085,E.P.V.T. Base Item,2.0,Item 2
f085,E.P.V.T. Base Item,3.0,Item 3
f085,E.P.V.T. Base Item,4.0,Item 4
f086,E.P.V.T. Ceiling Item,-3.0,Not Attempted
f086,E.P.V.T. Ceiling Item,-2.0,Not Scorable
f086,E.P.V.T. Ceiling Item,-1.0,Not Applicable
f086,E.P.V.T. Ceiling Item,90.0,Not Completed
f086,E.P.V.T. Ceiling Item,91.0,No Ceiling
f087,E.P.V.T. Incorrect Responses,-3.0,Not Attempted
f087,E.P.V.T. Incorrect Responses,-2.0,Not Scorable
f087,E.P.V.T. Incorrect Responses,-1.0,Not Applicable
f088,E.P.V.T. Perseveration,-3.0,Not Attempted
f088,E.P.V.T. Perseveration,-2.0,Not Scorable
f088,E.P.V.T. Perseveration,-1.0,Not Applicable
f088,E.P.V.T. Perseveration,1.0,Yes
f088,E.P.V.T. Perseveration,2.0,No
f089,Profile Test Stage Recognised,-3.0,Not Attempted
f089,Profile Test Stage Recognised,-2.0,Not Scorable
f089,Profile Test Stage Recognised,-1.0,Not Applicable
f089,Profile Test Stage Recognised,1.0,Stage: A:
f089,Profile Test Stage Recognised,2.0,Stage: B:
f089,Profile Test Stage Recognised,3.0,Stage: C:
f089,Profile Test Stage Recognised,4.0,Not Recognised
f090,Profile Test: Presence of Eyes,-3.0,Not Attempted
f090,Profile Test: Presence of Eyes,-2.0,-1 Not Applicable
f090,Profile Test: Presence of Eyes,0.0,No Eyes
f090,Profile Test: Presence of Eyes,1.0,One Eye
f090,Profile Test: Presence of Eyes,2.0,Two Eyes
f090,Profile Test: Presence of Eyes,8.0,Other
f091,Profile Test: Presence of Ears,-2.0,Nothing Drawn
f091,Profile Test: Presence of Ears,-1.0,Not Applicable
f091,Profile Test: Presence of Ears,0.0,No Ear
f091,Profile Test: Presence of Ears,1.0,One Ear
f091,Profile Test: Presence of Ears,2.0,Two Ears
f091,Profile Test: Presence of Ears,8.0,Other
f091,Profile Test: Presence of Ears,-3.0,Not Attempted
f092,Profile Test: Presence of Nose,-3.0,Not Attempted
f092,Profile Test: Presence of Nose,-2.0,Nothing Drawn
f092,Profile Test: Presence of Nose,-1.0,Not Applicable
f092,Profile Test: Presence of Nose,0.0,No Nose Details
f092,Profile Test: Presence of Nose,1.0,Nose in Centre
f092,Profile Test: Presence of Nose,2.0,Nostril Added
f093,Profile Test: Presence of Mouth,-3.0,Not Attempted
f093,Profile Test: Presence of Mouth,-2.0,Nothing Drawn
f093,Profile Test: Presence of Mouth,-1.0,Not Applicable
f093,Profile Test: Presence of Mouth,0.0,No Mouth Details
f093,Profile Test: Presence of Mouth,1.0,Mouth in Centre
f093,Profile Test: Presence of Mouth,2.0,Teeth Etc.addded
f094,Profile Test: Presence of Hair,-3.0,Not Attempted
f094,Profile Test: Presence of Hair,-2.0,Nothing Drawn
f094,Profile Test: Presence of Hair,-1.0,Not Applicable
f094,Profile Test: Presence of Hair,0.0,No Hair Drawn
f094,Profile Test: Presence of Hair,1.0,Hair or Hat
f095,Profile Test: Position of Eye,-3.0,Not Attempted
f095,Profile Test: Position of Eye,-2.0,Not Scorable
f095,Profile Test: Position of Eye,-1.0,Not Applicable
f095,Profile Test: Position of Eye,0.0,Outside 1 and 2
f095,Profile Test: Position of Eye,1.0,in Area 1
f095,Profile Test: Position of Eye,2.0,in Area 2
f096,Profile Test: Position of Ear,-3.0,Not Attemp Ted
f096,Profile Test: Position of Ear,-2.0,Not Scorable
f096,Profile Test: Position of Ear,-1.0,Not Applicable
f096,Profile Test: Position of Ear,0.0,Outside Profile
f096,Profile Test: Position of Ear,1.0,Inside Profile
f097,Profile Test: Position of Hair,-3.0,Not Attempted
f097,Profile Test: Position of Hair,-2.0,Not Scorable
f097,Profile Test: Position of Hair,-1.0,Not Applicable
f097,Profile Test: Position of Hair,0.0,Out.+ Scribbled
f097,Profile Test: Position of Hair,1.0,All Apply
f097,Profile Test: Position of Hair,2.0,Across + Style
f098,Profile Test: Shape of Eye,-3.0,Not Attempted
f098,Profile Test: Shape of Eye,-2.0,Not Scorable
f098,Profile Test: Shape of Eye,-1.0,Not Applicable
f098,Profile Test: Shape of Eye,0.0,Front View
f098,Profile Test: Shape of Eye,1.0,Front + Pupil
f098,Profile Test: Shape of Eye,2.0,Side View
f099,Schonell Read.test: Can Child Read,-3.0,Not Attempted
f099,Schonell Read.test: Can Child Read,-2.0,Not Scorable
f099,Schonell Read.test: Can Child Read,-1.0,Not Applicable
f099,Schonell Read.test: Can Child Read,1.0,No
f099,Schonell Read.test: Can Child Read,2.0,Yes: Some Letters
f099,Schonell Read.test: Can Child Read,4.0,Yes: Some Words
f099,Schonell Read.test: Can Child Read,8.0,Yes: Simple Sent
f099,Schonell Read.test: Can Child Read,16.0,Cannot Say
f099,Schonell Read.test: Can Child Read,32.0,Other
f099,Schonell Read.test: Can Child Read,64.0,I.T.A
f100,Read.test Score: Crect Response,-3.0,Not Attempted
f100,Read.test Score: Crect Response,-2.0,Not Scorable
f100,Read.test Score: Crect Response,-1.0,Not Applicable
f101,Read.test Score: Increct Response,-3.0,Not Attempted
f101,Read.test Score: Increct Response,-2.0,Not Scorable
f101,Read.test Score: Increct Response,-1.0,Not Applicable
f102,Childs Height in Cms,-3.0,Not Given
f102,Childs Height in Cms,-2.0,Not Scorable
f102,Childs Height in Cms,-1.0,Not Applicable
f103,Childs Head Circum. in Cms,-3.0,Not Given
f103,Childs Head Circum. in Cms,-2.0,Not Scorable
f103,Childs Head Circum. in Cms,-1.0,Not Applicable
f104,Where Tests Carried Out,-3.0,Not Attempted
f104,Where Tests Carried Out,-2.0,Not Scorable
f104,Where Tests Carried Out,-1.0,Not Applicable
f104,Where Tests Carried Out,1.0,Home
f104,Where Tests Carried Out,2.0,Away
f104,Where Tests Carried Out,3.0,Home and Away
f105,Response To Test: Copy Designs,-3.0,Not Stated
f105,Response To Test: Copy Designs,-2.0,Not Scorable
f105,Response To Test: Copy Designs,-1.0,Not Applicable
f105,Response To Test: Copy Designs,1.0,Normal
f105,Response To Test: Copy Designs,2.0,Slow
f105,Response To Test: Copy Designs,3.0,Refused
f105,Response To Test: Copy Designs,4.0,Not Tested
f105,Response To Test: Copy Designs,5.0,Comment-resp N.S
f105,Response To Test: Copy Designs,6.0,Comment-normal
f105,Response To Test: Copy Designs,7.0,Comment-slow
f105,Response To Test: Copy Designs,8.0,Comment-refused
f105,Response To Test: Copy Designs,9.0,Comment-no Test
f106,Response To Test: Human Fig.drwg,-3.0,Not Stated
f106,Response To Test: Human Fig.drwg,-2.0,Not Scorable
f106,Response To Test: Human Fig.drwg,-1.0,Not Applicable
f106,Response To Test: Human Fig.drwg,1.0,Normal
f106,Response To Test: Human Fig.drwg,2.0,Slow
f106,Response To Test: Human Fig.drwg,3.0,Refused
f106,Response To Test: Human Fig.drwg,4.0,Not Tested
f106,Response To Test: Human Fig.drwg,5.0,Comment-resp N.S
f106,Response To Test: Human Fig.drwg,6.0,Comment-normal
f106,Response To Test: Human Fig.drwg,7.0,Comment-slow
f106,Response To Test: Human Fig.drwg,8.0,Comment-refused
f106,Response To Test: Human Fig.drwg,9.0,Comment-no Test
f107,Response To Test: E.P.V.T,-3.0,Not Stated
f107,Response To Test: E.P.V.T,-2.0,Not Scorable
f107,Response To Test: E.P.V.T,-1.0,Not Applicable
f107,Response To Test: E.P.V.T,1.0,Normal
f107,Response To Test: E.P.V.T,2.0,Slow
f107,Response To Test: E.P.V.T,3.0,Refused
f107,Response To Test: E.P.V.T,4.0,Not Tested
f107,Response To Test: E.P.V.T,5.0,Comment-resp N.S
f107,Response To Test: E.P.V.T,6.0,Comment-normal
f107,Response To Test: E.P.V.T,7.0,Comment-slow
f107,Response To Test: E.P.V.T,8.0,Comment-refused
f107,Response To Test: E.P.V.T,9.0,Comment-no Test
f108,Response To Test: Profile Test,-3.0,Not Stated
f108,Response To Test: Profile Test,-2.0,Not Scorable
f108,Response To Test: Profile Test,-1.0,Not Applicable
f108,Response To Test: Profile Test,1.0,Normal
f108,Response To Test: Profile Test,2.0,Slow
f108,Response To Test: Profile Test,3.0,Refused
f108,Response To Test: Profile Test,4.0,Not Tested
f108,Response To Test: Profile Test,5.0,Comment-resp N.S
f108,Response To Test: Profile Test,6.0,Comment-normal
f108,Response To Test: Profile Test,7.0,Comment-slow
f108,Response To Test: Profile Test,8.0,Comment-refused
f108,Response To Test: Profile Test,9.0,Comment-no Test
f109,Response To Test: Reading Test,-3.0,Not Stated
f109,Response To Test: Reading Test,-2.0,Not Scorable
f109,Response To Test: Reading Test,-1.0,Not Applicable
f109,Response To Test: Reading Test,1.0,Normal
f109,Response To Test: Reading Test,2.0,Slow
f109,Response To Test: Reading Test,3.0,Refused
f109,Response To Test: Reading Test,4.0,Not Tested
f109,Response To Test: Reading Test,5.0,Comment-resp N.S
f109,Response To Test: Reading Test,6.0,Comment-normal
f109,Response To Test: Reading Test,7.0,Comment-slow
f109,Response To Test: Reading Test,8.0,Comment-refused
f109,Response To Test: Reading Test,9.0,Comment-no Test
f110,Distractions During Test,-3.0,Not Attempted
f110,Distractions During Test,-2.0,Not Scorable
f110,Distractions During Test,-1.0,Not Applicable
f110,Distractions During Test,1.0,Yes: Remarks
f110,Distractions During Test,2.0,Yes: Encouragment
f110,Distractions During Test,4.0,Yes: Interuptions
f110,Distractions During Test,8.0,Yes: Other Noise
f110,Distractions During Test,16.0,No: Good Conditions
f110,Distractions During Test,32.0,Other Situation
f111,Coder Code,-3.0,No Test Booklet
f111,Coder Code,-2.0,Not Known
f111,Coder Code,-1.0,Not Applicable
f111,Coder Code,1.0,1st Coder
f111,Coder Code,2.0,2nd Coder
f111,Coder Code,3.0,3rd Coder
f111,Coder Code,4.0,4th Coder
f111,Coder Code,5.0,5th Coder
f112,Age at Testing in Days,,
f114,Hfd-2-score: Harris Scoring Method,-3.0,Not Attempted
f114,Hfd-2-score: Harris Scoring Method,-2.0,Not Scorable
f116,Hfd-2-score: Koppitz Scoring Method,-3.0,Not Attempted
f116,Hfd-2-score: Koppitz Scoring Method,-2.0,Not Scorable
f113,Hfd-1-score: Harris Scoring Method,-3.0,Not Attempted
f113,Hfd-1-score: Harris Scoring Method,-2.0,Not Scorable
f115,Hfd-1-score: Koppitz Scoring Method,-3.0,Not Attempted
f115,Hfd-1-score: Koppitz Scoring Method,-2.0,Not Scorable
f117,EPVT Raw Score,-3.0,Not Attempted
f117,EPVT Raw Score,-2.0,Not Scorable
f117,EPVT Raw Score,0.0,No Bases Item
f117,EPVT Raw Score,60.0,No Ceiling Item
f118,Profile Test Score,-3.0,Not Attempted
f118,Profile Test Score,-2.0,Rec But Not Dwn
f118,Profile Test Score,-1.0,Not Rec Not Dwn
f119,Copying Designs Score,-3.0,Not Attempted
f120,Standardised EPVT,,
f121,Standardised Human Fig Drawing,,
f122,Standardised Copy Designs,,
v3,None,,
avail_from_dt,,,
