variable_name,variable_label,value_value,value_label
study_id_e,,,
bd9cntry,Country of Interview  (2012),-1.0,Not applicable (not resident in UK)
bd9cntry,Country of Interview  (2012),1.0,England
bd9cntry,Country of Interview  (2012),2.0,Wales
bd9cntry,Country of Interview  (2012),3.0,Scotland
bd9cntry,Country of Interview  (2012),4.0,Northern Ireland
bd9gor,Government Office Region of residence (2012),-1.0,Not applicable (not resident in UK)
bd9gor,Government Office Region of residence (2012),1.0,North East
bd9gor,Government Office Region of residence (2012),2.0,North West
bd9gor,Government Office Region of residence (2012),3.0,Yorkshire and Humberberside
bd9gor,Government Office Region of residence (2012),4.0,East Midlands
bd9gor,Government Office Region of residence (2012),5.0,West Midlands
bd9gor,Government Office Region of residence (2012),6.0,East of England
bd9gor,Government Office Region of residence (2012),7.0,London
bd9gor,Government Office Region of residence (2012),8.0,South East
bd9gor,Government Office Region of residence (2012),9.0,South West
bd9gor,Government Office Region of residence (2012),10.0,Wales
bd9gor,Government Office Region of residence (2012),11.0,Scotland
bd9gor,Government Office Region of residence (2012),12.0,Northern Ireland
bd9regn,Standard Region of residence (2012),-2.0,Armed Services
bd9regn,Standard Region of residence (2012),-1.0,Not applicable (not resident in UK)
bd9regn,Standard Region of residence (2012),1.0,North
bd9regn,Standard Region of residence (2012),2.0,Yorks and Humberside
bd9regn,Standard Region of residence (2012),3.0,East Midlands
bd9regn,Standard Region of residence (2012),4.0,East Anglia
bd9regn,Standard Region of residence (2012),5.0,South East
bd9regn,Standard Region of residence (2012),6.0,South West
bd9regn,Standard Region of residence (2012),7.0,West Midlands
bd9regn,Standard Region of residence (2012),8.0,North West
bd9regn,Standard Region of residence (2012),9.0,Wales
bd9regn,Standard Region of residence (2012),10.0,Scotland
bd9regn,Standard Region of residence (2012),11.0,Northern Ireland
bd9regn,Standard Region of residence (2012),12.0,Overseas
bd9hsize,(Derived) HH Size,,
bd9ms,(Derived) CM's legal marital status,-9.0,Refused
bd9ms,(Derived) CM's legal marital status,-8.0,Don't know
bd9ms,(Derived) CM's legal marital status,-1.0,Not applicable
bd9ms,(Derived) CM's legal marital status,1.0,Legally separated
bd9ms,(Derived) CM's legal marital status,2.0,Married
bd9ms,(Derived) CM's legal marital status,3.0,Divorced
bd9ms,(Derived) CM's legal marital status,4.0,Widowed
bd9ms,(Derived) CM's legal marital status,5.0,A Civil Partner
bd9ms,(Derived) CM's legal marital status,6.0,A former Civil Partner
bd9ms,(Derived) CM's legal marital status,7.0,A surviving Civil Partner
bd9ms,(Derived) CM's legal marital status,8.0,Single and never married or in a CP
bd9cohab,(Derived) Whether CM cohabiting as a couple,-9.0,Refused
bd9cohab,(Derived) Whether CM cohabiting as a couple,-8.0,No partner in hhgrid but partner job data
bd9cohab,(Derived) Whether CM cohabiting as a couple,-1.0,Not applicable
bd9cohab,(Derived) Whether CM cohabiting as a couple,0.0,No
bd9cohab,(Derived) Whether CM cohabiting as a couple,1.0,Yes
bd9partp,(Derived) Whether CM lives with a spouse or partner,-9.0,Refused
bd9partp,(Derived) Whether CM lives with a spouse or partner,-8.0,No partner in hhgrid but partner job data
bd9partp,(Derived) Whether CM lives with a spouse or partner,-1.0,No partner reported to be living with CM
bd9partp,(Derived) Whether CM lives with a spouse or partner,1.0,Spouse
bd9partp,(Derived) Whether CM lives with a spouse or partner,2.0,Civil partner
bd9partp,(Derived) Whether CM lives with a spouse or partner,3.0,Cohabiting partner
bd9page,(Derived) Age Of CM's Partner,-8.0,Not enough information
bd9page,(Derived) Age Of CM's Partner,-1.0,No partner reported to be living with CM
bd9pid,(Derived) HH Number Of CM's Partner/Spouse/Civil Partner,-8.0,Not enough information
bd9pid,(Derived) HH Number Of CM's Partner/Spouse/Civil Partner,-1.0,No partner reported to be living with CM
bd9psex,(Derived) Gender Of CM's Partner,-8.0,Not enough information
bd9psex,(Derived) Gender Of CM's Partner,-1.0,No partner reported to be living with CM
bd9psex,(Derived) Gender Of CM's Partner,1.0,Male
bd9psex,(Derived) Gender Of CM's Partner,2.0,Female
bd9numch,(Derived) Number Of Children in HH,,
bd9fathn,(Derived) Whether CM's Father in HH (incl adoptive / step),-1.0,Not applicable
bd9fathn,(Derived) Whether CM's Father in HH (incl adoptive / step),0.0,No
bd9fathn,(Derived) Whether CM's Father in HH (incl adoptive / step),1.0,Yes
bd9mothn,(Derived) Whether CM's Mother in HH (incl adoptive / step),-1.0,Not applicable
bd9mothn,(Derived) Whether CM's Mother in HH (incl adoptive / step),0.0,No
bd9mothn,(Derived) Whether CM's Mother in HH (incl adoptive / step),1.0,Yes
bd9nochh,(Derived) Number of own children in household,,
bd9npchh,(Derived) Number of children of current or previous partner in household,,
bd9aychh,(Derived) Age of youngest child (under 19) in household,-8.0,Not enough information
bd9aychh,(Derived) Age of youngest child (under 19) in household,-1.0,Not applicable no child under 19 reported in HH
bd9nc2h,(Derived) Number of children aged 0 to 2 in household,-8.0,Not enough information
bd9nc4h,(Derived) Number of children aged 3 to 4 in household,-8.0,Not enough information
bd9nc11h,(Derived) Number of children aged 5 to 11 in household,-8.0,Not enough information
bd9nc15h,(Derived) Number of children aged 12 to 15 in household,-8.0,Not enough information
bd9nacab,(Derived) Number of absent children (including step-children etc),,
bd9nocab,(Derived) Number of absent children - own children only,,
bd9totac,(Derived) Total number of children (in HH or absent,,
bd9totoc,(Derived) Total number of children (in HH or absent) - own children only,,
bd9wcdie,(Derived) Whether had any (own) children who have died,-9.0,Refusal
bd9wcdie,(Derived) Whether had any (own) children who have died,-8.0,Not enough information
bd9wcdie,(Derived) Whether had any (own) children who have died,-1.0,Not applicable
bd9wcdie,(Derived) Whether had any (own) children who have died,0.0,No
bd9wcdie,(Derived) Whether had any (own) children who have died,1.0,Yes
bd9ncdie,(Derived) Number of own children who have died,-9.0,Refusal
bd9ncdie,(Derived) Number of own children who have died,-8.0,Not enough information
bd9ncdie,(Derived) Number of own children who have died,-1.0,Not applicable
bd9totce,(Derived) Total number of own children ever had,-8.0,Not enough information
bd9wmabc,(Derived) Whether contributes to maintenance of any absent children,-1.0,N/A no absent children
bd9wmabc,(Derived) Whether contributes to maintenance of any absent children,0.0,No
bd9wmabc,(Derived) Whether contributes to maintenance of any absent children,1.0,Yes
bd9wmcpp,(Derived) Whether received maintenance for children from previous partner,-8.0,Not enough information
bd9wmcpp,(Derived) Whether received maintenance for children from previous partner,-1.0,N/A no children with previous partner in HH
bd9wmcpp,(Derived) Whether received maintenance for children from previous partner,0.0,No
bd9wmcpp,(Derived) Whether received maintenance for children from previous partner,1.0,Yes
bd9maliv,(Derived) Whether mother alive,-9.0,Refusal
bd9maliv,(Derived) Whether mother alive,-8.0,Not enough information
bd9maliv,(Derived) Whether mother alive,0.0,Yes in household
bd9maliv,(Derived) Whether mother alive,1.0,Yes
bd9maliv,(Derived) Whether mother alive,2.0,No
bd9maliv,(Derived) Whether mother alive,3.0,No reported dead previously
bd9paliv,(Derived) Whether father alive,-9.0,Refusal
bd9paliv,(Derived) Whether father alive,-8.0,Not enough information
bd9paliv,(Derived) Whether father alive,0.0,Yes in household
bd9paliv,(Derived) Whether father alive,1.0,Yes
bd9paliv,(Derived) Whether father alive,2.0,No
bd9paliv,(Derived) Whether father alive,3.0,No reported dead previously
bd9ecact,(Derived) Current economic activity status,-9.0,Refused
bd9ecact,(Derived) Current economic activity status,-8.0,Not enough information
bd9ecact,(Derived) Current economic activity status,-1.0,Not applicable
bd9ecact,(Derived) Current economic activity status,1.0,Full-time employment
bd9ecact,(Derived) Current economic activity status,2.0,Part-time employment
bd9ecact,(Derived) Current economic activity status,3.0,Full-time self-employment
bd9ecact,(Derived) Current economic activity status,4.0,Part-time self-employment
bd9ecact,(Derived) Current economic activity status,5.0,Unemployment
bd9ecact,(Derived) Current economic activity status,6.0,Full-time education
bd9ecact,(Derived) Current economic activity status,7.0,Govt scheme for employment training
bd9ecact,(Derived) Current economic activity status,8.0,Temporary sickness/disablity
bd9ecact,(Derived) Current economic activity status,9.0,Permanent sickness/disablity
bd9ecact,(Derived) Current economic activity status,10.0,Looking after the home/family
bd9ecact,(Derived) Current economic activity status,11.0,Retirement
bd9ecact,(Derived) Current economic activity status,12.0,Other
bd9peact,(Derived) Partner's current economic activity status,-9.0,Refused
bd9peact,(Derived) Partner's current economic activity status,-8.0,Not enough information
bd9peact,(Derived) Partner's current economic activity status,-1.0,No partner reported to be living with CM
bd9peact,(Derived) Partner's current economic activity status,1.0,Full-time employment
bd9peact,(Derived) Partner's current economic activity status,2.0,Part-time employment
bd9peact,(Derived) Partner's current economic activity status,3.0,Full-time self-employment
bd9peact,(Derived) Partner's current economic activity status,4.0,Part-time self-employment
bd9peact,(Derived) Partner's current economic activity status,5.0,Unemployment
bd9peact,(Derived) Partner's current economic activity status,6.0,Full-time education
bd9peact,(Derived) Partner's current economic activity status,7.0,Govt scheme for employment training
bd9peact,(Derived) Partner's current economic activity status,8.0,Temporary sickness/disablity
bd9peact,(Derived) Partner's current economic activity status,9.0,Permanent sickness/disablity
bd9peact,(Derived) Partner's current economic activity status,10.0,Looking after the home/family
bd9peact,(Derived) Partner's current economic activity status,11.0,Retirement
bd9peact,(Derived) Partner's current economic activity status,12.0,Part time education
bd9peact,(Derived) Partner's current economic activity status,13.0,Voluntary work
bd9peact,(Derived) Partner's current economic activity status,14.0,Maternity leave
bd9peact,(Derived) Partner's current economic activity status,15.0,Other (specify)
bd9wrben,(Derived) Whether receives any benefits,-8.0,Not enough information
bd9wrben,(Derived) Whether receives any benefits,0.0,No
bd9wrben,(Derived) Whether receives any benefits,1.0,Yes
bd9alfed,(Derived) Age left full time education,-8.0,Not enough information
bd9achq1,(Derived) Highest Academic Qualification CM obtained in 2012 survey,-8.0,not enough information
bd9achq1,(Derived) Highest Academic Qualification CM obtained in 2012 survey,-1.0,not applicable
bd9achq1,(Derived) Highest Academic Qualification CM obtained in 2012 survey,0.0,no academic qualification
bd9achq1,(Derived) Highest Academic Qualification CM obtained in 2012 survey,1.0,gcse d-e
bd9achq1,(Derived) Highest Academic Qualification CM obtained in 2012 survey,2.0,"cses2-5, other scottish quals"
bd9achq1,(Derived) Highest Academic Qualification CM obtained in 2012 survey,3.0,"gcse a-c, good o levels scot standards"
bd9achq1,(Derived) Highest Academic Qualification CM obtained in 2012 survey,4.0,as levels or 1 a level
bd9achq1,(Derived) Highest Academic Qualification CM obtained in 2012 survey,5.0,"2+ a levels, scot higher/6th"
bd9achq1,(Derived) Highest Academic Qualification CM obtained in 2012 survey,6.0,diploma
bd9achq1,(Derived) Highest Academic Qualification CM obtained in 2012 survey,7.0,degree level
bd9achq1,(Derived) Highest Academic Qualification CM obtained in 2012 survey,8.0,higher degree
bd9anvq1,(Derived) Highest NVQ level from an academic qualification in 2012 survey,-1.0,not codeable
bd9anvq1,(Derived) Highest NVQ level from an academic qualification in 2012 survey,0.0,none
bd9anvq1,(Derived) Highest NVQ level from an academic qualification in 2012 survey,1.0,nvq1 level
bd9anvq1,(Derived) Highest NVQ level from an academic qualification in 2012 survey,2.0,nvq2 level
bd9anvq1,(Derived) Highest NVQ level from an academic qualification in 2012 survey,3.0,nvq3 level
bd9anvq1,(Derived) Highest NVQ level from an academic qualification in 2012 survey,4.0,nvq4 level
bd9anvq1,(Derived) Highest NVQ level from an academic qualification in 2012 survey,5.0,nvq5 level
bd9vnvq1,(Derived) Highest NVQ Level from a Vocational Qualification in 2012 survey,-1.0,not codeable
bd9vnvq1,(Derived) Highest NVQ Level from a Vocational Qualification in 2012 survey,0.0,none
bd9vnvq1,(Derived) Highest NVQ Level from a Vocational Qualification in 2012 survey,1.0,nvq1 level
bd9vnvq1,(Derived) Highest NVQ Level from a Vocational Qualification in 2012 survey,2.0,nvq2 level
bd9vnvq1,(Derived) Highest NVQ Level from a Vocational Qualification in 2012 survey,3.0,nvq3 level
bd9vnvq1,(Derived) Highest NVQ Level from a Vocational Qualification in 2012 survey,4.0,nvq4 level
bd9vnvq1,(Derived) Highest NVQ Level from a Vocational Qualification in 2012 survey,5.0,nvq5 level
bd9nvq1,(Derived) Highest NVQ Level from an Academic or Vocational Qual in 2012 survey,-1.0,not applicable
bd9nvq1,(Derived) Highest NVQ Level from an Academic or Vocational Qual in 2012 survey,0.0,none
bd9nvq1,(Derived) Highest NVQ Level from an Academic or Vocational Qual in 2012 survey,1.0,nvq1 level
bd9nvq1,(Derived) Highest NVQ Level from an Academic or Vocational Qual in 2012 survey,2.0,nvq2 level
bd9nvq1,(Derived) Highest NVQ Level from an Academic or Vocational Qual in 2012 survey,3.0,nvq3 level
bd9nvq1,(Derived) Highest NVQ Level from an Academic or Vocational Qual in 2012 survey,4.0,nvq4 level
bd9nvq1,(Derived) Highest NVQ Level from an Academic or Vocational Qual in 2012 survey,5.0,nvq5 level
bd9hachq,(Derived) Highest Academic Qualification up to 2012,-8.0,Not enough information
bd9hachq,(Derived) Highest Academic Qualification up to 2012,-1.0,not applicable
bd9hachq,(Derived) Highest Academic Qualification up to 2012,0.0,no academic qualification
bd9hachq,(Derived) Highest Academic Qualification up to 2012,1.0,gcse d-e
bd9hachq,(Derived) Highest Academic Qualification up to 2012,2.0,"cses2-5, other scottish quals"
bd9hachq,(Derived) Highest Academic Qualification up to 2012,3.0,"gcse a-c, good o levels scot standards"
bd9hachq,(Derived) Highest Academic Qualification up to 2012,4.0,as levels or 1 a level
bd9hachq,(Derived) Highest Academic Qualification up to 2012,5.0,"2+ a levels, scot higher/6th"
bd9hachq,(Derived) Highest Academic Qualification up to 2012,6.0,diploma
bd9hachq,(Derived) Highest Academic Qualification up to 2012,7.0,degree level
bd9hachq,(Derived) Highest Academic Qualification up to 2012,8.0,higher degree
bd9hanvq,(Derived) Highest NVQ level from an academic qualification up to 2012,-1.0,not applicable
bd9hanvq,(Derived) Highest NVQ level from an academic qualification up to 2012,0.0,none
bd9hanvq,(Derived) Highest NVQ level from an academic qualification up to 2012,1.0,nvq1 level
bd9hanvq,(Derived) Highest NVQ level from an academic qualification up to 2012,2.0,nvq2 level
bd9hanvq,(Derived) Highest NVQ level from an academic qualification up to 2012,3.0,nvq3 level
bd9hanvq,(Derived) Highest NVQ level from an academic qualification up to 2012,4.0,nvq4 level
bd9hanvq,(Derived) Highest NVQ level from an academic qualification up to 2012,5.0,nvq5 level
bd9hvnvq,(Derived) Highest NVQ Level from a Vocational Qualification  up to 2012,-1.0,not applicable
bd9hvnvq,(Derived) Highest NVQ Level from a Vocational Qualification  up to 2012,0.0,none
bd9hvnvq,(Derived) Highest NVQ Level from a Vocational Qualification  up to 2012,1.0,nvq1 level
bd9hvnvq,(Derived) Highest NVQ Level from a Vocational Qualification  up to 2012,2.0,nvq2 level
bd9hvnvq,(Derived) Highest NVQ Level from a Vocational Qualification  up to 2012,3.0,nvq3 level
bd9hvnvq,(Derived) Highest NVQ Level from a Vocational Qualification  up to 2012,4.0,nvq4 level
bd9hvnvq,(Derived) Highest NVQ Level from a Vocational Qualification  up to 2012,5.0,nvq5 level
bd9hnvq,(Derived) Highest NVQ Level from an Academic or Vocational Qual  up to 2012,-1.0,not applicable
bd9hnvq,(Derived) Highest NVQ Level from an Academic or Vocational Qual  up to 2012,0.0,none
bd9hnvq,(Derived) Highest NVQ Level from an Academic or Vocational Qual  up to 2012,1.0,nvq1 level
bd9hnvq,(Derived) Highest NVQ Level from an Academic or Vocational Qual  up to 2012,2.0,nvq2 level
bd9hnvq,(Derived) Highest NVQ Level from an Academic or Vocational Qual  up to 2012,3.0,nvq3 level
bd9hnvq,(Derived) Highest NVQ Level from an Academic or Vocational Qual  up to 2012,4.0,nvq4 level
bd9hnvq,(Derived) Highest NVQ Level from an Academic or Vocational Qual  up to 2012,5.0,nvq5 level
bd9nualc,(Derived) Number of units of alcohol consumed in last 7 days,-9.0,Refused
bd9nualc,(Derived) Number of units of alcohol consumed in last 7 days,-8.0,Not enough information
bd9nualc,(Derived) Number of units of alcohol consumed in last 7 days,-1.0,No drink in last 7 days
bd9hghtm,(Derived) Height in metres,-8.0,No information
bd9wghtk,(Derived) Weight in kilograms,-8.0,No information
bd9bmi,(Derived) Body mass index,-8.0,Not enough information
bd9whyst,(Derived) Whether had hysterectomy or ovaries removed,-8.0,Not enough information
bd9whyst,(Derived) Whether had hysterectomy or ovaries removed,-1.0,Not applicable (male)
bd9whyst,(Derived) Whether had hysterectomy or ovaries removed,0.0,Ovaries and uterus not removed
bd9whyst,(Derived) Whether had hysterectomy or ovaries removed,1.0,Removal of one ovary
bd9whyst,(Derived) Whether had hysterectomy or ovaries removed,2.0,Removal of both ovaries
bd9whyst,(Derived) Whether had hysterectomy or ovaries removed,3.0,Removal of uterus
bd9whyst,(Derived) Whether had hysterectomy or ovaries removed,4.0,Removal of one ovary and uterus
bd9whyst,(Derived) Whether had hysterectomy or ovaries removed,5.0,Removal of both ovaries and uterus
bd9wp12m,(Derived) Whether had period in last 12 months,-8.0,Not enough information
bd9wp12m,(Derived) Whether had period in last 12 months,-1.0,Not applicable (male)
bd9wp12m,(Derived) Whether had period in last 12 months,0.0,No
bd9wp12m,(Derived) Whether had period in last 12 months,1.0,Yes
bd9alstp,(Derived) Age at last period,-8.0,Not enough information
bd9alstp,(Derived) Age at last period,-1.0,Not applicable
bd9mal,(Derived) Total Malaise score (9 questions),-8.0,Not enough information
bd9malg,(Derived) Total Malaise score - grouped,-8.0,Not enough information
bd9malg,(Derived) Total Malaise score - grouped,1.0,Low malaise (0-3)
bd9malg,(Derived) Total Malaise score - grouped,2.0, High malaise (4+)
bd9audit,(Derived) Total AUDIT-PC Score,-8.0,Not enough information
bd9audit,(Derived) Total AUDIT-PC Score,-1.0,NA - does not drink alcohol
bd9audg,(Derived) AUDIT-PC Group,-8.0,Not enough information
bd9audg,(Derived) AUDIT-PC Group,-1.0,NA - does not drink alcohol
bd9audg,(Derived) AUDIT-PC Group,1.0,Unproblematic drinking (0-4)
bd9audg,(Derived) AUDIT-PC Group,2.0,Increasing or higher risk drinking (5+)
bd9wemwb,(Derived) Warwick Edinburgh Mental Well-Being Scale,-8.0,Not enough information
bd9wemwb,(Derived) Warwick Edinburgh Mental Well-Being Scale,-1.0,Self completion qnaire not completed
bd9diseq,(Derived) Disability classification Equality act (2010),-8.0,Not enough information
bd9diseq,(Derived) Disability classification Equality act (2010),0.0,Not disabled (Equality act)
bd9diseq,(Derived) Disability classification Equality act (2010),1.0,Disabled (Equality Act)
bd9disls,(Derived) Disability classification EU-SILC,-8.0,Not enough information
bd9disls,(Derived) Disability classification EU-SILC,0.0,No EU-SILC long-standing health condition
bd9disls,(Derived) Disability classification EU-SILC,1.0,EU-SILC classification to some extent
bd9disls,(Derived) Disability classification EU-SILC,2.0,EU-SILC classification severely hampered
v3,None,,
avail_from_dt,,,
