variable_name,variable_label,value_value,value_label
study_id_e,,,
dchngno,sortkey: Loop ID,,
b10dchsex,Sex of child that died,-9.0,Refused
b10dchsex,Sex of child that died,-8.0,Not known
b10dchsex,Sex of child that died,-1.0,Not applicable
b10dchsex,Sex of child that died,1.0,Male
b10dchsex,Sex of child that died,2.0,Female
b10dchdbm,Date of birth of child that died - MONTH,-9.0,Refused
b10dchdbm,Date of birth of child that died - MONTH,-8.0,Not known
b10dchdbm,Date of birth of child that died - MONTH,-1.0,Not applicable
b10dchdbm,Date of birth of child that died - MONTH,1.0,January
b10dchdbm,Date of birth of child that died - MONTH,2.0,February
b10dchdbm,Date of birth of child that died - MONTH,3.0,March
b10dchdbm,Date of birth of child that died - MONTH,4.0,April
b10dchdbm,Date of birth of child that died - MONTH,5.0,May
b10dchdbm,Date of birth of child that died - MONTH,6.0,June
b10dchdbm,Date of birth of child that died - MONTH,7.0,July
b10dchdbm,Date of birth of child that died - MONTH,8.0,August
b10dchdbm,Date of birth of child that died - MONTH,9.0,September
b10dchdbm,Date of birth of child that died - MONTH,10.0,October
b10dchdbm,Date of birth of child that died - MONTH,11.0,November
b10dchdbm,Date of birth of child that died - MONTH,12.0,December
b10dchdbm,Date of birth of child that died - MONTH,13.0,NoAnswer
b10dchdby,Date of birth of child that died - YEAR,-9.0,Refused
b10dchdby,Date of birth of child that died - YEAR,-8.0,Not known
b10dchdby,Date of birth of child that died - YEAR,-1.0,Not applicable
b10dchrtk,Child's relationship to CM,-9.0,Refused
b10dchrtk,Child's relationship to CM,-8.0,Not known
b10dchrtk,Child's relationship to CM,-1.0,Not applicable
b10dchrtk,Child's relationship to CM,1.0,Own child
b10dchrtk,Child's relationship to CM,2.0,Adopted child
b10dchrtk,Child's relationship to CM,3.0,Child of current spouse/partner
b10dchrtk,Child's relationship to CM,4.0,Child of previous spouse/partner
b10dchrtk,Child's relationship to CM,5.0,Fostered child
b10dchrtk,Child's relationship to CM,6.0,Other child
b10dchdm,When child died MONTH,-9.0,Refused
b10dchdm,When child died MONTH,-8.0,Not known
b10dchdm,When child died MONTH,-1.0,Not applicable
b10dchdm,When child died MONTH,1.0,January
b10dchdm,When child died MONTH,2.0,February
b10dchdm,When child died MONTH,3.0,March
b10dchdm,When child died MONTH,4.0,April
b10dchdm,When child died MONTH,5.0,May
b10dchdm,When child died MONTH,6.0,June
b10dchdm,When child died MONTH,7.0,July
b10dchdm,When child died MONTH,8.0,August
b10dchdm,When child died MONTH,9.0,September
b10dchdm,When child died MONTH,10.0,October
b10dchdm,When child died MONTH,11.0,November
b10dchdm,When child died MONTH,12.0,December
b10dchdm,When child died MONTH,13.0,NoAnswer
b10dchdy,When child died YEAR,-9.0,Refused
b10dchdy,When child died YEAR,-8.0,Not known
b10dchdy,When child died YEAR,-1.0,Not applicable
v3,None,,
avail_from_dt,,,
