variable_name,variable_label,value_value,value_label
study_id_e,,,
bd8cntry,2008: Country of Interview,-1.0,Not known
bd8cntry,2008: Country of Interview,1.0,England
bd8cntry,2008: Country of Interview,2.0,Wales
bd8cntry,2008: Country of Interview,3.0,Scotland
bd8cntry,2008: Country of Interview,4.0,Northern Ireland
bd8regn,2008: Standard Region of residence,-2.0,Armed Services
bd8regn,2008: Standard Region of residence,-1.0,Unknown
bd8regn,2008: Standard Region of residence,1.0,North
bd8regn,2008: Standard Region of residence,2.0,Yorks and Humberside
bd8regn,2008: Standard Region of residence,3.0,East Midlands
bd8regn,2008: Standard Region of residence,4.0,East Anglia
bd8regn,2008: Standard Region of residence,5.0,South East
bd8regn,2008: Standard Region of residence,6.0,South West
bd8regn,2008: Standard Region of residence,7.0,West Midlands
bd8regn,2008: Standard Region of residence,8.0,North West
bd8regn,2008: Standard Region of residence,9.0,Wales
bd8regn,2008: Standard Region of residence,10.0,Scotland
bd8regn,2008: Standard Region of residence,11.0,Northern Ireland
bd8regn,2008: Standard Region of residence,12.0,Overseas
bd8gor,2008: Government Office Region of residence,-1.0,Unknown
bd8gor,2008: Government Office Region of residence,1.0,North East
bd8gor,2008: Government Office Region of residence,2.0,North West
bd8gor,2008: Government Office Region of residence,3.0,Yorkshire and Humberside
bd8gor,2008: Government Office Region of residence,4.0,East Midlands
bd8gor,2008: Government Office Region of residence,5.0,West Midlands
bd8gor,2008: Government Office Region of residence,6.0,East of England
bd8gor,2008: Government Office Region of residence,7.0,London
bd8gor,2008: Government Office Region of residence,8.0,South East
bd8gor,2008: Government Office Region of residence,9.0,South West
bd8gor,2008: Government Office Region of residence,10.0,Wales
bd8gor,2008: Government Office Region of residence,11.0,Scotland
bd8gor,2008: Government Office Region of residence,12.0,Northern Ireland
bd8malive,2008: Whether cohort member's mother alive (incl prev. data),-9.0,Refusal
bd8malive,2008: Whether cohort member's mother alive (incl prev. data),-8.0,Dont Know
bd8malive,2008: Whether cohort member's mother alive (incl prev. data),0.0,Yes in household
bd8malive,2008: Whether cohort member's mother alive (incl prev. data),1.0,Yes
bd8malive,2008: Whether cohort member's mother alive (incl prev. data),2.0,No
bd8malive,2008: Whether cohort member's mother alive (incl prev. data),3.0,No reported dead previously
bd8palive,2008: Whether cohort member's father alive (incl prev. data),-9.0,Refusal
bd8palive,2008: Whether cohort member's father alive (incl prev. data),-8.0,Dont Know
bd8palive,2008: Whether cohort member's father alive (incl prev. data),0.0,Yes in household
bd8palive,2008: Whether cohort member's father alive (incl prev. data),1.0,Yes
bd8palive,2008: Whether cohort member's father alive (incl prev. data),2.0,No
bd8palive,2008: Whether cohort member's father alive (incl prev. data),3.0,No reported dead previously
bd8numrm,2008: Number of rooms in the house,-9.0,Refusal
bd8numrm,2008: Number of rooms in the house,-8.0,Dont know
bd8numrm,2008: Number of rooms in the house,-1.0,Not applicable
bd8numrm,2008: Number of rooms in the house,12.0,or more rooms
bd8ecact,2008: Cohort Member's main activity,-8.0,Don't Know
bd8ecact,2008: Cohort Member's main activity,1.0,Full-time paid employee (30+ hrs / week
bd8ecact,2008: Cohort Member's main activity,2.0,Part-time paid employee (>30hrs / we
bd8ecact,2008: Cohort Member's main activity,3.0,Full-time self-employed
bd8ecact,2008: Cohort Member's main activity,4.0,Part-time self-employed
bd8ecact,2008: Cohort Member's main activity,5.0,Unemployed and seeking work
bd8ecact,2008: Cohort Member's main activity,6.0,Full-time education
bd8ecact,2008: Cohort Member's main activity,7.0,On a government scheme for emp training
bd8ecact,2008: Cohort Member's main activity,8.0,Temporarily sick/disabled
bd8ecact,2008: Cohort Member's main activity,9.0,Permanently sick/disabled
bd8ecact,2008: Cohort Member's main activity,10.0,Looking after home/family
bd8ecact,2008: Cohort Member's main activity,11.0,Wholly retired
bd8ecact,2008: Cohort Member's main activity,12.0,Other
bd8potha,2008: Partner's / spouse's main activity,-9.0,Refusal
bd8potha,2008: Partner's / spouse's main activity,-8.0,Don't Know
bd8potha,2008: Partner's / spouse's main activity,-1.0,Not applicable
bd8potha,2008: Partner's / spouse's main activity,1.0,Full-time paid employee (30+ hrs / week
bd8potha,2008: Partner's / spouse's main activity,2.0,Part-time paid employee (>30hrs / we
bd8potha,2008: Partner's / spouse's main activity,3.0,Full-time self-employed
bd8potha,2008: Partner's / spouse's main activity,4.0,Part-time self-employed
bd8potha,2008: Partner's / spouse's main activity,5.0,Unemployed and seeking work
bd8potha,2008: Partner's / spouse's main activity,6.0,Full-time education
bd8potha,2008: Partner's / spouse's main activity,7.0,On a government scheme for emp training
bd8potha,2008: Partner's / spouse's main activity,8.0,Temporarily sick/disabled
bd8potha,2008: Partner's / spouse's main activity,9.0,Permanently sick/disabled
bd8potha,2008: Partner's / spouse's main activity,10.0,Looking after home/family
bd8potha,2008: Partner's / spouse's main activity,11.0,Wholly retired
bd8potha,2008: Partner's / spouse's main activity,12.0,Other
bd8stbe,2008: In receipt of State Benefits (b8inc03 to b8inc06),-9.0,Refusal
bd8stbe,2008: In receipt of State Benefits (b8inc03 to b8inc06),-8.0,Dont Know
bd8stbe,2008: In receipt of State Benefits (b8inc03 to b8inc06),-1.0,Not known
bd8stbe,2008: In receipt of State Benefits (b8inc03 to b8inc06),0.0,No
bd8stbe,2008: In receipt of State Benefits (b8inc03 to b8inc06),1.0,Yes
bd8smoke,2008: Smoking habits,-8.0,Dont Know
bd8smoke,2008: Smoking habits,-1.0,Not applicable
bd8smoke,2008: Smoking habits,0.0,Never smoked
bd8smoke,2008: Smoking habits,1.0,Ex smoker
bd8smoke,2008: Smoking habits,2.0,Occasional smoker
bd8smoke,2008: Smoking habits,3.0,Up to 10 a day
bd8smoke,2008: Smoking habits,4.0,11 to 20 a day
bd8smoke,2008: Smoking habits,5.0,More than 20 a day
bd8smoke,2008: Smoking habits,6.0,Daily but frequency not stated
bd8achq1,2008: Highest Academic Qualification CM obtained in 2008 survey,-1.0,Level not calculable
bd8achq1,2008: Highest Academic Qualification CM obtained in 2008 survey,0.0,No academic qualification
bd8achq1,2008: Highest Academic Qualification CM obtained in 2008 survey,1.0,GCSE D-E
bd8achq1,2008: Highest Academic Qualification CM obtained in 2008 survey,2.0,Other Scottish Quals
bd8achq1,2008: Highest Academic Qualification CM obtained in 2008 survey,3.0,"GCSE A-C, Scot Standards/Intermediate 1"
bd8achq1,2008: Highest Academic Qualification CM obtained in 2008 survey,4.0,Scot Intermediate 2 / AS Levels or 1 A
bd8achq1,2008: Highest Academic Qualification CM obtained in 2008 survey,5.0,"2+ A Levels, Scot Higher/6th"
bd8achq1,2008: Highest Academic Qualification CM obtained in 2008 survey,6.0,Diploma
bd8achq1,2008: Highest Academic Qualification CM obtained in 2008 survey,7.0,"Degree, PGCE, Other Degree qual"
bd8achq1,2008: Highest Academic Qualification CM obtained in 2008 survey,8.0,Higher Degree
bd8anvq1,2008: Highest NVQ level from an academic qualification in 2008 survey,-1.0,Not codeable
bd8anvq1,2008: Highest NVQ level from an academic qualification in 2008 survey,0.0,none
bd8anvq1,2008: Highest NVQ level from an academic qualification in 2008 survey,1.0,nvq1 level
bd8anvq1,2008: Highest NVQ level from an academic qualification in 2008 survey,2.0,nvq2 level
bd8anvq1,2008: Highest NVQ level from an academic qualification in 2008 survey,3.0,nvq3 level
bd8anvq1,2008: Highest NVQ level from an academic qualification in 2008 survey,4.0,nvq4 level
bd8anvq1,2008: Highest NVQ level from an academic qualification in 2008 survey,5.0,nvq5 level
bd8vnvq1,2008: Highest NVQ Level from a Vocational Qualification in 2008 survey,-1.0,Not codeable
bd8vnvq1,2008: Highest NVQ Level from a Vocational Qualification in 2008 survey,0.0,none
bd8vnvq1,2008: Highest NVQ Level from a Vocational Qualification in 2008 survey,1.0,nvq1 level
bd8vnvq1,2008: Highest NVQ Level from a Vocational Qualification in 2008 survey,2.0,nvq2 level
bd8vnvq1,2008: Highest NVQ Level from a Vocational Qualification in 2008 survey,3.0,nvq3 level
bd8vnvq1,2008: Highest NVQ Level from a Vocational Qualification in 2008 survey,4.0,nvq4 level
bd8vnvq1,2008: Highest NVQ Level from a Vocational Qualification in 2008 survey,5.0,nvq5 level
bd8nvq1,2008: Highest NVQ Level from an Academic or Vocational Qual in 2008 survey,-1.0,Not applicable
bd8nvq1,2008: Highest NVQ Level from an Academic or Vocational Qual in 2008 survey,0.0,none
bd8nvq1,2008: Highest NVQ Level from an Academic or Vocational Qual in 2008 survey,1.0,nvq1 level
bd8nvq1,2008: Highest NVQ Level from an Academic or Vocational Qual in 2008 survey,2.0,nvq2 level
bd8nvq1,2008: Highest NVQ Level from an Academic or Vocational Qual in 2008 survey,3.0,nvq3 level
bd8nvq1,2008: Highest NVQ Level from an Academic or Vocational Qual in 2008 survey,4.0,nvq4 level
bd8nvq1,2008: Highest NVQ Level from an Academic or Vocational Qual in 2008 survey,5.0,nvq5 level
bd8hachq,2008: Highest Academic Qualification up to 2008,-8.0,Don't know
bd8hachq,2008: Highest Academic Qualification up to 2008,-1.0,Not applicable
bd8hachq,2008: Highest Academic Qualification up to 2008,0.0,no academic qualification
bd8hachq,2008: Highest Academic Qualification up to 2008,1.0,GCSE D-E
bd8hachq,2008: Highest Academic Qualification up to 2008,2.0,"CSEs2-5, other Scottish Quals"
bd8hachq,2008: Highest Academic Qualification up to 2008,3.0,"GCSE A-C, good O levels Scot Standards"
bd8hachq,2008: Highest Academic Qualification up to 2008,4.0,AS Levels or 1 A Level
bd8hachq,2008: Highest Academic Qualification up to 2008,5.0,"2+ A Levels, Scot HIgher/6th"
bd8hachq,2008: Highest Academic Qualification up to 2008,6.0,Diploma
bd8hachq,2008: Highest Academic Qualification up to 2008,7.0,"Degree, PGCE, Other Degree Level qual"
bd8hachq,2008: Highest Academic Qualification up to 2008,8.0,Higher Degree
bd8hanvq,2008: Highest NVQ level from an academic qualification up to 2008,-1.0,Not applicable
bd8hanvq,2008: Highest NVQ level from an academic qualification up to 2008,0.0,none
bd8hanvq,2008: Highest NVQ level from an academic qualification up to 2008,1.0,nvq1 level
bd8hanvq,2008: Highest NVQ level from an academic qualification up to 2008,2.0,nvq2 level
bd8hanvq,2008: Highest NVQ level from an academic qualification up to 2008,3.0,nvq3 level
bd8hanvq,2008: Highest NVQ level from an academic qualification up to 2008,4.0,nvq4 level
bd8hanvq,2008: Highest NVQ level from an academic qualification up to 2008,5.0,nvq5 level
bd8hvnvq,2008: Highest NVQ Level from a Vocational Qualification  up to 2008,-1.0,Not applicable
bd8hvnvq,2008: Highest NVQ Level from a Vocational Qualification  up to 2008,0.0,none
bd8hvnvq,2008: Highest NVQ Level from a Vocational Qualification  up to 2008,1.0,nvq1 level
bd8hvnvq,2008: Highest NVQ Level from a Vocational Qualification  up to 2008,2.0,nvq2 level
bd8hvnvq,2008: Highest NVQ Level from a Vocational Qualification  up to 2008,3.0,nvq3 level
bd8hvnvq,2008: Highest NVQ Level from a Vocational Qualification  up to 2008,4.0,nvq4 level
bd8hvnvq,2008: Highest NVQ Level from a Vocational Qualification  up to 2008,5.0,nvq5 level
bd8hnvq,2008: Highest NVQ Level from an Academic or Vocational Qual  up to 2008,-1.0,Not applicable
bd8hnvq,2008: Highest NVQ Level from an Academic or Vocational Qual  up to 2008,0.0,none
bd8hnvq,2008: Highest NVQ Level from an Academic or Vocational Qual  up to 2008,1.0,nvq1 level
bd8hnvq,2008: Highest NVQ Level from an Academic or Vocational Qual  up to 2008,2.0,nvq2 level
bd8hnvq,2008: Highest NVQ Level from an Academic or Vocational Qual  up to 2008,3.0,nvq3 level
bd8hnvq,2008: Highest NVQ Level from an Academic or Vocational Qual  up to 2008,4.0,nvq4 level
bd8hnvq,2008: Highest NVQ Level from an Academic or Vocational Qual  up to 2008,5.0,nvq5 level
v3,None,,
avail_from_dt,,,
