variable_name,variable_label,value_value,value_label
study_id_e,,,
re1_1,,,
re1_2,,,
re2_1,,,
re2_2,,,
re2_3,,,
re2_4,,,
re2_5,,,
re2_6,,,
re2_7,,,
re2_8,,,
re3aa1,Stand on right leg did ft move <30 secs,-2.0,Not stated
re3aa1,Stand on right leg did ft move <30 secs,-1.0,No questionnaire
re3aa1,Stand on right leg did ft move <30 secs,1.0,No
re3aa1,Stand on right leg did ft move <30 secs,2.0,Yes
re3aa2,No. secs before ft move stand on rt leg,-4.0,Not asked
re3aa2,No. secs before ft move stand on rt leg,-2.0,Not stated
re3aa2,No. secs before ft move stand on rt leg,-1.0,No questionnaire
re3ab1,Stand on rt leg did hand move <30 secs,-2.0,Not stated
re3ab1,Stand on rt leg did hand move <30 secs,-1.0,No questionnaire
re3ab1,Stand on rt leg did hand move <30 secs,1.0,No
re3ab1,Stand on rt leg did hand move <30 secs,2.0,Yes
re3ab2,No. secs before hd move stand on rt leg,-4.0,Not asked
re3ab2,No. secs before hd move stand on rt leg,-2.0,Not stated
re3ab2,No. secs before hd move stand on rt leg,-1.0,No questionnaire
re3ba1,Stand on lt leg did ft move <30 secs,-2.0,Not stated
re3ba1,Stand on lt leg did ft move <30 secs,-1.0,No questionnaire
re3ba1,Stand on lt leg did ft move <30 secs,1.0,No
re3ba1,Stand on lt leg did ft move <30 secs,2.0,Yes
re3ba2,No. secs before ft move stand on lt leg,-4.0,Not asked
re3ba2,No. secs before ft move stand on lt leg,-2.0,Not stated
re3ba2,No. secs before ft move stand on lt leg,-1.0,No questionnaire
re3bb1,Stand on lt leg did hand move <30 secs,-2.0,Not stated
re3bb1,Stand on lt leg did hand move <30 secs,-1.0,No questionnaire
re3bb1,Stand on lt leg did hand move <30 secs,1.0,No
re3bb1,Stand on lt leg did hand move <30 secs,2.0,Yes
re3bb2,No. secs before hd move stand on lt leg,-4.0,Not asked
re3bb2,No. secs before hd move stand on lt leg,-2.0,Not stated
re3bb2,No. secs before hd move stand on lt leg,-1.0,No questionnaire
re4a,Walk backwards numb steps before error,-4.0,Not asked
re4a,Walk backwards numb steps before error,-2.0,Not stated
re4a,Walk backwards numb steps before error,-1.0,No questionnaire
re5,Description of teen's co-ordination,-1.0,No questionnaire
re5,Description of teen's co-ordination,1.0,Normal limb co-ord.
re5,Description of teen's co-ordination,2.0,Questionably clumsy
re5,Description of teen's co-ordination,3.0,Mildly clumsy
re5,Description of teen's co-ordination,4.0,Moderately clumsy
re5,Description of teen's co-ordination,5.0,Markedly clumsy
re5,Description of teen's co-ordination,6.0,Unable to assess
re5,Description of teen's co-ordination,-4.0,Not asked
re5,Description of teen's co-ordination,-2.0,Not stated
re6,Teens pulse rate at end of medical exam,-4.0,Not asked
re6,Teens pulse rate at end of medical exam,-2.0,Not stated
re6,Teens pulse rate at end of medical exam,-1.0,No questionnaire
rf1,Evidence of impairment/disabil/handicap,-4.0,Not asked
rf1,Evidence of impairment/disabil/handicap,-2.0,Not stated
rf1,Evidence of impairment/disabil/handicap,-1.0,No questionnaire
rf1,Evidence of impairment/disabil/handicap,1.0,Yes
rf1,Evidence of impairment/disabil/handicap,2.0,No
rf1,Evidence of impairment/disabil/handicap,3.0,Not known
rf1a1b,Severity of disability of 1st condition,-4.0,Not asked
rf1a1b,Severity of disability of 1st condition,-2.0,Not stated
rf1a1b,Severity of disability of 1st condition,-1.0,No questionnaire
rf1a1b,Severity of disability of 1st condition,1.0,Present no disabilty
rf1a1b,Severity of disability of 1st condition,2.0,Present slight disab
rf1a1b,Severity of disability of 1st condition,3.0,Marked disability
rf1a2b,Severity of disability of 2nd condition,-4.0,Not asked
rf1a2b,Severity of disability of 2nd condition,-2.0,Not stated
rf1a2b,Severity of disability of 2nd condition,-1.0,No questionnaire
rf1a2b,Severity of disability of 2nd condition,1.0,Present no disabilty
rf1a2b,Severity of disability of 2nd condition,2.0,Present slight disab
rf1a2b,Severity of disability of 2nd condition,3.0,Marked disability
rf1a3b,Severity of disability of 3rd condition,-4.0,Not asked
rf1a3b,Severity of disability of 3rd condition,-2.0,Not stated
rf1a3b,Severity of disability of 3rd condition,-1.0,No questionnaire
rf1a3b,Severity of disability of 3rd condition,1.0,Present no disabilty
rf1a3b,Severity of disability of 3rd condition,2.0,Present slight disab
rf1a3b,Severity of disability of 3rd condition,3.0,Marked disability
rf1a4b,Severity of disability of 4th condition,-4.0,Not asked
rf1a4b,Severity of disability of 4th condition,-2.0,Not stated
rf1a4b,Severity of disability of 4th condition,-1.0,No questionnaire
rf1a4b,Severity of disability of 4th condition,1.0,Present no disabilty
rf1a4b,Severity of disability of 4th condition,2.0,Present slight disab
rf1a4b,Severity of disability of 4th condition,3.0,Marked disability
rf1a5b,Severity of disability of 5th condition,-4.0,Not asked
rf1a5b,Severity of disability of 5th condition,-2.0,Not stated
rf1a5b,Severity of disability of 5th condition,-1.0,No questionnaire
rf1a5b,Severity of disability of 5th condition,1.0,Present no disabilty
rf1a5b,Severity of disability of 5th condition,2.0,Present slight disab
rf1a5b,Severity of disability of 5th condition,3.0,Marked disability
rf1a6b,Severity of disability of 6th condition,-4.0,Not asked
rf1a6b,Severity of disability of 6th condition,-2.0,Not stated
rf1a6b,Severity of disability of 6th condition,-1.0,No questionnaire
rf1a6b,Severity of disability of 6th condition,1.0,Present no disabilty
rf1a6b,Severity of disability of 6th condition,2.0,Present slight disab
rf1a6b,Severity of disability of 6th condition,3.0,Marked disability
rf2,Any condition-symptoms not prev diagnosed,-4.0,Not asked
rf2,Any condition-symptoms not prev diagnosed,-2.0,Not stated
rf2,Any condition-symptoms not prev diagnosed,-1.0,No questionnaire
rf2,Any condition-symptoms not prev diagnosed,1.0,Yes
rf2,Any condition-symptoms not prev diagnosed,2.0,No
rf2,Any condition-symptoms not prev diagnosed,3.0,Not known
rf3,Any condition require ongoing treat-obsv,-4.0,Not asked
rf3,Any condition require ongoing treat-obsv,-2.0,Not stated
rf3,Any condition require ongoing treat-obsv,-1.0,No questionnaire
rf3,Any condition require ongoing treat-obsv,1.0,No
rf3,Any condition require ongoing treat-obsv,2.0,Yes-obs or treatment
rf3,Any condition require ongoing treat-obsv,3.0,Yes-no obs/treatment
rf3,Any condition require ongoing treat-obsv,4.0,Can't say
rf3,Any condition require ongoing treat-obsv,5.0,Both 2 & 3
rsig,Signature of Medical Officer present,-2.0,Not stated
rsig,Signature of Medical Officer present,-1.0,No questionnaire
rsig,Signature of Medical Officer present,1.0,Yes
rsig,Signature of Medical Officer present,2.0,No Response
r_audio1,Result sweep audio right ear,-2.0,Not stated
r_audio1,Result sweep audio right ear,-1.0,No questionnaire
r_audio1,Result sweep audio right ear,1.0,Normal
r_audio1,Result sweep audio right ear,2.0,Abnormal
r_audio2,Result sweep audio left ear,-2.0,Not stated
r_audio2,Result sweep audio left ear,-1.0,No questionnaire
r_audio2,Result sweep audio left ear,1.0,Normal
r_audio2,Result sweep audio left ear,2.0,Abnormal
raud_mt,Date of audiogram (months),-4.0,Not asked
raud_mt,Date of audiogram (months),-2.0,Not stated
raud_mt,Date of audiogram (months),-1.0,No questionnaire
raud_yr,Date of audiogram (years),-4.0,Not asked
raud_yr,Date of audiogram (years),-2.0,Not stated
raud_yr,Date of audiogram (years),-1.0,No questionnaire
rsweep,Level of decibels of sweep audio,-4.0,Not asked
rsweep,Level of decibels of sweep audio,-2.0,Not stated
rsweep,Level of decibels of sweep audio,-1.0,No questionnaire
rfreq1,1st frequency tested by sweep audio,-4.0,Not asked
rfreq1,1st frequency tested by sweep audio,-2.0,Not stated
rfreq1,1st frequency tested by sweep audio,-1.0,No questionnaire
rfreq2,2nd frequency tested by sweep audio,-4.0,Not asked
rfreq2,2nd frequency tested by sweep audio,-2.0,Not stated
rfreq2,2nd frequency tested by sweep audio,-1.0,No questionnaire
rfreq3,3rd frequency tested by sweep audio,-4.0,Not asked
rfreq3,3rd frequency tested by sweep audio,-2.0,Not stated
rfreq3,3rd frequency tested by sweep audio,-1.0,No questionnaire
rfreq4,4th frequency tested by sweep audio,-4.0,Not asked
rfreq4,4th frequency tested by sweep audio,-2.0,Not stated
rfreq4,4th frequency tested by sweep audio,-1.0,No questionnaire
rfreq5,5th frequency tested by sweep audio,-4.0,Not asked
rfreq5,5th frequency tested by sweep audio,-2.0,Not stated
rfreq5,5th frequency tested by sweep audio,-1.0,No questionnaire
rfreq6,6th frequency tested by sweep audio,-4.0,Not asked
rfreq6,6th frequency tested by sweep audio,-2.0,Not stated
rfreq6,6th frequency tested by sweep audio,-1.0,No questionnaire
rfreq7,7th frequency tested by sweep audio,-4.0,Not asked
rfreq7,7th frequency tested by sweep audio,-2.0,Not stated
rfreq7,7th frequency tested by sweep audio,-1.0,No questionnaire
rfreq8,8th frequency tested by sweep audio,-4.0,Not asked
rfreq8,8th frequency tested by sweep audio,-2.0,Not stated
rfreq8,8th frequency tested by sweep audio,-1.0,No questionnaire
rht_mt,Date of most recent hearing test (mths),-4.0,Not asked
rht_mt,Date of most recent hearing test (mths),-2.0,Not stated
rht_mt,Date of most recent hearing test (mths),-1.0,No questionnaire
rht_yr,Date of most recent hearing test (yrs),-4.0,Not asked
rht_yr,Date of most recent hearing test (yrs),-2.0,Not stated
rht_yr,Date of most recent hearing test (yrs),-1.0,No questionnaire
t1a_1,,,
t1a_4a,,,
t1a_4b,,,
t1b_1,,,
t1b_4a,,,
t1b_4b,,,
t1c_1,,,
t1d_1,,,
t2a1_1,,,
t2a1_2,,,
t2a2_1,,,
t2a2_2,,,
t2b1_1,,,
t2b1_2,,,
t2b2_1,,,
t2b2_2,,,
t2c1_1,,,
t2c1_2,,,
t2c2_1,,,
t2c2_2,,,
t2d1_1,,,
t2d1_2,,,
t2d2_1,,,
t2d2_2,,,
t2e1_1,,,
t2e1_2,,,
t2e2_1,,,
t2e2_2,,,
t2f1_1,,,
t2f1_2,,,
t2f2_1,,,
t2f2_2,,,
t2g1_1,,,
t2g1_2,,,
t2g2_1,,,
t2g2_2,,,
t2h1_1,,,
t2h1_2,,,
t2h2_1,,,
t2h2_2,,,
t2i1_1,,,
t2i1_2,,,
t2i2_1,,,
t2i2_2,,,
t2j1_1,,,
t2j1_2,,,
t2j2_1,,,
t2j2_2,,,
t2k1_1,,,
t2k1_2,,,
t2k2_1,,,
t2k2_2,,,
t2l1_1,,,
t2l1_2,,,
t2l2_1,,,
t2l2_2,,,
t2m1_1,,,
t2m1_2,,,
t2m2_1,,,
t2m2_2,,,
t2n1_1,,,
t2n1_2,,,
t2n2_1,,,
t2n2_2,,,
t2o1_2,,,
t2o1_3,,,
t2o2_1,,,
t2o2_2,,,
t2p1_2,,,
t2p1_3,,,
t2p2_1,,,
t2p2_2,,,
t2q1_2,,,
t2q1_3,,,
t2q2_1,,,
t2q2_2,,,
t2r1_2,,,
t2r1_3,,,
t2r2_1,,,
t2r2_2,,,
t2s1_2,,,
t2s1_3,,,
t2s2_1,,,
t2s2_2,,,
t2t1_2,,,
t2t1_3,,,
t2t2_1,,,
t2t2_2,,,
t2u1_2,,,
t2u1_3,,,
t2u2_1,,,
t2u2_2,,,
t2v1_2,,,
t2v1_3,,,
t2v2_1,,,
t2v2_2,,,
t2w1_2,,,
t2w1_3,,,
t2w2_1,,,
t2w2_2,,,
t2x1_2,,,
t2x1_3,,,
t2x2_1,,,
t2x2_2,,,
t3_1,,,
t3_2,,,
t3_3,,,
t3_4,,,
t3_5,,,
t3_6,,,
t3_7,,,
t3_8,,,
t3_10,,,
t4_1,,,
t4_3,,,
t5_1,,,
t5_3,,,
t6_1,,,
t6_2,,,
t6_3,,,
t6_4,,,
t6_5,,,
t6_6,,,
t6_7,,,
t6_9,,,
t6_10,,,
t7_1,,,
t7_2,,,
t8_1,,,
t8_2,,,
t91_1,,,
t91_2,,,
t92_1,,,
t92_2,,,
t10_1,,,
t10_2,,,
t11_1,,,
t11_2,,,
t11_3,,,
t11_4,,,
t11_8,,,
t11_9,,,
t11_10,,,
t11_11,,,
t12_1,,,
t12_2,,,
t13_1,,,
t13_2,,,
tc2,Code indicating singleton or twin,-2.0,Not stated
tc2,Code indicating singleton or twin,-1.0,No questionnaire
v3,None,,
avail_from_dt,,,
