variable_name,variable_label,value_value,value_label
study_id_e,,,
car1,response to question 1,,
car2,response to question 2,,
car3,response to question 3,,
car4,response to question 4,,
car5,response to question 5,,
car6,response to question 6,,
car7,response to question 7,,
car8,response to question 8,,
car9,response to question 9,,
car10,response to question 10,,
car11,response to question 11,,
car12,response to question 12,,
car13,response to question 13,,
car14,response to question 14,,
car15,response to question 15,,
car16,response to question 16,,
car17,response to question 17,,
car18,response to question 18,,
car19,response to question 19,,
car20,response to question 20,,
car21,response to question 21,,
car22,response to question 22,,
car23,response to question 23,,
car24,response to question 24,,
car25,response to question 25,,
car26,response to question 26,,
car27,response to question 27,,
car28,response to question 28,,
car29,response to question 29,,
car30,response to question 30,,
car31,response to question 31,,
car32,response to question 32,,
car33,response to question 33,,
car34,response to question 34,,
car35,response to question 35,,
car36,response to question 36,,
car37,response to question 37,,
car38,response to question 38,,
car39,response to question 39,,
car40,response to question 40,,
car41,response to question 41,,
car42,response to question 42,,
car43,response to question 43,,
car44,response to question 44,,
car45,response to question 45,,
car46,response to question 46,,
car47,response to question 47,,
car48,response to question 48,,
car49,response to question 49,,
car50,response to question 50,,
car51,response to question 51,,
car52,response to question 52,,
car53,response to question 53,,
car54,response to question 54,,
car55,response to question 55,,
car56,response to question 56,,
car57,response to question 57,,
car58,response to question 58,,
car59,response to question 59,,
car60,response to question 60,,
carx1,derived variable from item response car1,-1.0,not attempted
carx1,derived variable from item response car1,0.0,wrong answer
carx1,derived variable from item response car1,1.0,right answer
carx2,derived variable from item response car2,-1.0,not attempted
carx2,derived variable from item response car2,0.0,wrong answer
carx2,derived variable from item response car2,1.0,right answer
carx3,derived variable from item response car3,-1.0,not attempted
carx3,derived variable from item response car3,0.0,wrong answer
carx3,derived variable from item response car3,1.0,right answer
carx4,derived variable from item response car4,-1.0,not attempted
carx4,derived variable from item response car4,0.0,wrong answer
carx4,derived variable from item response car4,1.0,right answer
carx5,derived variable from item response car5,-1.0,not attempted
carx5,derived variable from item response car5,0.0,wrong answer
carx5,derived variable from item response car5,1.0,right answer
carx6,derived variable from item response car6,-1.0,not attempted
carx6,derived variable from item response car6,0.0,wrong answer
carx6,derived variable from item response car6,1.0,right answer
carx7,derived variable from item response car7,-1.0,not attempted
carx7,derived variable from item response car7,0.0,wrong answer
carx7,derived variable from item response car7,1.0,right answer
carx8,derived variable from item response car8,-1.0,not attempted
carx8,derived variable from item response car8,0.0,wrong answer
carx8,derived variable from item response car8,1.0,right answer
carx9,derived variable from item response car9,-1.0,not attempted
carx9,derived variable from item response car9,0.0,wrong answer
carx9,derived variable from item response car9,1.0,right answer
carx10,derived variable from item response car10,-1.0,not attempted
carx10,derived variable from item response car10,0.0,wrong answer
carx10,derived variable from item response car10,1.0,right answer
carx11,derived variable from item response car11,-1.0,not attempted
carx11,derived variable from item response car11,0.0,wrong answer
carx11,derived variable from item response car11,1.0,right answer
carx12,derived variable from item response car12,-1.0,not attempted
carx12,derived variable from item response car12,0.0,wrong answer
carx12,derived variable from item response car12,1.0,right answer
carx13,derived variable from item response car13,-1.0,not attempted
carx13,derived variable from item response car13,0.0,wrong answer
carx13,derived variable from item response car13,1.0,right answer
carx14,derived variable from item response car14,-1.0,not attempted
carx14,derived variable from item response car14,0.0,wrong answer
carx14,derived variable from item response car14,1.0,right answer
carx15,derived variable from item response car15,-1.0,not attempted
carx15,derived variable from item response car15,0.0,wrong answer
carx15,derived variable from item response car15,1.0,right answer
carx16,derived variable from item response car16,-1.0,not attempted
carx16,derived variable from item response car16,0.0,wrong answer
carx16,derived variable from item response car16,1.0,right answer
carx17,derived variable from item response car17,-1.0,not attempted
carx17,derived variable from item response car17,0.0,wrong answer
carx17,derived variable from item response car17,1.0,right answer
carx18,derived variable from item response car18,-1.0,not attempted
carx18,derived variable from item response car18,0.0,wrong answer
carx18,derived variable from item response car18,1.0,right answer
carx19,derived variable from item response car19,-1.0,not attempted
carx19,derived variable from item response car19,0.0,wrong answer
carx19,derived variable from item response car19,1.0,right answer
carx20,derived variable from item response car20,-1.0,not attempted
carx20,derived variable from item response car20,0.0,wrong answer
carx20,derived variable from item response car20,1.0,right answer
carx21,derived variable from item response car21,-1.0,not attempted
carx21,derived variable from item response car21,0.0,wrong answer
carx21,derived variable from item response car21,1.0,right answer
carx22,derived variable from item response car22,-1.0,not attempted
carx22,derived variable from item response car22,0.0,wrong answer
carx22,derived variable from item response car22,1.0,right answer
carx23,derived variable from item response car23,-1.0,not attempted
carx23,derived variable from item response car23,0.0,wrong answer
carx23,derived variable from item response car23,1.0,right answer
carx24,derived variable from item response car24,-1.0,not attempted
carx24,derived variable from item response car24,0.0,wrong answer
carx24,derived variable from item response car24,1.0,right answer
carx25,derived variable from item response car25,-1.0,not attempted
carx25,derived variable from item response car25,0.0,wrong answer
carx25,derived variable from item response car25,1.0,right answer
carx26,derived variable from item response car26,-1.0,not attempted
carx26,derived variable from item response car26,0.0,wrong answer
carx26,derived variable from item response car26,1.0,right answer
carx27,derived variable from item response car27,-1.0,not attempted
carx27,derived variable from item response car27,0.0,wrong answer
carx27,derived variable from item response car27,1.0,right answer
carx28,derived variable from item response car28,-1.0,not attempted
carx28,derived variable from item response car28,0.0,wrong answer
carx28,derived variable from item response car28,1.0,right answer
carx29,derived variable from item response car29,-1.0,not attempted
carx29,derived variable from item response car29,0.0,wrong answer
carx29,derived variable from item response car29,1.0,right answer
carx30,derived variable from item response car30,-1.0,not attempted
carx30,derived variable from item response car30,0.0,wrong answer
carx30,derived variable from item response car30,1.0,right answer
carx31,derived variable from item response car31,-1.0,not attempted
carx31,derived variable from item response car31,0.0,wrong answer
carx31,derived variable from item response car31,1.0,right answer
carx32,derived variable from item response car32,-1.0,not attempted
carx32,derived variable from item response car32,0.0,wrong answer
carx32,derived variable from item response car32,1.0,right answer
carx33,derived variable from item response car33,-1.0,not attempted
carx33,derived variable from item response car33,0.0,wrong answer
carx33,derived variable from item response car33,1.0,right answer
carx34,derived variable from item response car34,-1.0,not attempted
carx34,derived variable from item response car34,0.0,wrong answer
carx34,derived variable from item response car34,1.0,right answer
carx35,derived variable from item response car35,-1.0,not attempted
carx35,derived variable from item response car35,0.0,wrong answer
carx35,derived variable from item response car35,1.0,right answer
carx36,derived variable from item response car36,-1.0,not attempted
carx36,derived variable from item response car36,0.0,wrong answer
carx36,derived variable from item response car36,1.0,right answer
carx37,derived variable from item response car37,-1.0,not attempted
carx37,derived variable from item response car37,0.0,wrong answer
carx37,derived variable from item response car37,1.0,right answer
carx38,derived variable from item response car38,-1.0,not attempted
carx38,derived variable from item response car38,0.0,wrong answer
carx38,derived variable from item response car38,1.0,right answer
carx39,derived variable from item response car39,-1.0,not attempted
carx39,derived variable from item response car39,0.0,wrong answer
carx39,derived variable from item response car39,1.0,right answer
carx40,derived variable from item response car40,-1.0,not attempted
carx40,derived variable from item response car40,0.0,wrong answer
carx40,derived variable from item response car40,1.0,right answer
carx41,derived variable from item response car41,-1.0,not attempted
carx41,derived variable from item response car41,0.0,wrong answer
carx41,derived variable from item response car41,1.0,right answer
carx42,derived variable from item response car42,-1.0,not attempted
carx42,derived variable from item response car42,0.0,wrong answer
carx42,derived variable from item response car42,1.0,right answer
carx43,derived variable from item response car43,-1.0,not attempted
carx43,derived variable from item response car43,0.0,wrong answer
carx43,derived variable from item response car43,1.0,right answer
carx44,derived variable from item response car44,-1.0,not attempted
carx44,derived variable from item response car44,0.0,wrong answer
carx44,derived variable from item response car44,1.0,right answer
carx45,derived variable from item response car45,-1.0,not attempted
carx45,derived variable from item response car45,0.0,wrong answer
carx45,derived variable from item response car45,1.0,right answer
carx46,derived variable from item response car46,-1.0,not attempted
carx46,derived variable from item response car46,0.0,wrong answer
carx46,derived variable from item response car46,1.0,right answer
carx47,derived variable from item response car47,-1.0,not attempted
carx47,derived variable from item response car47,0.0,wrong answer
carx47,derived variable from item response car47,1.0,right answer
carx48,derived variable from item response car48,-1.0,not attempted
carx48,derived variable from item response car48,0.0,wrong answer
carx48,derived variable from item response car48,1.0,right answer
carx49,derived variable from item response car49,-1.0,not attempted
carx49,derived variable from item response car49,0.0,wrong answer
carx49,derived variable from item response car49,1.0,right answer
carx50,derived variable from item response car50,-1.0,not attempted
carx50,derived variable from item response car50,0.0,wrong answer
carx50,derived variable from item response car50,1.0,right answer
carx51,derived variable from item response car51,-1.0,not attempted
carx51,derived variable from item response car51,0.0,wrong answer
carx51,derived variable from item response car51,1.0,right answer
carx52,derived variable from item response car52,-1.0,not attempted
carx52,derived variable from item response car52,0.0,wrong answer
carx52,derived variable from item response car52,1.0,right answer
carx53,derived variable from item response car53,-1.0,not attempted
carx53,derived variable from item response car53,0.0,wrong answer
carx53,derived variable from item response car53,1.0,right answer
carx54,derived variable from item response car54,-1.0,not attempted
carx54,derived variable from item response car54,0.0,wrong answer
carx54,derived variable from item response car54,1.0,right answer
carx55,derived variable from item response car55,-1.0,not attempted
carx55,derived variable from item response car55,0.0,wrong answer
carx55,derived variable from item response car55,1.0,right answer
carx56,derived variable from item response car56,-1.0,not attempted
carx56,derived variable from item response car56,0.0,wrong answer
carx56,derived variable from item response car56,1.0,right answer
carx57,derived variable from item response car57,-1.0,not attempted
carx57,derived variable from item response car57,0.0,wrong answer
carx57,derived variable from item response car57,1.0,right answer
carx58,derived variable from item response car58,-1.0,not attempted
carx58,derived variable from item response car58,0.0,wrong answer
carx58,derived variable from item response car58,1.0,right answer
carx59,derived variable from item response car59,-1.0,not attempted
carx59,derived variable from item response car59,0.0,wrong answer
carx59,derived variable from item response car59,1.0,right answer
carx60,derived variable from item response car60,-1.0,not attempted
carx60,derived variable from item response car60,0.0,wrong answer
carx60,derived variable from item response car60,1.0,right answer
mathscore,BCS70 16-year Arithmetic scores (out of 60),-1.0,Test not attempted
mathincorrect,BCS70 16-year Arithmetic - no. incorrect scores,-1.0,Test not attempted
mathanswered,BCS70 16-year Arithmetic test - no. of questions attempted,-1.0,Test not attempted
v3,None,,
avail_from_dt,,,
