variable_name,variable_label,value_value,value_label
study_id_e,,,
medano,sortkey: Loop ID,,
b10medbia,Whether used medication in last 7 days,-9.0,Refused
b10medbia,Whether used medication in last 7 days,-8.0,Not known
b10medbia,Whether used medication in last 7 days,-1.0,Not applicable
b10medbia,Whether used medication in last 7 days,1.0,Yes
b10medbia,Whether used medication in last 7 days,2.0,No
b10medbic,Whether taking any other medicines,-9.0,Refused
b10medbic,Whether taking any other medicines,-8.0,Not known
b10medbic,Whether taking any other medicines,-1.0,Not applicable
b10medbic,Whether taking any other medicines,1.0,Yes
b10medbic,Whether taking any other medicines,2.0,No
b10drc4,BNF code subchapter,-8.0,Not codeable
b10drc4,BNF code subchapter,-1.0,Not applicable
b10drc4,BNF code subchapter,100.0,0100: Gastro-Intestinal System
b10drc4,BNF code subchapter,101.0,0101: Dyspep&Gastro-Oesophageal Ref
b10drc4,BNF code subchapter,102.0,0102: Antispasmod.&Other Drgs Alt.G
b10drc4,BNF code subchapter,103.0,0103: Antisecretory Drugs+Mucosal Prote
b10drc4,BNF code subchapter,104.0,0104: Acute Diarrhoea
b10drc4,BNF code subchapter,105.0,0105: Chronic Bowel Disorders
b10drc4,BNF code subchapter,106.0,0106: Laxatives
b10drc4,BNF code subchapter,107.0,0107: Local Prepn for Anal & Rectal
b10drc4,BNF code subchapter,108.0,0108: Stoma Care
b10drc4,BNF code subchapter,109.0,0109: Drugs Affecting Intestinal Secret
b10drc4,BNF code subchapter,200.0,0200: Cardiovascular System
b10drc4,BNF code subchapter,201.0,0201: Positive Inotropic Drugs
b10drc4,BNF code subchapter,202.0,0202: Diuretics
b10drc4,BNF code subchapter,203.0,0203: Anti-Arrhythmic Drugs
b10drc4,BNF code subchapter,204.0,0204: Beta-Adrenoceptor Blocking Drugs
b10drc4,BNF code subchapter,205.0,0205: Hypertension and Heart Failure
b10drc4,BNF code subchapter,206.0,"0206: Nit,Calc Block & Other Antian"
b10drc4,BNF code subchapter,207.0,0207: Sympathomimetics
b10drc4,BNF code subchapter,208.0,0208: Anticoagulants And Protamine
b10drc4,BNF code subchapter,209.0,0209: Antiplatelet Drugs
b10drc4,BNF code subchapter,210.0,"0210: Stable Angina, Acute/Crnry Synd&a"
b10drc4,BNF code subchapter,211.0,0211: Antifibrinolytic Drugs & Haem
b10drc4,BNF code subchapter,212.0,0212: Lipid-Regulating Drugs
b10drc4,BNF code subchapter,213.0,0213: Local Sclerosants
b10drc4,BNF code subchapter,300.0,0300: Respiratory System
b10drc4,BNF code subchapter,301.0,0301: Bronchodilators
b10drc4,BNF code subchapter,302.0,0302: Corticosteroids (Respiratory)
b10drc4,BNF code subchapter,303.0,"0303: Cromoglycate,Rel,Leukotriene Anta"
b10drc4,BNF code subchapter,304.0,"0304: Antihist, Hyposensit & Allerg"
b10drc4,BNF code subchapter,305.0,0305: Resp Stimulants & Pulmonary S
b10drc4,BNF code subchapter,306.0,0306: Oxygen
b10drc4,BNF code subchapter,307.0,0307: Mucolytics
b10drc4,BNF code subchapter,308.0,0308: Aromatic Inhalations
b10drc4,BNF code subchapter,309.0,0309: Cough Preparations
b10drc4,BNF code subchapter,310.0,0310: Systemic Nasal Decongestants
b10drc4,BNF code subchapter,311.0,0311: Antifibrotics
b10drc4,BNF code subchapter,400.0,0400: Central Nervous System
b10drc4,BNF code subchapter,401.0,0401: Hypnotics And Anxiolytics
b10drc4,BNF code subchapter,402.0,0402: Drugs Used In Psychoses & Rel
b10drc4,BNF code subchapter,403.0,0403: Antidepressant Drugs
b10drc4,BNF code subchapter,404.0,0404: CNS Stimulants and drugs used for
b10drc4,BNF code subchapter,405.0,0405: Obesity
b10drc4,BNF code subchapter,406.0,0406: Drugs Used In Nausea And Vertigo
b10drc4,BNF code subchapter,407.0,0407: Analgesics
b10drc4,BNF code subchapter,408.0,0408: Antiepileptic Drugs
b10drc4,BNF code subchapter,409.0,0409: Drugs Used In Park'ism/Related Di
b10drc4,BNF code subchapter,410.0,0410: Drugs Used In Substance Dependenc
b10drc4,BNF code subchapter,411.0,0411: Dementia
b10drc4,BNF code subchapter,500.0,0500: Infections
b10drc4,BNF code subchapter,501.0,0501: Antibacterial Drugs
b10drc4,BNF code subchapter,502.0,0502: Antifungal Drugs
b10drc4,BNF code subchapter,503.0,0503: Antiviral Drugs
b10drc4,BNF code subchapter,504.0,0504: Antiprotozoal Drugs
b10drc4,BNF code subchapter,505.0,0505: Anthelmintics
b10drc4,BNF code subchapter,600.0,0600: Endocrine System
b10drc4,BNF code subchapter,601.0,0601: Drugs Used In Diabetes
b10drc4,BNF code subchapter,602.0,0602: Thyroid And Antithyroid Drugs
b10drc4,BNF code subchapter,603.0,0603: Corticosteroids (Endocrine)
b10drc4,BNF code subchapter,604.0,0604: Sex Hormones
b10drc4,BNF code subchapter,605.0,0605: Hypothalamic&Pituitary Hormon
b10drc4,BNF code subchapter,606.0,0606: Drugs Affecting Bone Metabolism
b10drc4,BNF code subchapter,607.0,0607: Other Endocrine Drugs
b10drc4,BNF code subchapter,700.0,"0700: Obstetrics,Gynae+Urinary Tract Di"
b10drc4,BNF code subchapter,701.0,0701: Drugs Used In Obstetrics
b10drc4,BNF code subchapter,702.0,0702: Treatment Of Vaginal & Vulval
b10drc4,BNF code subchapter,703.0,0703: Contraceptives
b10drc4,BNF code subchapter,704.0,0704: Drugs For Genito-Urinary Disorder
b10drc4,BNF code subchapter,800.0,0800: Malignant Disease & Immunosup
b10drc4,BNF code subchapter,801.0,0801: Cytotoxic Drugs
b10drc4,BNF code subchapter,802.0,0802: Drugs Affecting The Immune Respon
b10drc4,BNF code subchapter,803.0,0803: Sex Hormones & Antag In Malig
b10drc4,BNF code subchapter,900.0,0900: Nutrition And Blood
b10drc4,BNF code subchapter,901.0,0901: Anaemias + Other Blood Disorders
b10drc4,BNF code subchapter,902.0,0902: Fluids And Electrolytes
b10drc4,BNF code subchapter,903.0,0903: Intravenous Nutrition
b10drc4,BNF code subchapter,904.0,0904: Oral Nutrition
b10drc4,BNF code subchapter,905.0,0905: Minerals
b10drc4,BNF code subchapter,906.0,0906: Vitamins
b10drc4,BNF code subchapter,907.0,0907: Bitters And Tonics
b10drc4,BNF code subchapter,908.0,0908: Metabolic Disorders
b10drc4,BNF code subchapter,909.0,0909: Foods
b10drc4,BNF code subchapter,910.0,0910: Compound Vit/Mineral Formulations
b10drc4,BNF code subchapter,911.0,0911: Health Supplements
b10drc4,BNF code subchapter,912.0,0912: Other Health Supplements
b10drc4,BNF code subchapter,1000.0,1000: Musculoskeletal & Joint Disea
b10drc4,BNF code subchapter,1001.0,1001: Drugs Used In Rheumatic Diseases
b10drc4,BNF code subchapter,1002.0,1002: Drugs Used In Neuromuscular Disor
b10drc4,BNF code subchapter,1003.0,1003: Soft-Tissue Disorders & Topic
b10drc4,BNF code subchapter,1100.0,1100: Eye
b10drc4,BNF code subchapter,1103.0,1103: Anti-Infective Eye Preparations
b10drc4,BNF code subchapter,1104.0,1104: Corti'roids & Other Anti-Infl
b10drc4,BNF code subchapter,1105.0,1105: Mydriatics And Cycloplegics
b10drc4,BNF code subchapter,1106.0,1106: Treatment Of Glaucoma
b10drc4,BNF code subchapter,1107.0,1107: Local Anaesthetics
b10drc4,BNF code subchapter,1108.0,1108: Miscellaneous Ophthalmic Preparat
b10drc4,BNF code subchapter,1200.0,"1200: Ear, Nose And Oropharynx"
b10drc4,BNF code subchapter,1201.0,1201: Drugs Acting On The Ear
b10drc4,BNF code subchapter,1202.0,1202: Drugs Acting On The Nose
b10drc4,BNF code subchapter,1203.0,1203: Drugs Acting On The Oropharynx
b10drc4,BNF code subchapter,1300.0,1300: Skin
b10drc4,BNF code subchapter,1301.0,1301: Management of Skin Conditions
b10drc4,BNF code subchapter,1302.0,1302: Emollient & Barrier Preparati
b10drc4,BNF code subchapter,1303.0,1303: Top Local Anaesthetics & Anti
b10drc4,BNF code subchapter,1304.0,1304: Topical Corticosteroids
b10drc4,BNF code subchapter,1305.0,1305: Preparations For Eczema And Psori
b10drc4,BNF code subchapter,1306.0,1306: Acne and Rosacea
b10drc4,BNF code subchapter,1307.0,1307: Preparations For Warts And Callus
b10drc4,BNF code subchapter,1308.0,1308: Sunscreens And Camouflagers
b10drc4,BNF code subchapter,1309.0,1309: Shampoo&Other Preps For Scalp
b10drc4,BNF code subchapter,1310.0,1310: Anti-Infective Skin Preparations
b10drc4,BNF code subchapter,1311.0,"1311: Skin Cleansers,Antiseptics &"
b10drc4,BNF code subchapter,1312.0,1312: Antiperspirants
b10drc4,BNF code subchapter,1313.0,1313: Wound Management Products
b10drc4,BNF code subchapter,1314.0,1314: Topical Circulatory Preparations
b10drc4,BNF code subchapter,1315.0,1315: Miscellaneous Topical Preparation
b10drc4,BNF code subchapter,1400.0,1400: Immunological Products & Vacc
b10drc4,BNF code subchapter,1403.0,1403: Diagnostic Vaccines
b10drc4,BNF code subchapter,1404.0,1404: Vaccines And Antisera
b10drc4,BNF code subchapter,1405.0,1405: Immunoglobulins
b10drc4,BNF code subchapter,1500.0,1500: Anaesthesia
b10drc4,BNF code subchapter,1501.0,1501: General Anaesthesia
b10drc4,BNF code subchapter,1502.0,1502: Local Anaesthesia
b10drc4,BNF code subchapter,1800.0,1800: Preparations used in Diagnosis
b10drc4,BNF code subchapter,1803.0,1803: X-Ray Contrast Media
b10drc4,BNF code subchapter,1900.0,1900: Other Drugs And Preparations
b10drc4,BNF code subchapter,1901.0,"1901: Alcohol, Wines & Spirits"
b10drc4,BNF code subchapter,1902.0,1902: Selective Preparations
b10drc4,BNF code subchapter,1904.0,1904: Single Substances
b10drc4,BNF code subchapter,1905.0,1905: Other Preparations
b10drc4,BNF code subchapter,1906.0,1906: Acids
b10drc4,BNF code subchapter,1907.0,1907: Base/Dil/Susp Agents/Stabilisers
b10drc4,BNF code subchapter,1908.0,"1908: Colouring,Flavouring & Sweete"
b10drc4,BNF code subchapter,1909.0,"1909: Disinfectants,Preserv&Sterili"
b10drc4,BNF code subchapter,1913.0,1913: Cordials/Soft Drinks
b10drc4,BNF code subchapter,1914.0,1914: Waters
b10drc4,BNF code subchapter,1915.0,1915: Other Gases
b10drc4,BNF code subchapter,2000.0,2000: Dressings
b10drc4,BNF code subchapter,2001.0,2001: Absorbent Cottons
b10drc4,BNF code subchapter,2002.0,2002: Arm Sling/Bandages
b10drc4,BNF code subchapter,2003.0,2003: Wound Management & Other Dres
b10drc4,BNF code subchapter,2004.0,2004: Gauzes & Gauze Tissue
b10drc4,BNF code subchapter,2005.0,2005: Tracheostomy & Laryngectomy A
b10drc4,BNF code subchapter,2006.0,2006: Foam
b10drc4,BNF code subchapter,2007.0,2007: Lints
b10drc4,BNF code subchapter,2008.0,2008: Plasters
b10drc4,BNF code subchapter,2009.0,2009: Stockinette
b10drc4,BNF code subchapter,2010.0,2010: Surgical Adhesive Tape
b10drc4,BNF code subchapter,2011.0,2011: Surgical Sutures
b10drc4,BNF code subchapter,2012.0,2012: Swabs
b10drc4,BNF code subchapter,2013.0,2013: Unspecified Dressing
b10drc4,BNF code subchapter,2014.0,"2014: Skin Closure Strips, Sterile"
b10drc4,BNF code subchapter,2015.0,"2015: Skin Adhesive, Sterile"
b10drc4,BNF code subchapter,2016.0,2016: Tapeless Holders
b10drc4,BNF code subchapter,2017.0,2017: Cervical Collar
b10drc4,BNF code subchapter,2018.0,2018: Cellulose Wadding BP 1988
b10drc4,BNF code subchapter,2020.0,2020: Silk Garments
b10drc4,BNF code subchapter,2100.0,2100: Appliances
b10drc4,BNF code subchapter,2101.0,2101: Other Appliances
b10drc4,BNF code subchapter,2102.0,2102: Catheters
b10drc4,BNF code subchapter,2103.0,2103: Chiropody Appliances
b10drc4,BNF code subchapter,2104.0,2104: Contraceptive Devices
b10drc4,BNF code subchapter,2105.0,2105: Suprapubic Appliances
b10drc4,BNF code subchapter,2106.0,2106: Trusses
b10drc4,BNF code subchapter,2107.0,2107: Elastic Hosiery
b10drc4,BNF code subchapter,2108.0,2108: Oxygen Masks
b10drc4,BNF code subchapter,2109.0,2109: Special Sanction Authorisations
b10drc4,BNF code subchapter,2110.0,2110: C.A.P.D. Administration Equipment
b10drc4,BNF code subchapter,2111.0,2111: Special Authorisation Guernsey
b10drc4,BNF code subchapter,2112.0,2112: Peak Flow Meters
b10drc4,BNF code subchapter,2113.0,2113: Catheter Maintenance Products
b10drc4,BNF code subchapter,2114.0,2114: Lubricant Gels
b10drc4,BNF code subchapter,2116.0,2116: Irrigation Solutions
b10drc4,BNF code subchapter,2117.0,2117: Nasal Device
b10drc4,BNF code subchapter,2118.0,2118: Vacuum Pumps for Erectile Dysfunc
b10drc4,BNF code subchapter,2119.0,2119: Oral Film Forming Agents
b10drc4,BNF code subchapter,2120.0,2120: Venous Ulcer Compression System
b10drc4,BNF code subchapter,2121.0,2121: Dry Mouth Products
b10drc4,BNF code subchapter,2122.0,2122: Emollients
b10drc4,BNF code subchapter,2123.0,2123: Vaginal Moisturisers
b10drc4,BNF code subchapter,2124.0,2124: Nasal Products
b10drc4,BNF code subchapter,2125.0,2125: Vaginal Dilators
b10drc4,BNF code subchapter,2126.0,2126: Leg Ulcer Wrap
b10drc4,BNF code subchapter,2127.0,2127: Lymphoedema Garments
b10drc4,BNF code subchapter,2128.0,2128: Anal Irrigation System
b10drc4,BNF code subchapter,2129.0,2129: Plantar Pressure Offloading Devic
b10drc4,BNF code subchapter,2130.0,2130: Eye Products
b10drc4,BNF code subchapter,2131.0,2131: Cycloidal Vibration Accessories
b10drc4,BNF code subchapter,2132.0,2132: Inhalation Solutions
b10drc4,BNF code subchapter,2133.0,2133: Indwelling Pleural Cath Drain Sys
b10drc4,BNF code subchapter,2134.0,2134: Vaginal PH Correction Products
b10drc4,BNF code subchapter,2135.0,2135: Acne Treatment
b10drc4,BNF code subchapter,2136.0,2136: Adhesive Dressing Remover Ster Si
b10drc4,BNF code subchapter,2137.0,2137: Pelvic Toning Devices
b10drc4,BNF code subchapter,2138.0,2138: Low Friction Products
b10drc4,BNF code subchapter,2139.0,2139: Prosthetic Adhesives
b10drc4,BNF code subchapter,2140.0,2140: Bacterial Decolonisation Products
b10drc4,BNF code subchapter,2141.0,2141: Physical Debridement Device
b10drc4,BNF code subchapter,2142.0,2142: Jaw Rehabilitation Device
b10drc4,BNF code subchapter,2143.0,2143: Micro-Enema - Sodium Citrate
b10drc4,BNF code subchapter,2144.0,2144: Dev For Adjunctive Tt Of Hyperten
b10drc4,BNF code subchapter,2145.0,2145: Douches
b10drc4,BNF code subchapter,2146.0,2146: Hernia Support Garments
b10drc4,BNF code subchapter,2147.0,2147: Dev For Fungal Nail Infections
b10drc4,BNF code subchapter,2148.0,2148: Detection Sensor Interstitial Flu
b10drc4,BNF code subchapter,2149.0,2149: Pulsed Electromagnetic Stimulator
b10drc4,BNF code subchapter,2200.0,2200: Incontinence Appliances
b10drc4,BNF code subchapter,2202.0,2202: Anal Plugs
b10drc4,BNF code subchapter,2205.0,2205: Catheter Valves
b10drc4,BNF code subchapter,2210.0,2210: Drainable Dribbling Appliances
b10drc4,BNF code subchapter,2215.0,2215: Faecal Collectors
b10drc4,BNF code subchapter,2220.0,2220: Incontinence Belts
b10drc4,BNF code subchapter,2230.0,2230: Incontinence Sheaths
b10drc4,BNF code subchapter,2240.0,2240: Incontinence Sheath Fixing Strips
b10drc4,BNF code subchapter,2250.0,2250: Leg Bags
b10drc4,BNF code subchapter,2260.0,2260: Night Drainage Bags
b10drc4,BNF code subchapter,2270.0,2270: Suspensory Systems
b10drc4,BNF code subchapter,2280.0,2280: Tubing And Accessories
b10drc4,BNF code subchapter,2285.0,2285: Insert For Female Stress Incont
b10drc4,BNF code subchapter,2290.0,2290: Urinal Systems
b10drc4,BNF code subchapter,2300.0,2300: Stoma Appliances
b10drc4,BNF code subchapter,2305.0,2305: Adhesive Discs/Rings/Pads/Plaster
b10drc4,BNF code subchapter,2310.0,2310: Adhesive (Pastes/Sprays/Solutions
b10drc4,BNF code subchapter,2315.0,2315: Adhesive Removers (Sprays/Liquids
b10drc4,BNF code subchapter,2320.0,2320: Bag Closures
b10drc4,BNF code subchapter,2325.0,2325: Bag Covers
b10drc4,BNF code subchapter,2330.0,2330: Belts
b10drc4,BNF code subchapter,2335.0,2335: Colostomy Bags
b10drc4,BNF code subchapter,2340.0,2340: Colostomy Sets
b10drc4,BNF code subchapter,2345.0,2345: Deodorants
b10drc4,BNF code subchapter,2346.0,2346: Discharge Solidifying Agents
b10drc4,BNF code subchapter,2350.0,2350: Filters/Bridges
b10drc4,BNF code subchapter,2355.0,2355: Flanges
b10drc4,BNF code subchapter,2360.0,2360: Ileostomy Bags
b10drc4,BNF code subchapter,2365.0,2365: Ileostomy Sets
b10drc4,BNF code subchapter,2370.0,2370: Irrigation Washout Appliances
b10drc4,BNF code subchapter,2375.0,2375: Pressure Plates/Shields
b10drc4,BNF code subchapter,2380.0,2380: Skin Fillers And Protectives
b10drc4,BNF code subchapter,2385.0,2385: Skin Protectors
b10drc4,BNF code subchapter,2390.0,2390: Stoma Caps/Dressings
b10drc4,BNF code subchapter,2392.0,2392: Tubing & Accessories
b10drc4,BNF code subchapter,2393.0,2393: Accessories (Guernsey)
b10drc4,BNF code subchapter,2394.0,2394: Two Piece Ostomy Systems
b10drc4,BNF code subchapter,2396.0,2396: Urostomy Bags
b10drc4,BNF code subchapter,2398.0,2398: Urostomy Sets
b10drc4,BNF code subchapter,2399.0,2399: Ostomy Appliances R/Sub Allowed P
v3,None,,
avail_from_dt,,,
