variable_name,variable_label,value_value,value_label
study_id_e,,,
b9gridid,HHgrid: person position,-1.0,Not applicable
b9gsex,HHgrid: person sex,-8.0,Don't know
b9gsex,HHgrid: person sex,-1.0,Not applicable
b9gsex,HHgrid: person sex,1.0,Male
b9gsex,HHgrid: person sex,2.0,Female
b9gdied,HHgrid: whether household member had died,-8.0,Don't know
b9gdied,HHgrid: whether household member had died,-1.0,Not applicable
b9gdied,HHgrid: whether household member had died,0.0,No
b9gdied,HHgrid: whether household member had died,1.0,Yes
b9gslive,HHgrid: whether person living with CM at interview,-1.0,Not applicable
b9gslive,HHgrid: whether person living with CM at interview,0.0,No
b9gslive,HHgrid: whether person living with CM at interview,1.0,Yes
b9grtok,HHgrid: Person's relationship to CM,-9.0,Refused
b9grtok,HHgrid: Person's relationship to CM,-8.0,Don't know
b9grtok,HHgrid: Person's relationship to CM,-1.0,Not applicable
b9grtok,HHgrid: Person's relationship to CM,1.0,Spouse
b9grtok,HHgrid: Person's relationship to CM,2.0,Civil partner
b9grtok,HHgrid: Person's relationship to CM,3.0,Cohabiting partner
b9grtok,HHgrid: Person's relationship to CM,4.0,Own child
b9grtok,HHgrid: Person's relationship to CM,5.0,Adopted child
b9grtok,HHgrid: Person's relationship to CM,6.0,Child of current spouse/partner
b9grtok,HHgrid: Person's relationship to CM,7.0,Child of previous spouse/partner
b9grtok,HHgrid: Person's relationship to CM,8.0,Fostered child
b9grtok,HHgrid: Person's relationship to CM,9.0,Full brother/sister
b9grtok,HHgrid: Person's relationship to CM,10.0,Half/adopted/step brother/sister
b9grtok,HHgrid: Person's relationship to CM,11.0,Brother/sister in-law
b9grtok,HHgrid: Person's relationship to CM,12.0,Natural mother
b9grtok,HHgrid: Person's relationship to CM,13.0,Adoptive mother
b9grtok,HHgrid: Person's relationship to CM,14.0,Natural father
b9grtok,HHgrid: Person's relationship to CM,15.0,Adoptive father
b9grtok,HHgrid: Person's relationship to CM,16.0,Step mother
b9grtok,HHgrid: Person's relationship to CM,17.0,Step father
b9grtok,HHgrid: Person's relationship to CM,18.0,Parent in-law
b9grtok,HHgrid: Person's relationship to CM,19.0,Grandparent
b9grtok,HHgrid: Person's relationship to CM,20.0,Grandchild
b9grtok,HHgrid: Person's relationship to CM,21.0,Other blood relative
b9grtok,HHgrid: Person's relationship to CM,22.0,Other In-Law
b9grtok,HHgrid: Person's relationship to CM,23.0,Friend/Unrelated Sharer
b9grtok,HHgrid: Person's relationship to CM,24.0,Landlord
b9grtok,HHgrid: Person's relationship to CM,25.0,Lodger
b9grtok,HHgrid: Person's relationship to CM,26.0,Employer
b9grtok,HHgrid: Person's relationship to CM,27.0,"Nanny, Au Pair etc"
b9grtok,HHgrid: Person's relationship to CM,28.0,Child of non rel adult living in the HH
b9grtok,HHgrid: Person's relationship to CM,29.0,Other
b9grtok,HHgrid: Person's relationship to CM,30.0,Non-natural absent child
b9gdiedy,HHgrid: Date person died (if reported dead at this sweep) - year,-9.0,Refused
b9gdiedy,HHgrid: Date person died (if reported dead at this sweep) - year,-8.0,Don't know
b9gdiedy,HHgrid: Date person died (if reported dead at this sweep) - year,-2.0,Script error
b9gdiedy,HHgrid: Date person died (if reported dead at this sweep) - year,-1.0,Not applicable
b9gdiedm,HHgrid: Date person died (if reported dead at this sweep) - month,-9.0,Refused
b9gdiedm,HHgrid: Date person died (if reported dead at this sweep) - month,-8.0,Don't know
b9gdiedm,HHgrid: Date person died (if reported dead at this sweep) - month,-2.0,Script error
b9gdiedm,HHgrid: Date person died (if reported dead at this sweep) - month,-1.0,Not applicable
b9gsty,HHgrid: Date person started living with CM - year (new non-birth chd/partner),-9.0,Refused
b9gsty,HHgrid: Date person started living with CM - year (new non-birth chd/partner),-8.0,Don't know
b9gsty,HHgrid: Date person started living with CM - year (new non-birth chd/partner),-2.0,Script error
b9gsty,HHgrid: Date person started living with CM - year (new non-birth chd/partner),-1.0,Not applicable
b9gstm,HHgrid: Date person started living with CM - month (new non-birth chd/partner),-9.0,Refused
b9gstm,HHgrid: Date person started living with CM - month (new non-birth chd/partner),-8.0,Don't know
b9gstm,HHgrid: Date person started living with CM - month (new non-birth chd/partner),-2.0,Script error
b9gstm,HHgrid: Date person started living with CM - month (new non-birth chd/partner),-1.0,Not applicable
b9glefty,HHgrid: Date person last lived with CM (if reported left at this sweep)- year,-9.0,Refused
b9glefty,HHgrid: Date person last lived with CM (if reported left at this sweep)- year,-8.0,Don't know
b9glefty,HHgrid: Date person last lived with CM (if reported left at this sweep)- year,-2.0,Script error
b9glefty,HHgrid: Date person last lived with CM (if reported left at this sweep)- year,-1.0,Not applicable
b9gleftm,HHgrid: Date person last lived with CM (if reported left at this sweep)- month,-9.0,Refused
b9gleftm,HHgrid: Date person last lived with CM (if reported left at this sweep)- month,-8.0,Don't know
b9gleftm,HHgrid: Date person last lived with CM (if reported left at this sweep)- month,-2.0,Script error
b9gleftm,HHgrid: Date person last lived with CM (if reported left at this sweep)- month,-1.0,Not applicable
b9gdobm,HHgrid: Person date of birth - month,-8.0,Don't know
b9gdobm,HHgrid: Person date of birth - month,1.0,January
b9gdobm,HHgrid: Person date of birth - month,2.0,February
b9gdobm,HHgrid: Person date of birth - month,3.0,March
b9gdobm,HHgrid: Person date of birth - month,4.0,April
b9gdobm,HHgrid: Person date of birth - month,5.0,May
b9gdobm,HHgrid: Person date of birth - month,6.0,June
b9gdobm,HHgrid: Person date of birth - month,7.0,July
b9gdobm,HHgrid: Person date of birth - month,8.0,August
b9gdobm,HHgrid: Person date of birth - month,9.0,September
b9gdobm,HHgrid: Person date of birth - month,10.0,October
b9gdobm,HHgrid: Person date of birth - month,11.0,Novemeber
b9gdobm,HHgrid: Person date of birth - month,12.0,December
b9gdoby,HHgrid: Person date of birth -  year,-8.0,Don't know
b9gage,HHgrid: Person's age last birthday,-9.0,Refused
b9gage,HHgrid: Person's age last birthday,-8.0,Don't know
b9gage,HHgrid: Person's age last birthday,-1.0,Not applicable person died
b9gcrlp,HHgrid: Whether child is current partner's own child,-9.0,Refused
b9gcrlp,HHgrid: Whether child is current partner's own child,-8.0,Don't know
b9gcrlp,HHgrid: Whether child is current partner's own child,-1.0,Not Applicable
b9gcrlp,HHgrid: Whether child is current partner's own child,1.0,Yes
b9gcrlp,HHgrid: Whether child is current partner's own child,2.0,No
b9gcrlp2,HHgrid: Relationship of child to current partner,-9.0,Refused
b9gcrlp2,HHgrid: Relationship of child to current partner,-8.0,Don't know
b9gcrlp2,HHgrid: Relationship of child to current partner,-1.0,Not Applicable
b9gcrlp2,HHgrid: Relationship of child to current partner,0.0,Own child
b9gcrlp2,HHgrid: Relationship of child to current partner,1.0,Adopted child
b9gcrlp2,HHgrid: Relationship of child to current partner,2.0,Child of previous partner
b9gcrlp2,HHgrid: Relationship of child to current partner,3.0,Fostered child
b9gcrlp2,HHgrid: Relationship of child to current partner,4.0,None of these
v3,None,,
avail_from_dt,,,
