variable_name,variable_label,value_value,value_label
study_id_e,,,
i3547,BAS-RECALL OF DIGITS  242,-6.0,No questionnaire
i3547,BAS-RECALL OF DIGITS  242,-3.0,Not stated
i3547,BAS-RECALL OF DIGITS  242,1.0,Correct recall
i3547,BAS-RECALL OF DIGITS  242,2.0,Incorrect recall
i3547,BAS-RECALL OF DIGITS  242,9.0,No response
i3548,BAS-RECALL OF DIGITS  564,-6.0,No questionnaire
i3548,BAS-RECALL OF DIGITS  564,-3.0,Not stated
i3548,BAS-RECALL OF DIGITS  564,1.0,Correct recall
i3548,BAS-RECALL OF DIGITS  564,2.0,Incorrect recall
i3548,BAS-RECALL OF DIGITS  564,9.0,No response
i3549,BAS-RECALL OF DIGITS  756,-6.0,No questionnaire
i3549,BAS-RECALL OF DIGITS  756,-3.0,Not stated
i3549,BAS-RECALL OF DIGITS  756,1.0,Correct recall
i3549,BAS-RECALL OF DIGITS  756,2.0,Incorrect recall
i3549,BAS-RECALL OF DIGITS  756,9.0,No response
i3550,BAS-RECALL OF DIGITS  483,-6.0,No questionnaire
i3550,BAS-RECALL OF DIGITS  483,-3.0,Not stated
i3550,BAS-RECALL OF DIGITS  483,1.0,Correct recall
i3550,BAS-RECALL OF DIGITS  483,2.0,Incorrect recall
i3550,BAS-RECALL OF DIGITS  483,9.0,No response
i3551,BAS-RECALL OF DIGITS  5877,-6.0,No questionnaire
i3551,BAS-RECALL OF DIGITS  5877,-3.0,Not stated
i3551,BAS-RECALL OF DIGITS  5877,1.0,Correct recall
i3551,BAS-RECALL OF DIGITS  5877,2.0,Incorrect recall
i3551,BAS-RECALL OF DIGITS  5877,9.0,No response
i3552,BAS-RECALL OF DIGITS  3238,-6.0,No questionnaire
i3552,BAS-RECALL OF DIGITS  3238,-3.0,Not stated
i3552,BAS-RECALL OF DIGITS  3238,1.0,Correct recall
i3552,BAS-RECALL OF DIGITS  3238,2.0,Incorrect recall
i3552,BAS-RECALL OF DIGITS  3238,9.0,No response
i3553,BAS-RECALL OF DIGITS  8956,-6.0,No questionnaire
i3553,BAS-RECALL OF DIGITS  8956,-3.0,Not stated
i3553,BAS-RECALL OF DIGITS  8956,1.0,Correct recall
i3553,BAS-RECALL OF DIGITS  8956,2.0,Incorrect recall
i3553,BAS-RECALL OF DIGITS  8956,9.0,No response
i3554,BAS-RECALL OF DIGITS  8495,-6.0,No questionnaire
i3554,BAS-RECALL OF DIGITS  8495,-3.0,Not stated
i3554,BAS-RECALL OF DIGITS  8495,1.0,Correct recall
i3554,BAS-RECALL OF DIGITS  8495,2.0,Incorrect recall
i3554,BAS-RECALL OF DIGITS  8495,9.0,No response
i3555,BAS-RECALL OF DIGITS  6159,-6.0,No questionnaire
i3555,BAS-RECALL OF DIGITS  6159,-3.0,Not stated
i3555,BAS-RECALL OF DIGITS  6159,1.0,Correct recall
i3555,BAS-RECALL OF DIGITS  6159,2.0,Incorrect recall
i3555,BAS-RECALL OF DIGITS  6159,9.0,No response
i3556,BAS-RECALL OF DIGITS  57667,-6.0,No questionnaire
i3556,BAS-RECALL OF DIGITS  57667,-3.0,Not stated
i3556,BAS-RECALL OF DIGITS  57667,1.0,Correct recall
i3556,BAS-RECALL OF DIGITS  57667,2.0,Incorrect recall
i3556,BAS-RECALL OF DIGITS  57667,9.0,No response
i3557,BAS-RECALL OF DIGITS  57736,-6.0,No questionnaire
i3557,BAS-RECALL OF DIGITS  57736,-3.0,Not stated
i3557,BAS-RECALL OF DIGITS  57736,1.0,Correct recall
i3557,BAS-RECALL OF DIGITS  57736,2.0,Incorrect recall
i3557,BAS-RECALL OF DIGITS  57736,9.0,No response
i3558,BAS-RECALL OF DIGITS  56964,-6.0,No questionnaire
i3558,BAS-RECALL OF DIGITS  56964,-3.0,Not stated
i3558,BAS-RECALL OF DIGITS  56964,1.0,Correct recall
i3558,BAS-RECALL OF DIGITS  56964,2.0,Incorrect recall
i3558,BAS-RECALL OF DIGITS  56964,9.0,No response
i3559,BAS-RECALL OF DIGITS  23746,-6.0,No questionnaire
i3559,BAS-RECALL OF DIGITS  23746,-3.0,Not stated
i3559,BAS-RECALL OF DIGITS  23746,1.0,Correct recall
i3559,BAS-RECALL OF DIGITS  23746,2.0,Incorrect recall
i3559,BAS-RECALL OF DIGITS  23746,9.0,No response
i3560,BAS-RECALL OF DIGITS  95247,-6.0,No questionnaire
i3560,BAS-RECALL OF DIGITS  95247,-3.0,Not stated
i3560,BAS-RECALL OF DIGITS  95247,1.0,Correct recall
i3560,BAS-RECALL OF DIGITS  95247,2.0,Incorrect recall
i3560,BAS-RECALL OF DIGITS  95247,9.0,No response
i3561,BAS-RECALL OF DIGITS  922828,-6.0,No questionnaire
i3561,BAS-RECALL OF DIGITS  922828,-3.0,Not stated
i3561,BAS-RECALL OF DIGITS  922828,1.0,Correct recall
i3561,BAS-RECALL OF DIGITS  922828,2.0,Incorrect recall
i3561,BAS-RECALL OF DIGITS  922828,9.0,No response
i3562,BAS-RECALL OF DIGITS  545457,-6.0,No questionnaire
i3562,BAS-RECALL OF DIGITS  545457,-3.0,Not stated
i3562,BAS-RECALL OF DIGITS  545457,1.0,Correct recall
i3562,BAS-RECALL OF DIGITS  545457,2.0,Incorrect recall
i3562,BAS-RECALL OF DIGITS  545457,9.0,No response
i3563,BAS-RECALL OF DIGITS  162997,-6.0,No questionnaire
i3563,BAS-RECALL OF DIGITS  162997,-3.0,Not stated
i3563,BAS-RECALL OF DIGITS  162997,1.0,Correct recall
i3563,BAS-RECALL OF DIGITS  162997,2.0,Incorrect recall
i3563,BAS-RECALL OF DIGITS  162997,9.0,No response
i3564,BAS-RECALL OF DIGITS  417432,-6.0,No questionnaire
i3564,BAS-RECALL OF DIGITS  417432,-3.0,Not stated
i3564,BAS-RECALL OF DIGITS  417432,1.0,Correct recall
i3564,BAS-RECALL OF DIGITS  417432,2.0,Incorrect recall
i3564,BAS-RECALL OF DIGITS  417432,9.0,No response
i3565,BAS-RECALL OF DIGITS  751946,-6.0,No questionnaire
i3565,BAS-RECALL OF DIGITS  751946,-3.0,Not stated
i3565,BAS-RECALL OF DIGITS  751946,1.0,Correct recall
i3565,BAS-RECALL OF DIGITS  751946,2.0,Incorrect recall
i3565,BAS-RECALL OF DIGITS  751946,9.0,No response
i3566,BAS-RECALL OF DIGITS  8845517,-6.0,No questionnaire
i3566,BAS-RECALL OF DIGITS  8845517,-3.0,Not stated
i3566,BAS-RECALL OF DIGITS  8845517,1.0,Correct recall
i3566,BAS-RECALL OF DIGITS  8845517,2.0,Incorrect recall
i3566,BAS-RECALL OF DIGITS  8845517,9.0,No response
i3567,BAS-RECALL OF DIGITS  2438224,-6.0,No questionnaire
i3567,BAS-RECALL OF DIGITS  2438224,-3.0,Not stated
i3567,BAS-RECALL OF DIGITS  2438224,1.0,Correct recall
i3567,BAS-RECALL OF DIGITS  2438224,2.0,Incorrect recall
i3567,BAS-RECALL OF DIGITS  2438224,9.0,No response
i3568,BAS-RECALL OF DIGITS  2914139,-6.0,No questionnaire
i3568,BAS-RECALL OF DIGITS  2914139,-3.0,Not stated
i3568,BAS-RECALL OF DIGITS  2914139,1.0,Correct recall
i3568,BAS-RECALL OF DIGITS  2914139,2.0,Incorrect recall
i3568,BAS-RECALL OF DIGITS  2914139,9.0,No response
i3569,BAS-RECALL OF DIGITS  2569874,-6.0,No questionnaire
i3569,BAS-RECALL OF DIGITS  2569874,-3.0,Not stated
i3569,BAS-RECALL OF DIGITS  2569874,1.0,Correct recall
i3569,BAS-RECALL OF DIGITS  2569874,2.0,Incorrect recall
i3569,BAS-RECALL OF DIGITS  2569874,9.0,No response
i3570,BAS-RECALL OF DIGITS  5814726,-6.0,No questionnaire
i3570,BAS-RECALL OF DIGITS  5814726,-3.0,Not stated
i3570,BAS-RECALL OF DIGITS  5814726,1.0,Correct recall
i3570,BAS-RECALL OF DIGITS  5814726,2.0,Incorrect recall
i3570,BAS-RECALL OF DIGITS  5814726,9.0,No response
i3571,BAS-RECALL OF DIGITS  23233626,-6.0,No questionnaire
i3571,BAS-RECALL OF DIGITS  23233626,-3.0,Not stated
i3571,BAS-RECALL OF DIGITS  23233626,1.0,Correct recall
i3571,BAS-RECALL OF DIGITS  23233626,2.0,Incorrect recall
i3571,BAS-RECALL OF DIGITS  23233626,9.0,No response
i3572,BAS-RECALL OF DIGITS  58878446,-6.0,No questionnaire
i3572,BAS-RECALL OF DIGITS  58878446,-3.0,Not stated
i3572,BAS-RECALL OF DIGITS  58878446,1.0,Correct recall
i3572,BAS-RECALL OF DIGITS  58878446,2.0,Incorrect recall
i3572,BAS-RECALL OF DIGITS  58878446,9.0,No response
i3573,BAS-RECALL OF DIGITS  38896152,-6.0,No questionnaire
i3573,BAS-RECALL OF DIGITS  38896152,-3.0,Not stated
i3573,BAS-RECALL OF DIGITS  38896152,1.0,Correct recall
i3573,BAS-RECALL OF DIGITS  38896152,2.0,Incorrect recall
i3573,BAS-RECALL OF DIGITS  38896152,9.0,No response
i3574,BAS-RECALL OF DIGITS  25837461,-6.0,No questionnaire
i3574,BAS-RECALL OF DIGITS  25837461,-3.0,Not stated
i3574,BAS-RECALL OF DIGITS  25837461,1.0,Correct recall
i3574,BAS-RECALL OF DIGITS  25837461,2.0,Incorrect recall
i3574,BAS-RECALL OF DIGITS  25837461,9.0,No response
i3575,BAS-SIMILARITIES ITEM 1-EXAMPLE,-6.0,No questionnaire
i3575,BAS-SIMILARITIES ITEM 1-EXAMPLE,-3.0,Not stated
i3575,BAS-SIMILARITIES ITEM 1-EXAMPLE,1.0,Acceptable response
i3575,BAS-SIMILARITIES ITEM 1-EXAMPLE,2.0,Unacceptable response
i3575,BAS-SIMILARITIES ITEM 1-EXAMPLE,9.0,No response
i3576,BAS-SIMILARITIES ITEM 1-NAME,-6.0,No questionnaire
i3576,BAS-SIMILARITIES ITEM 1-NAME,-3.0,Not stated
i3576,BAS-SIMILARITIES ITEM 1-NAME,1.0,Acceptable response
i3576,BAS-SIMILARITIES ITEM 1-NAME,2.0,Unacceptable response
i3576,BAS-SIMILARITIES ITEM 1-NAME,9.0,No response
i3577,BAS-SIMILARITIES ITEM 2-EXAMPLE,-6.0,No questionnaire
i3577,BAS-SIMILARITIES ITEM 2-EXAMPLE,-3.0,Not stated
i3577,BAS-SIMILARITIES ITEM 2-EXAMPLE,1.0,Acceptable response
i3577,BAS-SIMILARITIES ITEM 2-EXAMPLE,2.0,Unacceptable response
i3577,BAS-SIMILARITIES ITEM 2-EXAMPLE,9.0,No response
i3578,BAS-SIMILARITIES ITEM 2-NAME,-6.0,No questionnaire
i3578,BAS-SIMILARITIES ITEM 2-NAME,-3.0,Not stated
i3578,BAS-SIMILARITIES ITEM 2-NAME,1.0,Acceptable response
i3578,BAS-SIMILARITIES ITEM 2-NAME,2.0,Unacceptable response
i3578,BAS-SIMILARITIES ITEM 2-NAME,9.0,No response
i3579,BAS-SIMILARITIES ITEM 3-EXAMPLE,-6.0,No questionnaire
i3579,BAS-SIMILARITIES ITEM 3-EXAMPLE,-3.0,Not stated
i3579,BAS-SIMILARITIES ITEM 3-EXAMPLE,1.0,Acceptable response
i3579,BAS-SIMILARITIES ITEM 3-EXAMPLE,2.0,Unacceptable response
i3579,BAS-SIMILARITIES ITEM 3-EXAMPLE,9.0,No response
i3580,BAS-SIMILARITIES ITEM 3-NAME,-6.0,No questionnaire
i3580,BAS-SIMILARITIES ITEM 3-NAME,-3.0,Not stated
i3580,BAS-SIMILARITIES ITEM 3-NAME,1.0,Acceptable response
i3580,BAS-SIMILARITIES ITEM 3-NAME,2.0,Unacceptable response
i3580,BAS-SIMILARITIES ITEM 3-NAME,9.0,No response
i3581,BAS-SIMILARITIES ITEM 4-EXAMPLE,-6.0,No questionnaire
i3581,BAS-SIMILARITIES ITEM 4-EXAMPLE,-3.0,Not stated
i3581,BAS-SIMILARITIES ITEM 4-EXAMPLE,1.0,Acceptable response
i3581,BAS-SIMILARITIES ITEM 4-EXAMPLE,2.0,Unacceptable response
i3581,BAS-SIMILARITIES ITEM 4-EXAMPLE,9.0,No response
i3582,BAS-SIMILARITIES ITEM 4-NAME,-6.0,No questionnaire
i3582,BAS-SIMILARITIES ITEM 4-NAME,-3.0,Not stated
i3582,BAS-SIMILARITIES ITEM 4-NAME,1.0,Acceptable response
i3582,BAS-SIMILARITIES ITEM 4-NAME,2.0,Unacceptable response
i3582,BAS-SIMILARITIES ITEM 4-NAME,9.0,No response
i3583,BAS-SIMILARITIES ITEM 5-EXAMPLE,-6.0,No questionnaire
i3583,BAS-SIMILARITIES ITEM 5-EXAMPLE,-3.0,Not stated
i3583,BAS-SIMILARITIES ITEM 5-EXAMPLE,1.0,Acceptable response
i3583,BAS-SIMILARITIES ITEM 5-EXAMPLE,2.0,Unacceptable response
i3583,BAS-SIMILARITIES ITEM 5-EXAMPLE,9.0,No response
i3584,BAS-SIMILARITIES ITEM 5-NAME,-6.0,No questionnaire
i3584,BAS-SIMILARITIES ITEM 5-NAME,-3.0,Not stated
i3584,BAS-SIMILARITIES ITEM 5-NAME,1.0,Acceptable response
i3584,BAS-SIMILARITIES ITEM 5-NAME,2.0,Unacceptable response
i3584,BAS-SIMILARITIES ITEM 5-NAME,9.0,No response
i3585,BAS-SIMILARITIES ITEM 6-EXAMPLE,-6.0,No questionnaire
i3585,BAS-SIMILARITIES ITEM 6-EXAMPLE,-3.0,Not stated
i3585,BAS-SIMILARITIES ITEM 6-EXAMPLE,1.0,Acceptable response
i3585,BAS-SIMILARITIES ITEM 6-EXAMPLE,2.0,Unacceptable response
i3585,BAS-SIMILARITIES ITEM 6-EXAMPLE,9.0,No response
i3586,BAS-SIMILARITIES ITEM 6-NAME,-6.0,No questionnaire
i3586,BAS-SIMILARITIES ITEM 6-NAME,-3.0,Not stated
i3586,BAS-SIMILARITIES ITEM 6-NAME,1.0,Acceptable response
i3586,BAS-SIMILARITIES ITEM 6-NAME,2.0,Unacceptable response
i3586,BAS-SIMILARITIES ITEM 6-NAME,9.0,No response
i3587,BAS-SIMILARITIES ITEM 7-EXAMPLE,-6.0,No questionnaire
i3587,BAS-SIMILARITIES ITEM 7-EXAMPLE,-3.0,Not stated
i3587,BAS-SIMILARITIES ITEM 7-EXAMPLE,1.0,Acceptable response
i3587,BAS-SIMILARITIES ITEM 7-EXAMPLE,2.0,Unacceptable response
i3587,BAS-SIMILARITIES ITEM 7-EXAMPLE,9.0,No response
i3588,BAS-SIMILARITIES ITEM 7-NAME,1.0,Acceptable response
i3588,BAS-SIMILARITIES ITEM 7-NAME,2.0,Unacceptable response
i3588,BAS-SIMILARITIES ITEM 7-NAME,9.0,No response
i3588,BAS-SIMILARITIES ITEM 7-NAME,-6.0,No questionnaire
i3588,BAS-SIMILARITIES ITEM 7-NAME,-3.0,Not stated
i3589,BAS-SIMILARITIES ITEM 8-EXAMPLE,-6.0,No questionnaire
i3589,BAS-SIMILARITIES ITEM 8-EXAMPLE,-3.0,Not stated
i3589,BAS-SIMILARITIES ITEM 8-EXAMPLE,1.0,Acceptable response
i3589,BAS-SIMILARITIES ITEM 8-EXAMPLE,2.0,Unacceptable response
i3589,BAS-SIMILARITIES ITEM 8-EXAMPLE,9.0,No response
i3590,BAS-SIMILARITIES ITEM 8-NAME,-6.0,No questionnaire
i3590,BAS-SIMILARITIES ITEM 8-NAME,-3.0,Not stated
i3590,BAS-SIMILARITIES ITEM 8-NAME,1.0,Acceptable response
i3590,BAS-SIMILARITIES ITEM 8-NAME,2.0,Unacceptable response
i3590,BAS-SIMILARITIES ITEM 8-NAME,9.0,No response
i3591,BAS-SIMILARITIES ITEM 9-EXAMPLE,-6.0,No questionnaire
i3591,BAS-SIMILARITIES ITEM 9-EXAMPLE,-3.0,Not stated
i3591,BAS-SIMILARITIES ITEM 9-EXAMPLE,1.0,Acceptable response
i3591,BAS-SIMILARITIES ITEM 9-EXAMPLE,2.0,Unacceptable response
i3591,BAS-SIMILARITIES ITEM 9-EXAMPLE,9.0,No response
i3592,BAS-SIMILARITIES ITEM 9-NAME,-6.0,No questionnaire
i3592,BAS-SIMILARITIES ITEM 9-NAME,-3.0,Not stated
i3592,BAS-SIMILARITIES ITEM 9-NAME,1.0,Acceptable response
i3592,BAS-SIMILARITIES ITEM 9-NAME,2.0,Unacceptable response
i3592,BAS-SIMILARITIES ITEM 9-NAME,9.0,No response
i3593,BAS-SIMILARITIES ITEM 10-EXAMPLE,-6.0,No questionnaire
i3593,BAS-SIMILARITIES ITEM 10-EXAMPLE,-3.0,Not stated
i3593,BAS-SIMILARITIES ITEM 10-EXAMPLE,1.0,Acceptable response
i3593,BAS-SIMILARITIES ITEM 10-EXAMPLE,2.0,Unacceptable response
i3593,BAS-SIMILARITIES ITEM 10-EXAMPLE,9.0,No response
i3594,BAS-SIMILARITIES ITEM 10-NAME,-6.0,No questionnaire
i3594,BAS-SIMILARITIES ITEM 10-NAME,-3.0,Not stated
i3594,BAS-SIMILARITIES ITEM 10-NAME,1.0,Acceptable response
i3594,BAS-SIMILARITIES ITEM 10-NAME,2.0,Unacceptable response
i3594,BAS-SIMILARITIES ITEM 10-NAME,9.0,No response
i3595,BAS-SIMILARITIES ITEM 11-EXAMPLE,-6.0,No questionnaire
i3595,BAS-SIMILARITIES ITEM 11-EXAMPLE,-3.0,Not stated
i3595,BAS-SIMILARITIES ITEM 11-EXAMPLE,1.0,Acceptable response
i3595,BAS-SIMILARITIES ITEM 11-EXAMPLE,2.0,Unacceptable response
i3595,BAS-SIMILARITIES ITEM 11-EXAMPLE,9.0,No response
i3596,BAS-SIMILARITIES ITEM 11-NAME,-6.0,No questionnaire
i3596,BAS-SIMILARITIES ITEM 11-NAME,-3.0,Not stated
i3596,BAS-SIMILARITIES ITEM 11-NAME,1.0,Acceptable response
i3596,BAS-SIMILARITIES ITEM 11-NAME,2.0,Unacceptable response
i3596,BAS-SIMILARITIES ITEM 11-NAME,9.0,No response
i3597,BAS-SIMILARITIES ITEM 12-EXAMPLE,-6.0,No questionnaire
i3597,BAS-SIMILARITIES ITEM 12-EXAMPLE,-3.0,Not stated
i3597,BAS-SIMILARITIES ITEM 12-EXAMPLE,1.0,Acceptable response
i3597,BAS-SIMILARITIES ITEM 12-EXAMPLE,2.0,Unacceptable response
i3597,BAS-SIMILARITIES ITEM 12-EXAMPLE,9.0,No response
i3598,BAS-SIMILARITIES ITEM 12-NAME,-6.0,No questionnaire
i3598,BAS-SIMILARITIES ITEM 12-NAME,-3.0,Not stated
i3598,BAS-SIMILARITIES ITEM 12-NAME,1.0,Acceptable response
i3598,BAS-SIMILARITIES ITEM 12-NAME,2.0,Unacceptable response
i3598,BAS-SIMILARITIES ITEM 12-NAME,9.0,No response
i3599,BAS-SIMILARITIES ITEM 13-EXAMPLE,-6.0,No questionnaire
i3599,BAS-SIMILARITIES ITEM 13-EXAMPLE,-3.0,Not stated
i3599,BAS-SIMILARITIES ITEM 13-EXAMPLE,1.0,Acceptable response
i3599,BAS-SIMILARITIES ITEM 13-EXAMPLE,2.0,Unacceptable response
i3599,BAS-SIMILARITIES ITEM 13-EXAMPLE,9.0,No response
i3600,BAS-SIMILARITIES ITEM 13-NAME,-6.0,No questionnaire
i3600,BAS-SIMILARITIES ITEM 13-NAME,-3.0,Not stated
i3600,BAS-SIMILARITIES ITEM 13-NAME,1.0,Acceptable response
i3600,BAS-SIMILARITIES ITEM 13-NAME,2.0,Unacceptable response
i3600,BAS-SIMILARITIES ITEM 13-NAME,9.0,No response
i3601,BAS-SIMILARITIES ITEM 14-EXAMPLE,-6.0,No questionnaire
i3601,BAS-SIMILARITIES ITEM 14-EXAMPLE,-3.0,Not stated
i3601,BAS-SIMILARITIES ITEM 14-EXAMPLE,1.0,Acceptable response
i3601,BAS-SIMILARITIES ITEM 14-EXAMPLE,2.0,Unacceptable response
i3601,BAS-SIMILARITIES ITEM 14-EXAMPLE,9.0,No response
i3602,BAS-SIMILARITIES ITEM 14-NAME,-6.0,No questionnaire
i3602,BAS-SIMILARITIES ITEM 14-NAME,-3.0,Not stated
i3602,BAS-SIMILARITIES ITEM 14-NAME,1.0,Acceptable response
i3602,BAS-SIMILARITIES ITEM 14-NAME,2.0,Unacceptable response
i3602,BAS-SIMILARITIES ITEM 14-NAME,9.0,No response
i3603,BAS-SIMILARITIES ITEM 15-EXAMPLE,-6.0,No questionnaire
i3603,BAS-SIMILARITIES ITEM 15-EXAMPLE,-3.0,Not stated
i3603,BAS-SIMILARITIES ITEM 15-EXAMPLE,1.0,Acceptable response
i3603,BAS-SIMILARITIES ITEM 15-EXAMPLE,2.0,Unacceptable response
i3603,BAS-SIMILARITIES ITEM 15-EXAMPLE,9.0,No response
i3604,BAS-SIMILARITIES ITEM 15-NAME,-6.0,No questionnaire
i3604,BAS-SIMILARITIES ITEM 15-NAME,-3.0,Not stated
i3604,BAS-SIMILARITIES ITEM 15-NAME,1.0,Acceptable response
i3604,BAS-SIMILARITIES ITEM 15-NAME,2.0,Unacceptable response
i3604,BAS-SIMILARITIES ITEM 15-NAME,9.0,No response
i3605,BAS-SIMILARITIES ITEM 16-EXAMPLE,-6.0,No questionnaire
i3605,BAS-SIMILARITIES ITEM 16-EXAMPLE,-3.0,Not stated
i3605,BAS-SIMILARITIES ITEM 16-EXAMPLE,1.0,Acceptable response
i3605,BAS-SIMILARITIES ITEM 16-EXAMPLE,2.0,Unacceptable response
i3605,BAS-SIMILARITIES ITEM 16-EXAMPLE,9.0,No response
i3606,BAS-SIMILARITIES ITEM 16-NAME,-6.0,No questionnaire
i3606,BAS-SIMILARITIES ITEM 16-NAME,-3.0,Not stated
i3606,BAS-SIMILARITIES ITEM 16-NAME,1.0,Acceptable response
i3606,BAS-SIMILARITIES ITEM 16-NAME,2.0,Unacceptable response
i3606,BAS-SIMILARITIES ITEM 16-NAME,9.0,No response
i3607,BAS-SIMILARITIES ITEM 17-EXAMPLE,-6.0,No questionnaire
i3607,BAS-SIMILARITIES ITEM 17-EXAMPLE,-3.0,Not stated
i3607,BAS-SIMILARITIES ITEM 17-EXAMPLE,1.0,Acceptable response
i3607,BAS-SIMILARITIES ITEM 17-EXAMPLE,2.0,Unacceptable response
i3607,BAS-SIMILARITIES ITEM 17-EXAMPLE,9.0,No response
i3608,BAS-SIMILARITIES ITEM 17-NAME,-6.0,No questionnaire
i3608,BAS-SIMILARITIES ITEM 17-NAME,-3.0,Not stated
i3608,BAS-SIMILARITIES ITEM 17-NAME,1.0,Acceptable response
i3608,BAS-SIMILARITIES ITEM 17-NAME,2.0,Unacceptable response
i3608,BAS-SIMILARITIES ITEM 17-NAME,9.0,No response
i3609,BAS-SIMILARITIES ITEM 18-EXAMPLE,-6.0,No questionnaire
i3609,BAS-SIMILARITIES ITEM 18-EXAMPLE,-3.0,Not stated
i3609,BAS-SIMILARITIES ITEM 18-EXAMPLE,1.0,Acceptable response
i3609,BAS-SIMILARITIES ITEM 18-EXAMPLE,2.0,Unacceptable response
i3609,BAS-SIMILARITIES ITEM 18-EXAMPLE,9.0,No response
i3610,BAS-SIMILARITIES ITEM 18-NAME,-6.0,No questionnaire
i3610,BAS-SIMILARITIES ITEM 18-NAME,-3.0,Not stated
i3610,BAS-SIMILARITIES ITEM 18-NAME,1.0,Acceptable response
i3610,BAS-SIMILARITIES ITEM 18-NAME,2.0,Unacceptable response
i3610,BAS-SIMILARITIES ITEM 18-NAME,9.0,No response
i3611,BAS-SIMILARITIES ITEM 19-EXAMPLE,-6.0,No questionnaire
i3611,BAS-SIMILARITIES ITEM 19-EXAMPLE,-3.0,Not stated
i3611,BAS-SIMILARITIES ITEM 19-EXAMPLE,1.0,Acceptable response
i3611,BAS-SIMILARITIES ITEM 19-EXAMPLE,2.0,Unacceptable response
i3611,BAS-SIMILARITIES ITEM 19-EXAMPLE,9.0,No response
i3612,BAS-SIMILARITIES ITEM 19-NAME,-6.0,No questionnaire
i3612,BAS-SIMILARITIES ITEM 19-NAME,-3.0,Not stated
i3612,BAS-SIMILARITIES ITEM 19-NAME,1.0,Acceptable response
i3612,BAS-SIMILARITIES ITEM 19-NAME,2.0,Unacceptable response
i3612,BAS-SIMILARITIES ITEM 19-NAME,9.0,No response
i3613,BAS-SIMILARITIES ITEM 20-EXAMPLE,-6.0,No questionnaire
i3613,BAS-SIMILARITIES ITEM 20-EXAMPLE,-3.0,Not stated
i3613,BAS-SIMILARITIES ITEM 20-EXAMPLE,1.0,Acceptable response
i3613,BAS-SIMILARITIES ITEM 20-EXAMPLE,2.0,Unacceptable response
i3613,BAS-SIMILARITIES ITEM 20-EXAMPLE,9.0,No response
i3614,BAS-SIMILARITIES ITEM 20-NAME,-6.0,No questionnaire
i3614,BAS-SIMILARITIES ITEM 20-NAME,-3.0,Not stated
i3614,BAS-SIMILARITIES ITEM 20-NAME,1.0,Acceptable response
i3614,BAS-SIMILARITIES ITEM 20-NAME,2.0,Unacceptable response
i3614,BAS-SIMILARITIES ITEM 20-NAME,9.0,No response
i3615,BAS-SIMILARITIES ITEM 21-EXAMPLE,-6.0,No questionnaire
i3615,BAS-SIMILARITIES ITEM 21-EXAMPLE,-3.0,Not stated
i3615,BAS-SIMILARITIES ITEM 21-EXAMPLE,1.0,Acceptable response
i3615,BAS-SIMILARITIES ITEM 21-EXAMPLE,2.0,Unacceptable response
i3615,BAS-SIMILARITIES ITEM 21-EXAMPLE,9.0,No response
i3616,BAS-SIMILARITIES ITEM 21-NAME,-6.0,No questionnaire
i3616,BAS-SIMILARITIES ITEM 21-NAME,-3.0,Not stated
i3616,BAS-SIMILARITIES ITEM 21-NAME,1.0,Acceptable response
i3616,BAS-SIMILARITIES ITEM 21-NAME,2.0,Unacceptable response
i3616,BAS-SIMILARITIES ITEM 21-NAME,9.0,No response
i3617,BAS-MATRICES ITEM 1,-6.0,No questionnaire
i3617,BAS-MATRICES ITEM 1,-3.0,Not stated
i3617,BAS-MATRICES ITEM 1,1.0,Correct response
i3617,BAS-MATRICES ITEM 1,2.0,Incorrect response
i3617,BAS-MATRICES ITEM 1,9.0,No response
i3618,BAS-MATRICES ITEM 2,-6.0,No questionnaire
i3618,BAS-MATRICES ITEM 2,-3.0,Not stated
i3618,BAS-MATRICES ITEM 2,1.0,Correct response
i3618,BAS-MATRICES ITEM 2,2.0,Incorrect response
i3618,BAS-MATRICES ITEM 2,9.0,No response
i3619,BAS-MATRICES ITEM 3,-6.0,No questionnaire
i3619,BAS-MATRICES ITEM 3,-3.0,Not stated
i3619,BAS-MATRICES ITEM 3,1.0,Correct response
i3619,BAS-MATRICES ITEM 3,2.0,Incorrect response
i3619,BAS-MATRICES ITEM 3,9.0,No response
i3620,BAS-MATRICES ITEM 4,-6.0,No questionnaire
i3620,BAS-MATRICES ITEM 4,-3.0,Not stated
i3620,BAS-MATRICES ITEM 4,1.0,Correct response
i3620,BAS-MATRICES ITEM 4,2.0,Incorrect response
i3620,BAS-MATRICES ITEM 4,9.0,No response
i3621,BAS-MATRICES ITEM 5,-6.0,No questionnaire
i3621,BAS-MATRICES ITEM 5,-3.0,Not stated
i3621,BAS-MATRICES ITEM 5,1.0,Correct response
i3621,BAS-MATRICES ITEM 5,2.0,Incorrect response
i3621,BAS-MATRICES ITEM 5,9.0,No response
i3622,BAS-MATRICES ITEM 6,-3.0,Not stated
i3622,BAS-MATRICES ITEM 6,1.0,Correct response
i3622,BAS-MATRICES ITEM 6,2.0,Incorrect response
i3622,BAS-MATRICES ITEM 6,9.0,No response
i3622,BAS-MATRICES ITEM 6,-6.0,No questionnaire
i3623,BAS-MATRICES ITEM 7,-6.0,No questionnaire
i3623,BAS-MATRICES ITEM 7,-3.0,Not stated
i3623,BAS-MATRICES ITEM 7,1.0,Correct response
i3623,BAS-MATRICES ITEM 7,2.0,Incorrect response
i3623,BAS-MATRICES ITEM 7,9.0,No response
i3624,BAS-MATRICES ITEM 8,-6.0,No questionnaire
i3624,BAS-MATRICES ITEM 8,-3.0,Not stated
i3624,BAS-MATRICES ITEM 8,1.0,Correct response
i3624,BAS-MATRICES ITEM 8,2.0,Incorrect response
i3624,BAS-MATRICES ITEM 8,9.0,No response
i3625,BAS-MATRICES ITEM 9,-6.0,No questionnaire
i3625,BAS-MATRICES ITEM 9,-3.0,Not stated
i3625,BAS-MATRICES ITEM 9,1.0,Correct response
i3625,BAS-MATRICES ITEM 9,2.0,Incorrect response
i3625,BAS-MATRICES ITEM 9,9.0,No response
i3626,BAS-MATRICES ITEM 10,-6.0,No questionnaire
i3626,BAS-MATRICES ITEM 10,-3.0,Not stated
i3626,BAS-MATRICES ITEM 10,1.0,Correct response
i3626,BAS-MATRICES ITEM 10,2.0,Incorrect response
i3626,BAS-MATRICES ITEM 10,9.0,No response
i3627,BAS-MATRICES ITEM 11,-6.0,No questionnaire
i3627,BAS-MATRICES ITEM 11,-3.0,Not stated
i3627,BAS-MATRICES ITEM 11,1.0,Correct response
i3627,BAS-MATRICES ITEM 11,2.0,Incorrect response
i3627,BAS-MATRICES ITEM 11,9.0,No response
i3628,BAS-MATRICES ITEM 12,-6.0,No questionnaire
i3628,BAS-MATRICES ITEM 12,-3.0,Not stated
i3628,BAS-MATRICES ITEM 12,1.0,Correct response
i3628,BAS-MATRICES ITEM 12,2.0,Incorrect response
i3628,BAS-MATRICES ITEM 12,9.0,No response
i3629,BAS-MATRICES ITEM 13,-6.0,No questionnaire
i3629,BAS-MATRICES ITEM 13,-3.0,Not stated
i3629,BAS-MATRICES ITEM 13,1.0,Correct response
i3629,BAS-MATRICES ITEM 13,2.0,Incorrect response
i3629,BAS-MATRICES ITEM 13,9.0,No response
i3630,BAS-MATRICES ITEM 14,-6.0,No questionnaire
i3630,BAS-MATRICES ITEM 14,-3.0,Not stated
i3630,BAS-MATRICES ITEM 14,1.0,Correct response
i3630,BAS-MATRICES ITEM 14,2.0,Incorrect response
i3630,BAS-MATRICES ITEM 14,9.0,No response
i3631,BAS-MATRICES ITEM 15,-6.0,No questionnaire
i3631,BAS-MATRICES ITEM 15,-3.0,Not stated
i3631,BAS-MATRICES ITEM 15,1.0,Correct response
i3631,BAS-MATRICES ITEM 15,2.0,Incorrect response
i3631,BAS-MATRICES ITEM 15,9.0,No response
i3632,BAS-MATRICES ITEM 16,-6.0,No questionnaire
i3632,BAS-MATRICES ITEM 16,-3.0,Not stated
i3632,BAS-MATRICES ITEM 16,1.0,Correct response
i3632,BAS-MATRICES ITEM 16,2.0,Incorrect response
i3632,BAS-MATRICES ITEM 16,9.0,No response
i3633,BAS-MATRICES ITEM 17,-6.0,No questionnaire
i3633,BAS-MATRICES ITEM 17,-3.0,Not stated
i3633,BAS-MATRICES ITEM 17,1.0,Correct response
i3633,BAS-MATRICES ITEM 17,2.0,Incorrect response
i3633,BAS-MATRICES ITEM 17,9.0,No response
i3634,BAS-MATRICES ITEM 18,-6.0,No questionnaire
i3634,BAS-MATRICES ITEM 18,-3.0,Not stated
i3634,BAS-MATRICES ITEM 18,1.0,Correct response
i3634,BAS-MATRICES ITEM 18,2.0,Incorrect response
i3634,BAS-MATRICES ITEM 18,9.0,No response
i3635,BAS-MATRICES ITEM 19,-6.0,No questionnaire
i3635,BAS-MATRICES ITEM 19,-3.0,Not stated
i3635,BAS-MATRICES ITEM 19,1.0,Correct response
i3635,BAS-MATRICES ITEM 19,2.0,Incorrect response
i3635,BAS-MATRICES ITEM 19,9.0,No response
i3636,BAS-MATRICES ITEM 20,-6.0,No questionnaire
i3636,BAS-MATRICES ITEM 20,-3.0,Not stated
i3636,BAS-MATRICES ITEM 20,1.0,Correct response
i3636,BAS-MATRICES ITEM 20,2.0,Incorrect response
i3636,BAS-MATRICES ITEM 20,9.0,No response
i3637,BAS-MATRICES ITEM 21,-6.0,No questionnaire
i3637,BAS-MATRICES ITEM 21,-3.0,Not stated
i3637,BAS-MATRICES ITEM 21,1.0,Correct response
i3637,BAS-MATRICES ITEM 21,2.0,Incorrect response
i3637,BAS-MATRICES ITEM 21,9.0,No response
i3638,BAS-MATRICES ITEM 22,-6.0,No questionnaire
i3638,BAS-MATRICES ITEM 22,-3.0,NS/No response
i3638,BAS-MATRICES ITEM 22,1.0,Correct response
i3638,BAS-MATRICES ITEM 22,2.0,Incorrect response
i3638,BAS-MATRICES ITEM 22,9.0,No response
i3639,BAS-MATRICES ITEM 23,-3.0,NS/No response
i3639,BAS-MATRICES ITEM 23,1.0,Correct response
i3639,BAS-MATRICES ITEM 23,2.0,Incorrect response
i3639,BAS-MATRICES ITEM 23,9.0,No response
i3639,BAS-MATRICES ITEM 23,-6.0,No questionnaire
i3640,BAS-MATRICES ITEM 24,-6.0,No questionnaire
i3640,BAS-MATRICES ITEM 24,-3.0,Not stated
i3640,BAS-MATRICES ITEM 24,1.0,Correct response
i3640,BAS-MATRICES ITEM 24,2.0,Incorrect response
i3640,BAS-MATRICES ITEM 24,9.0,No response
i3641,BAS-MATRICES ITEM 25,-6.0,No questionnaire
i3641,BAS-MATRICES ITEM 25,-3.0,Not stated
i3641,BAS-MATRICES ITEM 25,1.0,Correct response
i3641,BAS-MATRICES ITEM 25,2.0,Incorrect response
i3641,BAS-MATRICES ITEM 25,9.0,No response
i3642,BAS-MATRICES ITEM 26,-6.0,No questionnaire
i3642,BAS-MATRICES ITEM 26,-3.0,Not stated
i3642,BAS-MATRICES ITEM 26,1.0,Correct response
i3642,BAS-MATRICES ITEM 26,2.0,Incorrect response
i3642,BAS-MATRICES ITEM 26,9.0,No response
i3643,BAS-MATRICES ITEM 27,-6.0,No questionnaire
i3643,BAS-MATRICES ITEM 27,-3.0,Not stated
i3643,BAS-MATRICES ITEM 27,1.0,Correct response
i3643,BAS-MATRICES ITEM 27,2.0,Incorrect response
i3643,BAS-MATRICES ITEM 27,9.0,No response
i3644,BAS-MATRICES ITEM 28,-6.0,No questionnaire
i3644,BAS-MATRICES ITEM 28,-3.0,Not stated
i3644,BAS-MATRICES ITEM 28,1.0,Correct response
i3644,BAS-MATRICES ITEM 28,2.0,Incorrect response
i3644,BAS-MATRICES ITEM 28,9.0,No response
i3645,CODER B.A.S.,-7.0,Blank
i3645,CODER B.A.S.,-6.0,No questionnaire
i3645,CODER B.A.S.,-3.0,Not stated
i4001,DERIVED VARIABLE FROM I2504-FRIENDLY MT,-6.0,No questionnaire
i4001,DERIVED VARIABLE FROM I2504-FRIENDLY MT,-4.0,More than 1 answer
i4001,DERIVED VARIABLE FROM I2504-FRIENDLY MT,-3.0,NS/No response
i4001,DERIVED VARIABLE FROM I2504-FRIENDLY MT,1.0,Correct
i4001,DERIVED VARIABLE FROM I2504-FRIENDLY MT,2.0,Incorrect
i4002,DERIVED VARIABLE FROM I2505-FRIENDLY MT,-6.0,No questionnaire
i4002,DERIVED VARIABLE FROM I2505-FRIENDLY MT,-4.0,More than 1 answer
i4002,DERIVED VARIABLE FROM I2505-FRIENDLY MT,-3.0,NS/No response
i4002,DERIVED VARIABLE FROM I2505-FRIENDLY MT,1.0,Correct
i4002,DERIVED VARIABLE FROM I2505-FRIENDLY MT,2.0,Incorrect
i4003,DERIVED VARIABLE FROM I2506-FRIENDLY MT,-6.0,No questionnaire
i4003,DERIVED VARIABLE FROM I2506-FRIENDLY MT,-4.0,More than 1 answer
i4003,DERIVED VARIABLE FROM I2506-FRIENDLY MT,-3.0,NS/No response
i4003,DERIVED VARIABLE FROM I2506-FRIENDLY MT,1.0,Correct
i4003,DERIVED VARIABLE FROM I2506-FRIENDLY MT,2.0,Incorrect
i4004,DERIVED VARIABLE FROM I2507-FRIENDLY MT,-6.0,No questionnaire
i4004,DERIVED VARIABLE FROM I2507-FRIENDLY MT,-4.0,More than 1 answer
i4004,DERIVED VARIABLE FROM I2507-FRIENDLY MT,-3.0,NS/No response
i4004,DERIVED VARIABLE FROM I2507-FRIENDLY MT,1.0,Correct
i4004,DERIVED VARIABLE FROM I2507-FRIENDLY MT,2.0,Incorrect
i4005,DERIVED VARIABLE FROM I2508-FRIENDLY MT,-6.0,No questionnaire
i4005,DERIVED VARIABLE FROM I2508-FRIENDLY MT,-4.0,More than 1 answer
i4005,DERIVED VARIABLE FROM I2508-FRIENDLY MT,-3.0,NS/No response
i4005,DERIVED VARIABLE FROM I2508-FRIENDLY MT,1.0,Correct
i4005,DERIVED VARIABLE FROM I2508-FRIENDLY MT,2.0,Incorrect
i4006,DERIVED VARIABLE FROM I2509-FRIENDLY MT,-6.0,No questionnaire
i4006,DERIVED VARIABLE FROM I2509-FRIENDLY MT,-4.0,More than 1 answer
i4006,DERIVED VARIABLE FROM I2509-FRIENDLY MT,-3.0,NS/No response
i4006,DERIVED VARIABLE FROM I2509-FRIENDLY MT,1.0,Correct
i4006,DERIVED VARIABLE FROM I2509-FRIENDLY MT,2.0,Incorrect
i4007,DERIVED VARIABLE FROM I2510-FRIENDLY MT,-6.0,No questionnaire
i4007,DERIVED VARIABLE FROM I2510-FRIENDLY MT,-4.0,More than 1 answer
i4007,DERIVED VARIABLE FROM I2510-FRIENDLY MT,-3.0,NS/No response
i4007,DERIVED VARIABLE FROM I2510-FRIENDLY MT,1.0,Correct
i4007,DERIVED VARIABLE FROM I2510-FRIENDLY MT,2.0,Incorrect
i4008,DERIVED VARIABLE FROM I2511-FRIENDLY MT,-6.0,No questionnaire
i4008,DERIVED VARIABLE FROM I2511-FRIENDLY MT,-4.0,More than 1 answer
i4008,DERIVED VARIABLE FROM I2511-FRIENDLY MT,-3.0,NS/No response
i4008,DERIVED VARIABLE FROM I2511-FRIENDLY MT,1.0,Correct
i4008,DERIVED VARIABLE FROM I2511-FRIENDLY MT,2.0,Incorrect
i4009,DERIVED VARIABLE FROM I2512-FRIENDLY MT,-6.0,No questionnaire
i4009,DERIVED VARIABLE FROM I2512-FRIENDLY MT,-4.0,More than 1 answer
i4009,DERIVED VARIABLE FROM I2512-FRIENDLY MT,-3.0,NS/No response
i4009,DERIVED VARIABLE FROM I2512-FRIENDLY MT,1.0,Correct
i4009,DERIVED VARIABLE FROM I2512-FRIENDLY MT,2.0,Incorrect
i4010,DERIVED VARIABLE FROM I2513-FRIENDLY MT,-6.0,No questionnaire
i4010,DERIVED VARIABLE FROM I2513-FRIENDLY MT,-4.0,More than 1 answer
i4010,DERIVED VARIABLE FROM I2513-FRIENDLY MT,-3.0,NS/No response
i4010,DERIVED VARIABLE FROM I2513-FRIENDLY MT,1.0,Correct
i4010,DERIVED VARIABLE FROM I2513-FRIENDLY MT,2.0,Incorrect
i4011,DERIVED VARIABLE FROM I2514-FRIENDLY MT,-6.0,No questionnaire
i4011,DERIVED VARIABLE FROM I2514-FRIENDLY MT,-4.0,More than 1 answer
i4011,DERIVED VARIABLE FROM I2514-FRIENDLY MT,-3.0,NS/No response
i4011,DERIVED VARIABLE FROM I2514-FRIENDLY MT,1.0,Correct
i4011,DERIVED VARIABLE FROM I2514-FRIENDLY MT,2.0,Incorrect
i4012,DERIVED VARIABLE FROM I2515-FRIENDLY MT,-6.0,No questionnaire
i4012,DERIVED VARIABLE FROM I2515-FRIENDLY MT,-4.0,More than 1 answer
i4012,DERIVED VARIABLE FROM I2515-FRIENDLY MT,-3.0,NS/No response
i4012,DERIVED VARIABLE FROM I2515-FRIENDLY MT,1.0,Correct
i4012,DERIVED VARIABLE FROM I2515-FRIENDLY MT,2.0,Incorrect
i4013,DERIVED VARIABLE FROM I2516-FRIENDLY MT,-6.0,No questionnaire
i4013,DERIVED VARIABLE FROM I2516-FRIENDLY MT,-4.0,More than 1 answer
i4013,DERIVED VARIABLE FROM I2516-FRIENDLY MT,-3.0,NS/No response
i4013,DERIVED VARIABLE FROM I2516-FRIENDLY MT,1.0,Correct
i4013,DERIVED VARIABLE FROM I2516-FRIENDLY MT,2.0,Incorrect
i4014,DERIVED VARIABLE FROM I2517-FRIENDLY MT,-6.0,No questionnaire
i4014,DERIVED VARIABLE FROM I2517-FRIENDLY MT,-4.0,More than 1 answer
i4014,DERIVED VARIABLE FROM I2517-FRIENDLY MT,-3.0,NS/No response
i4014,DERIVED VARIABLE FROM I2517-FRIENDLY MT,1.0,Correct
i4014,DERIVED VARIABLE FROM I2517-FRIENDLY MT,2.0,Incorrect
i4015,DERIVED VARIABLE FROM I2518-FRIENDLY MT,-6.0,No questionnaire
i4015,DERIVED VARIABLE FROM I2518-FRIENDLY MT,-4.0,More than 1 answer
i4015,DERIVED VARIABLE FROM I2518-FRIENDLY MT,-3.0,NS/No response
i4015,DERIVED VARIABLE FROM I2518-FRIENDLY MT,1.0,Correct
i4015,DERIVED VARIABLE FROM I2518-FRIENDLY MT,2.0,Incorrect
i4016,DERIVED VARIABLE FROM I2519-FRIENDLY MT,-6.0,No questionnaire
i4016,DERIVED VARIABLE FROM I2519-FRIENDLY MT,-4.0,More than 1 answer
i4016,DERIVED VARIABLE FROM I2519-FRIENDLY MT,-3.0,NS/No response
i4016,DERIVED VARIABLE FROM I2519-FRIENDLY MT,1.0,Correct
i4016,DERIVED VARIABLE FROM I2519-FRIENDLY MT,2.0,Incorrect
i4017,DERIVED VARIABLE FROM I2520-FRIENDLY MT,-6.0,No questionnaire
i4017,DERIVED VARIABLE FROM I2520-FRIENDLY MT,-4.0,More than 1 answer
i4017,DERIVED VARIABLE FROM I2520-FRIENDLY MT,-3.0,NS/No response
i4017,DERIVED VARIABLE FROM I2520-FRIENDLY MT,1.0,Correct
i4017,DERIVED VARIABLE FROM I2520-FRIENDLY MT,2.0,Incorrect
i4018,DERIVED VARIABLE FROM I2521-FRIENDLY MT,-3.0,NS/No response
i4018,DERIVED VARIABLE FROM I2521-FRIENDLY MT,1.0,Correct
i4018,DERIVED VARIABLE FROM I2521-FRIENDLY MT,2.0,Incorrect
i4018,DERIVED VARIABLE FROM I2521-FRIENDLY MT,-6.0,No questionnaire
i4018,DERIVED VARIABLE FROM I2521-FRIENDLY MT,-4.0,More than 1 answer
i4019,DERIVED VARIABLE FROM I2522-FRIENDLY MT,-6.0,No questionnaire
i4019,DERIVED VARIABLE FROM I2522-FRIENDLY MT,-4.0,More than 1 answer
i4019,DERIVED VARIABLE FROM I2522-FRIENDLY MT,-3.0,NS/No response
i4019,DERIVED VARIABLE FROM I2522-FRIENDLY MT,1.0,Correct
i4019,DERIVED VARIABLE FROM I2522-FRIENDLY MT,2.0,Incorrect
i4020,DERIVED VARIABLE FROM I2523-FRIENDLY MT,-6.0,No questionnaire
i4020,DERIVED VARIABLE FROM I2523-FRIENDLY MT,-4.0,More than 1 answer
i4020,DERIVED VARIABLE FROM I2523-FRIENDLY MT,-3.0,NS/No response
i4020,DERIVED VARIABLE FROM I2523-FRIENDLY MT,1.0,Correct
i4020,DERIVED VARIABLE FROM I2523-FRIENDLY MT,2.0,Incorrect
i4021,DERIVED VARIABLE FROM I2524-FRIENDLY MT,-6.0,No questionnaire
i4021,DERIVED VARIABLE FROM I2524-FRIENDLY MT,-4.0,More than 1 answer
i4021,DERIVED VARIABLE FROM I2524-FRIENDLY MT,-3.0,NS/No response
i4021,DERIVED VARIABLE FROM I2524-FRIENDLY MT,1.0,Correct
i4021,DERIVED VARIABLE FROM I2524-FRIENDLY MT,2.0,Incorrect
i4022,DERIVED VARIABLE FROM I2525-FRIENDLY MT,-6.0,No questionnaire
i4022,DERIVED VARIABLE FROM I2525-FRIENDLY MT,-4.0,More than 1 answer
i4022,DERIVED VARIABLE FROM I2525-FRIENDLY MT,-3.0,NS/No response
i4022,DERIVED VARIABLE FROM I2525-FRIENDLY MT,1.0,Correct
i4022,DERIVED VARIABLE FROM I2525-FRIENDLY MT,2.0,Incorrect
i4023,DERIVED VARIABLE FROM I2526-FRIENDLY MT,-6.0,No questionnaire
i4023,DERIVED VARIABLE FROM I2526-FRIENDLY MT,-4.0,More than 1 answer
i4023,DERIVED VARIABLE FROM I2526-FRIENDLY MT,-3.0,NS/No response
i4023,DERIVED VARIABLE FROM I2526-FRIENDLY MT,1.0,Correct
i4023,DERIVED VARIABLE FROM I2526-FRIENDLY MT,2.0,Incorrect
i4024,DERIVED VARIABLE FROM I2527-FRIENDLY MT,-6.0,No questionnaire
i4024,DERIVED VARIABLE FROM I2527-FRIENDLY MT,-4.0,More than 1 answer
i4024,DERIVED VARIABLE FROM I2527-FRIENDLY MT,-3.0,NS/No response
i4024,DERIVED VARIABLE FROM I2527-FRIENDLY MT,1.0,Correct
i4024,DERIVED VARIABLE FROM I2527-FRIENDLY MT,2.0,Incorrect
i4025,DERIVED VARIABLE FROM I2528-FRIENDLY MT,-6.0,No questionnaire
i4025,DERIVED VARIABLE FROM I2528-FRIENDLY MT,-4.0,More than 1 answer
i4025,DERIVED VARIABLE FROM I2528-FRIENDLY MT,-3.0,NS/No response
i4025,DERIVED VARIABLE FROM I2528-FRIENDLY MT,1.0,Correct
i4025,DERIVED VARIABLE FROM I2528-FRIENDLY MT,2.0,Incorrect
i4026,DERIVED VARIABLE FROM I2529-FRIENDLY MT,-6.0,No questionnaire
i4026,DERIVED VARIABLE FROM I2529-FRIENDLY MT,-4.0,More than 1 answer
i4026,DERIVED VARIABLE FROM I2529-FRIENDLY MT,-3.0,NS/No response
i4026,DERIVED VARIABLE FROM I2529-FRIENDLY MT,1.0,Correct
i4026,DERIVED VARIABLE FROM I2529-FRIENDLY MT,2.0,Incorrect
i4027,DERIVED VARIABLE FROM I2530-FRIENDLY MT,-6.0,No questionnaire
i4027,DERIVED VARIABLE FROM I2530-FRIENDLY MT,-4.0,More than 1 answer
i4027,DERIVED VARIABLE FROM I2530-FRIENDLY MT,-3.0,NS/No response
i4027,DERIVED VARIABLE FROM I2530-FRIENDLY MT,1.0,Correct
i4027,DERIVED VARIABLE FROM I2530-FRIENDLY MT,2.0,Incorrect
i4028,DERIVED VARIABLE FROM I2531-FRIENDLY MT,-6.0,No questionnaire
i4028,DERIVED VARIABLE FROM I2531-FRIENDLY MT,-4.0,More than 1 answer
i4028,DERIVED VARIABLE FROM I2531-FRIENDLY MT,-3.0,NS/No response
i4028,DERIVED VARIABLE FROM I2531-FRIENDLY MT,1.0,Correct
i4028,DERIVED VARIABLE FROM I2531-FRIENDLY MT,2.0,Incorrect
i4029,DERIVED VARIABLE FROM I2532-FRIENDLY MT,-6.0,No questionnaire
i4029,DERIVED VARIABLE FROM I2532-FRIENDLY MT,-4.0,More than 1 answer
i4029,DERIVED VARIABLE FROM I2532-FRIENDLY MT,-3.0,NS/No response
i4029,DERIVED VARIABLE FROM I2532-FRIENDLY MT,1.0,Correct
i4029,DERIVED VARIABLE FROM I2532-FRIENDLY MT,2.0,Incorrect
i4030,DERIVED VARIABLE FROM I2533-FRIENDLY MT,-6.0,No questionnaire
i4030,DERIVED VARIABLE FROM I2533-FRIENDLY MT,-4.0,More than 1 answer
i4030,DERIVED VARIABLE FROM I2533-FRIENDLY MT,-3.0,NS/No response
i4030,DERIVED VARIABLE FROM I2533-FRIENDLY MT,1.0,Correct
i4030,DERIVED VARIABLE FROM I2533-FRIENDLY MT,2.0,Incorrect
i4031,DERIVED VARIABLE FROM I2534-FRIENDLY MT,-6.0,No questionnaire
i4031,DERIVED VARIABLE FROM I2534-FRIENDLY MT,-4.0,More than 1 answer
i4031,DERIVED VARIABLE FROM I2534-FRIENDLY MT,-3.0,NS/No response
i4031,DERIVED VARIABLE FROM I2534-FRIENDLY MT,1.0,Correct
i4031,DERIVED VARIABLE FROM I2534-FRIENDLY MT,2.0,Incorrect
i4032,DERIVED VARIABLE FROM I2535-FRIENDLY MT,-6.0,No questionnaire
i4032,DERIVED VARIABLE FROM I2535-FRIENDLY MT,-4.0,More than 1 answer
i4032,DERIVED VARIABLE FROM I2535-FRIENDLY MT,-3.0,NS/No response
i4032,DERIVED VARIABLE FROM I2535-FRIENDLY MT,1.0,Correct
i4032,DERIVED VARIABLE FROM I2535-FRIENDLY MT,2.0,Incorrect
i4033,DERIVED VARIABLE FROM I2536-FRIENDLY MT,-6.0,No questionnaire
i4033,DERIVED VARIABLE FROM I2536-FRIENDLY MT,-4.0,More than 1 answer
i4033,DERIVED VARIABLE FROM I2536-FRIENDLY MT,-3.0,NS/No response
i4033,DERIVED VARIABLE FROM I2536-FRIENDLY MT,1.0,Correct
i4033,DERIVED VARIABLE FROM I2536-FRIENDLY MT,2.0,Incorrect
i4034,DERIVED VARIABLE FROM I2537-FRIENDLY MT,-6.0,No questionnaire
i4034,DERIVED VARIABLE FROM I2537-FRIENDLY MT,-4.0,More than 1 answer
i4034,DERIVED VARIABLE FROM I2537-FRIENDLY MT,-3.0,NS/No response
i4034,DERIVED VARIABLE FROM I2537-FRIENDLY MT,1.0,Correct
i4034,DERIVED VARIABLE FROM I2537-FRIENDLY MT,2.0,Incorrect
i4035,DERIVED VARIABLE FROM I2538-FRIENDLY MT,-6.0,No questionnaire
i4035,DERIVED VARIABLE FROM I2538-FRIENDLY MT,-4.0,More than 1 answer
i4035,DERIVED VARIABLE FROM I2538-FRIENDLY MT,-3.0,NS/No response
i4035,DERIVED VARIABLE FROM I2538-FRIENDLY MT,1.0,Correct
i4035,DERIVED VARIABLE FROM I2538-FRIENDLY MT,2.0,Incorrect
i4036,DERIVED VARIABLE FROM I2539-FRIENDLY MT,-6.0,No questionnaire
i4036,DERIVED VARIABLE FROM I2539-FRIENDLY MT,-4.0,More than 1 answer
i4036,DERIVED VARIABLE FROM I2539-FRIENDLY MT,-3.0,NS/No response
i4036,DERIVED VARIABLE FROM I2539-FRIENDLY MT,1.0,Correct
i4036,DERIVED VARIABLE FROM I2539-FRIENDLY MT,2.0,Incorrect
i4037,DERIVED VARIABLE FROM I2540-FRIENDLY MT,-6.0,No questionnaire
i4037,DERIVED VARIABLE FROM I2540-FRIENDLY MT,-4.0,More than 1 answer
i4037,DERIVED VARIABLE FROM I2540-FRIENDLY MT,-3.0,NS/No response
i4037,DERIVED VARIABLE FROM I2540-FRIENDLY MT,1.0,Correct
i4037,DERIVED VARIABLE FROM I2540-FRIENDLY MT,2.0,Incorrect
i4038,DERIVED VARIABLE FROM I2541-FRIENDLY MT,-6.0,No questionnaire
i4038,DERIVED VARIABLE FROM I2541-FRIENDLY MT,-4.0,More than 1 answer
i4038,DERIVED VARIABLE FROM I2541-FRIENDLY MT,-3.0,NS/No response
i4038,DERIVED VARIABLE FROM I2541-FRIENDLY MT,1.0,Correct
i4038,DERIVED VARIABLE FROM I2541-FRIENDLY MT,2.0,Incorrect
i4039,DERIVED VARIABLE FROM I2542-FRIENDLY MT,-6.0,No questionnaire
i4039,DERIVED VARIABLE FROM I2542-FRIENDLY MT,-4.0,More than 1 answer
i4039,DERIVED VARIABLE FROM I2542-FRIENDLY MT,-3.0,NS/No response
i4039,DERIVED VARIABLE FROM I2542-FRIENDLY MT,1.0,Correct
i4039,DERIVED VARIABLE FROM I2542-FRIENDLY MT,2.0,Incorrect
i4040,DERIVED VARIABLE FROM I2543-FRIENDLY MT,-6.0,No questionnaire
i4040,DERIVED VARIABLE FROM I2543-FRIENDLY MT,-4.0,More than 1 answer
i4040,DERIVED VARIABLE FROM I2543-FRIENDLY MT,-3.0,NS/No response
i4040,DERIVED VARIABLE FROM I2543-FRIENDLY MT,1.0,Correct
i4040,DERIVED VARIABLE FROM I2543-FRIENDLY MT,2.0,Incorrect
i4041,DERIVED VARIABLE FROM I2544-FRIENDLY MT,-6.0,No questionnaire
i4041,DERIVED VARIABLE FROM I2544-FRIENDLY MT,-4.0,More than 1 answer
i4041,DERIVED VARIABLE FROM I2544-FRIENDLY MT,-3.0,NS/No response
i4041,DERIVED VARIABLE FROM I2544-FRIENDLY MT,1.0,Correct
i4041,DERIVED VARIABLE FROM I2544-FRIENDLY MT,2.0,Incorrect
i4042,DERIVED VARIABLE FROM I2545-FRIENDLY MT,-4.0,More than 1 answer
i4042,DERIVED VARIABLE FROM I2545-FRIENDLY MT,-3.0,NS/No response
i4042,DERIVED VARIABLE FROM I2545-FRIENDLY MT,1.0,Correct
i4042,DERIVED VARIABLE FROM I2545-FRIENDLY MT,2.0,Incorrect
i4042,DERIVED VARIABLE FROM I2545-FRIENDLY MT,-6.0,No questionnaire
i4043,DERIVED VARIABLE FROM I2546-FRIENDLY MT,-6.0,No questionnaire
i4043,DERIVED VARIABLE FROM I2546-FRIENDLY MT,-4.0,More than 1 answer
i4043,DERIVED VARIABLE FROM I2546-FRIENDLY MT,-3.0,NS/No response
i4043,DERIVED VARIABLE FROM I2546-FRIENDLY MT,1.0,Correct
i4043,DERIVED VARIABLE FROM I2546-FRIENDLY MT,2.0,Incorrect
i4044,DERIVED VARIABLE FROM I2547-FRIENDLY MT,-6.0,No questionnaire
i4044,DERIVED VARIABLE FROM I2547-FRIENDLY MT,-4.0,More than 1 answer
i4044,DERIVED VARIABLE FROM I2547-FRIENDLY MT,-3.0,NS/No response
i4044,DERIVED VARIABLE FROM I2547-FRIENDLY MT,1.0,Correct
i4044,DERIVED VARIABLE FROM I2547-FRIENDLY MT,2.0,Incorrect
i4045,DERIVED VARIABLE FROM I2548-FRIENDLY MT,-6.0,No questionnaire
i4045,DERIVED VARIABLE FROM I2548-FRIENDLY MT,-4.0,More than 1 answer
i4045,DERIVED VARIABLE FROM I2548-FRIENDLY MT,-3.0,NS/No response
i4045,DERIVED VARIABLE FROM I2548-FRIENDLY MT,1.0,Correct
i4045,DERIVED VARIABLE FROM I2548-FRIENDLY MT,2.0,Incorrect
i4046,DERIVED VARIABLE FROM I2549-FRIENDLY MT,-6.0,No questionnaire
i4046,DERIVED VARIABLE FROM I2549-FRIENDLY MT,-4.0,More than 1 answer
i4046,DERIVED VARIABLE FROM I2549-FRIENDLY MT,-3.0,NS/No response
i4046,DERIVED VARIABLE FROM I2549-FRIENDLY MT,1.0,Correct
i4046,DERIVED VARIABLE FROM I2549-FRIENDLY MT,2.0,Incorrect
i4047,DERIVED VARIABLE FROM I2550-FRIENDLY MT,-6.0,No questionnaire
i4047,DERIVED VARIABLE FROM I2550-FRIENDLY MT,-4.0,More than 1 answer
i4047,DERIVED VARIABLE FROM I2550-FRIENDLY MT,-3.0,NS/No response
i4047,DERIVED VARIABLE FROM I2550-FRIENDLY MT,1.0,Correct
i4047,DERIVED VARIABLE FROM I2550-FRIENDLY MT,2.0,Incorrect
i4048,DERIVED VARIABLE FROM I2551-FRIENDLY MT,-6.0,No questionnaire
i4048,DERIVED VARIABLE FROM I2551-FRIENDLY MT,-4.0,More than 1 answer
i4048,DERIVED VARIABLE FROM I2551-FRIENDLY MT,-3.0,NS/No response
i4048,DERIVED VARIABLE FROM I2551-FRIENDLY MT,1.0,Correct
i4048,DERIVED VARIABLE FROM I2551-FRIENDLY MT,2.0,Incorrect
i4049,DERIVED VARIABLE FROM I2552-FRIENDLY MT,-6.0,No questionnaire
i4049,DERIVED VARIABLE FROM I2552-FRIENDLY MT,-4.0,More than 1 answer
i4049,DERIVED VARIABLE FROM I2552-FRIENDLY MT,-3.0,NS/No response
i4049,DERIVED VARIABLE FROM I2552-FRIENDLY MT,1.0,Correct
i4049,DERIVED VARIABLE FROM I2552-FRIENDLY MT,2.0,Incorrect
i4050,DERIVED VARIABLE FROM I2553-FRIENDLY MT,-6.0,No questionnaire
i4050,DERIVED VARIABLE FROM I2553-FRIENDLY MT,-4.0,More than 1 answer
i4050,DERIVED VARIABLE FROM I2553-FRIENDLY MT,-3.0,NS/No response
i4050,DERIVED VARIABLE FROM I2553-FRIENDLY MT,1.0,Correct
i4050,DERIVED VARIABLE FROM I2553-FRIENDLY MT,2.0,Incorrect
i4051,DERIVED VARIABLE FROM I2554-FRIENDLY MT,-6.0,No questionnaire
i4051,DERIVED VARIABLE FROM I2554-FRIENDLY MT,-4.0,More than 1 answer
i4051,DERIVED VARIABLE FROM I2554-FRIENDLY MT,-3.0,NS/No response
i4051,DERIVED VARIABLE FROM I2554-FRIENDLY MT,1.0,Correct
i4051,DERIVED VARIABLE FROM I2554-FRIENDLY MT,2.0,Incorrect
i4052,DERIVED VARIABLE FROM I2555-FRIENDLY MT,-6.0,No questionnaire
i4052,DERIVED VARIABLE FROM I2555-FRIENDLY MT,-4.0,More than 1 answer
i4052,DERIVED VARIABLE FROM I2555-FRIENDLY MT,-3.0,NS/No response
i4052,DERIVED VARIABLE FROM I2555-FRIENDLY MT,1.0,Correct
i4052,DERIVED VARIABLE FROM I2555-FRIENDLY MT,2.0,Incorrect
i4053,DERIVED VARIABLE FROM I2556-FRIENDLY MT,-6.0,No questionnaire
i4053,DERIVED VARIABLE FROM I2556-FRIENDLY MT,-4.0,More than 1 answer
i4053,DERIVED VARIABLE FROM I2556-FRIENDLY MT,-3.0,NS/No response
i4053,DERIVED VARIABLE FROM I2556-FRIENDLY MT,1.0,Correct
i4053,DERIVED VARIABLE FROM I2556-FRIENDLY MT,2.0,Incorrect
i4054,DERIVED VARIABLE FROM I2557-FRIENDLY MT,-6.0,No questionnaire
i4054,DERIVED VARIABLE FROM I2557-FRIENDLY MT,-4.0,More than 1 answer
i4054,DERIVED VARIABLE FROM I2557-FRIENDLY MT,-3.0,NS/No response
i4054,DERIVED VARIABLE FROM I2557-FRIENDLY MT,1.0,Correct
i4054,DERIVED VARIABLE FROM I2557-FRIENDLY MT,2.0,Incorrect
i4055,DERIVED VARIABLE FROM I2558-FRIENDLY MT,-6.0,No questionnaire
i4055,DERIVED VARIABLE FROM I2558-FRIENDLY MT,-4.0,More than 1 answer
i4055,DERIVED VARIABLE FROM I2558-FRIENDLY MT,-3.0,NS/No response
i4055,DERIVED VARIABLE FROM I2558-FRIENDLY MT,1.0,Correct
i4055,DERIVED VARIABLE FROM I2558-FRIENDLY MT,2.0,Incorrect
i4056,DERIVED VARIABLE FROM I2559-FRIENDLY MT,-6.0,No questionnaire
i4056,DERIVED VARIABLE FROM I2559-FRIENDLY MT,-4.0,More than 1 answer
i4056,DERIVED VARIABLE FROM I2559-FRIENDLY MT,-3.0,NS/No response
i4056,DERIVED VARIABLE FROM I2559-FRIENDLY MT,1.0,Correct
i4056,DERIVED VARIABLE FROM I2559-FRIENDLY MT,2.0,Incorrect
i4057,DERIVED VARIABLE FROM I2560-FRIENDLY MT,-6.0,No questionnaire
i4057,DERIVED VARIABLE FROM I2560-FRIENDLY MT,-4.0,More than 1 answer
i4057,DERIVED VARIABLE FROM I2560-FRIENDLY MT,-3.0,NS/No response
i4057,DERIVED VARIABLE FROM I2560-FRIENDLY MT,1.0,Correct
i4057,DERIVED VARIABLE FROM I2560-FRIENDLY MT,2.0,Incorrect
i4058,DERIVED VARIABLE FROM I2561-FRIENDLY MT,-6.0,No questionnaire
i4058,DERIVED VARIABLE FROM I2561-FRIENDLY MT,-4.0,More than 1 answer
i4058,DERIVED VARIABLE FROM I2561-FRIENDLY MT,-3.0,NS/No response
i4058,DERIVED VARIABLE FROM I2561-FRIENDLY MT,1.0,Correct
i4058,DERIVED VARIABLE FROM I2561-FRIENDLY MT,2.0,Incorrect
i4059,DERIVED VARIABLE FROM I2562-FRIENDLY MT,-6.0,No questionnaire
i4059,DERIVED VARIABLE FROM I2562-FRIENDLY MT,-4.0,More than 1 answer
i4059,DERIVED VARIABLE FROM I2562-FRIENDLY MT,-3.0,NS/No response
i4059,DERIVED VARIABLE FROM I2562-FRIENDLY MT,1.0,Correct
i4059,DERIVED VARIABLE FROM I2562-FRIENDLY MT,2.0,Incorrect
i4060,DERIVED VARIABLE FROM I2563-FRIENDLY MT,-6.0,No questionnaire
i4060,DERIVED VARIABLE FROM I2563-FRIENDLY MT,-4.0,More than 1 answer
i4060,DERIVED VARIABLE FROM I2563-FRIENDLY MT,-3.0,NS/No response
i4060,DERIVED VARIABLE FROM I2563-FRIENDLY MT,1.0,Correct
i4060,DERIVED VARIABLE FROM I2563-FRIENDLY MT,2.0,Incorrect
i4061,DERIVED VARIABLE FROM I2564-FRIENDLY MT,-6.0,No questionnaire
i4061,DERIVED VARIABLE FROM I2564-FRIENDLY MT,-4.0,More than 1 answer
i4061,DERIVED VARIABLE FROM I2564-FRIENDLY MT,-3.0,NS/No response
i4061,DERIVED VARIABLE FROM I2564-FRIENDLY MT,1.0,Correct
i4061,DERIVED VARIABLE FROM I2564-FRIENDLY MT,2.0,Incorrect
i4062,DERIVED VARIABLE FROM I2565-FRIENDLY MT,-6.0,No questionnaire
i4062,DERIVED VARIABLE FROM I2565-FRIENDLY MT,-4.0,More than 1 answer
i4062,DERIVED VARIABLE FROM I2565-FRIENDLY MT,-3.0,NS/No response
i4062,DERIVED VARIABLE FROM I2565-FRIENDLY MT,1.0,Correct
i4062,DERIVED VARIABLE FROM I2565-FRIENDLY MT,2.0,Incorrect
i4063,DERIVED VARIABLE FROM I2566-FRIENDLY MT,-6.0,No questionnaire
i4063,DERIVED VARIABLE FROM I2566-FRIENDLY MT,-4.0,More than 1 answer
i4063,DERIVED VARIABLE FROM I2566-FRIENDLY MT,-3.0,NS/No response
i4063,DERIVED VARIABLE FROM I2566-FRIENDLY MT,1.0,Correct
i4063,DERIVED VARIABLE FROM I2566-FRIENDLY MT,2.0,Incorrect
i4064,DERIVED VARIABLE FROM I2567-FRIENDLY MT,-6.0,No questionnaire
i4064,DERIVED VARIABLE FROM I2567-FRIENDLY MT,-4.0,More than 1 answer
i4064,DERIVED VARIABLE FROM I2567-FRIENDLY MT,-3.0,NS/No response
i4064,DERIVED VARIABLE FROM I2567-FRIENDLY MT,1.0,Correct
i4064,DERIVED VARIABLE FROM I2567-FRIENDLY MT,2.0,Incorrect
i4065,DERIVED VARIABLE FROM I2568-FRIENDLY MT,-6.0,No questionnaire
i4065,DERIVED VARIABLE FROM I2568-FRIENDLY MT,-4.0,More than 1 answer
i4065,DERIVED VARIABLE FROM I2568-FRIENDLY MT,-3.0,NS/No response
i4065,DERIVED VARIABLE FROM I2568-FRIENDLY MT,1.0,Correct
i4065,DERIVED VARIABLE FROM I2568-FRIENDLY MT,2.0,Incorrect
i4066,DERIVED VARIABLE FROM I2569-FRIENDLY MT,-6.0,No questionnaire
i4066,DERIVED VARIABLE FROM I2569-FRIENDLY MT,-4.0,More than 1 answer
i4066,DERIVED VARIABLE FROM I2569-FRIENDLY MT,-3.0,NS/No response
i4066,DERIVED VARIABLE FROM I2569-FRIENDLY MT,1.0,Correct
i4066,DERIVED VARIABLE FROM I2569-FRIENDLY MT,2.0,Incorrect
i4067,DERIVED VARIABLE FROM I2570-FRIENDLY MT,-6.0,No questionnaire
i4067,DERIVED VARIABLE FROM I2570-FRIENDLY MT,-4.0,More than 1 answer
i4067,DERIVED VARIABLE FROM I2570-FRIENDLY MT,-3.0,NS/No response
i4067,DERIVED VARIABLE FROM I2570-FRIENDLY MT,1.0,Correct
i4067,DERIVED VARIABLE FROM I2570-FRIENDLY MT,2.0,Incorrect
i4068,DERIVED VARIABLE FROM I2571-FRIENDLY MT,-6.0,No questionnaire
i4068,DERIVED VARIABLE FROM I2571-FRIENDLY MT,-4.0,More than 1 answer
i4068,DERIVED VARIABLE FROM I2571-FRIENDLY MT,-3.0,NS/No response
i4068,DERIVED VARIABLE FROM I2571-FRIENDLY MT,1.0,Correct
i4068,DERIVED VARIABLE FROM I2571-FRIENDLY MT,2.0,Incorrect
i4069,DERIVED VARIABLE FROM I2572-FRIENDLY MT,-6.0,No questionnaire
i4069,DERIVED VARIABLE FROM I2572-FRIENDLY MT,-4.0,More than 1 answer
i4069,DERIVED VARIABLE FROM I2572-FRIENDLY MT,-3.0,NS/No response
i4069,DERIVED VARIABLE FROM I2572-FRIENDLY MT,1.0,Correct
i4069,DERIVED VARIABLE FROM I2572-FRIENDLY MT,2.0,Incorrect
i4070,DERIVED VARIABLE FROM I2573-FRIENDLY MT,-6.0,No questionnaire
i4070,DERIVED VARIABLE FROM I2573-FRIENDLY MT,-4.0,More than 1 answer
i4070,DERIVED VARIABLE FROM I2573-FRIENDLY MT,-3.0,NS/No response
i4070,DERIVED VARIABLE FROM I2573-FRIENDLY MT,1.0,Correct
i4070,DERIVED VARIABLE FROM I2573-FRIENDLY MT,2.0,Incorrect
i4071,DERIVED VARIABLE FROM I2574-FRIENDLY MT,-6.0,No questionnaire
i4071,DERIVED VARIABLE FROM I2574-FRIENDLY MT,-4.0,More than 1 answer
i4071,DERIVED VARIABLE FROM I2574-FRIENDLY MT,-3.0,NS/No response
i4071,DERIVED VARIABLE FROM I2574-FRIENDLY MT,1.0,Correct
i4071,DERIVED VARIABLE FROM I2574-FRIENDLY MT,2.0,Incorrect
i4072,DERIVED VARIABLE FROM I2575-FRIENDLY MT,-6.0,No questionnaire
i4072,DERIVED VARIABLE FROM I2575-FRIENDLY MT,-4.0,More than 1 answer
i4072,DERIVED VARIABLE FROM I2575-FRIENDLY MT,-3.0,NS/No response
i4072,DERIVED VARIABLE FROM I2575-FRIENDLY MT,1.0,Correct
i4072,DERIVED VARIABLE FROM I2575-FRIENDLY MT,2.0,Incorrect
i4101,DERIVED VARIABLE FROM I3003-EDINBURGH RT,-6.0,No questionnaire
i4101,DERIVED VARIABLE FROM I3003-EDINBURGH RT,-4.0,More than 1 answer
i4101,DERIVED VARIABLE FROM I3003-EDINBURGH RT,-3.0,NS/No response
i4101,DERIVED VARIABLE FROM I3003-EDINBURGH RT,1.0,Correct
i4101,DERIVED VARIABLE FROM I3003-EDINBURGH RT,2.0,Incorrect
i4102,DERIVED VARIABLE FROM I3004-EDINBURGH RT,-6.0,No questionnaire
i4102,DERIVED VARIABLE FROM I3004-EDINBURGH RT,-4.0,More than 1 answer
i4102,DERIVED VARIABLE FROM I3004-EDINBURGH RT,-3.0,NS/No response
i4102,DERIVED VARIABLE FROM I3004-EDINBURGH RT,1.0,Correct
i4102,DERIVED VARIABLE FROM I3004-EDINBURGH RT,2.0,Incorrect
i4103,DERIVED VARIABLE FROM I3005-EDINBURGH RT,-6.0,No questionnaire
i4103,DERIVED VARIABLE FROM I3005-EDINBURGH RT,-4.0,More than 1 answer
i4103,DERIVED VARIABLE FROM I3005-EDINBURGH RT,-3.0,NS/No response
i4103,DERIVED VARIABLE FROM I3005-EDINBURGH RT,1.0,Correct
i4103,DERIVED VARIABLE FROM I3005-EDINBURGH RT,2.0,Incorrect
i4104,DERIVED VARIABLE FROM I3006-EDINBURGH RT,-6.0,No questionnaire
i4104,DERIVED VARIABLE FROM I3006-EDINBURGH RT,-4.0,More than 1 answer
i4104,DERIVED VARIABLE FROM I3006-EDINBURGH RT,-3.0,NS/No response
i4104,DERIVED VARIABLE FROM I3006-EDINBURGH RT,1.0,Correct
i4104,DERIVED VARIABLE FROM I3006-EDINBURGH RT,2.0,Incorrect
i4105,DERIVED VARIABLE FROM I3007-EDINBURGH RT,-6.0,No questionnaire
i4105,DERIVED VARIABLE FROM I3007-EDINBURGH RT,-4.0,More than 1 answer
i4105,DERIVED VARIABLE FROM I3007-EDINBURGH RT,-3.0,NS/No response
i4105,DERIVED VARIABLE FROM I3007-EDINBURGH RT,1.0,Correct
i4105,DERIVED VARIABLE FROM I3007-EDINBURGH RT,2.0,Incorrect
i4106,DERIVED VARIABLE FROM I3008-EDINBURGH RT,-6.0,No questionnaire
i4106,DERIVED VARIABLE FROM I3008-EDINBURGH RT,-4.0,More than 1 answer
i4106,DERIVED VARIABLE FROM I3008-EDINBURGH RT,-3.0,NS/No response
i4106,DERIVED VARIABLE FROM I3008-EDINBURGH RT,1.0,Correct
i4106,DERIVED VARIABLE FROM I3008-EDINBURGH RT,2.0,Incorrect
i4107,DERIVED VARIABLE FROM I3009-EDINBURGH RT,-6.0,No questionnaire
i4107,DERIVED VARIABLE FROM I3009-EDINBURGH RT,-4.0,More than 1 answer
i4107,DERIVED VARIABLE FROM I3009-EDINBURGH RT,-3.0,NS/No response
i4107,DERIVED VARIABLE FROM I3009-EDINBURGH RT,1.0,Correct
i4107,DERIVED VARIABLE FROM I3009-EDINBURGH RT,2.0,Incorrect
i4108,DERIVED VARIABLE FROM I3010-EDINBURGH RT,-6.0,No questionnaire
i4108,DERIVED VARIABLE FROM I3010-EDINBURGH RT,-4.0,More than 1 answer
i4108,DERIVED VARIABLE FROM I3010-EDINBURGH RT,-3.0,NS/No response
i4108,DERIVED VARIABLE FROM I3010-EDINBURGH RT,1.0,Correct
i4108,DERIVED VARIABLE FROM I3010-EDINBURGH RT,2.0,Incorrect
i4109,DERIVED VARIABLE FROM I3011-EDINBURGH RT,-6.0,No questionnaire
i4109,DERIVED VARIABLE FROM I3011-EDINBURGH RT,-4.0,More than 1 answer
i4109,DERIVED VARIABLE FROM I3011-EDINBURGH RT,-3.0,NS/No response
i4109,DERIVED VARIABLE FROM I3011-EDINBURGH RT,1.0,Correct
i4109,DERIVED VARIABLE FROM I3011-EDINBURGH RT,2.0,Incorrect
i4110,DERIVED VARIABLE FROM I3012-EDINBURGH RT,-6.0,No questionnaire
i4110,DERIVED VARIABLE FROM I3012-EDINBURGH RT,-4.0,More than 1 answer
i4110,DERIVED VARIABLE FROM I3012-EDINBURGH RT,-3.0,NS/No response
i4110,DERIVED VARIABLE FROM I3012-EDINBURGH RT,1.0,Correct
i4110,DERIVED VARIABLE FROM I3012-EDINBURGH RT,2.0,Incorrect
i4111,DERIVED VARIABLE FROM I3013-EDINBURGH RT,-6.0,No questionnaire
i4111,DERIVED VARIABLE FROM I3013-EDINBURGH RT,-4.0,More than 1 answer
i4111,DERIVED VARIABLE FROM I3013-EDINBURGH RT,-3.0,NS/No response
i4111,DERIVED VARIABLE FROM I3013-EDINBURGH RT,1.0,Correct
i4111,DERIVED VARIABLE FROM I3013-EDINBURGH RT,2.0,Incorrect
i4112,DERIVED VARIABLE FROM I3014-EDINBURGH RT,-6.0,No questionnaire
i4112,DERIVED VARIABLE FROM I3014-EDINBURGH RT,-4.0,More than 1 answer
i4112,DERIVED VARIABLE FROM I3014-EDINBURGH RT,-3.0,NS/No response
i4112,DERIVED VARIABLE FROM I3014-EDINBURGH RT,1.0,Correct
i4112,DERIVED VARIABLE FROM I3014-EDINBURGH RT,2.0,Incorrect
i4113,DERIVED VARIABLE FROM I3015-EDINBURGH RT,-6.0,No questionnaire
i4113,DERIVED VARIABLE FROM I3015-EDINBURGH RT,-4.0,More than 1 answer
i4113,DERIVED VARIABLE FROM I3015-EDINBURGH RT,-3.0,NS/No response
i4113,DERIVED VARIABLE FROM I3015-EDINBURGH RT,1.0,Correct
i4113,DERIVED VARIABLE FROM I3015-EDINBURGH RT,2.0,Incorrect
i4114,DERIVED VARIABLE FROM I3016-EDINBURGH RT,-6.0,No questionnaire
i4114,DERIVED VARIABLE FROM I3016-EDINBURGH RT,-4.0,More than 1 answer
i4114,DERIVED VARIABLE FROM I3016-EDINBURGH RT,-3.0,NS/No response
i4114,DERIVED VARIABLE FROM I3016-EDINBURGH RT,1.0,Correct
i4114,DERIVED VARIABLE FROM I3016-EDINBURGH RT,2.0,Incorrect
i4115,DERIVED VARIABLE FROM I3022-EDINBURGH RT,-6.0,No questionnaire
i4115,DERIVED VARIABLE FROM I3022-EDINBURGH RT,-4.0,More than 1 answer
i4115,DERIVED VARIABLE FROM I3022-EDINBURGH RT,-3.0,NS/No response
i4115,DERIVED VARIABLE FROM I3022-EDINBURGH RT,1.0,Correct
i4115,DERIVED VARIABLE FROM I3022-EDINBURGH RT,2.0,Incorrect
i4116,DERIVED VARIABLE FROM I3023-EDINBURGH RT,-6.0,No questionnaire
i4116,DERIVED VARIABLE FROM I3023-EDINBURGH RT,-4.0,More than 1 answer
i4116,DERIVED VARIABLE FROM I3023-EDINBURGH RT,-3.0,NS/No response
i4116,DERIVED VARIABLE FROM I3023-EDINBURGH RT,1.0,Correct
i4116,DERIVED VARIABLE FROM I3023-EDINBURGH RT,2.0,Incorrect
i4117,DERIVED VARIABLE FROM I3024-EDINBURGH RT,-6.0,No questionnaire
i4117,DERIVED VARIABLE FROM I3024-EDINBURGH RT,-4.0,More than 1 answer
i4117,DERIVED VARIABLE FROM I3024-EDINBURGH RT,-3.0,NS/No response
i4117,DERIVED VARIABLE FROM I3024-EDINBURGH RT,1.0,Correct
i4117,DERIVED VARIABLE FROM I3024-EDINBURGH RT,2.0,Incorrect
i4118,DERIVED VARIABLE FROM I3025-EDINBURGH RT,-6.0,No questionnaire
i4118,DERIVED VARIABLE FROM I3025-EDINBURGH RT,-4.0,More than 1 answer
i4118,DERIVED VARIABLE FROM I3025-EDINBURGH RT,-3.0,NS/No response
i4118,DERIVED VARIABLE FROM I3025-EDINBURGH RT,1.0,Correct
i4118,DERIVED VARIABLE FROM I3025-EDINBURGH RT,2.0,Incorrect
i4119,DERIVED VARIABLE FROM I3026-EDINBURGH RT,-3.0,NS/No response
i4119,DERIVED VARIABLE FROM I3026-EDINBURGH RT,1.0,Correct
i4119,DERIVED VARIABLE FROM I3026-EDINBURGH RT,2.0,Incorrect
i4119,DERIVED VARIABLE FROM I3026-EDINBURGH RT,-6.0,No questionnaire
i4119,DERIVED VARIABLE FROM I3026-EDINBURGH RT,-4.0,More than 1 answer
i4120,DERIVED VARIABLE FROM I3027-EDINBURGH RT,-6.0,No questionnaire
i4120,DERIVED VARIABLE FROM I3027-EDINBURGH RT,-4.0,More than 1 answer
i4120,DERIVED VARIABLE FROM I3027-EDINBURGH RT,-3.0,NS/No response
i4120,DERIVED VARIABLE FROM I3027-EDINBURGH RT,1.0,Correct
i4120,DERIVED VARIABLE FROM I3027-EDINBURGH RT,2.0,Incorrect
i4121,DERIVED VARIABLE FROM I3028-EDINBURGH RT,-6.0,No questionnaire
i4121,DERIVED VARIABLE FROM I3028-EDINBURGH RT,-4.0,More than 1 answer
i4121,DERIVED VARIABLE FROM I3028-EDINBURGH RT,-3.0,NS/No response
i4121,DERIVED VARIABLE FROM I3028-EDINBURGH RT,1.0,Correct
i4121,DERIVED VARIABLE FROM I3028-EDINBURGH RT,2.0,Incorrect
i4122,DERIVED VARIABLE FROM I3029-EDINBURGH RT,-6.0,No questionnaire
i4122,DERIVED VARIABLE FROM I3029-EDINBURGH RT,-4.0,More than 1 answer
i4122,DERIVED VARIABLE FROM I3029-EDINBURGH RT,-3.0,NS/No response
i4122,DERIVED VARIABLE FROM I3029-EDINBURGH RT,1.0,Correct
i4122,DERIVED VARIABLE FROM I3029-EDINBURGH RT,2.0,Incorrect
i4123,DERIVED VARIABLE FROM I3030-EDINBURGH RT,-6.0,No questionnaire
i4123,DERIVED VARIABLE FROM I3030-EDINBURGH RT,-4.0,More than 1 answer
i4123,DERIVED VARIABLE FROM I3030-EDINBURGH RT,-3.0,NS/No response
i4123,DERIVED VARIABLE FROM I3030-EDINBURGH RT,1.0,Correct
i4123,DERIVED VARIABLE FROM I3030-EDINBURGH RT,2.0,Incorrect
i4124,DERIVED VARIABLE FROM I3031-EDINBURGH RT,-6.0,No questionnaire
i4124,DERIVED VARIABLE FROM I3031-EDINBURGH RT,-4.0,More than 1 answer
i4124,DERIVED VARIABLE FROM I3031-EDINBURGH RT,-3.0,NS/No response
i4124,DERIVED VARIABLE FROM I3031-EDINBURGH RT,1.0,Correct
i4124,DERIVED VARIABLE FROM I3031-EDINBURGH RT,2.0,Incorrect
i4125,DERIVED VARIABLE FROM I3032-EDINBURGH RT,-6.0,No questionnaire
i4125,DERIVED VARIABLE FROM I3032-EDINBURGH RT,-4.0,More than 1 answer
i4125,DERIVED VARIABLE FROM I3032-EDINBURGH RT,-3.0,NS/No response
i4125,DERIVED VARIABLE FROM I3032-EDINBURGH RT,1.0,Correct
i4125,DERIVED VARIABLE FROM I3032-EDINBURGH RT,2.0,Incorrect
i4126,DERIVED VARIABLE FROM I3033-EDINBURGH RT,-6.0,No questionnaire
i4126,DERIVED VARIABLE FROM I3033-EDINBURGH RT,-4.0,More than 1 answer
i4126,DERIVED VARIABLE FROM I3033-EDINBURGH RT,-3.0,NS/No response
i4126,DERIVED VARIABLE FROM I3033-EDINBURGH RT,1.0,Correct
i4126,DERIVED VARIABLE FROM I3033-EDINBURGH RT,2.0,Incorrect
i4127,DERIVED VARIABLE FROM I3034-EDINBURGH RT,-6.0,No questionnaire
i4127,DERIVED VARIABLE FROM I3034-EDINBURGH RT,-4.0,More than 1 answer
i4127,DERIVED VARIABLE FROM I3034-EDINBURGH RT,-3.0,NS/No response
i4127,DERIVED VARIABLE FROM I3034-EDINBURGH RT,1.0,Correct
i4127,DERIVED VARIABLE FROM I3034-EDINBURGH RT,2.0,Incorrect
i4128,DERIVED VARIABLE FROM I3035-EDINBURGH RT,-6.0,No questionnaire
i4128,DERIVED VARIABLE FROM I3035-EDINBURGH RT,-4.0,More than 1 answer
i4128,DERIVED VARIABLE FROM I3035-EDINBURGH RT,-3.0,NS/No response
i4128,DERIVED VARIABLE FROM I3035-EDINBURGH RT,1.0,Correct
i4128,DERIVED VARIABLE FROM I3035-EDINBURGH RT,2.0,Incorrect
i4129,DERIVED VARIABLE FROM I3044-EDINBURGH RT,-6.0,No questionnaire
i4129,DERIVED VARIABLE FROM I3044-EDINBURGH RT,-4.0,More than 1 answer
i4129,DERIVED VARIABLE FROM I3044-EDINBURGH RT,-3.0,NS/No response
i4129,DERIVED VARIABLE FROM I3044-EDINBURGH RT,1.0,Correct
i4129,DERIVED VARIABLE FROM I3044-EDINBURGH RT,2.0,Incorrect
i4130,DERIVED VARIABLE FROM I3045-EDINBURGH RT,-6.0,No questionnaire
i4130,DERIVED VARIABLE FROM I3045-EDINBURGH RT,-4.0,More than 1 answer
i4130,DERIVED VARIABLE FROM I3045-EDINBURGH RT,-3.0,NS/No response
i4130,DERIVED VARIABLE FROM I3045-EDINBURGH RT,1.0,Correct
i4130,DERIVED VARIABLE FROM I3045-EDINBURGH RT,2.0,Incorrect
i4131,DERIVED VARIABLE FROM I3046-EDINBURGH RT,-6.0,No questionnaire
i4131,DERIVED VARIABLE FROM I3046-EDINBURGH RT,-4.0,More than 1 answer
i4131,DERIVED VARIABLE FROM I3046-EDINBURGH RT,-3.0,NS/No response
i4131,DERIVED VARIABLE FROM I3046-EDINBURGH RT,1.0,Correct
i4131,DERIVED VARIABLE FROM I3046-EDINBURGH RT,2.0,Incorrect
i4132,DERIVED VARIABLE FROM I3047-EDINBURGH RT,-6.0,No questionnaire
i4132,DERIVED VARIABLE FROM I3047-EDINBURGH RT,-4.0,More than 1 answer
i4132,DERIVED VARIABLE FROM I3047-EDINBURGH RT,-3.0,NS/No response
i4132,DERIVED VARIABLE FROM I3047-EDINBURGH RT,1.0,Correct
i4132,DERIVED VARIABLE FROM I3047-EDINBURGH RT,2.0,Incorrect
i4133,DERIVED VARIABLE FROM I3048-EDINBURGH RT,-6.0,No questionnaire
i4133,DERIVED VARIABLE FROM I3048-EDINBURGH RT,-4.0,More than 1 answer
i4133,DERIVED VARIABLE FROM I3048-EDINBURGH RT,-3.0,NS/No response
i4133,DERIVED VARIABLE FROM I3048-EDINBURGH RT,1.0,Correct
i4133,DERIVED VARIABLE FROM I3048-EDINBURGH RT,2.0,Incorrect
i4134,DERIVED VARIABLE FROM I3049-EDINBURGH RT,-6.0,No questionnaire
i4134,DERIVED VARIABLE FROM I3049-EDINBURGH RT,-4.0,More than 1 answer
i4134,DERIVED VARIABLE FROM I3049-EDINBURGH RT,-3.0,NS/No response
i4134,DERIVED VARIABLE FROM I3049-EDINBURGH RT,1.0,Correct
i4134,DERIVED VARIABLE FROM I3049-EDINBURGH RT,2.0,Incorrect
i4135,DERIVED VARIABLE FROM I3050-EDINBURGH RT,-6.0,No questionnaire
i4135,DERIVED VARIABLE FROM I3050-EDINBURGH RT,-4.0,More than 1 answer
i4135,DERIVED VARIABLE FROM I3050-EDINBURGH RT,-3.0,NS/No response
i4135,DERIVED VARIABLE FROM I3050-EDINBURGH RT,1.0,Correct
i4135,DERIVED VARIABLE FROM I3050-EDINBURGH RT,2.0,Incorrect
i4136,DERIVED VARIABLE FROM I3051-EDINBURGH RT,-6.0,No questionnaire
i4136,DERIVED VARIABLE FROM I3051-EDINBURGH RT,-4.0,More than 1 answer
i4136,DERIVED VARIABLE FROM I3051-EDINBURGH RT,-3.0,NS/No response
i4136,DERIVED VARIABLE FROM I3051-EDINBURGH RT,1.0,Correct
i4136,DERIVED VARIABLE FROM I3051-EDINBURGH RT,2.0,Incorrect
i4137,DERIVED VARIABLE FROM I3052-EDINBURGH RT,-6.0,No questionnaire
i4137,DERIVED VARIABLE FROM I3052-EDINBURGH RT,-4.0,More than 1 answer
i4137,DERIVED VARIABLE FROM I3052-EDINBURGH RT,-3.0,NS/No response
i4137,DERIVED VARIABLE FROM I3052-EDINBURGH RT,1.0,Correct
i4137,DERIVED VARIABLE FROM I3052-EDINBURGH RT,2.0,Incorrect
i4138,DERIVED VARIABLE FROM I3053-EDINBURGH RT,-6.0,No questionnaire
i4138,DERIVED VARIABLE FROM I3053-EDINBURGH RT,-4.0,More than 1 answer
i4138,DERIVED VARIABLE FROM I3053-EDINBURGH RT,-3.0,NS/No response
i4138,DERIVED VARIABLE FROM I3053-EDINBURGH RT,1.0,Correct
i4138,DERIVED VARIABLE FROM I3053-EDINBURGH RT,2.0,Incorrect
i4139,DERIVED VARIABLE FROM I3054-EDINBURGH RT,-6.0,No questionnaire
i4139,DERIVED VARIABLE FROM I3054-EDINBURGH RT,-4.0,More than 1 answer
i4139,DERIVED VARIABLE FROM I3054-EDINBURGH RT,-3.0,NS/No response
i4139,DERIVED VARIABLE FROM I3054-EDINBURGH RT,1.0,Correct
i4139,DERIVED VARIABLE FROM I3054-EDINBURGH RT,2.0,Incorrect
i4140,DERIVED VARIABLE FROM I3055-EDINBURGH RT,-6.0,No questionnaire
i4140,DERIVED VARIABLE FROM I3055-EDINBURGH RT,-4.0,More than 1 answer
i4140,DERIVED VARIABLE FROM I3055-EDINBURGH RT,-3.0,NS/No response
i4140,DERIVED VARIABLE FROM I3055-EDINBURGH RT,1.0,Correct
i4140,DERIVED VARIABLE FROM I3055-EDINBURGH RT,2.0,Incorrect
i4141,DERIVED VARIABLE FROM I3056-EDINBURGH RT,-6.0,No questionnaire
i4141,DERIVED VARIABLE FROM I3056-EDINBURGH RT,-4.0,More than 1 answer
i4141,DERIVED VARIABLE FROM I3056-EDINBURGH RT,-3.0,NS/No response
i4141,DERIVED VARIABLE FROM I3056-EDINBURGH RT,1.0,Correct
i4141,DERIVED VARIABLE FROM I3056-EDINBURGH RT,2.0,Incorrect
i4142,DERIVED VARIABLE FROM I3057-EDINBURGH RT,-6.0,No questionnaire
i4142,DERIVED VARIABLE FROM I3057-EDINBURGH RT,-4.0,More than 1 answer
i4142,DERIVED VARIABLE FROM I3057-EDINBURGH RT,-3.0,NS/No response
i4142,DERIVED VARIABLE FROM I3057-EDINBURGH RT,1.0,Correct
i4142,DERIVED VARIABLE FROM I3057-EDINBURGH RT,2.0,Incorrect
i4143,DERIVED VARIABLE FROM I3058-EDINBURGH RT,-6.0,No questionnaire
i4143,DERIVED VARIABLE FROM I3058-EDINBURGH RT,-4.0,More than 1 answer
i4143,DERIVED VARIABLE FROM I3058-EDINBURGH RT,-3.0,NS/No response
i4143,DERIVED VARIABLE FROM I3058-EDINBURGH RT,1.0,Correct
i4143,DERIVED VARIABLE FROM I3058-EDINBURGH RT,2.0,Incorrect
i4144,DERIVED VARIABLE FROM I3059-EDINBURGH RT,-6.0,No questionnaire
i4144,DERIVED VARIABLE FROM I3059-EDINBURGH RT,-4.0,More than 1 answer
i4144,DERIVED VARIABLE FROM I3059-EDINBURGH RT,-3.0,NS/No response
i4144,DERIVED VARIABLE FROM I3059-EDINBURGH RT,1.0,Correct
i4144,DERIVED VARIABLE FROM I3059-EDINBURGH RT,2.0,Incorrect
i4145,DERIVED VARIABLE FROM I3060-EDINBURGH RT,-6.0,No questionnaire
i4145,DERIVED VARIABLE FROM I3060-EDINBURGH RT,-4.0,More than 1 answer
i4145,DERIVED VARIABLE FROM I3060-EDINBURGH RT,-3.0,NS/No response
i4145,DERIVED VARIABLE FROM I3060-EDINBURGH RT,1.0,Correct
i4145,DERIVED VARIABLE FROM I3060-EDINBURGH RT,2.0,Incorrect
i4146,DERIVED VARIABLE FROM I3061-EDINBURGH RT,-6.0,No questionnaire
i4146,DERIVED VARIABLE FROM I3061-EDINBURGH RT,-4.0,More than 1 answer
i4146,DERIVED VARIABLE FROM I3061-EDINBURGH RT,-3.0,NS/No response
i4146,DERIVED VARIABLE FROM I3061-EDINBURGH RT,1.0,Correct
i4146,DERIVED VARIABLE FROM I3061-EDINBURGH RT,2.0,Incorrect
i4147,DERIVED VARIABLE FROM I3062-EDINBURGH RT,-6.0,No questionnaire
i4147,DERIVED VARIABLE FROM I3062-EDINBURGH RT,-4.0,More than 1 answer
i4147,DERIVED VARIABLE FROM I3062-EDINBURGH RT,-3.0,NS/No response
i4147,DERIVED VARIABLE FROM I3062-EDINBURGH RT,1.0,Correct
i4147,DERIVED VARIABLE FROM I3062-EDINBURGH RT,2.0,Incorrect
i4148,DERIVED VARIABLE FROM I3063-EDINBURGH RT,-6.0,No questionnaire
i4148,DERIVED VARIABLE FROM I3063-EDINBURGH RT,-4.0,More than 1 answer
i4148,DERIVED VARIABLE FROM I3063-EDINBURGH RT,-3.0,NS/No response
i4148,DERIVED VARIABLE FROM I3063-EDINBURGH RT,1.0,Correct
i4148,DERIVED VARIABLE FROM I3063-EDINBURGH RT,2.0,Incorrect
i4149,DERIVED VARIABLE FROM I3064-EDINBURGH RT,-6.0,No questionnaire
i4149,DERIVED VARIABLE FROM I3064-EDINBURGH RT,-4.0,More than 1 answer
i4149,DERIVED VARIABLE FROM I3064-EDINBURGH RT,-3.0,NS/No response
i4149,DERIVED VARIABLE FROM I3064-EDINBURGH RT,1.0,Correct
i4149,DERIVED VARIABLE FROM I3064-EDINBURGH RT,2.0,Incorrect
i4150,DERIVED VARIABLE FROM I3065-EDINBURGH RT,-6.0,No questionnaire
i4150,DERIVED VARIABLE FROM I3065-EDINBURGH RT,-4.0,More than 1 answer
i4150,DERIVED VARIABLE FROM I3065-EDINBURGH RT,-3.0,NS/No response
i4150,DERIVED VARIABLE FROM I3065-EDINBURGH RT,1.0,Correct
i4150,DERIVED VARIABLE FROM I3065-EDINBURGH RT,2.0,Incorrect
i4151,DERIVED VARIABLE FROM I3066-EDINBURGH RT,-6.0,No questionnaire
i4151,DERIVED VARIABLE FROM I3066-EDINBURGH RT,-4.0,More than 1 answer
i4151,DERIVED VARIABLE FROM I3066-EDINBURGH RT,-3.0,NS/No response
i4151,DERIVED VARIABLE FROM I3066-EDINBURGH RT,1.0,Correct
i4151,DERIVED VARIABLE FROM I3066-EDINBURGH RT,2.0,Incorrect
i4152,DERIVED VARIABLE FROM I3067-EDINBURGH RT,-3.0,NS/No response
i4152,DERIVED VARIABLE FROM I3067-EDINBURGH RT,1.0,Correct
i4152,DERIVED VARIABLE FROM I3067-EDINBURGH RT,2.0,Incorrect
i4152,DERIVED VARIABLE FROM I3067-EDINBURGH RT,-6.0,No questionnaire
i4152,DERIVED VARIABLE FROM I3067-EDINBURGH RT,-4.0,More than 1 answer
i4153,DERIVED VARIABLE FROM I3068-EDINBURGH RT,-6.0,No questionnaire
i4153,DERIVED VARIABLE FROM I3068-EDINBURGH RT,-4.0,More than 1 answer
i4153,DERIVED VARIABLE FROM I3068-EDINBURGH RT,-3.0,NS/No response
i4153,DERIVED VARIABLE FROM I3068-EDINBURGH RT,1.0,Correct
i4153,DERIVED VARIABLE FROM I3068-EDINBURGH RT,2.0,Incorrect
i4154,DERIVED VARIABLE FROM I3069-EDINBURGH RT,-6.0,No questionnaire
i4154,DERIVED VARIABLE FROM I3069-EDINBURGH RT,-4.0,More than 1 answer
i4154,DERIVED VARIABLE FROM I3069-EDINBURGH RT,-3.0,NS/No response
i4154,DERIVED VARIABLE FROM I3069-EDINBURGH RT,1.0,Correct
i4154,DERIVED VARIABLE FROM I3069-EDINBURGH RT,2.0,Incorrect
i4155,DERIVED VARIABLE FROM ERT-PAGE 9,-6.0,No questionnaire
i4155,DERIVED VARIABLE FROM ERT-PAGE 9,-4.0,More than 1 answer
i4155,DERIVED VARIABLE FROM ERT-PAGE 9,-3.0,NS/No response
i4155,DERIVED VARIABLE FROM ERT-PAGE 9,1.0,Correct
i4155,DERIVED VARIABLE FROM ERT-PAGE 9,2.0,Incorrect
i4156,DERIVED VARIABLE FROM ERT-PAGE 9,-6.0,No questionnaire
i4156,DERIVED VARIABLE FROM ERT-PAGE 9,-4.0,More than 1 answer
i4156,DERIVED VARIABLE FROM ERT-PAGE 9,-3.0,NS/No response
i4156,DERIVED VARIABLE FROM ERT-PAGE 9,1.0,Correct
i4156,DERIVED VARIABLE FROM ERT-PAGE 9,2.0,Incorrect
i4157,DERIVED VARIABLE FROM ERT-PAGE 9,-6.0,No questionnaire
i4157,DERIVED VARIABLE FROM ERT-PAGE 9,-4.0,More than 1 answer
i4157,DERIVED VARIABLE FROM ERT-PAGE 9,-3.0,NS/No response
i4157,DERIVED VARIABLE FROM ERT-PAGE 9,1.0,Correct
i4157,DERIVED VARIABLE FROM ERT-PAGE 9,2.0,Incorrect
i4158,DERIVED VARIABLE FROM ERT-PAGE 9,-6.0,No questionnaire
i4158,DERIVED VARIABLE FROM ERT-PAGE 9,-4.0,More than 1 answer
i4158,DERIVED VARIABLE FROM ERT-PAGE 9,-3.0,NS/No response
i4158,DERIVED VARIABLE FROM ERT-PAGE 9,1.0,Correct
i4158,DERIVED VARIABLE FROM ERT-PAGE 9,2.0,Incorrect
i4159,DERIVED VARIABLE FROM ERT-PAGE 9,-6.0,No questionnaire
i4159,DERIVED VARIABLE FROM ERT-PAGE 9,-4.0,More than 1 answer
i4159,DERIVED VARIABLE FROM ERT-PAGE 9,-3.0,NS/No response
i4159,DERIVED VARIABLE FROM ERT-PAGE 9,1.0,Correct
i4159,DERIVED VARIABLE FROM ERT-PAGE 9,2.0,Incorrect
i4160,DERIVED VARIABLE FROM ERT-PAGE 9,-6.0,No questionnaire
i4160,DERIVED VARIABLE FROM ERT-PAGE 9,-4.0,More than 1 answer
i4160,DERIVED VARIABLE FROM ERT-PAGE 9,-3.0,NS/No response
i4160,DERIVED VARIABLE FROM ERT-PAGE 9,1.0,Correct
i4160,DERIVED VARIABLE FROM ERT-PAGE 9,2.0,Incorrect
i4161,DERIVED VARIABLE FROM ERT-PAGE 9,-6.0,No questionnaire
i4161,DERIVED VARIABLE FROM ERT-PAGE 9,-4.0,More than 1 answer
i4161,DERIVED VARIABLE FROM ERT-PAGE 9,-3.0,NS/No response
i4161,DERIVED VARIABLE FROM ERT-PAGE 9,1.0,Correct
i4161,DERIVED VARIABLE FROM ERT-PAGE 9,2.0,Incorrect
i4162,DERIVED VARIABLE FROM ERT-PAGE 9,-6.0,No questionnaire
i4162,DERIVED VARIABLE FROM ERT-PAGE 9,-4.0,More than 1 answer
i4162,DERIVED VARIABLE FROM ERT-PAGE 9,-3.0,NS/No response
i4162,DERIVED VARIABLE FROM ERT-PAGE 9,1.0,Correct
i4162,DERIVED VARIABLE FROM ERT-PAGE 9,2.0,Incorrect
i4163,DERIVED VARIABLE FROM ERT-PAGE 9,-6.0,No questionnaire
i4163,DERIVED VARIABLE FROM ERT-PAGE 9,-4.0,More than 1 answer
i4163,DERIVED VARIABLE FROM ERT-PAGE 9,-3.0,NS/No response
i4163,DERIVED VARIABLE FROM ERT-PAGE 9,1.0,Correct
i4163,DERIVED VARIABLE FROM ERT-PAGE 9,2.0,Incorrect
i4164,DERIVED VARIABLE FROM ERT-PAGE 9,-6.0,No questionnaire
i4164,DERIVED VARIABLE FROM ERT-PAGE 9,-4.0,More than 1 answer
i4164,DERIVED VARIABLE FROM ERT-PAGE 9,-3.0,NS/No response
i4164,DERIVED VARIABLE FROM ERT-PAGE 9,1.0,Correct
i4164,DERIVED VARIABLE FROM ERT-PAGE 9,2.0,Incorrect
i4201,DERIVED VAR BAS WORD SIMILARITIES ITEM 1,-6.0,No questionnaire
i4201,DERIVED VAR BAS WORD SIMILARITIES ITEM 1,-3.0,NS/No response
i4201,DERIVED VAR BAS WORD SIMILARITIES ITEM 1,1.0,Correct
i4201,DERIVED VAR BAS WORD SIMILARITIES ITEM 1,2.0,Incorrect
i4202,DERIVED VAR BAS WORD SIMILARITIES ITEM 2,-6.0,No questionnaire
i4202,DERIVED VAR BAS WORD SIMILARITIES ITEM 2,-3.0,NS/No response
i4202,DERIVED VAR BAS WORD SIMILARITIES ITEM 2,1.0,Correct
i4202,DERIVED VAR BAS WORD SIMILARITIES ITEM 2,2.0,Incorrect
i4203,DERIVED VAR BAS WORD SIMILARITIES ITEM 3,-6.0,No questionnaire
i4203,DERIVED VAR BAS WORD SIMILARITIES ITEM 3,-3.0,NS/No response
i4203,DERIVED VAR BAS WORD SIMILARITIES ITEM 3,1.0,Correct
i4203,DERIVED VAR BAS WORD SIMILARITIES ITEM 3,2.0,Incorrect
i4204,DERIVED VAR BAS WORD SIMILARITIES ITEM 4,-6.0,No questionnaire
i4204,DERIVED VAR BAS WORD SIMILARITIES ITEM 4,-3.0,NS/No response
i4204,DERIVED VAR BAS WORD SIMILARITIES ITEM 4,1.0,Correct
i4204,DERIVED VAR BAS WORD SIMILARITIES ITEM 4,2.0,Incorrect
i4205,DERIVED VAR BAS WORD SIMILARITIES ITEM 5,-6.0,No questionnaire
i4205,DERIVED VAR BAS WORD SIMILARITIES ITEM 5,-3.0,NS/No response
i4205,DERIVED VAR BAS WORD SIMILARITIES ITEM 5,1.0,Correct
i4205,DERIVED VAR BAS WORD SIMILARITIES ITEM 5,2.0,Incorrect
i4206,DERIVED VAR BAS WORD SIMILARITIES ITEM 6,-6.0,No questionnaire
i4206,DERIVED VAR BAS WORD SIMILARITIES ITEM 6,-3.0,NS/No response
i4206,DERIVED VAR BAS WORD SIMILARITIES ITEM 6,1.0,Correct
i4206,DERIVED VAR BAS WORD SIMILARITIES ITEM 6,2.0,Incorrect
i4207,DERIVED VAR BAS WORD SIMILARITIES ITEM 7,-6.0,No questionnaire
i4207,DERIVED VAR BAS WORD SIMILARITIES ITEM 7,-3.0,NS/No response
i4207,DERIVED VAR BAS WORD SIMILARITIES ITEM 7,1.0,Correct
i4207,DERIVED VAR BAS WORD SIMILARITIES ITEM 7,2.0,Incorrect
i4208,DERIVED VAR BAS WORD SIMILARITIES ITEM 8,-6.0,No questionnaire
i4208,DERIVED VAR BAS WORD SIMILARITIES ITEM 8,-3.0,NS/No response
i4208,DERIVED VAR BAS WORD SIMILARITIES ITEM 8,1.0,Correct
i4208,DERIVED VAR BAS WORD SIMILARITIES ITEM 8,2.0,Incorrect
i4209,DERIVED VAR BAS WORD SIMILARITIES ITEM 9,-6.0,No questionnaire
i4209,DERIVED VAR BAS WORD SIMILARITIES ITEM 9,-3.0,NS/No response
i4209,DERIVED VAR BAS WORD SIMILARITIES ITEM 9,1.0,Correct
i4209,DERIVED VAR BAS WORD SIMILARITIES ITEM 9,2.0,Incorrect
i4210,DERIVED VAR BAS WORD SIMILARITIES ITEM 10,-6.0,No questionnaire
i4210,DERIVED VAR BAS WORD SIMILARITIES ITEM 10,-3.0,NS/No response
i4210,DERIVED VAR BAS WORD SIMILARITIES ITEM 10,1.0,Correct
i4210,DERIVED VAR BAS WORD SIMILARITIES ITEM 10,2.0,Incorrect
i4211,DERIVED VAR BAS WORD SIMILARITIES ITEM 11,-6.0,No questionnaire
i4211,DERIVED VAR BAS WORD SIMILARITIES ITEM 11,-3.0,NS/No response
i4211,DERIVED VAR BAS WORD SIMILARITIES ITEM 11,1.0,Correct
i4211,DERIVED VAR BAS WORD SIMILARITIES ITEM 11,2.0,Incorrect
i4212,DERIVED VAR BAS WORD SIMILARITIES ITEM 12,-6.0,No questionnaire
i4212,DERIVED VAR BAS WORD SIMILARITIES ITEM 12,-3.0,NS/No response
i4212,DERIVED VAR BAS WORD SIMILARITIES ITEM 12,1.0,Correct
i4212,DERIVED VAR BAS WORD SIMILARITIES ITEM 12,2.0,Incorrect
i4213,DERIVED VAR BAS WORD SIMILARITIES ITEM 13,-6.0,No questionnaire
i4213,DERIVED VAR BAS WORD SIMILARITIES ITEM 13,-3.0,NS/No response
i4213,DERIVED VAR BAS WORD SIMILARITIES ITEM 13,1.0,Correct
i4213,DERIVED VAR BAS WORD SIMILARITIES ITEM 13,2.0,Incorrect
i4214,DERIVED VAR BAS WORD SIMILARITIES ITEM 14,-6.0,No questionnaire
i4214,DERIVED VAR BAS WORD SIMILARITIES ITEM 14,-3.0,NS/No response
i4214,DERIVED VAR BAS WORD SIMILARITIES ITEM 14,1.0,Correct
i4214,DERIVED VAR BAS WORD SIMILARITIES ITEM 14,2.0,Incorrect
i4215,DERIVED VAR BAS WORD SIMILARITIES ITEM 15,-6.0,No questionnaire
i4215,DERIVED VAR BAS WORD SIMILARITIES ITEM 15,-3.0,NS/No response
i4215,DERIVED VAR BAS WORD SIMILARITIES ITEM 15,1.0,Correct
i4215,DERIVED VAR BAS WORD SIMILARITIES ITEM 15,2.0,Incorrect
i4216,DERIVED VAR BAS WORD SIMILARITIES ITEM 16,-6.0,No questionnaire
i4216,DERIVED VAR BAS WORD SIMILARITIES ITEM 16,-3.0,NS/No response
i4216,DERIVED VAR BAS WORD SIMILARITIES ITEM 16,1.0,Correct
i4216,DERIVED VAR BAS WORD SIMILARITIES ITEM 16,2.0,Incorrect
i4217,DERIVED VAR BAS WORD SIMILARITIES ITEM 17,-6.0,No questionnaire
i4217,DERIVED VAR BAS WORD SIMILARITIES ITEM 17,-3.0,NS/No response
i4217,DERIVED VAR BAS WORD SIMILARITIES ITEM 17,1.0,Correct
i4217,DERIVED VAR BAS WORD SIMILARITIES ITEM 17,2.0,Incorrect
i4218,DERIVED VAR BAS WORD SIMILARITIES ITEM 18,-6.0,No questionnaire
i4218,DERIVED VAR BAS WORD SIMILARITIES ITEM 18,-3.0,NS/No response
i4218,DERIVED VAR BAS WORD SIMILARITIES ITEM 18,1.0,Correct
i4218,DERIVED VAR BAS WORD SIMILARITIES ITEM 18,2.0,Incorrect
i4219,DERIVED VAR BAS WORD SIMILARITIES ITEM 19,-6.0,No questionnaire
i4219,DERIVED VAR BAS WORD SIMILARITIES ITEM 19,-3.0,NS/No response
i4219,DERIVED VAR BAS WORD SIMILARITIES ITEM 19,1.0,Correct
i4219,DERIVED VAR BAS WORD SIMILARITIES ITEM 19,2.0,Incorrect
i4220,DERIVED VAR BAS WORD SIMILARITIES ITEM 20,-6.0,No questionnaire
i4220,DERIVED VAR BAS WORD SIMILARITIES ITEM 20,-3.0,NS/No response
i4220,DERIVED VAR BAS WORD SIMILARITIES ITEM 20,1.0,Correct
i4220,DERIVED VAR BAS WORD SIMILARITIES ITEM 20,2.0,Incorrect
i4221,DERIVED VAR BAS WORD SIMILARITIES ITEM 21,-6.0,No questionnaire
i4221,DERIVED VAR BAS WORD SIMILARITIES ITEM 21,-3.0,NS/No response
i4221,DERIVED VAR BAS WORD SIMILARITIES ITEM 21,1.0,Correct
i4221,DERIVED VAR BAS WORD SIMILARITIES ITEM 21,2.0,Incorrect
parental,PARENTAL QUESTIONNAIRE COMPLETED,0.0,No
parental,PARENTAL QUESTIONNAIRE COMPLETED,1.0,Yes
medical,MEDICAL QUESTIONNAIRE COMPLETED,0.0,No
medical,MEDICAL QUESTIONNAIRE COMPLETED,1.0,Yes
maternal,MATERNAL QUESTIONNAIRE COMPLETED,0.0,No
maternal,MATERNAL QUESTIONNAIRE COMPLETED,1.0,Yes
educatio,EDUCATIONAL QUESTIONNAIRE COMPLETED,0.0,No
educatio,EDUCATIONAL QUESTIONNAIRE COMPLETED,1.0,Yes
edscore,EDUCATIONAL SCORE FORM COMPLETED,0.0,No
edscore,EDUCATIONAL SCORE FORM COMPLETED,1.0,Yes
pupil,PUPIL QUESTIONNAIRE COMPLETED,0.0,No
pupil,PUPIL QUESTIONNAIRE COMPLETED,1.0,Yes
tests10,MATHS TEST,0.0,No
tests10,MATHS TEST,1.0,Yes
v3,None,,
avail_from_dt,,,
