variable_name,variable_label,value_value,value_label
study_id_e,,,
oa710_5a,,,
oa710_5b,,,
oa711_1,,,
oa711_4,,,
oa711_5a,,,
oa711_5b,,,
oa712_1,,,
oa712_4,,,
oa712_5a,,,
oa712_5b,,,
oa7a1_1,,,
oa7a1_4,,,
oa7a1_5a,,,
oa7a1_5b,,,
oa7a2_1,,,
oa7a2_4,,,
oa7a2_5a,,,
oa7a2_5b,,,
oa7a3_1,,,
oa7a3_4,,,
oa7a3_5a,,,
oa7a3_5b,,,
oa7a4_1,,,
oa7a4_4,,,
oa7a4_5a,,,
oa7a4_5b,,,
oa7a5_1,,,
oa7a5_4,,,
oa7a5_5a,,,
oa7a5_5b,,,
oa7a6_1,,,
oa7a6_4,,,
oa7a6_5a,,,
oa7a6_5b,,,
oa8a_1,,,
oa8a_2,,,
oa8a_3,,,
oa8a_4,,,
oa8b_1,,,
oa8b_2,,,
oa8b_3,,,
oa8b_4,,,
oa9_1,,,
oa9_3,,,
oa9_4,,,
oa9_5,,,
oa10_1,,,
oa10_3,,,
oa10_4,,,
oa10_5,,,
oa11_1,,,
oa11_2,,,
oa11_3,,,
oa11_4,,,
oa11_5,,,
oa11_6,,,
oa11_7,,,
oa11_8,,,
oa11_10,,,
oa11_11,,,
oa11_12,,,
oa11_15,,,
oa11_16,,,
oa11_17,,,
oa11_18,,,
oa11_19,,,
oa11_20,,,
oa11_21,,,
oa11_22,,,
oa11_23,,,
oa12_1,,,
oa12_2,,,
oa12_3,,,
oa12_4,,,
oa12_5,,,
oa12_6,,,
oa12_8,,,
oa13_1,,,
oa13_2,,,
oa13_3,,,
oa13_4,,,
oa13_5,,,
oa13_7,,,
oa13_8,,,
ob1_1,,,
ob1_2,,,
ob1_3,,,
ob1_4,,,
ob1_5,,,
ob1_7,,,
ob2_1,,,
ob2_2,,,
ob2_3,,,
ob2_4,,,
ob2_5,,,
ob2_6,,,
ob2_7,,,
ob2a_1,,,
ob2a_2,,,
ob2a_3,,,
ob2a_4,,,
ob2a_5,,,
ob3_1,,,
ob3_2,,,
ob3_3,,,
ob3_4,,,
ob4_1,,,
ob4_2,,,
ob4_3,,,
ob4_4,,,
ob4_5,,,
ob5_1,,,
ob5_2,,,
ob5_3,,,
ob5_4,,,
ob5_5,,,
ob5_6,,,
ob5_7,,,
ob5_8,,,
ob5_9,,,
ob5_10,,,
ob6_1,,,
ob7_1,,,
ob7_2,,,
ob7_3,,,
ob7_4,,,
ob7_5,,,
ob7_6,,,
ob7_8a,,,
ob7_8b,,,
ob7_11a,,,
ob7_11b,,,
ob7_14a,,,
ob7_14b,,,
ob7_17a,,,
ob7_17b,,,
ob8_1,,,
ob8_3,,,
ob8_4,,,
ob9_1,,,
ob9_2,,,
ob9_3,,,
ob9_4,,,
ob9_5,,,
ob9_6,,,
ob9_7,,,
ob9_8,,,
ob9_9,,,
ob9_10,,,
ob9_12,,,
ob9_13,,,
ob9_14,,,
ob9_15,,,
ob9_16,,,
ob9_17,,,
ob9_18,,,
ob9_19,,,
ob10,Has teen had bronchitis since 10 years,-4.0,Not asked
ob10,Has teen had bronchitis since 10 years,-2.0,Not stated
ob10,Has teen had bronchitis since 10 years,-1.0,No questionnaire
ob10,Has teen had bronchitis since 10 years,1.0,Yes
ob10,Has teen had bronchitis since 10 years,2.0,No
ob10,Has teen had bronchitis since 10 years,3.0,Don't know
ob11_1,,,
ob11_2,,,
ob11_3,,,
ob11_4,,,
ob11_5,,,
ob11_6,,,
ob11_7,,,
ob11_8,,,
ob12_1,,,
ob12_2,,,
ob12_3,,,
ob12_4,,,
ob12_5,,,
ob12_6,,,
ob12_7,,,
ob12_8,,,
ob12_9,,,
ob12_10,,,
ob12_12,,,
ob12_13,,,
ob12_16,,,
ob12_17,,,
ob12_19,,,
ob12_20,,,
ob12_22,,,
ob12_23,,,
ob12_24,,,
ob13_1,,,
ob13_2,,,
ob13_3,,,
ob13_4,,,
ob13_8,,,
ob13_9,,,
ob13_13,,,
ob13_14,,,
ob13_18,,,
ob13_19,,,
ob13_23,,,
ob13_24,,,
ob13_25,,,
ob13_26,,,
ob13_27,,,
ob13_28,,,
ob13_29,,,
ob13_30,,,
ob13_31,,,
ob13_32,,,
ob13_33,,,
ob13_34,,,
ob13_35,,,
ob13_36,,,
ob13_37,,,
ob13_38,,,
ob13_39,,,
ob13_41,,,
ob13_43,,,
ob14_1,,,
ob14_2,,,
ob14_3,,,
ob14_4,,,
ob14_5,,,
ob14_6,,,
ob14_7,,,
ob14_10,,,
ob14_11,,,
ob14_14,,,
ob14_15,,,
ob14_18,,,
ob14_19,,,
ob15_1,,,
ob15_2,,,
ob15_3,,,
ob15_9,,,
ob15_15,,,
ob15_21,,,
oc1_1,,,
oc1_3,,,
oc1_4,,,
oc1_5,,,
oc1_6,,,
oc1_7,,,
oc1_9,,,
oc1_10,,,
oc1_11,,,
oc1_12,,,
oc1_14,,,
oc1_16,,,
oc1_17,,,
od1_1,,,
od1_2,,,
od1_4,,,
od1_6,,,
od1_7,,,
od1_9,,,
od1_10,,,
od1_11,,,
od2_2,,,
od2_3,,,
od2_4,,,
od2_5,,,
od2_8,,,
od2_9,,,
od2_10,,,
od2_11,,,
od2_14,,,
od2_15,,,
od2_16,,,
od2_17,,,
od2_20,,,
od2_21,,,
od2_22,,,
od2_23,,,
od2_26,,,
od2_27,,,
od2_28,,,
od2_29,,,
od2_31,,,
od2_32,,,
od2_33,,,
od2_34,,,
od3_1,,,
od3_2,,,
od3_3,,,
od3_4,,,
od4_1,,,
od4_2,,,
od4_3,,,
od4_4,,,
od4_6,,,
od4_7,,,
od5_1,,,
od7_1,,,
od7_2,,,
od7_3,,,
od7_4,,,
od7_5,,,
oe1_1,,,
oe1_2,,,
oe1_3,,,
oe1_4,,,
oe1_5,,,
oe1_6,,,
oe1_7,,,
oe1_8,,,
oe1_9,,,
oe1_10,,,
oe1_11,,,
oe1_12,,,
oe1_13,,,
oe1_14,,,
oe1_15,,,
oe1_16,,,
oe1_17,,,
oe1_18,,,
oe1_19,,,
oe2,Combined income of parents per wk/mth,-4.0,Not asked
oe2,Combined income of parents per wk/mth,-2.0,Not stated
oe2,Combined income of parents per wk/mth,-1.0,No questionnaire
oe2,Combined income of parents per wk/mth,1.0,<50    pw/Under 2600 pa
oe2,Combined income of parents per wk/mth,2.0,50-99  pw/2600-5199  pa
oe2,Combined income of parents per wk/mth,3.0,100-149pw/5200-7799  pa
oe2,Combined income of parents per wk/mth,4.0,150-199pw/7800-10399 pa
oe2,Combined income of parents per wk/mth,5.0,200-249pw/10400-12999pa
oe2,Combined income of parents per wk/mth,6.0,250-299pw/13000-15599pa
oe2,Combined income of parents per wk/mth,7.0,300-349pw/15600-18199pa
oe2,Combined income of parents per wk/mth,8.0,350-399pw/18200-20799pa
oe2,Combined income of parents per wk/mth,9.0,400-449pw/20800-23399pa
oe2,Combined income of parents per wk/mth,10.0,450-499pw/23400-25999pa
oe2,Combined income of parents per wk/mth,11.0,500&over /26000&over
oe2,Combined income of parents per wk/mth,12.0,Refuse to Answer
oe2,Combined income of parents per wk/mth,13.0,Uncertain
oe3_2,,,
oe3_3,,,
oe3_5,,,
oe3_6,,,
oe3_8,,,
oe3_9,,,
oe3_11,,,
oe3_12,,,
oe3_14,,,
oe3_15,,,
oe3_17,,,
oe3_18,,,
oe4_1,,,
of1_1,,,
of1_3,,,
of1_4,,,
of1_5,,,
of2,When was present accommodation built,-4.0,Not asked
of2,When was present accommodation built,-2.0,Not stated
of2,When was present accommodation built,-1.0,No questionnaire
of2,When was present accommodation built,1.0,In past 10 years
of2,When was present accommodation built,2.0,10-25 years ago
of2,When was present accommodation built,3.0,25-40 years ago
of2,When was present accommodation built,4.0,1914 - 1945
of2,When was present accommodation built,5.0,Pre-1914
of2,When was present accommodation built,6.0,Don't know
of3_1,,,
of3_2,,,
of3_3,,,
of3_4,,,
of3_5,,,
of3_6,,,
of3_7,,,
of3_9,,,
of4_1,,,
of4_2,,,
of5_1,,,
of5_2,,,
of5_3,,,
of5_4,,,
of6,Describe size and use of kitchen,-4.0,Not asked
of6,Describe size and use of kitchen,-2.0,Not stated
of6,Describe size and use of kitchen,-1.0,No questionnaire
of6,Describe size and use of kitchen,1.0,<6ft wide not liv rm
of6,Describe size and use of kitchen,2.0,"<6ft wide, liv room"
of6,Describe size and use of kitchen,3.0,">=6ft, not liv room"
of6,Describe size and use of kitchen,4.0,>=6ft used as liv rm
of6,Describe size and use of kitchen,5.0,No kitchen
of6,Describe size and use of kitchen,6.0,Don't know
of7_1,,,
of7_2,,,
of7_3,,,
of7_4,,,
of7_5,,,
of7_6,,,
of7_7,,,
of7_8,,,
of7_9,,,
of7_10,,,
of7_11,,,
of7_13,,,
of8,How much of accomm heated regular winter,-4.0,Not asked
of8,How much of accomm heated regular winter,-2.0,Not stated
of8,How much of accomm heated regular winter,-1.0,No questionnaire
of8,How much of accomm heated regular winter,1.0,All
of8,How much of accomm heated regular winter,2.0,More than half
of8,How much of accomm heated regular winter,3.0,Half
of8,How much of accomm heated regular winter,4.0,Less than half
of8,How much of accomm heated regular winter,5.0,None
of9,How many share same bedroom as teenager?,-4.0,Not asked
of9,How many share same bedroom as teenager?,-2.0,Not stated
of9,How many share same bedroom as teenager?,-1.0,No questionnaire
of9,How many share same bedroom as teenager?,3.0,3 or more
of10,How many share bed with teenager?,-4.0,Not asked
of10,How many share bed with teenager?,-2.0,Not stated
of10,How many share bed with teenager?,-1.0,No questionnaire
of10,How many share bed with teenager?,3.0,3 or more
of11_1,,,
of11_2,,,
of11_3,,,
of11_4,,,
of11_5,,,
of11_6,,,
of11_7,,,
of11_8,,,
of11_9,,,
of11_10,,,
of11_11,,,
of11_12,,,
og1_1,,,
og1_2,,,
og1_3,,,
og1_4,,,
og1_5,,,
og1_6,,,
og1_7,,,
og1_9,,,
og1_12,,,
og1_13,,,
og1_15,,,
og1_18,,,
og1_19,,,
og1_21,,,
og1_24,,,
og1_25,,,
og1_27,,,
og2_1,,,
og2_2,,,
og2_3,,,
og2_4,,,
og2_5,,,
og2_6,,,
og2_7,,,
og2_8,,,
og2_9,,,
og2_10,,,
og2_11,,,
og2_12,,,
og2_13,,,
og2_14,,,
og2_15,,,
og3_1,,,
og3_3,,,
oh_1,,,
oj1,Assessment of teen's health,-2.0,Not stated
oj1,Assessment of teen's health,-1.0,No questionnaire
oj1,Assessment of teen's health,1.0,Text on questionnaire
oj1,Assessment of teen's health,2.0,No text present
ok2,Signature of parent-guardian for med rec,-2.0,Not stated
ok2,Signature of parent-guardian for med rec,-1.0,No questionnaire
ok2,Signature of parent-guardian for med rec,1.0,Signed & willing
ok2,Signature of parent-guardian for med rec,2.0,Signed & not willing
pa1_1,,,
pa1_3,,,
pa2_1,,,
pa2_2,,,
pa2_3,,,
pa2_4,,,
pa2_5,,,
pa3_1,,,
pa3_2,,,
pa3_3,,,
pa3_4,,,
pa3_5,,,
pa4_1,,,
pa4_2,,,
pa4_3,,,
pa4_4,,,
pa5_1,,,
pa5_2,,,
pa5_3,,,
pa5_4,,,
pa5_5,,,
pa5_6,,,
pa5_7,,,
pa5_8,,,
pa5_9,,,
pa5_10,,,
pa5_11,,,
pa5_12,,,
pa5_13,,,
pa5_14,,,
pa5_15,,,
pa5_16,,,
pa5_17,,,
pa5_18,,,
pa5_19,,,
pa6_1,,,
pa6_2,,,
pa6_3,,,
pa6_4,,,
pa6_5,,,
pa6_6,,,
pa6_7,,,
pa6_8,,,
pa6_9,,,
pa6_10,,,
pa6_11,,,
pa6_12,,,
pa6_13,,,
pa6_14,,,
pa6_15,,,
pa6_16,,,
pa6_17,,,
pa6_18,,,
pa6_19,,,
pb1_1,,,
pb1_2,,,
pb1_3,,,
pb1_4,,,
pb1_5,,,
pb1_6,,,
pb2_1,,,
pb2_2,,,
pb2_3,,,
pb2_4,,,
pb2_5,,,
pb3_1,,,
pb3_2,,,
pb3_3,,,
pb3_4,,,
pb3_5,,,
pb3_6,,,
pb3_7,,,
pb4_1,,,
pb4_2,,,
pb4_3,,,
pb4_4,,,
pb4_5,,,
pb4_7,,,
pb5_1,,,
pc1,Is anyone at home when teen gets home?,-4.0,Not asked
pc1,Is anyone at home when teen gets home?,-2.0,Not stated
pc1,Is anyone at home when teen gets home?,-1.0,No questionnaire
pc1,Is anyone at home when teen gets home?,1.0,Yes
pc1,Is anyone at home when teen gets home?,2.0,No
pc1,Is anyone at home when teen gets home?,3.0,Not applicable
pc2_1,,,
pc2_2,,,
pc2_3,,,
pc3_1,,,
pc3_2,,,
pc3_3,,,
pc3_4,,,
pc3_5,,,
pc3_6,,,
pc3_8,,,
pc4_1,,,
pc4_2,,,
pc5_1,,,
pc5_2,,,
pc6_1,,,
pd1_1,,,
pd1_2,,,
pd1_3,,,
pd1_4,,,
pd1_5,,,
pd1_6,,,
pd1_7,,,
pd1_8,,,
pd1_9,,,
pd1_10,,,
pd1_11,,,
pd1_12,,,
pd1_13,,,
pd1_14,,,
pd1_15,,,
pd1_16,,,
pd1_17,,,
pd1_18,,,
pd1_19,,,
pd1_20,,,
pd1_21,,,
pd1_22,,,
pd1_23,,,
pd1_24,,,
pd1_25,,,
pd2_1,,,
pd2_2,,,
pd2_3,,,
pd2_4,,,
pd2_5,,,
pd2_6,,,
pd2_7,,,
pd2_8,,,
pe1_1,,,
pe1_2,,,
pe1_3,,,
pe1_4,,,
pe1_5,,,
pe1_6,,,
pe1_7,,,
pe1_8,,,
pe1_9,,,
pe1_10,,,
pe1_11,,,
pe1_12,,,
pe1_13,,,
pe1_14,,,
pe1_15,,,
pe1_16,,,
pe1_17,,,
pe1_18,,,
pe1_19,,,
pe1_20,,,
pe1_21,,,
pe1_22,,,
pe1_23,,,
pe1_24,,,
pe1_25,,,
pe1_26,,,
pe2_1,,,
pe2_2,,,
pe2_3,,,
pe2_4,,,
pe2_5,,,
pe2_8,,,
pe2_9,,,
pe3_1,,,
pe3_3,,,
pe3_5,,,
pe3_7,,,
pe3_9,,,
pe4_1,,,
pe4_2,,,
pe4_3,,,
pe4_4,,,
pe4_5,,,
pe4_6,,,
pe5_1,,,
pe6_1,,,
pe7_1,,,
pe7_3,,,
pe7_5,,,
pe7_7,,,
pe7_9,,,
pe7_11,,,
pe7_13,,,
pe7_15,,,
pe7_17,,,
pe7_19,,,
pe7_21,,,
pe7_23,,,
pe7_25,,,
pe8_1,,,
pe8_2,,,
pe8_3,,,
pe8_4,,,
pe9_1,,,
pe9_2,,,
pe9_3,,,
pe9_4,,,
pe9_5,,,
pe9_6,,,
pe10_1,,,
pe10_2,,,
pe10_3,,,
pe10_4,,,
pe10_5,,,
pe10_6,,,
pe10_8,,,
pe10_10,,,
pe11_1,,,
pe11_2,,,
pe11_3,,,
pe11_4,,,
pe11_5,,,
pe12_1,,,
pe12_2,,,
pe12_3,,,
pe12_4,,,
pe13_1,,,
pe13_2,,,
pe13_3,,,
pe13_4,,,
pe13_5,,,
pe13_6,,,
pe13_7,,,
pe13_8,,,
pe13_9,,,
pe13_10,,,
pe13_11,,,
pe13_12,,,
pe13_13,,,
pe13_14,,,
pe13_15,,,
pe13_16,,,
pe13_17,,,
pe13_18,,,
pe13_19,,,
pe13_20,,,
pe13_21,,,
pe13_22,,,
pe13_23,,,
pe13_24,,,
pe13_25,,,
pe13_26,,,
pe14_1,,,
pe14_2,,,
pe14_3,,,
pe14_4,,,
pe14_5,,,
pe14_6,,,
pe14_7,,,
pe14_8,,,
pe14_9,,,
pe14_10,,,
pe14_11,,,
pe14_12,,,
pe15_1,,,
pe15_2,,,
pe15_4,,,
pe15_6,,,
pe15_8,,,
pe15_10,,,
pe16_1,,,
pe16_2,,,
pe16_3,,,
pe16_4,,,
pe16_5,,,
pe16_6,,,
pe17_1,,,
pe17_2,,,
pe17_3,,,
pe17_4,,,
pe17_5,,,
pe17_6,,,
pe18_1,,,
pe18_3,,,
pe18_5,,,
pe18_7,,,
pe18_9,,,
pf1_1,,,
pf1_2,,,
pf1_3,,,
pf1_4,,,
pf2_1,,,
pf2_2,,,
pg1_1,,,
pg1_2,,,
pg1_3,,,
pg1_4,,,
pg1_5,,,
pg1_6,,,
pg1_7,,,
pg1_8,,,
pg1_9,,,
pg1_10,,,
pg1_11,,,
pg1_12,,,
pg1_13,,,
pg1_14,,,
pg1_15,,,
pg1_16,,,
pg1_17,,,
pg1_18,,,
pg1_19,,,
pg1_20,,,
pg1_21,,,
pg1_22,,,
pg1_23,,,
pg1_24,,,
pg1_25,,,
pg2_1,,,
pg2_2,,,
pg2_3,,,
pg2_4,,,
pg2_5,,,
pg2_6,,,
pg2_7,,,
pg3_2,,,
pg3_4,,,
pg3_6,,,
pg3_8,,,
pg3_10,,,
pg3_11,,,
pg3_12,,,
pg3_13,,,
pg3_14,,,
pg3_15,,,
pg3_16,,,
pg3_17,,,
pg3_18,,,
pg3_19,,,
pg4_1,,,
pg4_2,,,
pg4_3,,,
pg4_4,,,
pg4_5,,,
pg4_6,,,
pg4_7,,,
pg4_8,,,
pg4_10,,,
pg5_1,,,
pg5_2,,,
pg5_3,,,
pg6_1,,,
pg6_2,,,
pg6_3,,,
pg7_1,,,
pg7_3,,,
pg7_5,,,
pg7_6,,,
pg7_7,,,
pg7_8,,,
pg8_1,,,
pg8_2,,,
pg8_3,,,
pg9_1,,,
pg9_2,,,
pg9_3,,,
pg9_4,,,
pg9_5,,,
pg9_6,,,
pg9_7,,,
pg9_8,,,
pg9_9,,,
pg9_10,,,
pg9_11,,,
pg9_12,,,
pg9_13,,,
pg9_14,,,
pg9_15,,,
pg9_16,,,
pg9_17,,,
pg9_18,,,
pg9_19,,,
pg9_20,,,
pg9_21,,,
pg9_22,,,
pg9_23,,,
pg9_24,,,
pg9_25,,,
pg9_26,,,
pg9_27,,,
pg9_28,,,
pg9_29,,,
pg9_30,,,
pg9_31,,,
pg9_32,,,
pg9_33,,,
pg9_36,,,
pg9_37,,,
pg9_38,,,
pg9_39,,,
pg9_40,,,
pg9_41,,,
pg9_42,,,
pg9_43,,,
pg9_44,,,
pg9_45,,,
pg9_46,,,
pg9_47,,,
pg9_48,,,
pg9_49,,,
pg9_50,,,
pg9_51,,,
pg9_52,,,
pg9_53,,,
pg9_54,,,
pg9_55,,,
pg9_56,,,
pg9_57,,,
pg9_58,,,
pg9_59,,,
pg9_60,,,
pg9_61,,,
pg9_62,,,
pg9_63,,,
pg9_64,,,
pg9_65,,,
pg9_66,,,
pg9_67,,,
pg9_68,,,
ph1,Short description of teen's development,-2.0,Not stated
ph1,Short description of teen's development,-1.0,No questionnaire
ph1,Short description of teen's development,1.0,Text present
ph1,Short description of teen's development,2.0,No text present
pm1_1,,,
pm1_2,,,
pm1_3,,,
pm1_4,,,
pm1_6a,,,
pm1_6b,,,
pm2_1,,,
pm2_2,,,
pm3_1,,,
pm4_1,,,
pm4_2,,,
pm4_3,,,
pm4_4,,,
pm4_5,,,
pm4_6,,,
pm4_7,,,
pm4_8,,,
pm4_9,,,
pm4_10,,,
pm4_11,,,
pm4_12,,,
pm4_13,,,
pm4_14,,,
pm4_15,,,
pm4_16,,,
pm4_17,,,
pm4_18,,,
pm4_19,,,
pm4_20,,,
pm4_21,,,
pm5_1,,,
pm5_2,,,
pm5_3,,,
pm5_4,,,
pm5_5,,,
pm5_6,,,
pm5_7,,,
pm5_8,,,
pm5_9,,,
pm5_10,,,
pm5_11,,,
pm5_12,,,
pm5_13,,,
pm5_14,,,
pm5_15,,,
pm5_16,,,
pm5_17,,,
pm5_18,,,
pm5_19,,,
pm5_20,,,
pm5_21,,,
pm5_22,,,
pm5_23,,,
pm5_24,,,
pm5_25,,,
pm5_26,,,
pm5_27,,,
pm5_28,,,
pm5_29,,,
pm5_30,,,
pm5_31,,,
pm5_32,,,
pm5_33,,,
pm5_34,,,
pm5_35,,,
pm5_36,,,
pm5_37,,,
pm5_38,,,
pm5_39,,,
pm5_40,,,
avail_from_dt,,,
