variable_name,variable_label,value_value,value_label
study_id_e,,,
b9qualid,Qualifications record number,,
b9qualtp,Type of qualification,1.0,GCSE A-C
b9qualtp,Type of qualification,2.0,GCSE D-E
b9qualtp,Type of qualification,3.0,AS LEVELS A-C
b9qualtp,Type of qualification,4.0,AS LEVELS D-E
b9qualtp,Type of qualification,5.0,A LEVELS A-C
b9qualtp,Type of qualification,6.0,A LEVELS D-E
b9qualtp,Type of qualification,7.0,DEGREE
b9qualtp,Type of qualification,8.0,DEGREE LEVEL QUALIFICATIONS
b9qualtp,Type of qualification,9.0,HIGHER DEGREE
b9qualtp,Type of qualification,10.0,NURSING QUALIFICATIONS
b9qualtp,Type of qualification,11.0,TEACHING QUALIFICATIONS
b9qualtp,Type of qualification,12.0,BTEC
b9qualtp,Type of qualification,13.0,CITY
b9qualtp,Type of qualification,14.0,RSA
b9qualtp,Type of qualification,15.0,PITMAN
b9qualtp,Type of qualification,16.0,NVQ
b9qualtp,Type of qualification,17.0,GNVQ
b9qualtp,Type of qualification,18.0,ONC
b9qualtp,Type of qualification,19.0,HNC
b9qualtp,Type of qualification,20.0,APPRENTICESHIPS
b9qualtp,Type of qualification,21.0,OTHER VOCATIONAL QUALIFICATIONS
b9qualtp,Type of qualification,22.0,SCOTTISH ACCESS3
b9qualtp,Type of qualification,23.0,SCOTTISH STANDARD GRADE
b9qualtp,Type of qualification,24.0,SCOTTISH INTERMEDIATE 1
b9qualtp,Type of qualification,25.0,SCOTTISH INTERMEDIATE 2
b9qualtp,Type of qualification,26.0,SCOTTISH HIGHER
b9qualtp,Type of qualification,27.0,SCOTTISH ADVANCED HIGHER
b9qualtp,Type of qualification,28.0,SCOTTISH CERTIFICATE OF 6TH YEAR STUDIES
b9qualtp,Type of qualification,29.0,DIPLOMA OF HIGHER EDUCATION
b9qualtp,Type of qualification,30.0,PGCE
b9qualtp,Type of qualification,31.0,HGV or LGV
b9qualtp,Type of qualification,32.0,PSV or PCV
b9whquid,Within qualification record number,,
b9ewhen,Year obtained qualification,-9.0,Refused
b9ewhen,Year obtained qualification,-8.0,Don't know
b9ewhen,Year obtained qualification,-1.0,Not applicable
b9eftpt,Whether studied full or part time,-9.0,Refused
b9eftpt,Whether studied full or part time,-8.0,Don't know
b9eftpt,Whether studied full or part time,-1.0,Not applicable
b9eftpt,Whether studied full or part time,1.0,Full-time
b9eftpt,Whether studied full or part time,2.0,Part-time
b9efees,Who paid fees for course,-9.0,Refused
b9efees,Who paid fees for course,-8.0,Don't know
b9efees,Who paid fees for course,-1.0,Not applicable
b9efees,Who paid fees for course,1.0,Employer
b9efees,Who paid fees for course,2.0,"Self, family or relative"
b9efees,Who paid fees for course,3.0,Other
b9efees,Who paid fees for course,4.0,No fees
b9edeggr,Degree grade,-9.0,Refused
b9edeggr,Degree grade,-8.0,Don't know
b9edeggr,Degree grade,-1.0,Not applicable
b9edeggr,Degree grade,1.0,First
b9edeggr,Degree grade,2.0,Upper second [2:1]
b9edeggr,Degree grade,3.0,Lower second [2:2]
b9edeggr,Degree grade,4.0,Third
b9edeggr,Degree grade,5.0,Pass
b9bteclv,Level of BTEC Qualification,-9.0,Refused
b9bteclv,Level of BTEC Qualification,-8.0,Don't know
b9bteclv,Level of BTEC Qualification,-1.0,Not applicable
b9bteclv,Level of BTEC Qualification,1.0,First / General certificate
b9bteclv,Level of BTEC Qualification,2.0,First / General Diploma
b9bteclv,Level of BTEC Qualification,3.0,National certificate diploma
b9bteclv,Level of BTEC Qualification,4.0,Higher certificate diploma
b9bteclv,Level of BTEC Qualification,5.0,Other BTEC qualification
b9citylv,Level of City and Guilds Qualification,-9.0,Refused
b9citylv,Level of City and Guilds Qualification,-8.0,Don't know
b9citylv,Level of City and Guilds Qualification,-1.0,Not applicable
b9citylv,Level of City and Guilds Qualification,1.0,Part 1
b9citylv,Level of City and Guilds Qualification,2.0,Part 2/Craft/Intermediate
b9citylv,Level of City and Guilds Qualification,3.0,Part 3/Final/Advanced Craft
b9citylv,Level of City and Guilds Qualification,4.0,Part4/Career Ext/Full technologicl cert
b9citylv,Level of City and Guilds Qualification,5.0,Other C&G qualification
b9rsalv,Level of RSA Qualification,-9.0,Refused
b9rsalv,Level of RSA Qualification,-8.0,Don't know
b9rsalv,Level of RSA Qualification,-1.0,Not applicable
b9rsalv,Level of RSA Qualification,1.0,Certificate
b9rsalv,Level of RSA Qualification,2.0,First Diploma
b9rsalv,Level of RSA Qualification,3.0,Advanced diploma or certificate
b9rsalv,Level of RSA Qualification,4.0,Higher diploma
b9rsalv,Level of RSA Qualification,5.0,Other RSA qualification
b9pitlv,Level of Pitman Qualification,-9.0,Refused
b9pitlv,Level of Pitman Qualification,-8.0,Don't know
b9pitlv,Level of Pitman Qualification,-1.0,Not applicable
b9pitlv,Level of Pitman Qualification,1.0,Level 1
b9pitlv,Level of Pitman Qualification,2.0,Level 2
b9pitlv,Level of Pitman Qualification,3.0,Level 3
b9pitlv,Level of Pitman Qualification,4.0,Other Pitman qualification
b9nvqlv,Level of NVQ Qualification,-9.0,Refused
b9nvqlv,Level of NVQ Qualification,-8.0,Don't know
b9nvqlv,Level of NVQ Qualification,-1.0,Not applicable
b9nvqlv,Level of NVQ Qualification,1.0,Level 1
b9nvqlv,Level of NVQ Qualification,2.0,Level 2
b9nvqlv,Level of NVQ Qualification,3.0,Level 3
b9nvqlv,Level of NVQ Qualification,4.0,Level 4
b9nvqlv,Level of NVQ Qualification,5.0,Level 5
b9nvqlv,Level of NVQ Qualification,6.0,Level 6
b9nvqlv,Level of NVQ Qualification,7.0,Trusts towards NVQ/SVQ
b9nvqlv,Level of NVQ Qualification,8.0,Other NVQ
b9gnvqlv,Level of GNVQ Qualification,-9.0,Refused
b9gnvqlv,Level of GNVQ Qualification,-8.0,Don't know
b9gnvqlv,Level of GNVQ Qualification,-1.0,Not applicable
b9gnvqlv,Level of GNVQ Qualification,1.0,Foundation
b9gnvqlv,Level of GNVQ Qualification,2.0,Intermediate
b9gnvqlv,Level of GNVQ Qualification,3.0,Advanced
b9gnvqlv,Level of GNVQ Qualification,4.0,Other GNVQ qualification
b9onclv,Level of ONC Qualification,-9.0,Refused
b9onclv,Level of ONC Qualification,-8.0,Don't know
b9onclv,Level of ONC Qualification,-1.0,Not applicable
b9onclv,Level of ONC Qualification,1.0,Pass
b9onclv,Level of ONC Qualification,2.0,Merit
b9onclv,Level of ONC Qualification,3.0,Distinction
b9hnclv,Level of HNC Qualification,-9.0,Refused
b9hnclv,Level of HNC Qualification,-8.0,Don't know
b9hnclv,Level of HNC Qualification,-1.0,Not applicable
b9hnclv,Level of HNC Qualification,1.0,Pass
b9hnclv,Level of HNC Qualification,2.0,Merit
b9hnclv,Level of HNC Qualification,3.0,Distinction
v3,None,,
avail_from_dt,,,
