variable_name,variable_label,value_value,value_label
study_id_e,,,
b7ctyev4,,,
b7vcdt19,,,
b7vya19,,,
b7vlc19,,,
b7vfp19,,,
b7xva20,,,
b7ctyev5,,,
b7vcdt20,,,
b7vya20,,,
b7vlc20,,,
b7vfp20,,,
b7xva21,,,
b7ctyev6,,,
b7vcdt21,,,
b7vya21,,,
b7vlc21,,,
b7vfp21,,,
b7xva22,,,
b7ctyev7,,,
b7vcdt22,,,
b7vya22,,,
b7vlc22,,,
b7vfp22,,,
b7xva23,,,
b7ctyev8,,,
b7vcdt23,,,
b7vya23,,,
b7vlc23,,,
b7vfp23,,,
b7xva24,,,
b7ctyev9,,,
b7vcdt24,,,
b7vya24,,,
b7vlc24,,,
b7vfp24,,,
b7xva25,,,
b7ctye10,,,
b7vcdt25,,,
b7vya25,,,
b7vlc25,,,
b7vfp25,,,
b7xva26,,,
b7xvb26,,,
b7ctye11,,,
b7vcdt26,,,
b7vya26,,,
b7vlc26,,,
b7vfp26,,,
b7xva27,,,
b7ctye12,,,
b7vcdt27,,,
b7vlc27,,,
b7vfp27,,,
b7xva28,,,
b7ctye13,,,
b7vcdt28,,,
b7vlc28,,,
b7vfp28,,,
b7vocrsa,,,
b7xva31,,,
b7xvb31,,,
b7rsal,,,
b7vcdt31,,,
b7vya31,,,
b7vlc31,,,
b7vfp31,,,
b7xva32,,,
b7xvb32,,,
b7rsal2,,,
b7vcdt32,,,
b7vya32,,,
b7vlc32,,,
b7vfp32,,,
b7xva33,,,
b7xvb33,,,
b7rsal3,,,
b7vcdt33,,,
b7vya33,,,
b7vlc33,,,
b7vfp33,,,
b7xva34,,,
b7rsal4,,,
b7vcdt34,,,
b7vya34,,,
b7vlc34,,,
b7vfp34,,,
b7xva35,,,
b7rsal5,,,
b7vcdt35,,,
b7vya35,,,
b7vlc35,,,
b7vfp35,,,
b7xva36,,,
b7rsal6,,,
b7vcdt36,,,
b7vya36,,,
b7vlc36,,,
b7vfp36,,,
b7xva37,,,
b7rsal7,,,
b7vcdt37,,,
b7vya37,,,
b7vlc37,,,
b7vfp37,,,
b7xva38,,,
b7rsal8,,,
b7vcdt38,,,
b7vya38,,,
b7vlc38,,,
b7vfp38,,,
b7xva39,,,
b7rsal9,,,
b7vcdt39,,,
b7vya39,,,
b7vlc39,,,
b7vfp39,,,
b7xva40,,,
b7rsal10,,,
b7vcdt40,,,
b7vya40,,,
b7vlc40,,,
b7vfp40,,,
b7xva41,,,
b7rsal11,,,
b7vcdt41,,,
b7vya41,,,
b7vlc41,,,
b7vfp41,,,
b7xva42,,,
b7rsal12,,,
b7vcdt42,,,
b7vya42,,,
b7vlc42,,,
b7vfp42,,,
b7vocpim,,,
b7xva46,,,
b7xvb46,,,
b7pitl,,,
b7vcdt46,,,
b7vya46,,,
b7vlc46,,,
b7vfp46,,,
b7xva47,,,
b7pitl2,,,
b7vcdt47,,,
b7vya47,,,
b7vlc47,,,
b7vfp47,,,
b7xva48,,,
b7pitl3,,,
b7vcdt48,,,
b7vya48,,,
b7vlc48,,,
b7vfp48,,,
b7xva49,,,
b7pitl4,,,
b7vcdt49,,,
b7vya49,,,
b7vlc49,,,
b7vfp49,,,
b7xva50,,,
b7pitl5,,,
b7vcdt50,,,
b7vya50,,,
b7vlc50,,,
b7vfp50,,,
b7vocnvq,,,
b7xva61,,,
b7xvb61,,,
b7nvql,,,
b7vcdt61,,,
b7vya61,,,
b7vlc61,,,
b7vfp61,,,
b7xva62,,,
b7xvb62,,,
b7nvql2,,,
b7vcdt62,,,
b7vya62,,,
b7vlc62,,,
b7vfp62,,,
b7xva63,,,
b7xvb63,,,
b7nvql3,,,
b7vcdt63,,,
b7vya63,,,
b7vlc63,,,
b7vfp63,,,
b7xva64,,,
b7nvql4,,,
b7vcdt64,,,
b7vya64,,,
b7vlc64,,,
b7vfp64,,,
b7xva65,,,
b7nvql5,,,
b7vcdt65,,,
b7vya65,,,
b7vlc65,,,
b7vfp65,,,
b7vocgnq,,,
b7xva76,,,
b7xvb76,,,
b7gnvl,,,
b7vcdt76,,,
b7vya76,,,
b7vlc76,,,
b7vfp76,,,
b7xva77,,,
b7gnvl2,,,
b7vcdt77,,,
b7vya77,,,
b7vlc77,,,
b7vfp77,,,
b7xva78,,,
b7gnvl3,,,
b7vcdt78,,,
b7vya78,,,
b7vlc78,,,
b7vfp78,,,
b7voconc,,,
b7xva91,,,
b7xvb91,,,
b7onll,,,
b7vcdt91,,,
b7vya91,,,
b7vlc91,,,
b7vfp91,,,
b7xva92,,,
b7onll2,,,
b7vcdt92,,,
b7vya92,,,
b7vlc92,,,
b7vfp92,,,
b7xva93,,,
b7onll3,,,
b7vcdt93,,,
b7vya93,,,
b7vlc93,,,
b7vfp93,,,
b7xva94,,,
b7onll4,,,
b7vcdt94,,,
b7vya94,,,
b7vlc94,,,
b7vfp94,,,
b7xva95,,,
b7onll5,,,
b7vcdt95,,,
b7vya95,,,
b7vlc95,,,
b7vfp95,,,
b7xva96,,,
b7onll6,,,
b7vcdt96,,,
b7vya96,,,
b7vlc96,,,
b7vfp96,,,
b7vochnc,,,
b7xva106,,,
b7xvb106,,,
b7hll,,,
b7voc106,,,
b7vy106,,,
b7vl106,,,
b7vf106,,,
b7xva107,,,
b7xvb107,,,
b7hll2,,,
b7voc107,,,
b7vy107,,,
b7vl107,,,
b7vf107,,,
b7xva108,,,
b7hll3,,,
b7voc108,,,
b7vy108,,,
b7vl108,,,
b7vf108,,,
b7vocapr,,,
b7xva121,,,
b7voc121,,,
b7vy121,,,
b7vl121,,,
b7vf121,,,
b7xva122,,,
b7voc122,,,
b7vy122,,,
b7vl122,,,
b7vf122,,,
b7xva123,,,
b7voc123,,,
b7vy123,,,
b7vl123,,,
b7vf123,,,
b7xva124,,,
b7voc124,,,
b7vy124,,,
b7vl124,,,
b7vf124,,,
b7vochgv,,,
b7voc136,,,
b7vy136,,,
b7vl136,,,
b7vf136,,,
b7voc137,,,
b7vy137,,,
b7vl137,,,
b7vf137,,,
b7voc138,,,
b7vy138,,,
b7vl138,,,
b7vf138,,,
b7vocoth,,,
bd7btec,,,
bd7cag,,,
bd7rsa,,,
bd7pit,,,
bd7nvq,,,
bd7gnvq,,,
bd7onc,,,
bd7hnc,,,
bd7rta,,,
bd7hgv,,,
bd7voth,,,
bd7voct,,,
bd7codn,,,
b7crqual,,,
b7crnum,,,
b7cftpt,,,
b7xcurqa,,,
b7xcurqb,,,
b7xcurqc,,,
b7ctype1,,,
b7ctype2,,,
b7ctype3,,,
b7ctype6,,,
b7ctype7,,,
b7cqyr1,,,
b7cyear1,,,
b7cloc1,,,
b7othgov,,,
b7numgov,,,
b7govnow,,,
b7actran,,,
b7numac,,,
b7acnow,,,
b7wrktin,,,
b7numwtr,,,
b7wrktow,,,
b7leisrs,,,
b7numles,,,
b7leisnw,,,
bd7aslevel,,,
bd7degree,,,
bd7nurse,,,
bd7othteach,,,
bd7cagstud,,,
bd7rsastud,,,
bd7oncstud,,,
bd7hgvstud,,,
bd7cbdn,,,
b7pchome,,,
b7hpcuse,,,
b7pcwork,,,
b7wpcuse,,,
b7intacc,,,
b7intqnt,,,
b7pread1,,,
b7pread2,,,
b7int3,,,
b7sighrb,,,
b7bread1,,,
b7bread2,,,
b7bread3,,,
b7bwrit1,,,
b7bwrit2,,,
b7bwrit3,,,
b7bwrit4,,,
b7bmath1,,,
b7bmath2,,,
b7bmath3,,,
b7bmath4,,,
b7bmath5,,,
b7bmath6,,,
b7bcour1,,,
b7bcour2,,,
b7bcour3,,,
b7bimp1,,,
b7bimp2,,,
b7bimp3,,,
bd7hpc01,,,
bd7hpc02,,,
bd7hpc03,,,
bd7hpc04,,,
bd7hpc05,,,
bd7hpc06,,,
bd7hpc07,,,
bd7hpc08,,,
bd7hpc09,,,
bd7hpc10,,,
bd7hpc11,,,
bd7hpc12,,,
bd7hpc13,,,
bd7hpc14,,,
bd7hpc15,,,
bd7hpc16,,,
bd7wpc01,,,
bd7wpc02,,,
bd7wpc03,,,
bd7wpc04,,,
bd7wpc05,,,
bd7wpc06,,,
bd7wpc07,,,
bd7wpc08,,,
bd7wpc09,,,
bd7wpc10,,,
bd7wpc11,,,
bd7wpc12,,,
bd7wpc13,,,
bd7wpc14,,,
bd7wpc15,,,
bd7wpc16,,,
bd7ius01,,,
bd7ius02,,,
bd7ius03,,,
bd7ius04,,,
bd7ius05,,,
bd7ius06,,,
bd7ius07,,,
bd7ius08,,,
bd7ius09,,,
bd7ius10,,,
bd7ius11,,,
bd7hedn,,,
b7khlstt,,,
b7lsiany,,,
b7xlsa,,,
b7xlsb,,,
b7xlsc,,,
b7xlsd,,,
b7xlse,,,
b7lsge,,,
b7more11,,,
b7xlsa2,,,
b7xlsb2,,,
b7xlsc2,,,
b7xlsd2,,,
b7lsge2,,,
b7more12,,,
b7xlsa3,,,
b7xlsb3,,,
b7xlsc3,,,
b7lsge3,,,
b7more13,,,
b7xlsa4,,,
b7xlsb4,,,
b7lsge4,,,
b7more14,,,
b7xlsa5,,,
b7xlsb5,,,
b7lsge5,,,
b7more15,,,
b7xlsa6,,,
b7xlsb6,,,
b7lsge6,,,
b7more16,,,
b7xlsa7,,,
b7lsge7,,,
b7more17,,,
bd7hpb01,,,
bd7hpb02,,,
bd7hpb03,,,
bd7hpb04,,,
bd7hpb05,,,
bd7hpb06,,,
bd7hpb07,,,
bd7hpb08,,,
bd7hpb09,,,
bd7hpb10,,,
bd7hpb11,,,
bd7hpb12,,,
bd7hpb13,,,
b7khpb1,,,
b7xkhlba,,,
b7xkhlbb,,,
b7xkhlbc,,,
b7xkhlbd,,,
b7asth2m,,,
b7diabag,,,
b7fitsmd,,,
b7ccty01,,,
b7xothna,,,
b7xothnb,,,
b7dep12m,,,
b7hrprb1,,,
b7hrprb2,,,
b7xheata,,,
b7xheatb,,,
b7eyepb1,,,
b7eyepb2,,,
b7eyepb3,,,
b7eyepb4,,,
b7xeyeha,,,
b7xeyehb,,,
b7xeyehc,,,
b7bphsp,,,
b7mighsp,,,
b7khldl2,,,
b7khllt,,,
b7khllt1,,,
b7khllt2,,,
b7khllt3,,,
b7khllt4,,,
b7khltw2,,,
b7khlenw,,,
b7khllta,,,
b7khl2hp,,,
b7kxdts,,,
b7knxdts,,,
b7khosp,,,
b7khospd,,,
bd7sddn,,,
b7smokig,,,
b7nfcigs,,,
b7exsmer,,,
b7agequt,,,
b7drinks,,,
b7beer,,,
b7spiris,,,
b7wine,,,
b7sherry,,,
b7pops,,,
b7othdnk,,,
bd7smoke,,,
bd7dunit,,,
bd7dgrp,,,
bd7exdn,,,
b7exerse,,,
b7breals,,,
b7sweat,,,
bd7hwdn,,,
bd7htun,,,
bd7htmtr,,,
bd7htcms,,,
bd7htft,,,
bd7htins,,,
b7weigh2,,,
b7wtkis2,,,
b7wtste2,,,
b7wtpod2,,,
b7wtasss,,,
bd7bmi,,,
bd7bmigp,,,
bd7spdn,,,
b7fameas,,,
b7facts1,,,
b7facts2,,,
b7facts3,,,
b7facts4,,,
b7facts5,,,
b7facts6,,,
b7facts7,,,
b7facts8,,,
b7facts9,,,
b7fact10,,,
b7fact11,,,
b7fact12,,,
b7fact13,,,
b7fact14,,,
b7fact15,,,
b7fact16,,,
b7fact17,,,
b7famhos,,,
b7kidpas,,,
b7kdime,,,
bd7othti,,,
b7rpasel,,,
b7rrelps,,,
b7rnowrl,,,
b7rrelnw,,,
b7rnoweq,,,
b7fintr1,,,
b7fintr2,,,
b7fintr3,,,
b7fintr4,,,
b7fintr5,,,
b7fintr6,,,
b7fintr7,,,
b7funoft,,,
b7pcuk01,,,
b7pcuk02,,,
b7pcuk03,,,
b7pcuk04,,,
b7pcuk05,,,
b7pcuk06,,,
b7prall1,,,
b7prall2,,,
b7prall3,,,
bd7video,,,
bd7park,,,
bd7trip,,,
bd7play,,,
bd7games,,,
bd7relig,,,
bd7vfam,,,
bd7vfrnd,,,
bd7anone,,,
bd7cine,,,
bd7thea,,,
bd7shop,,,
bd7rest,,,
bd7footb,,,
bd7attra,,,
bd7museo,,,
bd7theme,,,
bd7band,,,
bd7bnone,,,
bd7youth,,,
bd7pol,,,
bd7env,,,
bd7vol,,,
bd7comm,,,
bd7hob,,,
bd7tu,,,
bd7othg,,,
bd7gnon,,,
bd7nacts,,,
bd7coun,,,
bd7mp,,,
bd7offi,,,
bd7goffi,,,
bd7gla,,,
bd7pogla,,,
bd7msp,,,
bd7posp,,,
bd7naw,,,
bd7ponaw,,,
bd7pnon,,,
bd7ncon,,,
bd7rally,,,
bd7demo,,,
bd7peti,,,
bd7prnon,,,
bd7npr,,,
bd7scdn,,,
b7vote01,,,
b7votewo,,,
bd7othpa,,,
b7votenw,,,
bd7othpr,,,
b7prtypp,,,
b7polint,,,
b7eresp1,,,
b7eresp2,,,
b7eresp3,,,
b7eresp4,,,
b7eresp5,,,
b7eresp6,,,
b7eresp7,,,
b7eresp8,,,
b7eresp9,,,
b7eres10,,,
b7eres11,,,
b7intsrc,,,
b7pafflc,,,
b7paffuk,,,
b7leisyu,,,
b7lchlth,,,
b7schoos,,,
b7police,,,
b7pubtns,,,
b7tranrt,,,
b7grafti,,,
b7ptparl,,,
b7spkngh,,,
b7walkrk,,,
b7victi1,,,
b7victi2,,,
b7victi3,,,
b7victi4,,,
b7wcooks,,,
b7wshops,,,
b7wclean,,,
b7wwash,,,
b7wdiy,,,
b7wcash,,,
b7wtends,,,
b7wteach,,,
b7wcares,,,
b7mal02,,,
b7mal03,,,
b7mal05,,,
b7mal09,,,
b7mal12,,,
b7mal14,,,
b7mal16,,,
b7mal20,,,
b7mal21,,,
b7cage1,,,
b7cage2,,,
b7cage3,,,
b7cage4,,,
b7cage5,,,
b7cage6,,,
b7cage7,,,
b7cage8,,,
b7cage9,,,
b7cage10,,,
b7dopety,,,
b7dopefq,,,
b7skil1a,,,
b7skil4a,,,
b7skil5a,,,
b7skil6a,,,
b7skil7a,,,
b7skil8a,,,
b7k1,,,
b7k2,,,
b7k3,,,
b7k4,,,
b7polic1,,,
b7polic2,,,
b7polic3,,,
b7polic4,,,
b7polic5,,,
b7court,,,
b7courea,,,
b7effic1,,,
b7effic2,,,
b7effic3,,,
b7lifet1,,,
b7lifet2,,,
b7fincoe,,,
b7proxho,,,
b7proxc1,,,
b7proxc2,,,
b7proxc3,,,
b7proxc4,,,
b7yrin,,,
b7yrm,,,
b7ten,,,
b7marstt,,,
b7pregox,,,
b7proxyp,,,
b7proxco,,,
b7cjsup,,,
b7cjemps,,,
b7xso012,,,
b7indn12,,,
b7es2012,,,
b7nsse12,,,
bd7ns812,,,
b7sfla12,,,
b7seg12,,,
b7sc12,,,
b7soc102,,,
b7ssta12,,,
b7sic104,,,
b7ageled,,,
b7actagl,,,
b7furthd,,,
b7lftmed,,,
b7highal,,,
b7edquas,,,
b7eqtp01,,,
b7vocqls,,,
b7vctp01,,,
b7height,,,
b7htmees,,,
b7htcms,,,
b7htfeet,,,
b7htines,,,
b7weight,,,
b7wtkils,,,
b7wtstes,,,
b7wtpods,,,
b7proxtk,,,
b7issunu,,,
b7bkabsk,,,
b7bkco02,,,
b7bkco03,,,
b7bkco04,,,
b7bkco05,,,
b7bkco06,,,
b7bkco07,,,
b7bkco08,,,
b7bkco09,,,
b7bkco10,,,
b7bksa02,,,
b7bksa03,,,
b7bksa04,,,
b7bksa05,,,
b7bksa06,,,
b7bksa07,,,
b7bksa08,,,
b7bksa10,,,
b7bkpi02,,,
b7bkpi03,,,
b7bkpi04,,,
b7bkpi05,,,
b7bkpi06,,,
b7bkpi07,,,
b7bkpi08,,,
b7bkpi10,,,
b7bcbl02,,,
b7bcbl03,,,
b7bcbl04,,,
b7bcbl05,,,
b7bcbl06,,,
b7bcbl07,,,
b7bcbl08,,,
b7bcbl09,,,
b7bkgr02,,,
b7bkgr03,,,
b7bkgr04,,,
b7bkgr05,,,
b7bkgr06,,,
b7bkgr07,,,
b7bkgr08,,,
b7bkgr09,,,
b7bkci02,,,
b7bkci03,,,
b7bkci04,,,
b7bkci05,,,
b7bkci06,,,
b7bkci07,,,
b7bkci08,,,
b7bkci10,,,
b7bkca02,,,
b7bkca03,,,
b7bkca04,,,
b7bkca05,,,
b7bkca06,,,
b7bkca07,,,
b7bkca10,,,
b7origad,,,
b7tnc,,,
b7numtce,,,
bd7cntry,Country of Interview  (2004),1.0,England
bd7cntry,Country of Interview  (2004),2.0,Wales
bd7cntry,Country of Interview  (2004),3.0,Scotland
bd7cntry,Country of Interview  (2004),4.0,Northern Ireland
bd7cntry,Country of Interview  (2004),-1.0,Not known
bd7regn,2004: Standard Region of residence,-2.0,Armed Services
bd7regn,2004: Standard Region of residence,-1.0,Unknown
bd7regn,2004: Standard Region of residence,1.0,North
bd7regn,2004: Standard Region of residence,2.0,Yorks and Humberside
bd7regn,2004: Standard Region of residence,3.0,East Midlands
bd7regn,2004: Standard Region of residence,4.0,East Anglia
bd7regn,2004: Standard Region of residence,5.0,South East
bd7regn,2004: Standard Region of residence,6.0,South West
bd7regn,2004: Standard Region of residence,7.0,West Midlands
bd7regn,2004: Standard Region of residence,8.0,North West
bd7regn,2004: Standard Region of residence,9.0,Wales
bd7regn,2004: Standard Region of residence,10.0,Scotland
bd7regn,2004: Standard Region of residence,11.0,Northern Ireland
bd7regn,2004: Standard Region of residence,12.0,Overseas
bd7gor,2004: Government Office Region of residence,-1.0,Unknown
bd7gor,2004: Government Office Region of residence,1.0,North East
bd7gor,2004: Government Office Region of residence,2.0,North West
bd7gor,2004: Government Office Region of residence,3.0,Yorkshire and Humberside
bd7gor,2004: Government Office Region of residence,4.0,East Midlands
bd7gor,2004: Government Office Region of residence,5.0,West Midlands
bd7gor,2004: Government Office Region of residence,6.0,East of England
bd7gor,2004: Government Office Region of residence,7.0,London
bd7gor,2004: Government Office Region of residence,8.0,South East
bd7gor,2004: Government Office Region of residence,9.0,South West
bd7gor,2004: Government Office Region of residence,10.0,Wales
bd7gor,2004: Government Office Region of residence,11.0,Scotland
bd7gor,2004: Government Office Region of residence,12.0,Northern Ireland
bd7mal,2004: Total Malaise score (9 questions),-2.0,not stated any questions
bd7mal,2004: Total Malaise score (9 questions),-1.0,incomplete info
bd7malg,2004: Total Malaise score (9 questions) grouped,-2.0,not stated any questions
bd7malg,2004: Total Malaise score (9 questions) grouped,-1.0,incomplete info
bd7malg,2004: Total Malaise score (9 questions) grouped,1.0,0-3
bd7malg,2004: Total Malaise score (9 questions) grouped,2.0,4+
bd7achq1,2004: Highest Academic Qualification CM obtained in 2004 survey,-1.0,Level not calculable
bd7achq1,2004: Highest Academic Qualification CM obtained in 2004 survey,0.0,No academic qualification
bd7achq1,2004: Highest Academic Qualification CM obtained in 2004 survey,1.0,GCSE D-E
bd7achq1,2004: Highest Academic Qualification CM obtained in 2004 survey,2.0,Other Scottish Quals
bd7achq1,2004: Highest Academic Qualification CM obtained in 2004 survey,3.0,"GCSE A-C, Scot Standards/Intermediate 1"
bd7achq1,2004: Highest Academic Qualification CM obtained in 2004 survey,4.0,Scot Intermediate 2 / AS Levels or 1 A
bd7achq1,2004: Highest Academic Qualification CM obtained in 2004 survey,5.0,"2+ A Levels, Scot Higher/6th"
bd7achq1,2004: Highest Academic Qualification CM obtained in 2004 survey,6.0,Diploma
bd7achq1,2004: Highest Academic Qualification CM obtained in 2004 survey,7.0,"Degree, PGCE, Other Degree qual"
bd7achq1,2004: Highest Academic Qualification CM obtained in 2004 survey,8.0,Higher Degree
bd7anvq1,2004: Highest NVQ level from an academic qualification in 2004 survey,-1.0, not applicable
bd7anvq1,2004: Highest NVQ level from an academic qualification in 2004 survey,0.0,None
bd7anvq1,2004: Highest NVQ level from an academic qualification in 2004 survey,1.0,NVQ1 level
bd7anvq1,2004: Highest NVQ level from an academic qualification in 2004 survey,2.0,NVQ2 level
bd7anvq1,2004: Highest NVQ level from an academic qualification in 2004 survey,3.0,NVQ3 level
bd7anvq1,2004: Highest NVQ level from an academic qualification in 2004 survey,4.0,NVQ4 level
bd7anvq1,2004: Highest NVQ level from an academic qualification in 2004 survey,5.0,NVQ5 level
bd7vnvq1,2004: Highest NVQ Level from a Vocational Qualification in 2004 survey,-9.0,Incomplete info
bd7vnvq1,2004: Highest NVQ Level from a Vocational Qualification in 2004 survey,-1.0,Level not calculable
bd7vnvq1,2004: Highest NVQ Level from a Vocational Qualification in 2004 survey,0.0,none
bd7vnvq1,2004: Highest NVQ Level from a Vocational Qualification in 2004 survey,1.0,NVQ1 level
bd7vnvq1,2004: Highest NVQ Level from a Vocational Qualification in 2004 survey,2.0,NVQ2 level
bd7vnvq1,2004: Highest NVQ Level from a Vocational Qualification in 2004 survey,3.0,NVQ3 level
bd7vnvq1,2004: Highest NVQ Level from a Vocational Qualification in 2004 survey,4.0,NVQ4 level
bd7vnvq1,2004: Highest NVQ Level from a Vocational Qualification in 2004 survey,5.0,NVQ5 level
bd7nvq1,2004: Highest NVQ Level from an Academic or Vocational Qual in 2004 survey,-1.0,Level not calculable
bd7nvq1,2004: Highest NVQ Level from an Academic or Vocational Qual in 2004 survey,0.0,none
bd7nvq1,2004: Highest NVQ Level from an Academic or Vocational Qual in 2004 survey,1.0,nvq1 level
bd7nvq1,2004: Highest NVQ Level from an Academic or Vocational Qual in 2004 survey,2.0,nvq2 level
bd7nvq1,2004: Highest NVQ Level from an Academic or Vocational Qual in 2004 survey,3.0,nvq3 level
bd7nvq1,2004: Highest NVQ Level from an Academic or Vocational Qual in 2004 survey,4.0,nvq4 level
bd7nvq1,2004: Highest NVQ Level from an Academic or Vocational Qual in 2004 survey,5.0,nvq5 level
bd7hachq,2004: Highest Academic Qualification up to 2004,-9.0,Refusal
bd7hachq,2004: Highest Academic Qualification up to 2004,-8.0,Don't know
bd7hachq,2004: Highest Academic Qualification up to 2004,-1.0,Not applicable
bd7hachq,2004: Highest Academic Qualification up to 2004,0.0,no academic qualification
bd7hachq,2004: Highest Academic Qualification up to 2004,1.0,GCSE D-E
bd7hachq,2004: Highest Academic Qualification up to 2004,2.0,"CSEs2-5, other Scottish Quals"
bd7hachq,2004: Highest Academic Qualification up to 2004,3.0,"GCSE A-C, good O levels Scot Standards"
bd7hachq,2004: Highest Academic Qualification up to 2004,4.0,AS Levels or 1 A Level
bd7hachq,2004: Highest Academic Qualification up to 2004,5.0,"2+ A Levels, Scot HIgher/6th"
bd7hachq,2004: Highest Academic Qualification up to 2004,6.0,Diploma
bd7hachq,2004: Highest Academic Qualification up to 2004,7.0,"Degree, PGCE, Other Degree Level qual"
bd7hachq,2004: Highest Academic Qualification up to 2004,8.0,Higher Degree
bd7hanvq,2004: Highest NVQ level from an academic qualification up to 2004,-1.0,Not applicable
bd7hanvq,2004: Highest NVQ level from an academic qualification up to 2004,0.0,none
bd7hanvq,2004: Highest NVQ level from an academic qualification up to 2004,1.0,nvq1 level
bd7hanvq,2004: Highest NVQ level from an academic qualification up to 2004,2.0,nvq2 level
bd7hanvq,2004: Highest NVQ level from an academic qualification up to 2004,3.0,nvq3 level
bd7hanvq,2004: Highest NVQ level from an academic qualification up to 2004,4.0,nvq4 level
bd7hanvq,2004: Highest NVQ level from an academic qualification up to 2004,5.0,nvq5 level
bd7hvnvq,2004: Highest NVQ Level from a Vocational Qualification  up to 2004,-1.0,Not applicable
bd7hvnvq,2004: Highest NVQ Level from a Vocational Qualification  up to 2004,0.0,none
bd7hvnvq,2004: Highest NVQ Level from a Vocational Qualification  up to 2004,1.0,nvq1 level
bd7hvnvq,2004: Highest NVQ Level from a Vocational Qualification  up to 2004,2.0,nvq2 level
bd7hvnvq,2004: Highest NVQ Level from a Vocational Qualification  up to 2004,3.0,nvq3 level
bd7hvnvq,2004: Highest NVQ Level from a Vocational Qualification  up to 2004,4.0,nvq4 level
bd7hvnvq,2004: Highest NVQ Level from a Vocational Qualification  up to 2004,5.0,nvq5 level
bd7hnvq,2004: Highest NVQ Level from an Academic or Vocational Qual  up to 2004,-1.0,Not applicable
bd7hnvq,2004: Highest NVQ Level from an Academic or Vocational Qual  up to 2004,0.0,none
bd7hnvq,2004: Highest NVQ Level from an Academic or Vocational Qual  up to 2004,1.0,nvq1 level
bd7hnvq,2004: Highest NVQ Level from an Academic or Vocational Qual  up to 2004,2.0,nvq2 level
bd7hnvq,2004: Highest NVQ Level from an Academic or Vocational Qual  up to 2004,3.0,nvq3 level
bd7hnvq,2004: Highest NVQ Level from an Academic or Vocational Qual  up to 2004,4.0,nvq4 level
bd7hnvq,2004: Highest NVQ Level from an Academic or Vocational Qual  up to 2004,5.0,nvq5 level
v3,,,
avail_from_dt,,,
