variable_name,variable_label,value_value,value_label
study_id_e,,,
relno,sortkey: Loop ID,,
b10rnrany,Whether living with someone as a couple,-9.0,Refused
b10rnrany,Whether living with someone as a couple,-8.0,Not known
b10rnrany,Whether living with someone as a couple,-1.0,Not applicable
b10rnrany,Whether living with someone as a couple,1.0,Yes
b10rnrany,Whether living with someone as a couple,2.0,No
b10rstm,When started living together - Month,-9.0,Refused
b10rstm,When started living together - Month,-8.0,Not known
b10rstm,When started living together - Month,-1.0,Not applicable
b10rstm,When started living together - Month,1.0,January
b10rstm,When started living together - Month,2.0,February
b10rstm,When started living together - Month,3.0,March
b10rstm,When started living together - Month,4.0,April
b10rstm,When started living together - Month,5.0,May
b10rstm,When started living together - Month,6.0,June
b10rstm,When started living together - Month,7.0,July
b10rstm,When started living together - Month,8.0,August
b10rstm,When started living together - Month,9.0,September
b10rstm,When started living together - Month,10.0,October
b10rstm,When started living together - Month,11.0,November
b10rstm,When started living together - Month,12.0,December
b10rsty,When started living together - Year,-9.0,Refused
b10rsty,When started living together - Year,-8.0,Not known
b10rsty,When started living together - Year,-1.0,Not applicable
b10rsex,Partner sex,-9.0,Refused
b10rsex,Partner sex,-8.0,Not known
b10rsex,Partner sex,-1.0,Not applicable
b10rsex,Partner sex,1.0,Male
b10rsex,Partner sex,2.0,Female
b10rdobm,Partner date of birth - Month,-9.0,Refused
b10rdobm,Partner date of birth - Month,-8.0,Not known
b10rdobm,Partner date of birth - Month,-1.0,Not applicable
b10rdobm,Partner date of birth - Month,1.0,January
b10rdobm,Partner date of birth - Month,2.0,February
b10rdobm,Partner date of birth - Month,3.0,March
b10rdobm,Partner date of birth - Month,4.0,April
b10rdobm,Partner date of birth - Month,5.0,May
b10rdobm,Partner date of birth - Month,6.0,June
b10rdobm,Partner date of birth - Month,7.0,July
b10rdobm,Partner date of birth - Month,8.0,August
b10rdobm,Partner date of birth - Month,9.0,September
b10rdobm,Partner date of birth - Month,10.0,October
b10rdobm,Partner date of birth - Month,11.0,November
b10rdobm,Partner date of birth - Month,12.0,December
b10rdoby,Partner date of birth - Year,-9.0,Refused
b10rdoby,Partner date of birth - Year,-8.0,Not known
b10rdoby,Partner date of birth - Year,-1.0,Not applicable
b10rage,Partner age,-9.0,Refused
b10rage,Partner age,-8.0,Not known
b10rage,Partner age,-1.0,Not applicable
b10rnowma,Whether married partner,-9.0,Refused
b10rnowma,Whether married partner,-8.0,Not known
b10rnowma,Whether married partner,-1.0,Not applicable
b10rnowma,Whether married partner,1.0,Yes â€“ got married
b10rnowma,Whether married partner,2.0,Yes â€“ formed a civil partnership
b10rnowma,Whether married partner,3.0,No
b10rwhmam,Date of marriage - Month,-9.0,Refused
b10rwhmam,Date of marriage - Month,-8.0,Not known
b10rwhmam,Date of marriage - Month,-1.0,Not applicable
b10rwhmam,Date of marriage - Month,1.0,January
b10rwhmam,Date of marriage - Month,2.0,February
b10rwhmam,Date of marriage - Month,3.0,March
b10rwhmam,Date of marriage - Month,4.0,April
b10rwhmam,Date of marriage - Month,5.0,May
b10rwhmam,Date of marriage - Month,6.0,June
b10rwhmam,Date of marriage - Month,7.0,July
b10rwhmam,Date of marriage - Month,8.0,August
b10rwhmam,Date of marriage - Month,9.0,September
b10rwhmam,Date of marriage - Month,10.0,October
b10rwhmam,Date of marriage - Month,11.0,November
b10rwhmam,Date of marriage - Month,12.0,December
b10rwhmay,Date of marriage - Year,-9.0,Refused
b10rwhmay,Date of marriage - Year,-8.0,Not known
b10rwhmay,Date of marriage - Year,-1.0,Not applicable
b10rslive,Whether still live together as a couple,-9.0,Refused
b10rslive,Whether still live together as a couple,-8.0,Not known
b10rslive,Whether still live together as a couple,-1.0,Not applicable
b10rslive,Whether still live together as a couple,1.0,Yes
b10rslive,Whether still live together as a couple,2.0,No
b10rlivpa,Whether lived with partner continuously,-9.0,Refused
b10rlivpa,Whether lived with partner continuously,-8.0,Not known
b10rlivpa,Whether lived with partner continuously,-1.0,Not applicable
b10rlivpa,Whether lived with partner continuously,1.0,Yes
b10rlivpa,Whether lived with partner continuously,2.0,No
b10rhwend,Whether split up or partner died,-9.0,Refused
b10rhwend,Whether split up or partner died,-8.0,Not known
b10rhwend,Whether split up or partner died,-1.0,Not applicable
b10rhwend,Whether split up or partner died,1.0,No longer a couple
b10rhwend,Whether split up or partner died,2.0,Partner died
b10rhwend,Whether split up or partner died,3.0,Still a couple but not living together
b10rendm,When stopped living together - Month,-9.0,Refused
b10rendm,When stopped living together - Month,-8.0,Not known
b10rendm,When stopped living together - Month,-1.0,Not applicable
b10rendm,When stopped living together - Month,1.0,January
b10rendm,When stopped living together - Month,2.0,February
b10rendm,When stopped living together - Month,3.0,March
b10rendm,When stopped living together - Month,4.0,April
b10rendm,When stopped living together - Month,5.0,May
b10rendm,When stopped living together - Month,6.0,June
b10rendm,When stopped living together - Month,7.0,July
b10rendm,When stopped living together - Month,8.0,August
b10rendm,When stopped living together - Month,9.0,September
b10rendm,When stopped living together - Month,10.0,October
b10rendm,When stopped living together - Month,11.0,November
b10rendm,When stopped living together - Month,12.0,December
b10rendy,When stopped living together - Year,-9.0,Refused
b10rendy,When stopped living together - Year,-8.0,Not known
b10rendy,When stopped living together - Year,-1.0,Not applicable
b10rdivor,Whether divorced,-9.0,Refused
b10rdivor,Whether divorced,-8.0,Not known
b10rdivor,Whether divorced,-1.0,Not applicable
b10rdivor,Whether divorced,1.0,Yes
b10rdivor,Whether divorced,2.0,No
b10rdivm,When divorced - Month,-9.0,Refused
b10rdivm,When divorced - Month,-8.0,Not known
b10rdivm,When divorced - Month,-1.0,Not applicable
b10rdivm,When divorced - Month,1.0,January
b10rdivm,When divorced - Month,2.0,February
b10rdivm,When divorced - Month,3.0,March
b10rdivm,When divorced - Month,4.0,April
b10rdivm,When divorced - Month,5.0,May
b10rdivm,When divorced - Month,6.0,June
b10rdivm,When divorced - Month,7.0,July
b10rdivm,When divorced - Month,8.0,August
b10rdivm,When divorced - Month,9.0,September
b10rdivm,When divorced - Month,10.0,October
b10rdivm,When divorced - Month,11.0,November
b10rdivm,When divorced - Month,12.0,December
b10rdivy,When divorced - Year,-9.0,Refused
b10rdivy,When divorced - Year,-8.0,Not known
b10rdivy,When divorced - Year,-1.0,Not applicable
ff_h_num,HH grid person number,-1.0,Not applicable
ff_h_pslot9,HH grid person swp9 slot,-1.0,Not applicable
ff_h_gender,HH grid person sex,-1.0,Not applicable
ff_h_rel,HH grid person relationship to CM,-1.0,Not applicable
ff_h_alive,Whether known to have died,-1.0,Not applicable
ff_h_live,Whether in household at last interview,-1.0,Not applicable
ff_h_cpart,Whether current partner at last intervew,-1.0,Not applicable
ff_h_unf,HH grid person whether unfinished rel with CM,-1.0,Not applicable
ff_h_dobm,HH Grid person Date of birth - Month,-1.0,Not applicable
ff_h_doby,HH Grid person Date of birth - Year,-1.0,Not applicable
b10rcprev,Whether previous partner,-8.0,No information
b10rcprev,Whether previous partner,-1.0,Not applicable
b10rcprev,Whether previous partner,1.0,Partner at previous interview
b10rcprev,Whether previous partner,2.0,New partner
v3,None,,
avail_from_dt,,,
