variable_name,variable_label,value_value,value_label
study_id_e,,,
b9dchid,Children who died record number,-1.0,Not applicable
b9dchsex,Child's sex,-9.0,Refused
b9dchsex,Child's sex,-8.0,Don't know
b9dchsex,Child's sex,-1.0,Not applicable
b9dchsex,Child's sex,1.0,Male
b9dchsex,Child's sex,2.0,Female
b9dchdbm,Child's DOB Month,-9.0,Refused
b9dchdbm,Child's DOB Month,-8.0,Don't know
b9dchdbm,Child's DOB Month,-1.0,Not applicable
b9dchdbm,Child's DOB Month,1.0,January
b9dchdbm,Child's DOB Month,2.0,February
b9dchdbm,Child's DOB Month,3.0,March
b9dchdbm,Child's DOB Month,4.0,April
b9dchdbm,Child's DOB Month,5.0,May
b9dchdbm,Child's DOB Month,6.0,June
b9dchdbm,Child's DOB Month,7.0,July
b9dchdbm,Child's DOB Month,8.0,August
b9dchdbm,Child's DOB Month,9.0,September
b9dchdbm,Child's DOB Month,10.0,October
b9dchdbm,Child's DOB Month,11.0,November
b9dchdbm,Child's DOB Month,12.0,December
b9dchdby,Child's DOB Year,-9.0,Refused
b9dchdby,Child's DOB Year,-8.0,Don't know
b9dchdby,Child's DOB Year,-1.0,Not applicable
b9dchrtk,Child's relationship to CM,-9.0,Refused
b9dchrtk,Child's relationship to CM,-8.0,Don't know
b9dchrtk,Child's relationship to CM,-1.0,Not applicable
b9dchrtk,Child's relationship to CM,1.0,own child
b9dchrtk,Child's relationship to CM,2.0,adopted child
b9dchrtk,Child's relationship to CM,3.0,child of current spouse/partner
b9dchrtk,Child's relationship to CM,4.0,child of previous spouse/partner
b9dchrtk,Child's relationship to CM,5.0,or fostered child
b9dchrtk,Child's relationship to CM,6.0,Other
b9dchdm,When child died MONTH,-9.0,Refused
b9dchdm,When child died MONTH,-8.0,Don't know
b9dchdm,When child died MONTH,-1.0,Not applicable
b9dchdm,When child died MONTH,1.0,January
b9dchdm,When child died MONTH,2.0,February
b9dchdm,When child died MONTH,3.0,March
b9dchdm,When child died MONTH,4.0,April
b9dchdm,When child died MONTH,5.0,May
b9dchdm,When child died MONTH,6.0,June
b9dchdm,When child died MONTH,7.0,July
b9dchdm,When child died MONTH,8.0,August
b9dchdm,When child died MONTH,9.0,September
b9dchdm,When child died MONTH,10.0,October
b9dchdm,When child died MONTH,11.0,November
b9dchdm,When child died MONTH,12.0,December
b9dchdy,When child died YEAR,-9.0,Refused
b9dchdy,When child died YEAR,-8.0,Don't know
b9dchdy,When child died YEAR,-1.0,Not applicable
v3,None,,
avail_from_dt,,,
