variable_name,variable_label,value_value,value_label
study_id_e,,,
b9abchid,bcs9 person grids position number,,
b9abcord,Absent and older child record number,,
b9noabcr,Absent child responses missing where expected,0.0,Absent child responses as expected
b9noabcr,Absent child responses missing where expected,1.0,Absent child responses missing where expected
b9noldcr,Older child responses missing where expected,0.0,Older child responses as expected
b9noldcr,Older child responses missing where expected,1.0,Older child responses missing where expected
b9abclve,Who absent child lives with,-9.0,Refused
b9abclve,Who absent child lives with,-8.0,Don't know
b9abclve,Who absent child lives with,-3.0,
b9abclve,Who absent child lives with,-1.0,Not applicable
b9abclve,Who absent child lives with,1.0,Alone
b9abclve,Who absent child lives with,2.0,With own spouse/ partner
b9abclve,Who absent child lives with,3.0,With friends
b9abclve,Who absent child lives with,4.0,"W/ flatmates, uni, nurses resid, army"
b9abclve,Who absent child lives with,5.0,With other parent
b9abclve,Who absent child lives with,6.0,With other non-adopting relatives
b9abclve,Who absent child lives with,7.0,With other adopting relatives
b9abclve,Who absent child lives with,8.0,With other non-related adopters
b9abclve,Who absent child lives with,9.0,In local authority care
b9abclve,Who absent child lives with,10.0,In foster care
b9abclve,Who absent child lives with,11.0,In a hostel
b9abclve,Who absent child lives with,12.0,Other
b9abclve,Who absent child lives with,13.0,SPONTANEOUS: Child has died
b9abcg91,How often see absent child,-9.0,Refused
b9abcg91,How often see absent child,-8.0,Don't know
b9abcg91,How often see absent child,-3.0,
b9abcg91,How often see absent child,-1.0,Not applicable
b9abcg91,How often see absent child,1.0,Three or more times a week
b9abcg91,How often see absent child,2.0,Once or twice a week
b9abcg91,How often see absent child,3.0,Once or twice a month
b9abcg91,How often see absent child,4.0,Every few months
b9abcg91,How often see absent child,5.0,Once or twice a year
b9abcg91,How often see absent child,6.0,Less than once a year
b9abcg91,How often see absent child,7.0,Never
b9abch91,Whether regularly contribute money to maintenance,-9.0,Refused
b9abch91,Whether regularly contribute money to maintenance,-8.0,Don't know
b9abch91,Whether regularly contribute money to maintenance,-3.0,
b9abch91,Whether regularly contribute money to maintenance,-1.0,Not applicable
b9abch91,Whether regularly contribute money to maintenance,1.0,Yes
b9abch91,Whether regularly contribute money to maintenance,2.0,No
b9abmaam,Regular maintenance payment - amount,-9.0,Refused
b9abmaam,Regular maintenance payment - amount,-8.0,Don't know
b9abmaam,Regular maintenance payment - amount,-3.0,
b9abmaam,Regular maintenance payment - amount,-1.0,Not applicable
b9abmaip,Regular maintenance payment - period,-9.0,Refused
b9abmaip,Regular maintenance payment - period,-8.0,Don't know
b9abmaip,Regular maintenance payment - period,-3.0,
b9abmaip,Regular maintenance payment - period,-1.0,Not applicable
b9abmaip,Regular maintenance payment - period,1.0,One week
b9abmaip,Regular maintenance payment - period,2.0,Two weeks
b9abmaip,Regular maintenance payment - period,3.0,Three weeks
b9abmaip,Regular maintenance payment - period,4.0,Four weeks
b9abmaip,Regular maintenance payment - period,5.0,Calendar month
b9abmaip,Regular maintenance payment - period,7.0,Two calendar months
b9abmaip,Regular maintenance payment - period,8.0,Eight times a year
b9abmaip,Regular maintenance payment - period,9.0,Nine times a year
b9abmaip,Regular maintenance payment - period,10.0,Ten times a year
b9abmaip,Regular maintenance payment - period,13.0,Three months/13 weeks
b9abmaip,Regular maintenance payment - period,26.0,Six months/26 weeks
b9abmaip,Regular maintenance payment - period,52.0,One year/12 months/52 weeks
b9abmaip,Regular maintenance payment - period,90.0,Less than one week
b9abmaip,Regular maintenance payment - period,95.0,Lump sum/one off
b9abmaip,Regular maintenance payment - period,96.0,None of these
b9abmaip,Regular maintenance payment - period,99.0,na
b9abact,Economic activity of older child,-9.0,Refused
b9abact,Economic activity of older child,-8.0,Don't know
b9abact,Economic activity of older child,-3.0,
b9abact,Economic activity of older child,-1.0,Not applicable
b9abact,Economic activity of older child,1.0,F/t paid employee (30 or more hrs/wk)
b9abact,Economic activity of older child,2.0,P/t paid employee (< 30 hrs/wk)
b9abact,Economic activity of older child,3.0,Full-time self-employed
b9abact,Economic activity of older child,4.0,Part-time self-employed
b9abact,Economic activity of older child,5.0,Unemployed and seeking work
b9abact,Economic activity of older child,6.0,Full-time education
b9abact,Economic activity of older child,7.0,Part-time education
b9abact,Economic activity of older child,8.0,On gov scheme for employment training
b9abact,Economic activity of older child,9.0,Temporarily sick/disabled
b9abact,Economic activity of older child,10.0,Permanently sick/disabled
b9abact,Economic activity of older child,11.0,Looking after home/family
b9abact,Economic activity of older child,12.0,Other (SPECIFY)
b9ablftd,Age older child left full time eductaion,-9.0,Refused
b9ablftd,Age older child left full time eductaion,-8.0,Don't know
b9ablftd,Age older child left full time eductaion,-3.0,
b9ablftd,Age older child left full time eductaion,-2.0,Not asked due to script error
b9ablftd,Age older child left full time eductaion,-1.0,Not applicable
b9abqc01,Older child qualification - Higher degree (Masters or PhD),-3.0,
b9abqc01,Older child qualification - Higher degree (Masters or PhD),-1.0,Not applicable
b9abqc01,Older child qualification - Higher degree (Masters or PhD),0.0,No
b9abqc01,Older child qualification - Higher degree (Masters or PhD),1.0,Yes
b9abqc02,Older child qualification - Postgraduate diplomas including PGCE,-3.0,
b9abqc02,Older child qualification - Postgraduate diplomas including PGCE,-1.0,Not applicable
b9abqc02,Older child qualification - Postgraduate diplomas including PGCE,0.0,No
b9abqc02,Older child qualification - Postgraduate diplomas including PGCE,1.0,Yes
b9abqc03,Older child qualification - Degree (BA,-3.0,
b9abqc03,Older child qualification - Degree (BA,-1.0,Not applicable
b9abqc03,Older child qualification - Degree (BA,0.0,No
b9abqc03,Older child qualification - Degree (BA,1.0,Yes
b9abqc04,Older child qual - Prof quals at degree level e.g. grad member prof inst etc.,-3.0,
b9abqc04,Older child qual - Prof quals at degree level e.g. grad member prof inst etc.,-1.0,Not applicable
b9abqc04,Older child qual - Prof quals at degree level e.g. grad member prof inst etc.,0.0,No
b9abqc04,Older child qual - Prof quals at degree level e.g. grad member prof inst etc.,1.0,Yes
b9abqc05,Older child qual - A Level/ AS level/ Scottish Highers,-3.0,
b9abqc05,Older child qual - A Level/ AS level/ Scottish Highers,-1.0,Not applicable
b9abqc05,Older child qual - A Level/ AS level/ Scottish Highers,0.0,No
b9abqc05,Older child qual - A Level/ AS level/ Scottish Highers,1.0,Yes
b9abqc06,Older child qualification - GCSE/ O level / SCE Standard,-3.0,
b9abqc06,Older child qualification - GCSE/ O level / SCE Standard,-1.0,Not applicable
b9abqc06,Older child qualification - GCSE/ O level / SCE Standard,0.0,No
b9abqc06,Older child qualification - GCSE/ O level / SCE Standard,1.0,Yes
b9abqc07,Older child qualification - Vocational qualifications (e.g. NVQ),-3.0,
b9abqc07,Older child qualification - Vocational qualifications (e.g. NVQ),-1.0,Not applicable
b9abqc07,Older child qualification - Vocational qualifications (e.g. NVQ),0.0,No
b9abqc07,Older child qualification - Vocational qualifications (e.g. NVQ),1.0,Yes
b9abqc08,Older child qualification - Higher education diploma,-3.0,
b9abqc08,Older child qualification - Higher education diploma,-1.0,Not applicable
b9abqc08,Older child qualification - Higher education diploma,0.0,No
b9abqc08,Older child qualification - Higher education diploma,1.0,Yes
b9abqc09,Older child qualification - Nursing or paramedical qualifications,-3.0,
b9abqc09,Older child qualification - Nursing or paramedical qualifications,-1.0,Not applicable
b9abqc09,Older child qualification - Nursing or paramedical qualifications,0.0,No
b9abqc09,Older child qualification - Nursing or paramedical qualifications,1.0,Yes
b9abqc10,Older child qualification - Other qualifications,-3.0,
b9abqc10,Older child qualification - Other qualifications,-1.0,Not applicable
b9abqc10,Older child qualification - Other qualifications,0.0,No
b9abqc10,Older child qualification - Other qualifications,1.0,Yes
b9abqc11,Older child qualification - No qualifications,-3.0,
b9abqc11,Older child qualification - No qualifications,-1.0,Not applicable
b9abqc11,Older child qualification - No qualifications,0.0,No
b9abqc11,Older child qualification - No qualifications,1.0,Yes
b9abqc12,Older child qualification - Don't know,-3.0,
b9abqc12,Older child qualification - Don't know,-1.0,Not applicable
b9abqc12,Older child qualification - Don't know,0.0,No
b9abqc12,Older child qualification - Don't know,1.0,Yes
b9abqc13,Older child qualification - Refused,-3.0,
b9abqc13,Older child qualification - Refused,-1.0,Not applicable
b9abqc13,Older child qualification - Refused,0.0,No
b9abqc13,Older child qualification - Refused,1.0,Yes
b9abqcdr,Older child highest qualification - DR only,-9.0,Refused
b9abqcdr,Older child highest qualification - DR only,-8.0,Don't know
b9abqcdr,Older child highest qualification - DR only,-3.0,
b9abqcdr,Older child highest qualification - DR only,-1.0,Not applicable
b9abqcdr,Older child highest qualification - DR only,1.0,GCSE
b9abqcdr,Older child highest qualification - DR only,2.0,GCE O Level
b9abqcdr,Older child highest qualification - DR only,3.0,A/S Level
b9abqcdr,Older child highest qualification - DR only,4.0,GCE A Level (or S Level)
b9abqcdr,Older child highest qualification - DR only,5.0,"Scot Sch Cert,Higher, Scot Sch qual"
b9abqcdr,Older child highest qualification - DR only,6.0,Diploma of Higher Education
b9abqcdr,Older child highest qualification - DR only,7.0,"Degree (e.g. BA, BSc)"
b9abqcdr,Older child highest qualification - DR only,8.0,Other degree level qualification
b9abqcdr,Older child highest qualification - DR only,9.0,"Higher degree (e.g. PhD, MSc)"
b9abqcdr,Older child highest qualification - DR only,10.0,Nursing or other para-medical qual.
b9abqcdr,Older child highest qualification - DR only,11.0,PGCE - Post-grad Certificate of Educ.
b9abqcdr,Older child highest qualification - DR only,12.0,Other teaching qualification
b9abqcdr,Older child highest qualification - DR only,13.0,None of these
b9abchms,Older child marital status,2.0,"Married, 1st and only marriage"
b9abchms,Older child marital status,3.0,"Remarried, 2nd or later marriage"
b9abchms,Older child marital status,4.0,Divorced
b9abchms,Older child marital status,5.0,Widowed
b9abchms,Older child marital status,6.0,A Civil Partner in a leg.recog. CP
b9abchms,Older child marital status,7.0,Former Civil Part(CP legal dissolved)
b9abchms,Older child marital status,8.0,A surviving Civil Partner(CP died)
b9abchms,Older child marital status,9.0,Single and never married or in a CP
b9abchms,Older child marital status,-9.0,Refused
b9abchms,Older child marital status,-8.0,Don't know
b9abchms,Older child marital status,-3.0,
b9abchms,Older child marital status,-1.0,Not applicable
b9abchms,Older child marital status,1.0,Legally separated
b9abcfmy,When older child got married - year or age,-9.0,Refused
b9abcfmy,When older child got married - year or age,-8.0,Don't know
b9abcfmy,When older child got married - year or age,-3.0,
b9abcfmy,When older child got married - year or age,-1.0,Not applicable
b9abchfm,When older child got married - ANSWER FORMAT,-3.0,
b9abchfm,When older child got married - ANSWER FORMAT,-1.0,Not applicable
b9abchfm,When older child got married - ANSWER FORMAT,1.0,please select
b9abchfm,When older child got married - ANSWER FORMAT,2.0,Year given
b9abchfm,When older child got married - ANSWER FORMAT,3.0,Age given
b9abevch,Whether older child has had chilldren,-9.0,Refused
b9abevch,Whether older child has had chilldren,-8.0,Don't know
b9abevch,Whether older child has had chilldren,-3.0,
b9abevch,Whether older child has had chilldren,-1.0,Not applicable
b9abevch,Whether older child has had chilldren,1.0,Yes
b9abevch,Whether older child has had chilldren,2.0,No
b9abcncy,When older child had first child (year or age),-9.0,Refused
b9abcncy,When older child had first child (year or age),-8.0,Don't know
b9abcncy,When older child had first child (year or age),-3.0,
b9abcncy,When older child had first child (year or age),-1.0,Not applicable
b9abchyr,When older child had first child - answer format,-8.0,Don't know
b9abchyr,When older child had first child - answer format,-3.0,
b9abchyr,When older child had first child - answer format,-1.0,Not applicable
b9abchyr,When older child had first child - answer format,1.0,Year given
b9abchyr,When older child had first child - answer format,2.0,Age given
b9abmet1,Entry point into ABM1 brackets,-3.0,
b9abmet1,Entry point into ABM1 brackets,-1.0,Not applicable
b9abma1,Maintenance payment: more or less than Â£50 a week,-9.0,Refused
b9abma1,Maintenance payment: more or less than Â£50 a week,-8.0,Don't know
b9abma1,Maintenance payment: more or less than Â£50 a week,-3.0,
b9abma1,Maintenance payment: more or less than Â£50 a week,-1.0,Not applicable
b9abma1,Maintenance payment: more or less than Â£50 a week,1.0,Less than Â£50
b9abma1,Maintenance payment: more or less than Â£50 a week,2.0,About Â£50
b9abma1,Maintenance payment: more or less than Â£50 a week,3.0,More than Â£50
b9abmb1,Maintenance payment: more or less than Â£75 a week,-9.0,Refused
b9abmb1,Maintenance payment: more or less than Â£75 a week,-8.0,Don't know
b9abmb1,Maintenance payment: more or less than Â£75 a week,-3.0,
b9abmb1,Maintenance payment: more or less than Â£75 a week,-1.0,Not applicable
b9abmb1,Maintenance payment: more or less than Â£75 a week,1.0,Less than Â£75
b9abmb1,Maintenance payment: more or less than Â£75 a week,2.0,About Â£75
b9abmb1,Maintenance payment: more or less than Â£75 a week,3.0,More than Â£75
b9abmc1,Maintenance payment: more or less than Â£100 a week,-9.0,Refused
b9abmc1,Maintenance payment: more or less than Â£100 a week,-8.0,Don't know
b9abmc1,Maintenance payment: more or less than Â£100 a week,-3.0,
b9abmc1,Maintenance payment: more or less than Â£100 a week,-1.0,Not applicable
b9abmc1,Maintenance payment: more or less than Â£100 a week,1.0,Less than Â£100
b9abmc1,Maintenance payment: more or less than Â£100 a week,2.0,About Â£100
b9abmc1,Maintenance payment: more or less than Â£100 a week,3.0,More than Â£100
b9abmd1,Maintenance payment: more or less than Â£150 a week,-9.0,Refused
b9abmd1,Maintenance payment: more or less than Â£150 a week,-8.0,Don't know
b9abmd1,Maintenance payment: more or less than Â£150 a week,-3.0,
b9abmd1,Maintenance payment: more or less than Â£150 a week,-1.0,Not applicable
b9abmd1,Maintenance payment: more or less than Â£150 a week,1.0,Less than Â£150
b9abmd1,Maintenance payment: more or less than Â£150 a week,2.0,About Â£150
b9abmd1,Maintenance payment: more or less than Â£150 a week,3.0,More than Â£150
b9abmmn1,Weekly maintenance payment - lower bound,-3.0,
b9abmmn1,Weekly maintenance payment - lower bound,-1.0,Not applicable
b9abmmx1,Weekly maintenance payment - upper bound,-3.0,
b9abmmx1,Weekly maintenance payment - upper bound,-1.0,Not applicable
b9abman1,Whether answered ABM1 unfolding brackets questions,-3.0,
b9abman1,Whether answered ABM1 unfolding brackets questions,-1.0,Not applicable
b9abman1,Whether answered ABM1 unfolding brackets questions,1.0,Completed brackets response
b9abman1,Whether answered ABM1 unfolding brackets questions,2.0,DK to first bracket question
b9abman1,Whether answered ABM1 unfolding brackets questions,3.0,REF to first bracket question
b9abman1,Whether answered ABM1 unfolding brackets questions,4.0,DK to later bracket question
b9abman1,Whether answered ABM1 unfolding brackets questions,5.0,REF to later bracket question
b9abmet2,Entry point into ABM2 brackets,-3.0,
b9abmet2,Entry point into ABM2 brackets,-1.0,Not applicable
b9abma2,Maintenance payment: more or less than Â£100 a fortnight,-9.0,Refused
b9abma2,Maintenance payment: more or less than Â£100 a fortnight,-8.0,Don't know
b9abma2,Maintenance payment: more or less than Â£100 a fortnight,-3.0,
b9abma2,Maintenance payment: more or less than Â£100 a fortnight,-1.0,Not applicable
b9abma2,Maintenance payment: more or less than Â£100 a fortnight,1.0,Less than Â£100
b9abma2,Maintenance payment: more or less than Â£100 a fortnight,2.0,About Â£100
b9abma2,Maintenance payment: more or less than Â£100 a fortnight,3.0,More than Â£100
b9abmb2,Maintenance payment: more or less than Â£150 a fortnight,-9.0,Refused
b9abmb2,Maintenance payment: more or less than Â£150 a fortnight,-8.0,Don't know
b9abmb2,Maintenance payment: more or less than Â£150 a fortnight,-3.0,
b9abmb2,Maintenance payment: more or less than Â£150 a fortnight,-1.0,Not applicable
b9abmb2,Maintenance payment: more or less than Â£150 a fortnight,1.0,Less than Â£150
b9abmb2,Maintenance payment: more or less than Â£150 a fortnight,2.0,About Â£150
b9abmb2,Maintenance payment: more or less than Â£150 a fortnight,3.0,More than Â£150
b9abmc2,Maintenance payment: more or less than Â£200 a fortnight,-9.0,Refused
b9abmc2,Maintenance payment: more or less than Â£200 a fortnight,-8.0,Don't know
b9abmc2,Maintenance payment: more or less than Â£200 a fortnight,-3.0,
b9abmc2,Maintenance payment: more or less than Â£200 a fortnight,-1.0,Not applicable
b9abmc2,Maintenance payment: more or less than Â£200 a fortnight,1.0,Less than Â£200
b9abmc2,Maintenance payment: more or less than Â£200 a fortnight,2.0,About Â£200
b9abmc2,Maintenance payment: more or less than Â£200 a fortnight,3.0,More than Â£200
b9abmd2,Maintenance payment: more or less than Â£300 a fortnight,-9.0,Refused
b9abmd2,Maintenance payment: more or less than Â£300 a fortnight,-8.0,Don't know
b9abmd2,Maintenance payment: more or less than Â£300 a fortnight,-3.0,
b9abmd2,Maintenance payment: more or less than Â£300 a fortnight,-1.0,Not applicable
b9abmd2,Maintenance payment: more or less than Â£300 a fortnight,1.0,Less than Â£300
b9abmd2,Maintenance payment: more or less than Â£300 a fortnight,2.0,About Â£300
b9abmd2,Maintenance payment: more or less than Â£300 a fortnight,3.0,More than Â£300
b9abmmn2,Fortnightly maintenance payment - lower bound,-3.0,
b9abmmn2,Fortnightly maintenance payment - lower bound,-1.0,Not applicable
b9abmmx2,Fortnightly maintenance payment - upper bound,-3.0,
b9abmmx2,Fortnightly maintenance payment - upper bound,-1.0,Not applicable
b9abman2,Whether answered ABM2 unfolding brackets questions,-3.0,
b9abman2,Whether answered ABM2 unfolding brackets questions,-1.0,Not applicable
b9abman2,Whether answered ABM2 unfolding brackets questions,1.0,Completed brackets response
b9abman2,Whether answered ABM2 unfolding brackets questions,2.0,DK to first bracket question
b9abman2,Whether answered ABM2 unfolding brackets questions,3.0,REF to first bracket question
b9abman2,Whether answered ABM2 unfolding brackets questions,4.0,DK to later bracket question
b9abman2,Whether answered ABM2 unfolding brackets questions,5.0,REF to later bracket question
b9abmet3,Entry point into ABM3 brackets,-3.0,
b9abmet3,Entry point into ABM3 brackets,-1.0,Not applicable
b9abma3,Maintenance payment: more or less than Â£200 a month,-9.0,Refused
b9abma3,Maintenance payment: more or less than Â£200 a month,-8.0,Don't know
b9abma3,Maintenance payment: more or less than Â£200 a month,-3.0,
b9abma3,Maintenance payment: more or less than Â£200 a month,-1.0,Not applicable
b9abma3,Maintenance payment: more or less than Â£200 a month,1.0,Less than Â£200
b9abma3,Maintenance payment: more or less than Â£200 a month,2.0,About Â£200
b9abma3,Maintenance payment: more or less than Â£200 a month,3.0,More than Â£200
b9abmb3,Maintenance payment: more or less than Â£300 a month,-9.0,Refused
b9abmb3,Maintenance payment: more or less than Â£300 a month,-8.0,Don't know
b9abmb3,Maintenance payment: more or less than Â£300 a month,-3.0,
b9abmb3,Maintenance payment: more or less than Â£300 a month,-1.0,Not applicable
b9abmb3,Maintenance payment: more or less than Â£300 a month,1.0,Less than Â£300
b9abmb3,Maintenance payment: more or less than Â£300 a month,2.0,About Â£300
b9abmb3,Maintenance payment: more or less than Â£300 a month,3.0,More than Â£300
b9abmc3,Maintenance payment: more or less than Â£400 a month,-9.0,Refused
b9abmc3,Maintenance payment: more or less than Â£400 a month,-8.0,Don't know
b9abmc3,Maintenance payment: more or less than Â£400 a month,-3.0,
b9abmc3,Maintenance payment: more or less than Â£400 a month,-1.0,Not applicable
b9abmc3,Maintenance payment: more or less than Â£400 a month,1.0,Less than Â£400
b9abmc3,Maintenance payment: more or less than Â£400 a month,2.0,About Â£400
b9abmc3,Maintenance payment: more or less than Â£400 a month,3.0,More than Â£400
b9abmd3,Maintenance payment: more or less than Â£600 a month,-9.0,Refused
b9abmd3,Maintenance payment: more or less than Â£600 a month,-8.0,Don't know
b9abmd3,Maintenance payment: more or less than Â£600 a month,-3.0,
b9abmd3,Maintenance payment: more or less than Â£600 a month,-1.0,Not applicable
b9abmd3,Maintenance payment: more or less than Â£600 a month,1.0,Less than Â£600
b9abmd3,Maintenance payment: more or less than Â£600 a month,2.0,About Â£600
b9abmd3,Maintenance payment: more or less than Â£600 a month,3.0,More than Â£600
b9abmmn3,Monthly maintenance payment - lower bound,-3.0,
b9abmmn3,Monthly maintenance payment - lower bound,-1.0,Not applicable
b9abmmx3,Monthly maintenance payment - upper bound,-3.0,
b9abmmx3,Monthly maintenance payment - upper bound,-1.0,Not applicable
b9abman3,Whether answered ABM3 unfolding brackets questions,-3.0,
b9abman3,Whether answered ABM3 unfolding brackets questions,-1.0,Not applicable
b9abman3,Whether answered ABM3 unfolding brackets questions,1.0,Completed brackets response
b9abman3,Whether answered ABM3 unfolding brackets questions,2.0,DK to first bracket question
b9abman3,Whether answered ABM3 unfolding brackets questions,3.0,REF to first bracket question
b9abman3,Whether answered ABM3 unfolding brackets questions,4.0,DK to later bracket question
b9abman3,Whether answered ABM3 unfolding brackets questions,5.0,REF to later bracket question
b9abmet4,Entry point into ABM4 brackets,-3.0,
b9abmet4,Entry point into ABM4 brackets,-1.0,Not applicable
b9abma4,Maintenance payment: more or less than Â£2,2.0,About Â£2500
b9abma4,Maintenance payment: more or less than Â£2,3.0,More than Â£2500
b9abma4,Maintenance payment: more or less than Â£2,-9.0,Refused
b9abma4,Maintenance payment: more or less than Â£2,-8.0,Don't know
b9abma4,Maintenance payment: more or less than Â£2,-3.0,
b9abma4,Maintenance payment: more or less than Â£2,-1.0,Not applicable
b9abma4,Maintenance payment: more or less than Â£2,1.0,Less than Â£2500
b9abmb4,Maintenance payment: more or less than Â£3,-9.0,Refused
b9abmb4,Maintenance payment: more or less than Â£3,-8.0,Don't know
b9abmb4,Maintenance payment: more or less than Â£3,-3.0,
b9abmb4,Maintenance payment: more or less than Â£3,-1.0,Not applicable
b9abmb4,Maintenance payment: more or less than Â£3,1.0,Less than Â£3500
b9abmb4,Maintenance payment: more or less than Â£3,2.0,About Â£3500
b9abmb4,Maintenance payment: more or less than Â£3,3.0,More than Â£3500
b9abmc4,Maintenance payment: more or less than Â£5,-9.0,Refused
b9abmc4,Maintenance payment: more or less than Â£5,-8.0,Don't know
b9abmc4,Maintenance payment: more or less than Â£5,-3.0,
b9abmc4,Maintenance payment: more or less than Â£5,-1.0,Not applicable
b9abmc4,Maintenance payment: more or less than Â£5,1.0,Less than Â£5000
b9abmc4,Maintenance payment: more or less than Â£5,2.0,About Â£5000
b9abmc4,Maintenance payment: more or less than Â£5,3.0,More than Â£5000
b9abmd4,Maintenance payment: more or less than Â£7,-9.0,Refused
b9abmd4,Maintenance payment: more or less than Â£7,-8.0,Don't know
b9abmd4,Maintenance payment: more or less than Â£7,-3.0,
b9abmd4,Maintenance payment: more or less than Â£7,-1.0,Not applicable
b9abmd4,Maintenance payment: more or less than Â£7,1.0,Less than Â£7000
b9abmd4,Maintenance payment: more or less than Â£7,2.0,About Â£7000
b9abmd4,Maintenance payment: more or less than Â£7,3.0,More than Â£7000
b9abmmn4,Yearly maintenance payment - lower bound,-3.0,
b9abmmn4,Yearly maintenance payment - lower bound,-1.0,Not applicable
b9abmmx4,Yearly maintenance payment - upper bound,-3.0,
b9abmmx4,Yearly maintenance payment - upper bound,-1.0,Not applicable
b9abman4,Whether answered ABM4 unfolding brackets questions,-3.0,
b9abman4,Whether answered ABM4 unfolding brackets questions,-1.0,Not applicable
b9abman4,Whether answered ABM4 unfolding brackets questions,1.0,Completed brackets response
b9abman4,Whether answered ABM4 unfolding brackets questions,2.0,DK to first bracket question
b9abman4,Whether answered ABM4 unfolding brackets questions,3.0,REF to first bracket question
b9abman4,Whether answered ABM4 unfolding brackets questions,4.0,DK to later bracket question
b9abman4,Whether answered ABM4 unfolding brackets questions,5.0,REF to later bracket question
b9abmet5,Entry point into ABM5 brackets,-3.0,
b9abmet5,Entry point into ABM5 brackets,-1.0,Not applicable
b9abma5,Maintenance payment: more or less than Â£200 a month,-9.0,Refused
b9abma5,Maintenance payment: more or less than Â£200 a month,-8.0,Don't know
b9abma5,Maintenance payment: more or less than Â£200 a month,-3.0,
b9abma5,Maintenance payment: more or less than Â£200 a month,-1.0,Not applicable
b9abma5,Maintenance payment: more or less than Â£200 a month,1.0,Less than Â£200
b9abma5,Maintenance payment: more or less than Â£200 a month,2.0,About Â£200
b9abma5,Maintenance payment: more or less than Â£200 a month,3.0,More than Â£200
b9abmb5,Maintenance payment: more or less than Â£300 a month,-9.0,Refused
b9abmb5,Maintenance payment: more or less than Â£300 a month,-8.0,Don't know
b9abmb5,Maintenance payment: more or less than Â£300 a month,-3.0,
b9abmb5,Maintenance payment: more or less than Â£300 a month,-1.0,Not applicable
b9abmb5,Maintenance payment: more or less than Â£300 a month,1.0,Less than Â£300
b9abmb5,Maintenance payment: more or less than Â£300 a month,2.0,About Â£300
b9abmb5,Maintenance payment: more or less than Â£300 a month,3.0,More than Â£300
b9abmc5,Maintenance payment: more or less than Â£400 a month,-9.0,Refused
b9abmc5,Maintenance payment: more or less than Â£400 a month,-8.0,Don't know
b9abmc5,Maintenance payment: more or less than Â£400 a month,-3.0,
b9abmc5,Maintenance payment: more or less than Â£400 a month,-1.0,Not applicable
b9abmc5,Maintenance payment: more or less than Â£400 a month,1.0,Less than Â£400
b9abmc5,Maintenance payment: more or less than Â£400 a month,2.0,About Â£400
b9abmc5,Maintenance payment: more or less than Â£400 a month,3.0,More than Â£400
b9abmd5,Maintenance payment: more or less than Â£600 a month,-9.0,Refused
b9abmd5,Maintenance payment: more or less than Â£600 a month,-8.0,Don't know
b9abmd5,Maintenance payment: more or less than Â£600 a month,-3.0,
b9abmd5,Maintenance payment: more or less than Â£600 a month,-1.0,Not applicable
b9abmd5,Maintenance payment: more or less than Â£600 a month,1.0,Less than Â£600
b9abmd5,Maintenance payment: more or less than Â£600 a month,2.0,About Â£600
b9abmd5,Maintenance payment: more or less than Â£600 a month,3.0,More than Â£600
b9abmmn5,Monthly maintenance payment - lower bound,-3.0,
b9abmmn5,Monthly maintenance payment - lower bound,-1.0,Not applicable
b9abmmx5,Monthly maintenance payment - upper bound,-3.0,
b9abmmx5,Monthly maintenance payment - upper bound,-1.0,Not applicable
b9abman5,Whether answered ABM5 unfolding brackets questions,-3.0,
b9abman5,Whether answered ABM5 unfolding brackets questions,-1.0,Not applicable
b9abman5,Whether answered ABM5 unfolding brackets questions,1.0,Completed brackets response
b9abman5,Whether answered ABM5 unfolding brackets questions,2.0,DK to first bracket question
b9abman5,Whether answered ABM5 unfolding brackets questions,3.0,REF to first bracket question
b9abman5,Whether answered ABM5 unfolding brackets questions,4.0,DK to later bracket question
b9abman5,Whether answered ABM5 unfolding brackets questions,5.0,REF to later bracket question
v3,None,,
avail_from_dt,,,
