variable_name,variable_label,value_value,value_label
study_id_e,,,
b9relhid,Relationship history record number,,
b9rnrany,Whether lived with anyone as a couple since last period,-9.0,Refused
b9rnrany,Whether lived with anyone as a couple since last period,-8.0,Don't know
b9rnrany,Whether lived with anyone as a couple since last period,-1.0,Not applicable
b9rnrany,Whether lived with anyone as a couple since last period,1.0,Yes
b9rnrany,Whether lived with anyone as a couple since last period,2.0,No
b9rstm,When started living together - month,-9.0,Refused
b9rstm,When started living together - month,-8.0,Don't know
b9rstm,When started living together - month,-1.0,Not applicable
b9rstm,When started living together - month,0.0,Before 2000
b9rstm,When started living together - month,1.0,January
b9rstm,When started living together - month,2.0,February
b9rstm,When started living together - month,3.0,March
b9rstm,When started living together - month,4.0,April
b9rstm,When started living together - month,5.0,May
b9rstm,When started living together - month,6.0,June
b9rstm,When started living together - month,7.0,July
b9rstm,When started living together - month,8.0,August
b9rstm,When started living together - month,9.0,September
b9rstm,When started living together - month,10.0,October
b9rstm,When started living together - month,11.0,November
b9rstm,When started living together - month,12.0,December
b9rsty,When started living together - year,-9.0,Refused
b9rsty,When started living together - year,-8.0,Don't know
b9rsty,When started living together - year,-1.0,Not applicable
b9rsty,When started living together - year,0.0,Before 2000
b9rcprev,Whether previous partner,-1.0,Not applicable
b9rcprev,Whether previous partner,1.0,{Person}
b9rcprev,Whether previous partner,2.0,{Person}
b9rcprev,Whether previous partner,3.0,{Person}
b9rcprev,Whether previous partner,4.0,{Person}
b9rcprev,Whether previous partner,5.0,{Person}
b9rcprev,Whether previous partner,6.0,{Person}
b9rcprev,Whether previous partner,7.0,{Person}
b9rcprev,Whether previous partner,8.0,{Person}
b9rcprev,Whether previous partner,9.0,{Person}
b9rcprev,Whether previous partner,10.0,{Person}
b9rcprev,Whether previous partner,11.0,{Person}
b9rcprev,Whether previous partner,12.0,{Person}
b9rcprev,Whether previous partner,13.0,{Person}
b9rcprev,Whether previous partner,14.0,{Person}
b9rcprev,Whether previous partner,15.0,{Person}
b9rcprev,Whether previous partner,16.0,{Person}
b9rcprev,Whether previous partner,17.0,{Person}
b9rcprev,Whether previous partner,18.0,{Person}
b9rcprev,Whether previous partner,19.0,{Person}
b9rcprev,Whether previous partner,20.0,{Person}
b9rcprev,Whether previous partner,21.0,{Person}
b9rcprev,Whether previous partner,22.0,{Person}
b9rcprev,Whether previous partner,23.0,{Person}
b9rcprev,Whether previous partner,24.0,{Person}
b9rcprev,Whether previous partner,25.0,{Person}
b9rcprev,Whether previous partner,26.0,{Person}
b9rcprev,Whether previous partner,27.0,New Partner (enter name)
b9rcprev,Whether previous partner,28.0,None of these
b9rdet1,All details correct,-1.0,Not applicable
b9rdet1,All details correct,0.0,No
b9rdet1,All details correct,1.0,Yes
b9rdet2,Gender is incorrect,-1.0,Not applicable
b9rdet2,Gender is incorrect,0.0,No
b9rdet2,Gender is incorrect,1.0,Yes
b9rdet3,Date of birth is incorrect,-1.0,Not applicable
b9rdet3,Date of birth is incorrect,0.0,No
b9rdet3,Date of birth is incorrect,1.0,Yes
b9rsex,Partner sex,-1.0,Not applicable
b9rsex,Partner sex,1.0,Male
b9rsex,Partner sex,2.0,Female
b9rdobm,Partner month of birth,-9.0,Refused
b9rdobm,Partner month of birth,-8.0,Don't know
b9rdobm,Partner month of birth,-1.0,Not applicable
b9rdobm,Partner month of birth,1.0,January
b9rdobm,Partner month of birth,2.0,February
b9rdobm,Partner month of birth,3.0,March
b9rdobm,Partner month of birth,4.0,April
b9rdobm,Partner month of birth,5.0,May
b9rdobm,Partner month of birth,6.0,June
b9rdobm,Partner month of birth,7.0,July
b9rdobm,Partner month of birth,8.0,August
b9rdobm,Partner month of birth,9.0,September
b9rdobm,Partner month of birth,10.0,October
b9rdobm,Partner month of birth,11.0,November
b9rdobm,Partner month of birth,12.0,December
b9rdobm,Partner month of birth,13.0,na
b9rdoby,Partner year of birth,-9.0,Refused
b9rdoby,Partner year of birth,-8.0,Don't know
b9rdoby,Partner year of birth,-1.0,Not applicable
b9rage,Partner age,-9.0,Refused
b9rage,Partner age,-8.0,Don't know
b9rage,Partner age,-1.0,Not applicable
b9rnowma,Whether married partner,-9.0,Refused
b9rnowma,Whether married partner,-8.0,Don't know
b9rnowma,Whether married partner,-1.0,Not applicable
b9rnowma,Whether married partner,1.0,Yes
b9rnowma,Whether married partner,2.0,No
b9rwhmam,Date of marriage - month,-9.0,Refused
b9rwhmam,Date of marriage - month,-8.0,Don't know
b9rwhmam,Date of marriage - month,-1.0,Not applicable
b9rwhmam,Date of marriage - month,0.0,Before 2000
b9rwhmam,Date of marriage - month,1.0,January
b9rwhmam,Date of marriage - month,2.0,February
b9rwhmam,Date of marriage - month,3.0,March
b9rwhmam,Date of marriage - month,4.0,April
b9rwhmam,Date of marriage - month,5.0,May
b9rwhmam,Date of marriage - month,6.0,June
b9rwhmam,Date of marriage - month,7.0,July
b9rwhmam,Date of marriage - month,8.0,August
b9rwhmam,Date of marriage - month,9.0,September
b9rwhmam,Date of marriage - month,10.0,October
b9rwhmam,Date of marriage - month,11.0,November
b9rwhmam,Date of marriage - month,12.0,December
b9rwhmay,Date of marriage - year,-9.0,Refused
b9rwhmay,Date of marriage - year,-8.0,Don't know
b9rwhmay,Date of marriage - year,-1.0,Not applicable
b9rwhmay,Date of marriage - year,0.0,Before 2000
b9rslive,Whether still live together as a couple,-9.0,Refused
b9rslive,Whether still live together as a couple,-8.0,Don't know
b9rslive,Whether still live together as a couple,-1.0,Not applicable
b9rslive,Whether still live together as a couple,1.0,Yes
b9rslive,Whether still live together as a couple,2.0,No
b9rlivpa,Whether lived with partner continuously,-9.0,Refused
b9rlivpa,Whether lived with partner continuously,-8.0,Don't know
b9rlivpa,Whether lived with partner continuously,-1.0,Not applicable
b9rlivpa,Whether lived with partner continuously,1.0,Yes
b9rlivpa,Whether lived with partner continuously,2.0,No
b9rhwend,Whether split up or partner died,-9.0,Refused
b9rhwend,Whether split up or partner died,-8.0,Don't know
b9rhwend,Whether split up or partner died,-1.0,Not applicable
b9rhwend,Whether split up or partner died,1.0,Couple separated or divorced
b9rhwend,Whether split up or partner died,2.0,Partner died
b9rhwend,Whether split up or partner died,3.0,SPONT-Remain couple but x live tog
b9rendm,When stopped living together - month,-9.0,Refused
b9rendm,When stopped living together - month,-8.0,Don't know
b9rendm,When stopped living together - month,-1.0,Not applicable
b9rendm,When stopped living together - month,0.0,Before 2000
b9rendm,When stopped living together - month,1.0,January
b9rendm,When stopped living together - month,2.0,February
b9rendm,When stopped living together - month,3.0,March
b9rendm,When stopped living together - month,4.0,April
b9rendm,When stopped living together - month,5.0,May
b9rendm,When stopped living together - month,6.0,June
b9rendm,When stopped living together - month,7.0,July
b9rendm,When stopped living together - month,8.0,August
b9rendm,When stopped living together - month,9.0,September
b9rendm,When stopped living together - month,10.0,October
b9rendm,When stopped living together - month,11.0,November
b9rendm,When stopped living together - month,12.0,December
b9rendy,When stopped living together - year,-9.0,Refused
b9rendy,When stopped living together - year,-8.0,Don't know
b9rendy,When stopped living together - year,-1.0,Not applicable
b9rendy,When stopped living together - year,0.0,Before 2000
b9rdivor,Whether divorced,-9.0,Refused
b9rdivor,Whether divorced,-8.0,Don't know
b9rdivor,Whether divorced,-1.0,Not applicable
b9rdivor,Whether divorced,1.0,Yes
b9rdivor,Whether divorced,2.0,No
b9rdivm,When divorced - month,-9.0,Refused
b9rdivm,When divorced - month,-8.0,Don't know
b9rdivm,When divorced - month,-1.0,Not applicable
b9rdivm,When divorced - month,0.0,Before 2000
b9rdivm,When divorced - month,1.0,January
b9rdivm,When divorced - month,2.0,February
b9rdivm,When divorced - month,3.0,March
b9rdivm,When divorced - month,4.0,April
b9rdivm,When divorced - month,5.0,May
b9rdivm,When divorced - month,6.0,June
b9rdivm,When divorced - month,7.0,July
b9rdivm,When divorced - month,8.0,August
b9rdivm,When divorced - month,9.0,September
b9rdivm,When divorced - month,10.0,October
b9rdivm,When divorced - month,11.0,November
b9rdivm,When divorced - month,12.0,December
b9rdivy,When divorced - year,-9.0,Refused
b9rdivy,When divorced - year,-8.0,Don't know
b9rdivy,When divorced - year,-1.0,Not applicable
b9rdivy,When divorced - year,0.0,Before 2000
v3,None,,
avail_from_dt,,,
