variable_name,variable_label,value_value,value_label
study_id_e,,,
appdate_attended_ukllc,Appointment Date Attended,,
sex,Sex of Participant,M,male
sex,Sex of Participant,F,Female
gq_eth_der,F1. Ethnicity - 17 categories,1,British
gq_eth_der,F1. Ethnicity - 17 categories,2,Irish
gq_eth_der,F1. Ethnicity - 17 categories,3,other white
gq_eth_der,F1. Ethnicity - 17 categories,4,Wh&Blk Carib
gq_eth_der,F1. Ethnicity - 17 categories,5,Wh&Blk African
gq_eth_der,F1. Ethnicity - 17 categories,6,Wh&Asian
gq_eth_der,F1. Ethnicity - 17 categories,7,mixed
gq_eth_der,F1. Ethnicity - 17 categories,8,India
gq_eth_der,F1. Ethnicity - 17 categories,9,Pakistani
gq_eth_der,F1. Ethnicity - 17 categories,10,Bangladeshi
gq_eth_der,F1. Ethnicity - 17 categories,11,Any Asian
gq_eth_der,F1. Ethnicity - 17 categories,12,Carib
gq_eth_der,F1. Ethnicity - 17 categories,13,Afican
gq_eth_der,F1. Ethnicity - 17 categories,14,any black
gq_eth_der,F1. Ethnicity - 17 categories,15,Chinese
gq_eth_der,F1. Ethnicity - 17 categories,16,any others
gq_eth_der,F1. Ethnicity - 17 categories,17,not stated
gq_eth_der,F1. Ethnicity - 17 categories,-8,not asked (GQ version difference)
gq_eth_der,F1. Ethnicity - 17 categories,-1,left blank
gq_eth_5c_der,F1. Ethnicity - 5 categories,1,White
gq_eth_5c_der,F1. Ethnicity - 5 categories,2,South Asia
gq_eth_5c_der,F1. Ethnicity - 5 categories,3,Blacks
gq_eth_5c_der,F1. Ethnicity - 5 categories,4,East Asia
gq_eth_5c_der,F1. Ethnicity - 5 categories,5,Others
gq_eth_5c_der,F1. Ethnicity - 5 categories,-8,not asked (GQ version difference)
gq_eth_5c_der,F1. Ethnicity - 5 categories,-1,left blank
g_ageattest_attended,Calculated age of participant at first visit; rounded down to whole year.,,
gq_edu_slc_der,C6. School Leaving Certificate,2,ticked
gq_edu_slc_der,C6. School Leaving Certificate,-1,left blank
gq_edu_cse_der,C6. CSE qualification,2,ticked
gq_edu_cse_der,C6. CSE qualification,-1,left blank
gq_edu_gcse_der,C6. O level or GCSE qualification,2,ticked
gq_edu_gcse_der,C6. O level or GCSE qualification,-1,left blank
gq_edu_matricul_der,C6. Matriculation qualification,2,ticked
gq_edu_matricul_der,C6. Matriculation qualification,-1,left blank
gq_edu_alev_der,C6. A level qualification,2,ticked
gq_edu_alev_der,C6. A level qualification,-1,left blank
gq_edu_techcg_der,C6. Technical or C&G qualification,2,ticked
gq_edu_techcg_der,C6. Technical or C&G qualification,-1,left blank
gq_edu_hnd_nvq_der,C6. HND or GNVQ qualification,2,ticked
gq_edu_hnd_nvq_der,C6. HND or GNVQ qualification,-1,left blank
gq_edu_apprentice_der,C6. Completed apprenticeship,2,ticked
gq_edu_apprentice_der,C6. Completed apprenticeship,-1,left blank
gq_edu_secret_der,C6. Secretarial College qualification,2,ticked
gq_edu_secret_der,C6. Secretarial College qualification,-1,left blank
gq_edu_hnc_der,C6. HNC or NVQ qualification,2,ticked
gq_edu_hnc_der,C6. HNC or NVQ qualification,-1,left blank
gq_edu_degree_der,C6. University degree qualification,2,ticked
gq_edu_degree_der,C6. University degree qualification,-1,left blank
gq_edu_trade_der,C6. Trade certificate qualification,2,ticked
gq_edu_trade_der,C6. Trade certificate qualification,-1,left blank
gq_edu_others_der,C6. Other qualifications,2,GCE A level AS level or higher
gq_edu_others_der,C6. Other qualifications,3,Secretarial coll exams
gq_edu_others_der,C6. Other qualifications,4,CSE
gq_edu_others_der,C6. Other qualifications,5,Technical coll exams city and guilds
gq_edu_others_der,C6. Other qualifications,6,Teaching diploma HNC NVQ
gq_edu_others_der,C6. Other qualifications,7,GCE O level or GCSE
gq_edu_others_der,C6. Other qualifications,8,HND GNVQ
gq_edu_others_der,C6. Other qualifications,9,University Degree
gq_edu_others_der,C6. Other qualifications,12,Trade certificates
gq_edu_others_der,C6. Other qualifications,-7,not applicable/answered but undetermined
gq_edu_others_der,C6. Other qualifications,-5,unclear qualification (eg qual outside the UK)
gq_edu_others_der,C6. Other qualifications,-3,>1 qualification written in text description
gq_edu_others_der,C6. Other qualifications,-1,left blank
gq_edu_none_der,C6. No Qualifications,2,ticked
gq_edu_none_der,C6. No Qualifications,-1,left blank
gq_edu_age_der,C7. Age finished full time education,-7,not applicable/answered but undetermined
gq_edu_age_der,C7. Age finished full time education,-5,Current or not finished
gq_edu_age_der,C7. Age finished full time education,-1,left blank
worktype_clean,We would like to know the type and amount of physical activity involved in your work. Please tick the one option that best corresponds with your occupation,,
gq_emp_n_der,C3. Number of employees. How many people work (worked) for your employer? For self-employed: how many people you employ(ed)?,1,1 to 24 people
gq_emp_n_der,C3. Number of employees. How many people work (worked) for your employer? For self-employed: how many people you employ(ed)?,2,>25
gq_emp_n_der,C3. Number of employees. How many people work (worked) for your employer? For self-employed: how many people you employ(ed)?,-7,not applicable/answered but undetermined
gq_emp_n_der,C3. Number of employees. How many people work (worked) for your employer? For self-employed: how many people you employ(ed)?,-1,left blank
gq_emp_n_supervise_der,C2. Number of employees. How many people work (worked) at the place where you work (worked)? For self-employed how many people you employ(ed)? (asked in GQv3 and GQv4 differently),1,1 to 24 people
gq_emp_n_supervise_der,C2. Number of employees. How many people work (worked) at the place where you work (worked)? For self-employed how many people you employ(ed)? (asked in GQv3 and GQv4 differently),2,>25
gq_emp_n_supervise_der,C2. Number of employees. How many people work (worked) at the place where you work (worked)? For self-employed how many people you employ(ed)? (asked in GQv3 and GQv4 differently),-8,not asked (GQ version difference)
gq_emp_n_supervise_der,C2. Number of employees. How many people work (worked) at the place where you work (worked)? For self-employed how many people you employ(ed)? (asked in GQv3 and GQv4 differently),-1,left blank
gq_emp_occup_der,C5. Occupation type: Current/last job. (not asked in GQv1),1,Modern professional
gq_emp_occup_der,C5. Occupation type: Current/last job. (not asked in GQv1),2,Clerical
gq_emp_occup_der,C5. Occupation type: Current/last job. (not asked in GQv1),3,Senior manager
gq_emp_occup_der,C5. Occupation type: Current/last job. (not asked in GQv1),4,Technical
gq_emp_occup_der,C5. Occupation type: Current/last job. (not asked in GQv1),5,Semi-routine
gq_emp_occup_der,C5. Occupation type: Current/last job. (not asked in GQv1),6,Routine
gq_emp_occup_der,C5. Occupation type: Current/last job. (not asked in GQv1),7,Middle management
gq_emp_occup_der,C5. Occupation type: Current/last job. (not asked in GQv1),8,Traditional professional
gq_emp_occup_der,C5. Occupation type: Current/last job. (not asked in GQv1),-1,left blank
gq_emp_occup_der,C5. Occupation type: Current/last job. (not asked in GQv1),-5,more than one selected
gq_emp_occup_der,C5. Occupation type: Current/last job. (not asked in GQv1),-8,not asked (GQ version difference)
gq_emp_occup_der,C5. Occupation type: Current/last job. (not asked in GQv1),-7,not applicable/answered but undetermined
gq_emp_partner_der,C6. Partners employment status  v1 only,1,as an employee
gq_emp_partner_der,C6. Partners employment status  v1 only,2,as self-employed
gq_emp_partner_der,C6. Partners employment status  v1 only,-8,not asked (GQ version difference)
gq_emp_partner_der,C6. Partners employment status  v1 only,-1,left blank
gq_emp_supervise_der,C4. Present or your last job: Supervisory status: Do (did) you supervise any other employees,2,yes
gq_emp_supervise_der,C4. Present or your last job: Supervisory status: Do (did) you supervise any other employees,3,no
gq_emp_supervise_der,C4. Present or your last job: Supervisory status: Do (did) you supervise any other employees,-1,left blank
gq_emp_type_der,C2. Employment type with employee data,1,Employee
gq_emp_type_der,C2. Employment type with employee data,2,Self employed with employees
gq_emp_type_der,C2. Employment type with employee data,3,Self employed without employees
gq_emp_type_der,C2. Employment type with employee data,-7,not applicable/answered but undetermined
gq_emp_type_der,C2. Employment type with employee data,-1,left blank
gq_income_der,C8. Household income,1,"<£2,000"
gq_income_der,C8. Household income,2,£20000-£40000
gq_income_der,C8. Household income,3,>=£40000
gq_income_der,C8. Household income,-7,not applicable/answered but undetermined
gq_income_der,C8. Household income,-1,left blank
gq_job_full_der,C1. Job status - full time >30 h/wk,2,yes
gq_job_full_der,C1. Job status - full time >30 h/wk,3,no
gq_job_full_der,C1. Job status - full time >30 h/wk,-1,left blank
gq_job_house_der,C1. Job status - house-keeping,2,yes
gq_job_house_der,C1. Job status - house-keeping,3,no
gq_job_house_der,C1. Job status - house-keeping,-1,left blank
gq_job_newjob_der,C1. Job status - obtained new job,2,yes
gq_job_newjob_der,C1. Job status - obtained new job,3,no
gq_job_newjob_der,C1. Job status - obtained new job,-1,left blank
gq_job_oth_der,C1. Job status others assigned integers 1 to 8 for classification,1,full time >30 h/wk
gq_job_oth_der,C1. Job status others assigned integers 1 to 8 for classification,2,part time <30 h/wk
gq_job_oth_der,C1. Job status others assigned integers 1 to 8 for classification,3,house-keeping
gq_job_oth_der,C1. Job status others assigned integers 1 to 8 for classification,4,retired
gq_job_oth_der,C1. Job status others assigned integers 1 to 8 for classification,6,unemployed
gq_job_oth_der,C1. Job status others assigned integers 1 to 8 for classification,7,temporarily sick
gq_job_oth_der,C1. Job status others assigned integers 1 to 8 for classification,8,permanently sick
gq_job_oth_der,C1. Job status others assigned integers 1 to 8 for classification,-7,not applicable/answered but undetermined
gq_job_oth_der,C1. Job status others assigned integers 1 to 8 for classification,-5,volunteer / unclassified
gq_job_oth_der,C1. Job status others assigned integers 1 to 8 for classification,-3,student (unemployed) or studying while working
gq_job_part_der,C1. Job status - part time <30 h/wk,2,yes
gq_job_part_der,C1. Job status - part time <30 h/wk,3,no
gq_job_part_der,C1. Job status - part time <30 h/wk,-1,left blank
gq_job_partnermanage_der,C6. Partners management status  v1 only,1,No
gq_job_partnermanage_der,C6. Partners management status  v1 only,2,Yes 1 to 24 people
gq_job_partnermanage_der,C6. Partners management status  v1 only,3,Yes 25 or more people
gq_job_partnermanage_der,C6. Partners management status  v1 only,-8,not asked (GQ version difference)
gq_job_partnermanage_der,C6. Partners management status  v1 only,-7,not applicable/answered but undetermined
gq_job_partnermanage_der,C6. Partners management status  v1 only,-1,left blank
gq_job_retired_der,C1. Job status - retired,2,yes
gq_job_retired_der,C1. Job status - retired,3,no
gq_job_retired_der,C1. Job status - retired,-1,left blank
gq_job_sick_der,C1. Job status - permanently sick,2,yes
gq_job_sick_der,C1. Job status - permanently sick,3,no
gq_job_sick_der,C1. Job status - permanently sick,-1,left blank
gq_job_tempsick_der,C1. Job status - temporarily sick,2,yes
gq_job_tempsick_der,C1. Job status - temporarily sick,3,no
gq_job_tempsick_der,C1. Job status - temporarily sick,-1,left blank
gq_job_unempl_der,C1. Job status - unemployed,2,yes
gq_job_unempl_der,C1. Job status - unemployed,3,no
gq_job_unempl_der,C1. Job status - unemployed,-1,left blank
gq_marit_der,C12. Marital status  not in v1 and some in v3,1,Single
gq_marit_der,C12. Marital status  not in v1 and some in v3,2,Married or living as married
gq_marit_der,C12. Marital status  not in v1 and some in v3,3,widowed
gq_marit_der,C12. Marital status  not in v1 and some in v3,4,Separated
gq_marit_der,C12. Marital status  not in v1 and some in v3,5,Divorced
gq_marit_der,C12. Marital status  not in v1 and some in v3,-8,not asked (GQ version difference)
gq_marit_der,C12. Marital status  not in v1 and some in v3,-1,left blank
gq_nhouse_der,C9. Number of people in household,-8,not asked (GQ version difference)
gq_nhouse_der,C9. Number of people in household,-7,not applicable/answered but undetermined
gq_nhouse_der,C9. Number of people in household,-1,left blank
gq_oc_cler_der,C5. Occup Clerical and intermediate,2,Yes
gq_oc_cler_der,C5. Occup Clerical and intermediate,3,No
gq_oc_cler_der,C5. Occup Clerical and intermediate,-8,not asked (GQ version difference)
gq_oc_cler_der,C5. Occup Clerical and intermediate,-1,left blank
gq_oc_midmanag_der,C5. Occup Middle or junir managers,2,Yes
gq_oc_midmanag_der,C5. Occup Middle or junir managers,3,No
gq_oc_midmanag_der,C5. Occup Middle or junir managers,-8,not asked (GQ version difference)
gq_oc_midmanag_der,C5. Occup Middle or junir managers,-1,left blank
gq_oc_modprof_der,C5. Occup Modern professional,2,Yes
gq_oc_modprof_der,C5. Occup Modern professional,3,No
gq_oc_modprof_der,C5. Occup Modern professional,-8,not asked (GQ version difference)
gq_oc_modprof_der,C5. Occup Modern professional,-1,left blank
gq_oc_rt_der,C5. Occup Routine manual and service occupations,2,Yes
gq_oc_rt_der,C5. Occup Routine manual and service occupations,3,No
gq_oc_rt_der,C5. Occup Routine manual and service occupations,-8,not asked (GQ version difference)
gq_oc_rt_der,C5. Occup Routine manual and service occupations,-1,left blank
gq_oc_semirt_der,C5. Occup Semi-routine manual and service occupations,2,Yes
gq_oc_semirt_der,C5. Occup Semi-routine manual and service occupations,3,No
gq_oc_semirt_der,C5. Occup Semi-routine manual and service occupations,-8,not asked (GQ version difference)
gq_oc_semirt_der,C5. Occup Semi-routine manual and service occupations,-1,left blank
gq_oc_senmanag_der,C5. Occup Senior manager or administrators,2,Yes
gq_oc_senmanag_der,C5. Occup Senior manager or administrators,3,No
gq_oc_senmanag_der,C5. Occup Senior manager or administrators,-8,not asked (GQ version difference)
gq_oc_senmanag_der,C5. Occup Senior manager or administrators,-1,left blank
gq_oc_tech_der,C5. Occup Technical and craft,2,Yes
gq_oc_tech_der,C5. Occup Technical and craft,3,No
gq_oc_tech_der,C5. Occup Technical and craft,-8,not asked (GQ version difference)
gq_oc_tech_der,C5. Occup Technical and craft,-1,left blank
gq_oc_tradprof_der,C5. Occup Traditional professional occupations,2,Yes
gq_oc_tradprof_der,C5. Occup Traditional professional occupations,3,No
gq_oc_tradprof_der,C5. Occup Traditional professional occupations,-8,not asked (GQ version difference)
gq_oc_tradprof_der,C5. Occup Traditional professional occupations,-1,left blank
gq_ownhouse_der,C11. Own house,2,yes
gq_ownhouse_der,C11. Own house,3,no
gq_ownhouse_der,C11. Own house,-1,left blank
gq_renthouse_der,C11. Rent house,2,yes
gq_renthouse_der,C11. Rent house,3,no
gq_renthouse_der,C11. Rent house,-1,left blank
avail_from_dt,,,
