variable_name,variable_label,value_value,value_label
study_id_e,,,
spq1,PCQ: I1. Have you ever had the sense that some person or force is around you even though you cannot see anyone,0.0,No
spq1,PCQ: I1. Have you ever had the sense that some person or force is around you even though you cannot see anyone,1.0,Yes
spq2,PCQ: I2. Are you sometimes sure that other people can tell what you are thinking,0.0,No
spq2,PCQ: I2. Are you sometimes sure that other people can tell what you are thinking,1.0,Yes
spq3,PCQ: I3. Have you ever noticed a common event or object that seemed to be a special sign for you,0.0,No
spq3,PCQ: I3. Have you ever noticed a common event or object that seemed to be a special sign for you,1.0,Yes
spq4,PCQ: I4. Do you often pick up hidden threats or put-downs from what people say or do,0.0,No
spq4,PCQ: I4. Do you often pick up hidden threats or put-downs from what people say or do,1.0,Yes
spq5,PCQ: I5. When shopping do you get the feeling that other people are taking notice of you,0.0,No
spq5,PCQ: I5. When shopping do you get the feeling that other people are taking notice of you,1.0,Yes
spq6,PCQ: I6. Have you had experiences with astrology seeing the future UFOs ESP or a sixth sense,0.0,No
spq6,PCQ: I6. Have you had experiences with astrology seeing the future UFOs ESP or a sixth sense,1.0,Yes
spq7,PCQ: I7. Do you ever suddenly feel distracted by distant sounds that you are not normally aware of,0.0,No
spq7,PCQ: I7. Do you ever suddenly feel distracted by distant sounds that you are not normally aware of,1.0,Yes
spq8,PCQ: I8. Do you often have to keep an eye out to stop people from taking advantage of you,0.0,No
spq8,PCQ: I8. Do you often have to keep an eye out to stop people from taking advantage of you,1.0,Yes
spq9,PCQ: I9. People sometimes find me aloof and distant,0.0,No
spq9,PCQ: I9. People sometimes find me aloof and distant,1.0,Yes
spq10,PCQ: I10. I feel I have to be on my guard even with friends,0.0,No
spq10,PCQ: I10. I feel I have to be on my guard even with friends,1.0,Yes
spq11,PCQ: I11. I feel very uncomfortable in social situations involving unfamiliar people,0.0,No
spq11,PCQ: I11. I feel very uncomfortable in social situations involving unfamiliar people,1.0,Yes
spq12,PCQ: I12. Have you found that it is best not to let other people know too much about you,0.0,No
spq12,PCQ: I12. Have you found that it is best not to let other people know too much about you,1.0,Yes
spq13,PCQ: I13. I tend to keep in the back ground on social occasions,0.0,No
spq13,PCQ: I13. I tend to keep in the back ground on social occasions,1.0,Yes
spq14,PCQ: I14. Do you feel that you are unable to get close to people,0.0,No
spq14,PCQ: I14. Do you feel that you are unable to get close to people,1.0,Yes
spq15,PCQ: I15. I feel very uneasy talking to people I do not know well,0.0,No
spq15,PCQ: I15. I feel very uneasy talking to people I do not know well,1.0,Yes
spq16,PCQ: I16. I tend to keep my feelings to myself,0.0,No
spq16,PCQ: I16. I tend to keep my feelings to myself,1.0,Yes
spq17,PCQ: I17. People sometimes comment on my unusual mannerisms and habits,0.0,No
spq17,PCQ: I17. People sometimes comment on my unusual mannerisms and habits,1.0,Yes
spq18,PCQ: I18. Some people think that I am a very bizarre person,0.0,No
spq18,PCQ: I18. Some people think that I am a very bizarre person,1.0,Yes
spq19,PCQ: I19. Some people find me a bit vague and elusive during a conversation,0.0,No
spq19,PCQ: I19. Some people find me a bit vague and elusive during a conversation,1.0,Yes
spq20,PCQ: I20. I sometimes use words in unusual ways,0.0,No
spq20,PCQ: I20. I sometimes use words in unusual ways,1.0,Yes
spq21,PCQ: I21. I am an odd unusual person,0.0,No
spq21,PCQ: I21. I am an odd unusual person,1.0,Yes
spq22,PCQ: I22. I find it hard to communicate clearly what I want to say to people,0.0,No
spq22,PCQ: I22. I find it hard to communicate clearly what I want to say to people,1.0,Yes
cogper,cognitive perceptual score,,
inter,interpersonal score,,
disorg,disorganised score,,
total,total score,,
appt,,,
avail_from_dt,,,
