variable_name,variable_label,value_value,value_label
study_id_e,,,
enddate,Survey End date ,,Survey End Date
progress,Survey progress percentage,,0:100 [Progress]
s3_general_health,"In general, would you say your health is",1,Excellent
s3_general_health,"In general, would you say your health is",2,Very Good
s3_general_health,"In general, would you say your health is",3,Good
s3_general_health,"In general, would you say your health is",4,Fair
s3_general_health,"In general, would you say your health is",5,Poor
s3_mental_health,"In general, would you say your emotional or mental health is",1,Excellent
s3_mental_health,"In general, would you say your emotional or mental health is",2,Very Good
s3_mental_health,"In general, would you say your emotional or mental health is",3,Good
s3_mental_health,"In general, would you say your emotional or mental health is",4,Fair
s3_mental_health,"In general, would you say your emotional or mental health is",5,Poor
s3_units_weight,S3_Units_Weight,1,Stones and Pounds
s3_units_weight,S3_Units_Weight,2,Kilograms
s3_weight_kg,S3_Weight_kg,,Weight [kilograms]
s3_weightstonelbs_1,S3_WeightStoneLbs_1,,Weight [Stones]
s3_weightstonelbs_2,S3_WeightStoneLbs_2,,Weight [Pounds]
s3_weightchange,How do you think your current weight compares to your weight at thestart of the first lockdown (March 2020)?,1,I have gained weight
s3_weightchange,How do you think your current weight compares to your weight at thestart of the first lockdown (March 2020)?,2,I have stayed the same
s3_weightchange,How do you think your current weight compares to your weight at thestart of the first lockdown (March 2020)?,3,I have lost weight
s3_weightchange,How do you think your current weight compares to your weight at thestart of the first lockdown (March 2020)?,98,Prefer not to answer
s3_pregnant,Are you currently pregnant?,0,No
s3_pregnant,Are you currently pregnant?,1,Yes
s3_pregnant,Are you currently pregnant?,98,Prefer not to answer
s3_pregnant,Are you currently pregnant?,99,Don't know
s3_had_covid,"Do you think that you have had, or currently have COVID-19?",0,No
s3_had_covid,"Do you think that you have had, or currently have COVID-19?",1,Yes
s3_covid_symptoms_1,Dry Cough,0,No
s3_covid_symptoms_1,Dry Cough,1,Yes
s3_covid_symptoms_2,Fever/High temperature,0,No
s3_covid_symptoms_2,Fever/High temperature,1,Yes
s3_covid_symptoms_3,Shortness of breath,0,No
s3_covid_symptoms_3,Shortness of breath,1,Yes
s3_covid_symptoms_4,Headache,0,No
s3_covid_symptoms_4,Headache,1,Yes
s3_covid_symptoms_5,Aches and pains,0,No
s3_covid_symptoms_5,Aches and pains,1,Yes
s3_covid_symptoms_6,Sore throat,0,No
s3_covid_symptoms_6,Sore throat,1,Yes
s3_covid_symptoms_7,Fatigue/tiredness,0,No
s3_covid_symptoms_7,Fatigue/tiredness,1,Yes
s3_covid_symptoms_8,Runny nose,0,No
s3_covid_symptoms_8,Runny nose,1,Yes
s3_covid_symptoms_9,Diarrhoea,0,No
s3_covid_symptoms_9,Diarrhoea,1,Yes
s3_covid_symptoms_10,Stomach pains,0,No
s3_covid_symptoms_10,Stomach pains,1,Yes
s3_covid_symptoms_11,Nausea/feeling sick,0,No
s3_covid_symptoms_11,Nausea/feeling sick,1,Yes
s3_covid_symptoms_12,Lack of appetite,0,No
s3_covid_symptoms_12,Lack of appetite,1,Yes
s3_covid_symptoms_13,Sudden loss of smell and/or taste,0,No
s3_covid_symptoms_13,Sudden loss of smell and/or taste,1,Yes
s3_covid_symptoms_14,Sore eyes,0,No
s3_covid_symptoms_14,Sore eyes,1,Yes
s3_covid_symptoms_15,Developed pneumonia,0,No
s3_covid_symptoms_15,Developed pneumonia,1,Yes
s3_covid_symptoms_17,Had no symptoms (asymptomatic),0,No
s3_covid_symptoms_17,Had no symptoms (asymptomatic),1,Yes
s3_covid_symptoms_16,Other symptoms,0,No
s3_covid_symptoms_16,Other symptoms,1,Yes
s3_covid_hospital,Were you hospitalised because of COVID-19?,0,No
s3_covid_hospital,Were you hospitalised because of COVID-19?,1,Yes
s3_covid_icu,Were you in intensive care?,0,No
s3_covid_icu,Were you in intensive care?,1,Yes
s3_covid_icu,Were you in intensive care?,99,Don't know
s3_covid_ventilator,Did you need to use a ventilator to help you breathe?,0,No
s3_covid_ventilator,Did you need to use a ventilator to help you breathe?,1,Yes
s3_covid_ventilator,Did you need to use a ventilator to help you breathe?,99,Don't know
s3_covid_recovery,Have you now recovered from COVID-19?,0,"No, still have symptoms"
s3_covid_recovery,Have you now recovered from COVID-19?,1,"Yes, back to normal"
s3_symptomlengthall,"Thinking of the whole of your COVID-19 illness, can you please tell usabout the total overall time you experienced symptoms you suspectrelate to COVID-19 (including mild symptoms and counting the time inbetween symptoms if these have been intermittent).",2,2-4 weeks
s3_symptomlengthall,"Thinking of the whole of your COVID-19 illness, can you please tell usabout the total overall time you experienced symptoms you suspectrelate to COVID-19 (including mild symptoms and counting the time inbetween symptoms if these have been intermittent).",3,4-12 weeks
s3_symptomlengthall,"Thinking of the whole of your COVID-19 illness, can you please tell usabout the total overall time you experienced symptoms you suspectrelate to COVID-19 (including mild symptoms and counting the time inbetween symptoms if these have been intermittent).",4,12+ weeks
s3_symptomlengthall,"Thinking of the whole of your COVID-19 illness, can you please tell usabout the total overall time you experienced symptoms you suspectrelate to COVID-19 (including mild symptoms and counting the time inbetween symptoms if these have been intermittent).",1,1day-2weeks
s3_symptomlength1st,"Thinking now about your first (or only) bout of illness, how long did thatperiod last?",1,1day-2weeks
s3_symptomlength1st,"Thinking now about your first (or only) bout of illness, how long did thatperiod last?",2,2-4 weeks
s3_symptomlength1st,"Thinking now about your first (or only) bout of illness, how long did thatperiod last?",3,4-12 weeks
s3_symptomlength1st,"Thinking now about your first (or only) bout of illness, how long did thatperiod last?",4,12+ weeks
s3_havecv19test_0,Have you ever had a test to see if you have or have had COVID-19? Select all that apply. No,1,No
s3_havecv19test_1,"Yes, because I had symptoms",0,No
s3_havecv19test_1,"Yes, because I had symptoms",1,Yes
s3_havecv19test_2,"Yes, because I have been in contact with someone who had COVID-19",0,No
s3_havecv19test_2,"Yes, because I have been in contact with someone who had COVID-19",1,Yes
s3_havecv19test_3,"Yes, because of my job",0,No
s3_havecv19test_3,"Yes, because of my job",1,Yes
s3_havecv19test_4,"Yes, for another reason",0,No
s3_havecv19test_4,"Yes, for another reason",1,Yes
s3_typecv19test_1,What kind of test have you had? Swab test (throat or nose) for active infection,0,No
s3_typecv19test_1,What kind of test have you had? Swab test (throat or nose) for active infection,1,Yes
s3_typecv19test_2,Antibody test (blood from finger) for past infection,0,No
s3_typecv19test_2,Antibody test (blood from finger) for past infection,1,Yes
s3_typecv19test_3,Other,0,No
s3_typecv19test_3,Other,1,Yes
s3_typecv19test_99,Don't know,1,Don't know
s3_positive_swab,Have you had a positive result from a swab test?,0,No
s3_positive_swab,Have you had a positive result from a swab test?,1,Yes
s3_positive_swab,Have you had a positive result from a swab test?,99,Don't know
s3_swabwait,"Did you wait less than 2 hours to get the results of the swab test? I.e., was it a rapid test such as a lateral flow test?b test",0,No
s3_swabwait,"Did you wait less than 2 hours to get the results of the swab test? I.e., was it a rapid test such as a lateral flow test?b test",1,Yes
s3_positive_antib,Have you had a positive result from an antibody test,0,No
s3_positive_antib,Have you had a positive result from an antibody test,1,Yes
s3_positive_antib,Have you had a positive result from an antibody test,99,Don't know
s3_positive_other,Have you had a positive result from the Other test?,0,No
s3_positive_other,Have you had a positive result from the Other test?,1,Yes
s3_positive_other,Have you had a positive result from the Other test?,99,Don't know
s3_swabdate_day,When was the sample taken for the test that came back positive?,,"1 ,..., 31 [Day]"
s3_swabdate_month,When was the sample taken for the test that came back positive?,,"1 ,..., 12 [Months]"
s3_swabdate_year,When was the sample taken for the test that came back positive?,,"2020 ,..., 2021 [Year]"
s3_antibd_day,When was the sample taken for the test that came back positive?,,"1 ,..., 31 [Day]"
s3_antibd_month,When was the sample taken for the test that came back positive?,,"1 ,..., 12 [Months]"
s3_antibd_year,When was the sample taken for the test that came back positive?,,"2020 ,..., 2021 [Year]"
s3_otherdate_day,When was the sample taken for the test that came back positive?,,"1 ,..., 31 [Day]"
s3_otherdate_month,When was the sample taken for the test that came back positive?,,"1 ,..., 12 [Months]"
s3_otherdateyear,When was the sample taken for the test that came back positive?,,"2020 ,..., 2021 [Year]"
s3_covid_vac,Have you had at least one dose of a COVID-19 vaccine through thenational roll-out?,0,No
s3_covid_vac,Have you had at least one dose of a COVID-19 vaccine through thenational roll-out?,1,Yes
s3_vac_doses,How many doses of the COVID-19 vaccine have you had?,,"1 ,..., 2 [Doses]"
s3_dose1day,When was your first injection?,,"1 ,..., 31 [Day]"
s3_dose1month,When was your first injection?,,"1 ,..., 12 [Months]"
s3_dose1year,When was your first injection?,,"2020 ,..., 2021 [Year]"
s3_dose2day,When was your first injection?,,"1 ,..., 31 [Day]"
s3_dose2month,When was your first injection?,,"1 ,..., 12 [Months]"
s3_dose2year,When was your first injection?,,"2020 ,..., 2021 [Year]"
s3_vactype,Which COVID-19 vaccine did you have?,1,Pfizer-BioNTech
s3_vactype,Which COVID-19 vaccine did you have?,2,Oxford-AstraZeneca
s3_vactype,Which COVID-19 vaccine did you have?,3,Moderna
s3_vactype,Which COVID-19 vaccine did you have?,4,Other
s3_vactype,Which COVID-19 vaccine did you have?,99,Don't know
s3_covid_died_1,Know family members who have died from COVID-19,0,No
s3_covid_died_1,Know family members who have died from COVID-19,1,Yes
s3_covid_died_2,Know friends who have died from COVID-19,0,No
s3_covid_died_2,Know friends who have died from COVID-19,1,Yes
s3_covid_died_3,Know someone else who has died from COVID-19,0,No
s3_covid_died_3,Know someone else who has died from COVID-19,1,Yes
s3_covid_died_0,Don't know anybody who has died from COVID-19,0,No
s3_covid_died_0,Don't know anybody who has died from COVID-19,1,Yes
s3_covid_died_98,Prefer not to answer,0,No
s3_covid_died_98,Prefer not to answer,1,Yes
s3_household_contact,"Are there other people, outside those in your household , that you are seeing regularly  or having close contact with?",0,No
s3_household_contact,"Are there other people, outside those in your household , that you are seeing regularly  or having close contact with?",1,Yes
s3_whocontact_1,Outside Household: Non-cohabiting romantic partner,0,No
s3_whocontact_1,Outside Household: Non-cohabiting romantic partner,1,Yes
s3_whocontact_2,Outside Household: Family members,0,No
s3_whocontact_2,Outside Household: Family members,1,Yes
s3_whocontact_3,Outside Household: Friends,0,No
s3_whocontact_3,Outside Household: Friends,1,Yes
s3_whocontact_4,Outside Household: Work colleagues,0,No
s3_whocontact_4,Outside Household: Work colleagues,1,Yes
s3_whocontact_5,Outside Household: People seen at work (e.g. patients/customers),0,No
s3_whocontact_5,Outside Household: People seen at work (e.g. patients/customers),1,Yes
s3_whocontact_6,Outside Household: Other,0,No
s3_whocontact_6,Outside Household: Other,1,Yes
s3_leavehome_contact,"When leaving your home, how likely are you to come into close contactwith someone not living in your household?",,2 Not at all likely
s3_leavehome_contact,"When leaving your home, how likely are you to come into close contactwith someone not living in your household?",,3 Not that likely
s3_leavehome_contact,"When leaving your home, how likely are you to come into close contactwith someone not living in your household?",,4 Somewhat likely
s3_leavehome_contact,"When leaving your home, how likely are you to come into close contactwith someone not living in your household?",,5 Very likely
s3_leavehome_contact,"When leaving your home, how likely are you to come into close contactwith someone not living in your household?",1,I don't leave my home
s3_publichealth_thr,"On a scale of 1 (no threat at all) to 10 (very serious public healththreat), how serious a public health threat do you think COVID-19 isor might become?",,"No threat at all(1) ,..., Very serious public health threat(10)"
s3_covid_actions,My actions will influence whether or not I get COVID-19,,"Do not agree at all(1) ,..., Agree very strongly(10)"
s3_resp_govguidance,It is my responsibility to follow all Government guidance toprevent the spread of COVID-19 to others,,"Do not agree at all(1) ,..., Agree very strongly(10)"
s3_managehealth_cvid,Managing my health has become more difficult during theCOVID-19 pandemic,,"Do not agree at all(1) ,..., Agree very strongly(10)"
s3_livealone,Do you currently live alone,0,No
s3_livealone,Do you currently live alone,1,Yes
s3_livealone,Do you currently live alone,98,Prefer not to answer
s3_relationship_stat,What is your current relationship status?,1,Married/Civil partnership
s3_relationship_stat,What is your current relationship status?,2,In a relationship living together
s3_relationship_stat,What is your current relationship status?,3,In a relationship not living together
s3_relationship_stat,What is your current relationship status?,4,Single
s3_relationship_stat,What is your current relationship status?,5,Separated
s3_relationship_stat,What is your current relationship status?,6,Divorced
s3_relationship_stat,What is your current relationship status?,7,Widowed
s3_relationship_stat,What is your current relationship status?,8,Other
s3_relationship_stat,What is your current relationship status?,98,Prefer not to answer
s3_mood_skip,I would prefer to skip this section,1,Continue with section
s3_mood_skip,I would prefer to skip this section,2,Skip section
s3_lonely_pastweek,How often have you felt lonely during the past week?,1,None
s3_lonely_pastweek,How often have you felt lonely during the past week?,2,Some of the time
s3_lonely_pastweek,How often have you felt lonely during the past week?,3,Most of the time
s3_lonely_pastweek,How often have you felt lonely during the past week?,4,All
s3_lonely_pastweek,How often have you felt lonely during the past week?,98,Prefer not to answer
s3_lonely_pastweek,How often have you felt lonely during the past week?,99,Don't know
s3_lonely_pastweek,How often have you felt lonely during the past week?,or,almost none of the time
s3_lonely_pastweek,How often have you felt lonely during the past week?,or,almost all of the time
s3_isolated_covid,"On a scale of 0 (not at all) to 10 (extremely), indicate how much youfeel isolated from others now",,"not at all(0) ,..., extremely(10)"
s3_spouse_close,How close is your relationship with your spouse/partner?,1,Very close
s3_spouse_close,How close is your relationship with your spouse/partner?,2,Quite close
s3_spouse_close,How close is your relationship with your spouse/partner?,3,Not very close
s3_spouse_close,How close is your relationship with your spouse/partner?,4,Not at all close
s3_gad_q1,GAD Question 1,1,Not at all
s3_gad_q1,GAD Question 1,2,Several days
s3_gad_q1,GAD Question 1,3,More than half the days
s3_gad_q1,GAD Question 1,4,Nearly every day
s3_gad_q1,GAD Question 1,98,Prefer not to answer
s3_gad_q1,GAD Question 1,99,Don't know
s3_gad_q2,GAD Question 2,1,Not at all
s3_gad_q2,GAD Question 2,2,Several days
s3_gad_q2,GAD Question 2,3,More than half the days
s3_gad_q2,GAD Question 2,4,Nearly every day
s3_gad_q2,GAD Question 2,98,Prefer not to answer
s3_gad_q2,GAD Question 2,99,Don't know
s3_gad_q3,GAD Question 3,1,Not at all
s3_gad_q3,GAD Question 3,2,Several days
s3_gad_q3,GAD Question 3,3,More than half the days
s3_gad_q3,GAD Question 3,4,Nearly every day
s3_gad_q3,GAD Question 3,98,Prefer not to answer
s3_gad_q3,GAD Question 3,99,Don't know
s3_gad_q4,GAD Question 4,1,Not at all
s3_gad_q4,GAD Question 4,2,Several days
s3_gad_q4,GAD Question 4,3,More than half the days
s3_gad_q4,GAD Question 4,4,Nearly every day
s3_gad_q4,GAD Question 4,98,Prefer not to answer
s3_gad_q4,GAD Question 4,99,Don't know
s3_gad_q5,GAD Question 5,1,Not at all
s3_gad_q5,GAD Question 5,2,Several days
s3_gad_q5,GAD Question 5,3,More than half the days
s3_gad_q5,GAD Question 5,4,Nearly every day
s3_gad_q5,GAD Question 5,98,Prefer not to answer
s3_gad_q5,GAD Question 5,99,Don't know
s3_gad_q6,GAD Question 6,1,Not at all
s3_gad_q6,GAD Question 6,2,Several days
s3_gad_q6,GAD Question 6,3,More than half the days
s3_gad_q6,GAD Question 6,4,Nearly every day
s3_gad_q6,GAD Question 6,98,Prefer not to answer
s3_gad_q6,GAD Question 6,99,Don't know
s3_gad_q7,GAD Question 7,1,Not at all
s3_gad_q7,GAD Question 7,2,Several days
s3_gad_q7,GAD Question 7,3,More than half the days
s3_gad_q7,GAD Question 7,4,Nearly every day
s3_gad_q7,GAD Question 7,98,Prefer not to answer
s3_gad_q7,GAD Question 7,99,Don't know
s3_phq_q1,PHQ Question 1,1,Not at all
s3_phq_q1,PHQ Question 1,2,Several days
s3_phq_q1,PHQ Question 1,3,More than half the days
s3_phq_q1,PHQ Question 1,4,Nearly every day
s3_phq_q1,PHQ Question 1,98,Prefer not to answer
s3_phq_q1,PHQ Question 1,99,Don't know
s3_phq_q2,PHQ Question 2,1,Not at all
s3_phq_q2,PHQ Question 2,2,Several days
s3_phq_q2,PHQ Question 2,3,More than half the days
s3_phq_q2,PHQ Question 2,4,Nearly every day
s3_phq_q2,PHQ Question 2,98,Prefer not to answer
s3_phq_q2,PHQ Question 2,99,Don't know
s3_phq_q3,PHQ Question 3,1,Not at all
s3_phq_q3,PHQ Question 3,2,Several days
s3_phq_q3,PHQ Question 3,3,More than half the days
s3_phq_q3,PHQ Question 3,4,Nearly every day
s3_phq_q3,PHQ Question 3,98,Prefer not to answer
s3_phq_q3,PHQ Question 3,99,Don't know
s3_phq_q4,PHQ Question 4,1,Not at all
s3_phq_q4,PHQ Question 4,2,Several days
s3_phq_q4,PHQ Question 4,3,More than half the days
s3_phq_q4,PHQ Question 4,4,Nearly every day
s3_phq_q4,PHQ Question 4,98,Prefer not to answer
s3_phq_q4,PHQ Question 4,99,Don't know
s3_phq_q5,PHQ Question 5,1,Not at all
s3_phq_q5,PHQ Question 5,2,Several days
s3_phq_q5,PHQ Question 5,3,More than half the days
s3_phq_q5,PHQ Question 5,4,Nearly every day
s3_phq_q5,PHQ Question 5,98,Prefer not to answer
s3_phq_q5,PHQ Question 5,99,Don't know
s3_phq_q6,PHQ Question 6,1,Not at all
s3_phq_q6,PHQ Question 6,2,Several days
s3_phq_q6,PHQ Question 6,3,More than half the days
s3_phq_q6,PHQ Question 6,4,Nearly every day
s3_phq_q6,PHQ Question 6,98,Prefer not to answer
s3_phq_q6,PHQ Question 6,99,Don't know
s3_phq_q7,PHQ Question 7,1,Not at all
s3_phq_q7,PHQ Question 7,2,Several days
s3_phq_q7,PHQ Question 7,3,More than half the days
s3_phq_q7,PHQ Question 7,4,Nearly every day
s3_phq_q7,PHQ Question 7,98,Prefer not to answer
s3_phq_q7,PHQ Question 7,99,Don't know
s3_phq_q8,PHQ Question 8,1,Not at all
s3_phq_q8,PHQ Question 8,2,Several days
s3_phq_q8,PHQ Question 8,3,More than half the days
s3_phq_q8,PHQ Question 8,4,Nearly every day
s3_phq_q8,PHQ Question 8,98,Prefer not to answer
s3_phq_q8,PHQ Question 8,99,Don't know
s3_phq_q9,PHQ Question 9,1,Not at all
s3_phq_q9,PHQ Question 9,2,Several days
s3_phq_q9,PHQ Question 9,3,More than half the days
s3_phq_q9,PHQ Question 9,4,Nearly every day
s3_phq_q9,PHQ Question 9,98,Prefer not to answer
s3_phq_q9,PHQ Question 9,99,Don't know
s3_stress_covid,Stress_COVID,1,Never
s3_stress_covid,Stress_COVID,2,Some of the time
s3_stress_covid,Stress_COVID,3,Most of the time
s3_stress_covid,Stress_COVID,4,All of the time
s3_mwbs_q1,I’ve been feeling optimistic about the future,1,None of the time
s3_mwbs_q1,I’ve been feeling optimistic about the future,2,Rarely
s3_mwbs_q1,I’ve been feeling optimistic about the future,3,Some of the time
s3_mwbs_q1,I’ve been feeling optimistic about the future,4,Often
s3_mwbs_q1,I’ve been feeling optimistic about the future,5,All of the time
s3_mwbs_q2,I’ve been feeling useful,1,None of the time
s3_mwbs_q2,I’ve been feeling useful,2,Rarely
s3_mwbs_q2,I’ve been feeling useful,3,Some of the time
s3_mwbs_q2,I’ve been feeling useful,4,Often
s3_mwbs_q2,I’ve been feeling useful,5,All of the time
s3_mwbs_q3,I’ve been feeling relaxed,1,None of the time
s3_mwbs_q3,I’ve been feeling relaxed,2,Rarely
s3_mwbs_q3,I’ve been feeling relaxed,3,Some of the time
s3_mwbs_q3,I’ve been feeling relaxed,4,Often
s3_mwbs_q3,I’ve been feeling relaxed,5,All of the time
s3_mwbs_q4,I’ve been dealing with problems well,1,None of the time
s3_mwbs_q4,I’ve been dealing with problems well,2,Rarely
s3_mwbs_q4,I’ve been dealing with problems well,3,Some of the time
s3_mwbs_q4,I’ve been dealing with problems well,4,Often
s3_mwbs_q4,I’ve been dealing with problems well,5,All of the time
s3_mwbs_q5,I’ve been thinking clearly,1,None of the time
s3_mwbs_q5,I’ve been thinking clearly,2,Rarely
s3_mwbs_q5,I’ve been thinking clearly,3,Some of the time
s3_mwbs_q5,I’ve been thinking clearly,4,Often
s3_mwbs_q5,I’ve been thinking clearly,5,All of the time
s3_mwbs_q6,I’ve been feeling close to other people,1,None of the time
s3_mwbs_q6,I’ve been feeling close to other people,2,Rarely
s3_mwbs_q6,I’ve been feeling close to other people,3,Some of the time
s3_mwbs_q6,I’ve been feeling close to other people,4,Often
s3_mwbs_q6,I’ve been feeling close to other people,5,All of the time
s3_mwbs_q7,I’ve been able to make up my own mind on things,1,None of the time
s3_mwbs_q7,I’ve been able to make up my own mind on things,2,Rarely
s3_mwbs_q7,I’ve been able to make up my own mind on things,3,Some of the time
s3_mwbs_q7,I’ve been able to make up my own mind on things,4,Often
s3_mwbs_q7,I’ve been able to make up my own mind on things,5,All of the time
s3_lifesat_now,"On a scale of 0 (not at all) to 10 (extremely), how satisfied are you with your life nowadays?",,"not at all satisfied(0) ,..., extremely satisfied(10)"
s3_worry_physhealth,"In the past month, have you been worried about physical health",1,Not at all worried
s3_worry_physhealth,"In the past month, have you been worried about physical health",2,Slightly worried
s3_worry_physhealth,"In the past month, have you been worried about physical health",3,Moderately worried
s3_worry_physhealth,"In the past month, have you been worried about physical health",4,Very worried
s3_worry_physhealth,"In the past month, have you been worried about physical health",5,Extremely worried
s3_worry_physhealth,"In the past month, have you been worried about physical health",97,Not applicable
s3_worry_menhealth,"In the past month, have you been worried about mental health",1,Not at all worried
s3_worry_menhealth,"In the past month, have you been worried about mental health",2,Slightly worried
s3_worry_menhealth,"In the past month, have you been worried about mental health",3,Moderately worried
s3_worry_menhealth,"In the past month, have you been worried about mental health",4,Very worried
s3_worry_menhealth,"In the past month, have you been worried about mental health",5,Extremely worried
s3_worry_menhealth,"In the past month, have you been worried about mental health",97,Not applicable
s3_worry_finance,"In the past month, have you been worried about: household finances",1,Not at all worried
s3_worry_finance,"In the past month, have you been worried about: household finances",2,Slightly worried
s3_worry_finance,"In the past month, have you been worried about: household finances",3,Moderately worried
s3_worry_finance,"In the past month, have you been worried about: household finances",4,Very worried
s3_worry_finance,"In the past month, have you been worried about: household finances",5,Extremely worried
s3_worry_finance,"In the past month, have you been worried about: household finances",97,Not applicable
s3_worry_gp,"In the past month, have you been worried about: access to GP and NHS servces",1,Not at all worried
s3_worry_gp,"In the past month, have you been worried about: access to GP and NHS servces",2,Slightly worried
s3_worry_gp,"In the past month, have you been worried about: access to GP and NHS servces",3,Moderately worried
s3_worry_gp,"In the past month, have you been worried about: access to GP and NHS servces",4,Very worried
s3_worry_gp,"In the past month, have you been worried about: access to GP and NHS servces",5,Extremely worried
s3_worry_gp,"In the past month, have you been worried about: access to GP and NHS servces",97,Not applicable
s3_worry_socialcare,"In the past month, have you been worried about: social care or other support servics",1,Not at all worried
s3_worry_socialcare,"In the past month, have you been worried about: social care or other support servics",2,Slightly worried
s3_worry_socialcare,"In the past month, have you been worried about: social care or other support servics",3,Moderately worried
s3_worry_socialcare,"In the past month, have you been worried about: social care or other support servics",4,Very worried
s3_worry_socialcare,"In the past month, have you been worried about: social care or other support servics",5,Extremely worried
s3_worry_socialcare,"In the past month, have you been worried about: social care or other support servics",97,Not applicable
s3_worry_meds,"In the past month, have you been worried about: access to medication",1,Not at all worried
s3_worry_meds,"In the past month, have you been worried about: access to medication",2,Slightly worried
s3_worry_meds,"In the past month, have you been worried about: access to medication",3,Moderately worried
s3_worry_meds,"In the past month, have you been worried about: access to medication",4,Very worried
s3_worry_meds,"In the past month, have you been worried about: access to medication",5,Extremely worried
s3_worry_meds,"In the past month, have you been worried about: access to medication",97,Not applicable
s3_worry_food,"In the past month, have you been worried about: access to food",1,Not at all worried
s3_worry_food,"In the past month, have you been worried about: access to food",2,Slightly worried
s3_worry_food,"In the past month, have you been worried about: access to food",3,Moderately worried
s3_worry_food,"In the past month, have you been worried about: access to food",4,Very worried
s3_worry_food,"In the past month, have you been worried about: access to food",5,Extremely worried
s3_worry_food,"In the past month, have you been worried about: access to food",97,Not applicable
s3_worry_spouserel,"In the past month, have you been worried about: Relationship with spouse/partner",1,Not at all worried
s3_worry_spouserel,"In the past month, have you been worried about: Relationship with spouse/partner",2,Slightly worried
s3_worry_spouserel,"In the past month, have you been worried about: Relationship with spouse/partner",3,Moderately worried
s3_worry_spouserel,"In the past month, have you been worried about: Relationship with spouse/partner",4,Very worried
s3_worry_spouserel,"In the past month, have you been worried about: Relationship with spouse/partner",5,Extremely worried
s3_worry_spouserel,"In the past month, have you been worried about: Relationship with spouse/partner",97,Not applicable
s3_worry_spouseargue,"In the past month, have you been worried about: arguing with spouse/partner",1,Not at all worried
s3_worry_spouseargue,"In the past month, have you been worried about: arguing with spouse/partner",2,Slightly worried
s3_worry_spouseargue,"In the past month, have you been worried about: arguing with spouse/partner",3,Moderately worried
s3_worry_spouseargue,"In the past month, have you been worried about: arguing with spouse/partner",4,Very worried
s3_worry_spouseargue,"In the past month, have you been worried about: arguing with spouse/partner",5,Extremely worried
s3_worry_spouseargue,"In the past month, have you been worried about: arguing with spouse/partner",97,Not applicable
s3_worry_childrel,"In the past month, have you been worried about: relationship with child/children",1,Not at all worried
s3_worry_childrel,"In the past month, have you been worried about: relationship with child/children",2,Slightly worried
s3_worry_childrel,"In the past month, have you been worried about: relationship with child/children",3,Moderately worried
s3_worry_childrel,"In the past month, have you been worried about: relationship with child/children",4,Very worried
s3_worry_childrel,"In the past month, have you been worried about: relationship with child/children",5,Extremely worried
s3_worry_childrel,"In the past month, have you been worried about: relationship with child/children",97,Not applicable
s3_worry_seefamily,"In the past month, have you been worried about: not being able to see family members who don’t live with you",5,Extremely worried
s3_worry_seefamily,"In the past month, have you been worried about: not being able to see family members who don’t live with you",97,Not applicable
s3_worry_seefamily,"In the past month, have you been worried about: not being able to see family members who don’t live with you",1,Not at all worried
s3_worry_seefamily,"In the past month, have you been worried about: not being able to see family members who don’t live with you",2,Slightly worried
s3_worry_seefamily,"In the past month, have you been worried about: not being able to see family members who don’t live with you",3,Moderately worried
s3_worry_seefamily,"In the past month, have you been worried about: not being able to see family members who don’t live with you",4,Very worried
s3_worry_seefriends,"In the past month, have you been worried about: not being able to see friends",1,Not at all worried
s3_worry_seefriends,"In the past month, have you been worried about: not being able to see friends",2,Slightly worried
s3_worry_seefriends,"In the past month, have you been worried about: not being able to see friends",3,Moderately worried
s3_worry_seefriends,"In the past month, have you been worried about: not being able to see friends",4,Very worried
s3_worry_seefriends,"In the past month, have you been worried about: not being able to see friends",5,Extremely worried
s3_worry_seefriends,"In the past month, have you been worried about: not being able to see friends",97,Not applicable
s3_worry_lifeplans,"In the past month, have you been worried about: having life plans put on hold",1,Not at all worried
s3_worry_lifeplans,"In the past month, have you been worried about: having life plans put on hold",2,Slightly worried
s3_worry_lifeplans,"In the past month, have you been worried about: having life plans put on hold",3,Moderately worried
s3_worry_lifeplans,"In the past month, have you been worried about: having life plans put on hold",4,Very worried
s3_worry_lifeplans,"In the past month, have you been worried about: having life plans put on hold",5,Extremely worried
s3_worry_lifeplans,"In the past month, have you been worried about: having life plans put on hold",97,Not applicable
s3_perstress_q2,In the last month how often have you...felt that you were unable to control the important things in your life?,0,Never
s3_perstress_q2,In the last month how often have you...felt that you were unable to control the important things in your life?,1,Almost never
s3_perstress_q2,In the last month how often have you...felt that you were unable to control the important things in your life?,2,Sometimes
s3_perstress_q2,In the last month how often have you...felt that you were unable to control the important things in your life?,3,Fairly often
s3_perstress_q2,In the last month how often have you...felt that you were unable to control the important things in your life?,4,Very often
s3_perstress_q4,felt confident about your ability to handle your personal problems?,0,Never
s3_perstress_q4,felt confident about your ability to handle your personal problems?,1,Almost never
s3_perstress_q4,felt confident about your ability to handle your personal problems?,2,Sometimes
s3_perstress_q4,felt confident about your ability to handle your personal problems?,3,Fairly often
s3_perstress_q4,felt confident about your ability to handle your personal problems?,4,Very often
s3_perstress_q5,felt that things were going your way?,0,Never
s3_perstress_q5,felt that things were going your way?,1,Almost never
s3_perstress_q5,felt that things were going your way?,2,Sometimes
s3_perstress_q5,felt that things were going your way?,3,Fairly often
s3_perstress_q5,felt that things were going your way?,4,Very often
s3_perstress_q10,felt difficulties were piling up so high that you could not overcomethem?,0,Never
s3_perstress_q10,felt difficulties were piling up so high that you could not overcomethem?,1,Almost never
s3_perstress_q10,felt difficulties were piling up so high that you could not overcomethem?,2,Sometimes
s3_perstress_q10,felt difficulties were piling up so high that you could not overcomethem?,3,Fairly often
s3_perstress_q10,felt difficulties were piling up so high that you could not overcomethem?,4,Very often
s3_vigorous_last7days,How many days did you do vigorous physical activity for at least 10minutes at a time,,Days of at least 10 minutes vigorous activity in last 7 days [0-7]
s3_moderate_last7days,How many days did you do moderate physical activity for at least10 minutes at a time:,,Days of at least 10 minutes vigorous activity in last 7 days [0-7]
s3_diet,"Compared to the first lockdown (which began on March 2020), Is your diet",1,Much healthier now
s3_diet,"Compared to the first lockdown (which began on March 2020), Is your diet",2,Slightly healthier now
s3_diet,"Compared to the first lockdown (which began on March 2020), Is your diet",3,About the same now
s3_diet,"Compared to the first lockdown (which began on March 2020), Is your diet",4,Slightly less healthy now
s3_diet,"Compared to the first lockdown (which began on March 2020), Is your diet",5,Much less healthy now
s3_sleepaverage,What was the average number of hours you slept per day in the last7 days,,Average number of hours slept per day in last 7 days [0-24]
s3_sleepquality,"Compared to the first lockdown (which began on March 2020), is the quality of your sleep",1,Much better now
s3_sleepquality,"Compared to the first lockdown (which began on March 2020), is the quality of your sleep",2,Somewhat better now
s3_sleepquality,"Compared to the first lockdown (which began on March 2020), is the quality of your sleep",3,About the same now
s3_sleepquality,"Compared to the first lockdown (which began on March 2020), is the quality of your sleep",4,Somewhat worse now
s3_sleepquality,"Compared to the first lockdown (which began on March 2020), is the quality of your sleep",5,Much worse now
s3_trust_ukgov,"In general, how much do you trust medical and health advice from the UK Government?",1,Not at all
s3_trust_ukgov,"In general, how much do you trust medical and health advice from the UK Government?",2,Not much
s3_trust_ukgov,"In general, how much do you trust medical and health advice from the UK Government?",3,Some
s3_trust_ukgov,"In general, how much do you trust medical and health advice from the UK Government?",4,A lot
s3_trust_ukgov,"In general, how much do you trust medical and health advice from the UK Government?",99,Don't know
s3_trust_scotgov,"In general, how much do you trust medical and health advice from the Scottish Government",1,Not at all
s3_trust_scotgov,"In general, how much do you trust medical and health advice from the Scottish Government",2,Not much
s3_trust_scotgov,"In general, how much do you trust medical and health advice from the Scottish Government",3,Some
s3_trust_scotgov,"In general, how much do you trust medical and health advice from the Scottish Government",4,A lot
s3_trust_scotgov,"In general, how much do you trust medical and health advice from the Scottish Government",99,Don't know
s3_trust_medical,"In general, how much do you trust medical and health advice from medical workers , such as doctors and nurses, in this country?",1,Not at all
s3_trust_medical,"In general, how much do you trust medical and health advice from medical workers , such as doctors and nurses, in this country?",2,Not much
s3_trust_medical,"In general, how much do you trust medical and health advice from medical workers , such as doctors and nurses, in this country?",3,Some
s3_trust_medical,"In general, how much do you trust medical and health advice from medical workers , such as doctors and nurses, in this country?",4,A lot
s3_trust_medical,"In general, how much do you trust medical and health advice from medical workers , such as doctors and nurses, in this country?",99,Don't know
s3_vac_important,Vaccines are important for children to have,1,Strongly disagree
s3_vac_important,Vaccines are important for children to have,2,Somewhat disagree
s3_vac_important,Vaccines are important for children to have,3,Neither agree nor disagree
s3_vac_important,Vaccines are important for children to have,4,Somewhat agree
s3_vac_important,Vaccines are important for children to have,5,Strongly agree
s3_vac_important,Vaccines are important for children to have,99,Don't know
s3_vac_safe,Vaccines are safe,1,Strongly disagree
s3_vac_safe,Vaccines are safe,2,Somewhat disagree
s3_vac_safe,Vaccines are safe,3,Neither agree nor disagree
s3_vac_safe,Vaccines are safe,4,Somewhat agree
s3_vac_safe,Vaccines are safe,5,Strongly agree
s3_vac_safe,Vaccines are safe,99,Don't know
s3_vac_effect,Vaccines are effective,1,Strongly disagree
s3_vac_effect,Vaccines are effective,2,Somewhat disagree
s3_vac_effect,Vaccines are effective,3,Neither agree nor disagree
s3_vac_effect,Vaccines are effective,4,Somewhat agree
s3_vac_effect,Vaccines are effective,5,Strongly agree
s3_vac_effect,Vaccines are effective,99,Don't know
s3_cv19vac_likely,"If a vaccine against COVID-19 was offered to you, how likely or unlikelywould you be to take the vaccine",1,Very unlikely
s3_cv19vac_likely,"If a vaccine against COVID-19 was offered to you, how likely or unlikelywould you be to take the vaccine",2,Unlikely
s3_cv19vac_likely,"If a vaccine against COVID-19 was offered to you, how likely or unlikelywould you be to take the vaccine",3,Likely
s3_cv19vac_likely,"If a vaccine against COVID-19 was offered to you, how likely or unlikelywould you be to take the vaccine",4,Very likely
s3_cv19vac_likely,"If a vaccine against COVID-19 was offered to you, how likely or unlikelywould you be to take the vaccine",98,Prefer not to answer
s3_cv19vac_likely,"If a vaccine against COVID-19 was offered to you, how likely or unlikelywould you be to take the vaccine",99,Don't know
s3_cv19vac_refuse,What is the main reason you would not take the vaccine?,1,Low chance of respondent catching Covid-19
s3_cv19vac_refuse,What is the main reason you would not take the vaccine?,10,Don't trust vaccines
s3_cv19vac_refuse,What is the main reason you would not take the vaccine?,11,Underlying condition would make vaccine unsafe for respondent
s3_cv19vac_refuse,What is the main reason you would not take the vaccine?,12,Other
s3_cv19vac_refuse,What is the main reason you would not take the vaccine?,2,Low chance of respondent becoming seriously unwell from Covid-19
s3_cv19vac_refuse,What is the main reason you would not take the vaccine?,3,Impact of Covid-19 is greatly exaggerated
s3_cv19vac_refuse,What is the main reason you would not take the vaccine?,4,Limited vaccines and other people need it more
s3_cv19vac_refuse,What is the main reason you would not take the vaccine?,5,Herd immunity will protect respondent even if they don't have vaccine
s3_cv19vac_refuse,What is the main reason you would not take the vaccine?,6,Respondent doesn't think they will be offered vaccine for free and wouldn't pay for it
s3_cv19vac_refuse,What is the main reason you would not take the vaccine?,7,Respondent doesn't think it would be effective at stopping them catching Covid-19
s3_cv19vac_refuse,What is the main reason you would not take the vaccine?,8,Worried about side effects
s3_cv19vac_refuse,What is the main reason you would not take the vaccine?,9,Worried about unknown future effects
s3_cv19vac_accept,What would be your main reason for taking the vaccine.,1,Stop respondent catching Covid-19 or becoming very ill from it
s3_cv19vac_accept,What would be your main reason for taking the vaccine.,10,Respondent takes vaccines offered or recommended to them
s3_cv19vac_accept,What would be your main reason for taking the vaccine.,11,Other
s3_cv19vac_accept,What would be your main reason for taking the vaccine.,2,Allow respondent to safely leave their home
s3_cv19vac_accept,What would be your main reason for taking the vaccine.,3,Allow responded to get required help or care at home
s3_cv19vac_accept,What would be your main reason for taking the vaccine.,4,Respondent is key worker working with high risk groups
s3_cv19vac_accept,What would be your main reason for taking the vaccine.,5,Allow respondent to return to workplace
s3_cv19vac_accept,What would be your main reason for taking the vaccine.,6,Allow social and family life to return to normal
s3_cv19vac_accept,What would be your main reason for taking the vaccine.,7,Reduce disruption to respondent's children's education
s3_cv19vac_accept,What would be your main reason for taking the vaccine.,8,Vaccine won't work unless most people in UK take it
s3_cv19vac_accept,What would be your main reason for taking the vaccine.,9,Protect others from catching Covid-19
s3_hadcv19vac_reason,What is your main reason for taking the COVID-19 vaccine,8,Vaccine won't work unless most people in UK take it
s3_hadcv19vac_reason,What is your main reason for taking the COVID-19 vaccine,9,Protect others from catching Covid-19
s3_hadcv19vac_reason,What is your main reason for taking the COVID-19 vaccine,1,Stop respondent catching Covid-19 or becoming very ill from it
s3_hadcv19vac_reason,What is your main reason for taking the COVID-19 vaccine,10,Respondent takes vaccines offered or recommended to them
s3_hadcv19vac_reason,What is your main reason for taking the COVID-19 vaccine,11,Other
s3_hadcv19vac_reason,What is your main reason for taking the COVID-19 vaccine,2,Allow respondent to safely leave their home
s3_hadcv19vac_reason,What is your main reason for taking the COVID-19 vaccine,3,Allow responded to get required help or care at home
s3_hadcv19vac_reason,What is your main reason for taking the COVID-19 vaccine,4,Respondent is key worker working with high risk groups
s3_hadcv19vac_reason,What is your main reason for taking the COVID-19 vaccine,5,Allow respondent to return to workplace
s3_hadcv19vac_reason,What is your main reason for taking the COVID-19 vaccine,6,Allow social and family life to return to normal
s3_hadcv19vac_reason,What is your main reason for taking the COVID-19 vaccine,7,Reduce disruption to respondent's children's education
s3_understand_scotgo,Do you find the Scottish Governments guidance on COVID-19 easy tounderstand?,1,Extremely difficult
s3_understand_scotgo,Do you find the Scottish Governments guidance on COVID-19 easy tounderstand?,2,Somewhat difficult
s3_understand_scotgo,Do you find the Scottish Governments guidance on COVID-19 easy tounderstand?,3,Neither easy nor difficult
s3_understand_scotgo,Do you find the Scottish Governments guidance on COVID-19 easy tounderstand?,4,Somewhat easy
s3_understand_scotgo,Do you find the Scottish Governments guidance on COVID-19 easy tounderstand?,5,Extremely easy
s3_understand_ukgovg,Do you find the UK Governments guidance on COVID-19 easy tounderstand?,1,Extremely difficult
s3_understand_ukgovg,Do you find the UK Governments guidance on COVID-19 easy tounderstand?,2,Somewhat difficult
s3_understand_ukgovg,Do you find the UK Governments guidance on COVID-19 easy tounderstand?,3,Neither easy nor difficult
s3_understand_ukgovg,Do you find the UK Governments guidance on COVID-19 easy tounderstand?,4,Somewhat easy
s3_understand_ukgovg,Do you find the UK Governments guidance on COVID-19 easy tounderstand?,5,Extremely easy
s3_knowledge_covid,How would you rate your knowledge about COVID-19?,1,Extremely bad
s3_knowledge_covid,How would you rate your knowledge about COVID-19?,2,Somewhat bad
s3_knowledge_covid,How would you rate your knowledge about COVID-19?,3,Neither good nor bad
s3_knowledge_covid,How would you rate your knowledge about COVID-19?,4,Somewhat good
s3_knowledge_covid,How would you rate your knowledge about COVID-19?,5,Extremely good
s3_scotgov_guidance,Do you think that the Scottish Governments guidance and actions onCOVID-19 are,1,An under-reaction
s3_scotgov_guidance,Do you think that the Scottish Governments guidance and actions onCOVID-19 are,2,About right
s3_scotgov_guidance,Do you think that the Scottish Governments guidance and actions onCOVID-19 are,3,An over-reaction
s3_ukgov_guidance,Do you think that the UK Government's guidance and actions onCOVID-19 are,1,An under-reaction
s3_ukgov_guidance,Do you think that the UK Government's guidance and actions onCOVID-19 are,2,About right
s3_ukgov_guidance,Do you think that the UK Government's guidance and actions onCOVID-19 are,3,An over-reaction
s3_sources_covid_1,Which of the following sources of information have you used to keep informed about COVID-19? BBC News television bulletins,0,No
s3_sources_covid_1,Which of the following sources of information have you used to keep informed about COVID-19? BBC News television bulletins,1,Yes
s3_sources_covid_2,"Other television news bulletins (e.g. ITV, Channel 4)",0,No
s3_sources_covid_2,"Other television news bulletins (e.g. ITV, Channel 4)",1,Yes
s3_sources_covid_3,BBC News website,0,No
s3_sources_covid_3,BBC News website,1,Yes
s3_sources_covid_4,"Other news websites (e.g. ITV, Channel 4)",0,No
s3_sources_covid_4,"Other news websites (e.g. ITV, Channel 4)",1,Yes
s3_sources_covid_5,NHS websites,0,No
s3_sources_covid_5,NHS websites,1,Yes
s3_sources_covid_6,GP practice website,0,No
s3_sources_covid_6,GP practice website,1,Yes
s3_sources_covid_17,"Public health websites (e.g. Public Health Scotland, Public Health England)",0,No
s3_sources_covid_17,"Public health websites (e.g. Public Health Scotland, Public Health England)",1,Yes
s3_sources_covid_7,Government websites,0,No
s3_sources_covid_7,Government websites,1,Yes
s3_sources_covid_18,Office for National Statistics websites,0,No
s3_sources_covid_18,Office for National Statistics websites,1,Yes
s3_sources_covid_8,World Health Organisation (WHO) website,0,No
s3_sources_covid_8,World Health Organisation (WHO) website,1,Yes
s3_sources_covid_9,Broadsheet newspapers (print or website),0,No
s3_sources_covid_9,Broadsheet newspapers (print or website),1,Yes
s3_sources_covid_10,Tabloid newspapers (print or website),0,No
s3_sources_covid_10,Tabloid newspapers (print or website),1,Yes
s3_sources_covid_11,Radio or podcasts,0,No
s3_sources_covid_11,Radio or podcasts,1,Yes
s3_sources_covid_12,"Social media websites and news feeds (e.g. Instagram, Facebook, Twitter)",0,No
s3_sources_covid_12,"Social media websites and news feeds (e.g. Instagram, Facebook, Twitter)",1,Yes
s3_sources_covid_13,Your workplace,0,No
s3_sources_covid_13,Your workplace,1,Yes
s3_sources_covid_14,Family and friends,0,No
s3_sources_covid_14,Family and friends,1,Yes
s3_sources_covid_15,Whatsapp or other messaging services,0,No
s3_sources_covid_15,Whatsapp or other messaging services,1,Yes
s3_sources_covid_16,Other health websites or resources,0,No
s3_sources_covid_16,Other health websites or resources,1,Yes
s3_sources_covid_96,None of the above,0,No
s3_sources_covid_96,None of the above,1,Yes
s3_mosthelpful_sourc,Which of the following sources of information have you found the most helpful for keeping informed about COVID-19?,1,BBC News television bulletins
s3_mosthelpful_sourc,Which of the following sources of information have you found the most helpful for keeping informed about COVID-19?,10,Tabloid newspapers (print or website)
s3_mosthelpful_sourc,Which of the following sources of information have you found the most helpful for keeping informed about COVID-19?,11,Radio or podcasts
s3_mosthelpful_sourc,Which of the following sources of information have you found the most helpful for keeping informed about COVID-19?,12,"Social media websites and news feeds (e.g. Instagram, Facebook, Twitter)"
s3_mosthelpful_sourc,Which of the following sources of information have you found the most helpful for keeping informed about COVID-19?,13,Your workplace
s3_mosthelpful_sourc,Which of the following sources of information have you found the most helpful for keeping informed about COVID-19?,14,Family and friends
s3_mosthelpful_sourc,Which of the following sources of information have you found the most helpful for keeping informed about COVID-19?,15,Whatsapp or other messaging services
s3_mosthelpful_sourc,Which of the following sources of information have you found the most helpful for keeping informed about COVID-19?,16,Other health websites or resources
s3_mosthelpful_sourc,Which of the following sources of information have you found the most helpful for keeping informed about COVID-19?,17,"Public health websites (e.g. Public Health Scotland, Public Health England)"
s3_mosthelpful_sourc,Which of the following sources of information have you found the most helpful for keeping informed about COVID-19?,18,Office for National Statistics websites
s3_mosthelpful_sourc,Which of the following sources of information have you found the most helpful for keeping informed about COVID-19?,2,"Other television news bulletins (e.g. ITV, Channel 4)"
s3_mosthelpful_sourc,Which of the following sources of information have you found the most helpful for keeping informed about COVID-19?,3,BBC News website
s3_mosthelpful_sourc,Which of the following sources of information have you found the most helpful for keeping informed about COVID-19?,4,"Other news websites (e.g. ITV, Channel 4)"
s3_mosthelpful_sourc,Which of the following sources of information have you found the most helpful for keeping informed about COVID-19?,5,NHS websites
s3_mosthelpful_sourc,Which of the following sources of information have you found the most helpful for keeping informed about COVID-19?,6,GP practice website
s3_mosthelpful_sourc,Which of the following sources of information have you found the most helpful for keeping informed about COVID-19?,7,Government websites
s3_mosthelpful_sourc,Which of the following sources of information have you found the most helpful for keeping informed about COVID-19?,8,World Health Organisation (WHO) website
s3_mosthelpful_sourc,Which of the following sources of information have you found the most helpful for keeping informed about COVID-19?,9,Broadsheet newspapers (print or website)
s3_mosthelpful_sourc,Which of the following sources of information have you found the most helpful for keeping informed about COVID-19?,96,None of the above
s3_time_covidnews,How much time do you spend on average each day getting news orlearning about COVID-19?,0,None
s3_time_covidnews,How much time do you spend on average each day getting news orlearning about COVID-19?,1,Less than 30 minutes
s3_time_covidnews,How much time do you spend on average each day getting news orlearning about COVID-19?,2,30 minutes to 1 hour
s3_time_covidnews,How much time do you spend on average each day getting news orlearning about COVID-19?,3,1-2 hours
s3_time_covidnews,How much time do you spend on average each day getting news orlearning about COVID-19?,4,3-4 hours
s3_time_covidnews,How much time do you spend on average each day getting news orlearning about COVID-19?,5,5 or more hours
s3_socialmedia_covid,"On average, how many hours per day do you, look at or use socialmedia nowadays?",0,None
s3_socialmedia_covid,"On average, how many hours per day do you, look at or use socialmedia nowadays?",1,Less than 30 minutes
s3_socialmedia_covid,"On average, how many hours per day do you, look at or use socialmedia nowadays?",2,30 minutes to 1 hour
s3_socialmedia_covid,"On average, how many hours per day do you, look at or use socialmedia nowadays?",3,1-2 hours
s3_socialmedia_covid,"On average, how many hours per day do you, look at or use socialmedia nowadays?",4,3-4 hours
s3_socialmedia_covid,"On average, how many hours per day do you, look at or use socialmedia nowadays?",5,5-6 hours
s3_socialmedia_covid,"On average, how many hours per day do you, look at or use socialmedia nowadays?",6,7 or more hours
s3_accurate_covidinf,"On a scale of 1 (not at all difficult) to 10 (extremely difficult), how difficult has it been for you to find accurate, understandable information about COVID-19?",,"Not at all difficult(1) ,..., Extremely difficult(10)"
s3_ukgov_confidence,How confident are you that the UK Government can prevent furtheroutbreaks of COVID-19?,1,Not confident at all
s3_ukgov_confidence,How confident are you that the UK Government can prevent furtheroutbreaks of COVID-19?,2,Not very confident
s3_ukgov_confidence,How confident are you that the UK Government can prevent furtheroutbreaks of COVID-19?,3,Somewhat confident
s3_ukgov_confidence,How confident are you that the UK Government can prevent furtheroutbreaks of COVID-19?,4,Very confident
s3_scotgov_confidenc,How confident are you that the Scottish Government can prevent further outbreaks of COVID-19?,4,Very confident
s3_scotgov_confidenc,How confident are you that the Scottish Government can prevent further outbreaks of COVID-19?,1,Not confident at all
s3_scotgov_confidenc,How confident are you that the Scottish Government can prevent further outbreaks of COVID-19?,2,Not very confident
s3_scotgov_confidenc,How confident are you that the Scottish Government can prevent further outbreaks of COVID-19?,3,Somewhat confident
s3_nhs_confidence,How confident are you that the NHS can cope with the COVID-19pandemic?,1,Not confident at all
s3_nhs_confidence,How confident are you that the NHS can cope with the COVID-19pandemic?,2,Not very confident
s3_nhs_confidence,How confident are you that the NHS can cope with the COVID-19pandemic?,3,Somewhat confident
s3_nhs_confidence,How confident are you that the NHS can cope with the COVID-19pandemic?,4,Very confident
s3_socialdist,Have you been following the government guidance on:,1,Never
s3_socialdist,Have you been following the government guidance on:,2,Some of the time
s3_socialdist,Have you been following the government guidance on:,3,Most of the time
s3_socialdist,Have you been following the government guidance on:,4,Always
s3_guidance_stayhome,Have you been following the government guidance on:,1,Never
s3_guidance_stayhome,Have you been following the government guidance on:,2,Some of the time
s3_guidance_stayhome,Have you been following the government guidance on:,3,Most of the time
s3_guidance_stayhome,Have you been following the government guidance on:,4,Always
s3_handwashing,Have you been following the government guidance on:,1,Never
s3_handwashing,Have you been following the government guidance on:,2,Some of the time
s3_handwashing,Have you been following the government guidance on:,3,Most of the time
s3_handwashing,Have you been following the government guidance on:,4,Always
s3_facecover,Have you been following the government guidance on:,3,Most of the time
s3_facecover,Have you been following the government guidance on:,4,Always
s3_facecover,Have you been following the government guidance on:,1,Never
s3_facecover,Have you been following the government guidance on:,2,Some of the time
s3_symptoms_tested,"If you developed COVID-19 symptoms (continuous cough, hightemperature or change in sense of smell or taste) would youarrange to be tested for COVID-19",1,Definitely not
s3_symptoms_tested,"If you developed COVID-19 symptoms (continuous cough, hightemperature or change in sense of smell or taste) would youarrange to be tested for COVID-19",2,Probably not
s3_symptoms_tested,"If you developed COVID-19 symptoms (continuous cough, hightemperature or change in sense of smell or taste) would youarrange to be tested for COVID-19",3,Probably
s3_symptoms_tested,"If you developed COVID-19 symptoms (continuous cough, hightemperature or change in sense of smell or taste) would youarrange to be tested for COVID-19",4,Definitely
s3_well_isolate,If you are asked to self-isolate because you have been in closecontact,1,Never
s3_well_isolate,If you are asked to self-isolate because you have been in closecontact,2,Some of the time
s3_well_isolate,If you are asked to self-isolate because you have been in closecontact,3,Most of the time
s3_well_isolate,If you are asked to self-isolate because you have been in closecontact,4,Always
s3_instructedisolate,Have you been contacted and told you need to self-isolate becauseyou have been in close contact with someone who tested positive forCOVID-19?,0,No
s3_instructedisolate,Have you been contacted and told you need to self-isolate becauseyou have been in close contact with someone who tested positive forCOVID-19?,1,Yes
s3_instructedisolate,Have you been contacted and told you need to self-isolate becauseyou have been in close contact with someone who tested positive forCOVID-19?,98,Prefer not to answer
s3_instructedisolate,Have you been contacted and told you need to self-isolate becauseyou have been in close contact with someone who tested positive forCOVID-19?,99,Don't know
s3_isolatecompliance,Did you follow the self-isolation instructions?,1,None of the time
s3_isolatecompliance,Did you follow the self-isolation instructions?,2,Some of the time
s3_isolatecompliance,Did you follow the self-isolation instructions?,3,Most of the time
s3_isolatecompliance,Did you follow the self-isolation instructions?,4,Always
s3_isolatecompliance,Did you follow the self-isolation instructions?,98,Prefer not to answer
s3_test_protect_app,Have you installed the Protect Scotland app?,0,No
s3_test_protect_app,Have you installed the Protect Scotland app?,1,Yes
s3_test_protect_app,Have you installed the Protect Scotland app?,99,Don't know
s3_nhs_app,Have you installed the NHS COVID-19 app?,0,No
s3_nhs_app,Have you installed the NHS COVID-19 app?,1,Yes
s3_nhs_app,Have you installed the NHS COVID-19 app?,99,Don't know
s3_no_app_why_1,Protect Scotland:  Haven't heard of it,0,No
s3_no_app_why_1,Protect Scotland:  Haven't heard of it,1,Yes
s3_no_app_why_2,Don't have mobile device/smartphone,0,No
s3_no_app_why_2,Don't have mobile device/smartphone,1,Yes
s3_no_app_why_3,"Don't use mobile device/smartphone, but have one",0,No
s3_no_app_why_3,"Don't use mobile device/smartphone, but have one",1,Yes
s3_no_app_why_4,Don't have a smartphone capable of running the app,0,No
s3_no_app_why_4,Don't have a smartphone capable of running the app,1,Yes
s3_no_app_why_5,Don't install apps on smartphone,0,No
s3_no_app_why_5,Don't install apps on smartphone,1,Yes
s3_no_app_why_6,Don't know how to install it,0,No
s3_no_app_why_6,Don't know how to install it,1,Yes
s3_no_app_why_7,Don't feel data is secure,0,No
s3_no_app_why_7,Don't feel data is secure,1,Yes
s3_no_app_why_8,Don't trust the app,0,No
s3_no_app_why_8,Don't trust the app,1,Yes
s3_no_app_why_9,Can't use app in job (e.g. health or social care workers in clinical setting),0,No
s3_no_app_why_9,Can't use app in job (e.g. health or social care workers in clinical setting),1,Yes
s3_no_app_why_10,Other,0,No
s3_no_app_why_10,Other,1,Yes
s3_no_app_why_engwa_1,NHS COVID-19 app: Haven't heard of it,0,No
s3_no_app_why_engwa_1,NHS COVID-19 app: Haven't heard of it,1,Yes
s3_no_app_why_engwa_2,Don't have mobile device/smartphone,0,No
s3_no_app_why_engwa_2,Don't have mobile device/smartphone,1,Yes
s3_no_app_why_engwa_3,"Don't use mobile device/smartphone, but have one",0,No
s3_no_app_why_engwa_3,"Don't use mobile device/smartphone, but have one",1,Yes
s3_no_app_why_engwa_4,Don't have a smartphone capable of running the app,0,No
s3_no_app_why_engwa_4,Don't have a smartphone capable of running the app,1,Yes
s3_no_app_why_engwa_5,Don't install apps on smartphone,0,No
s3_no_app_why_engwa_5,Don't install apps on smartphone,1,Yes
s3_no_app_why_engwa_6,Don't know how to install it,0,No
s3_no_app_why_engwa_6,Don't know how to install it,1,Yes
s3_no_app_why_engwa_7,Don't feel data is secure,0,No
s3_no_app_why_engwa_7,Don't feel data is secure,1,Yes
s3_no_app_why_engwa_8,Don't trust the app,0,No
s3_no_app_why_engwa_8,Don't trust the app,1,Yes
s3_no_app_why_engwa_9,Can't use app in job (e.g. health or social care workers in clinical setting),0,No
s3_no_app_why_engwa_9,Can't use app in job (e.g. health or social care workers in clinical setting),1,Yes
s3_no_app_why_engwa_10,Other,0,No
s3_no_app_why_engwa_10,Other,1,Yes
s3_compliancenow,Compared to the first lockdown (which began in March 2020) have you changed how closely you follow government guidance lawsand regulations on COVID-19 during the current lockdown (whichbegan in December 2020)?,98,Prefer not to answer
s3_compliancenow,Compared to the first lockdown (which began in March 2020) have you changed how closely you follow government guidance lawsand regulations on COVID-19 during the current lockdown (whichbegan in December 2020)?,99,Don't know
s3_compliancenow,Compared to the first lockdown (which began in March 2020) have you changed how closely you follow government guidance lawsand regulations on COVID-19 during the current lockdown (whichbegan in December 2020)?,1,"Follow the guidance, laws and regulations more closely now"
s3_compliancenow,Compared to the first lockdown (which began in March 2020) have you changed how closely you follow government guidance lawsand regulations on COVID-19 during the current lockdown (whichbegan in December 2020)?,2,"No change in how the guidance, laws and regulations are followed"
s3_compliancenow,Compared to the first lockdown (which began in March 2020) have you changed how closely you follow government guidance lawsand regulations on COVID-19 during the current lockdown (whichbegan in December 2020)?,3,"Follow the guidance, laws and regulations less closely now"
s3_facecover_others,People should wear a face covering when entering enclosed spaceswhere physical distancing is more difficult. Such as on public transport or in shops.,1,Strongly disagree
s3_facecover_others,People should wear a face covering when entering enclosed spaceswhere physical distancing is more difficult. Such as on public transport or in shops.,2,Disagree
s3_facecover_others,People should wear a face covering when entering enclosed spaceswhere physical distancing is more difficult. Such as on public transport or in shops.,3,Neither agree nor disagree
s3_facecover_others,People should wear a face covering when entering enclosed spaceswhere physical distancing is more difficult. Such as on public transport or in shops.,4,Agree
s3_facecover_others,People should wear a face covering when entering enclosed spaceswhere physical distancing is more difficult. Such as on public transport or in shops.,5,Strongly agree
s3_covid_f2f_family,How regularly do you do these activities now?,1,Never
s3_covid_f2f_family,How regularly do you do these activities now?,2,Rarely
s3_covid_f2f_family,How regularly do you do these activities now?,3,Less than once a week
s3_covid_f2f_family,How regularly do you do these activities now?,4,1-2 days a week
s3_covid_f2f_family,How regularly do you do these activities now?,5,3-4 days a week
s3_covid_f2f_family,How regularly do you do these activities now?,6,Every day/almost every day
s3_covid_f2f_friends,How regularly do you do these activities now?,1,Never
s3_covid_f2f_friends,How regularly do you do these activities now?,2,Rarely
s3_covid_f2f_friends,How regularly do you do these activities now?,3,Less than once a week
s3_covid_f2f_friends,How regularly do you do these activities now?,4,1-2 days a week
s3_covid_f2f_friends,How regularly do you do these activities now?,5,3-4 days a week
s3_covid_f2f_friends,How regularly do you do these activities now?,6,Every day/almost every day
s3_covid_call_family,How regularly do you do these activities now?,1,Never
s3_covid_call_family,How regularly do you do these activities now?,2,Rarely
s3_covid_call_family,How regularly do you do these activities now?,3,Less than once a week
s3_covid_call_family,How regularly do you do these activities now?,4,1-2 days a week
s3_covid_call_family,How regularly do you do these activities now?,5,3-4 days a week
s3_covid_call_family,How regularly do you do these activities now?,6,Every day/almost every day
s3_covid_call_friends,How regularly do you do these activities now?,1,Never
s3_covid_call_friends,How regularly do you do these activities now?,2,Rarely
s3_covid_call_friends,How regularly do you do these activities now?,3,Less than once a week
s3_covid_call_friends,How regularly do you do these activities now?,4,1-2 days a week
s3_covid_call_friends,How regularly do you do these activities now?,5,3-4 days a week
s3_covid_call_friends,How regularly do you do these activities now?,6,Every day/almost every day
s3_covid_video_family,How regularly do you do these activities now?,1,Never
s3_covid_video_family,How regularly do you do these activities now?,2,Rarely
s3_covid_video_family,How regularly do you do these activities now?,3,Less than once a week
s3_covid_video_family,How regularly do you do these activities now?,4,1-2 days a week
s3_covid_video_family,How regularly do you do these activities now?,5,3-4 days a week
s3_covid_video_family,How regularly do you do these activities now?,6,Every day/almost every day
s3_covid_video_friends,How regularly do you do these activities now?,1,Never
s3_covid_video_friends,How regularly do you do these activities now?,2,Rarely
s3_covid_video_friends,How regularly do you do these activities now?,3,Less than once a week
s3_covid_video_friends,How regularly do you do these activities now?,4,1-2 days a week
s3_covid_video_friends,How regularly do you do these activities now?,5,3-4 days a week
s3_covid_video_friends,How regularly do you do these activities now?,6,Every day/almost every day
s3_covid_text_family,How regularly do you do these activities now?,1,Never
s3_covid_text_family,How regularly do you do these activities now?,2,Rarely
s3_covid_text_family,How regularly do you do these activities now?,3,Less than once a week
s3_covid_text_family,How regularly do you do these activities now?,4,1-2 days a week
s3_covid_text_family,How regularly do you do these activities now?,5,3-4 days a week
s3_covid_text_family,How regularly do you do these activities now?,6,Every day/almost every day
s3_covid_text_friends,How regularly do you do these activities now?,1,Never
s3_covid_text_friends,How regularly do you do these activities now?,2,Rarely
s3_covid_text_friends,How regularly do you do these activities now?,3,Less than once a week
s3_covid_text_friends,How regularly do you do these activities now?,4,1-2 days a week
s3_covid_text_friends,How regularly do you do these activities now?,5,3-4 days a week
s3_covid_text_friends,How regularly do you do these activities now?,6,Every day/almost every day
s3_employstat_now,Are you currently on maternity or paternity leave?,1,Self-employed employing others
s3_employstat_now,Are you currently on maternity or paternity leave?,10,Still in school/studying full-time
s3_employstat_now,Are you currently on maternity or paternity leave?,11,Unemployed as sick or disabled
s3_employstat_now,Are you currently on maternity or paternity leave?,12,Unemployed
s3_employstat_now,Are you currently on maternity or paternity leave?,13,Other
s3_employstat_now,Are you currently on maternity or paternity leave?,2,Self-employed not employing others
s3_employstat_now,Are you currently on maternity or paternity leave?,3,Paid employee supervising others
s3_employstat_now,Are you currently on maternity or paternity leave?,4,Paid employee not supervising others
s3_employstat_now,Are you currently on maternity or paternity leave?,5,In unpaid employment
s3_employstat_now,Are you currently on maternity or paternity leave?,6,Homemaker
s3_employstat_now,Are you currently on maternity or paternity leave?,7,Looking after children
s3_employstat_now,Are you currently on maternity or paternity leave?,8,Looking after other dependants
s3_employstat_now,Are you currently on maternity or paternity leave?,9,Retired
s3_employstat_now,Are you currently on maternity or paternity leave?,98,Prefer not to answer
s3_matpat_leave,Are you currently on maternity or paternity leave?,0,No
s3_matpat_leave,Are you currently on maternity or paternity leave?,1,Yes
s3_wfh_last4weeks,During the last four weeks how often did you work at home,1,Never
s3_wfh_last4weeks,During the last four weeks how often did you work at home,2,Sometimes
s3_wfh_last4weeks,During the last four weeks how often did you work at home,3,Often
s3_wfh_last4weeks,During the last four weeks how often did you work at home,4,Always
s3_wfh_last4weeks,During the last four weeks how often did you work at home,97,Not applicable
s3_furloughed_covid,Have you received a written letter or email from your employer toconfirm that you have been furloughed under the Coronavirus JobRetention Scheme?,0,No
s3_furloughed_covid,Have you received a written letter or email from your employer toconfirm that you have been furloughed under the Coronavirus JobRetention Scheme?,1,Yes
s3_furloughed_covid,Have you received a written letter or email from your employer toconfirm that you have been furloughed under the Coronavirus JobRetention Scheme?,97,Not applicable
s3_furloughed_covid,Have you received a written letter or email from your employer toconfirm that you have been furloughed under the Coronavirus JobRetention Scheme?,99,Don't know
s3_furloughed_now,Are you still furloughed?,0,No
s3_furloughed_now,Are you still furloughed?,1,Yes still 100% furloughed
s3_furloughed_now,Are you still furloughed?,2,Yes part time/flexible furlough
s3_furloughed_now,Are you still furloughed?,97,Not applicable
s3_furloughed_now,Are you still furloughed?,99,Don't know
s3_seiss_applied,Have you applied to the Self-Employment Income Support Scheme?,0,No
s3_seiss_applied,Have you applied to the Self-Employment Income Support Scheme?,1,Yes
s3_seiss_applied,Have you applied to the Self-Employment Income Support Scheme?,97,Not applicable
s3_seiss_applied,Have you applied to the Self-Employment Income Support Scheme?,99,Don't know
s3_seiss_received,Have you received financial support from the Self-EmploymentIncome Support Scheme?,0,No
s3_seiss_received,Have you received financial support from the Self-EmploymentIncome Support Scheme?,1,Yes
s3_seiss_received,Have you received financial support from the Self-EmploymentIncome Support Scheme?,97,Not applicable
s3_seiss_received,Have you received financial support from the Self-EmploymentIncome Support Scheme?,99,Don't know
s3_work_closecontact,Does your work require you to be in close contact (i.e. within 2 m) with others who you do not live with including while travelling to work?,1,Not at all
s3_work_closecontact,Does your work require you to be in close contact (i.e. within 2 m) with others who you do not live with including while travelling to work?,2,Rarely
s3_work_closecontact,Does your work require you to be in close contact (i.e. within 2 m) with others who you do not live with including while travelling to work?,3,Some of the time
s3_work_closecontact,Does your work require you to be in close contact (i.e. within 2 m) with others who you do not live with including while travelling to work?,4,Yes
s3_work_closecontact,Does your work require you to be in close contact (i.e. within 2 m) with others who you do not live with including while travelling to work?,5,Yes
s3_work_closecontact,Does your work require you to be in close contact (i.e. within 2 m) with others who you do not live with including while travelling to work?,97,Not applicable
s3_work_closecontact,Does your work require you to be in close contact (i.e. within 2 m) with others who you do not live with including while travelling to work?,all,of the time
s3_work_closecontact,Does your work require you to be in close contact (i.e. within 2 m) with others who you do not live with including while travelling to work?,most,of the time
s3_work_ppe,"In your place of work, do you have access to necessary personalprotective equipment (PPE)?",1,Not at all
s3_work_ppe,"In your place of work, do you have access to necessary personalprotective equipment (PPE)?",2,Rarely
s3_work_ppe,"In your place of work, do you have access to necessary personalprotective equipment (PPE)?",3,Some of the time
s3_work_ppe,"In your place of work, do you have access to necessary personalprotective equipment (PPE)?",4,Yes
s3_work_ppe,"In your place of work, do you have access to necessary personalprotective equipment (PPE)?",5,Yes
s3_work_ppe,"In your place of work, do you have access to necessary personalprotective equipment (PPE)?",97,Not applicable
s3_work_ppe,"In your place of work, do you have access to necessary personalprotective equipment (PPE)?",all,of the time
s3_work_ppe,"In your place of work, do you have access to necessary personalprotective equipment (PPE)?",most,of the time
s3_benefits_now,"Are you or anyone else in your household receiving any benefits now? Including Blue Badge, Free School Meals, National Entitlement Card",0,No
s3_benefits_now,"Are you or anyone else in your household receiving any benefits now? Including Blue Badge, Free School Meals, National Entitlement Card",1,Yes
s3_benefits_now,"Are you or anyone else in your household receiving any benefits now? Including Blue Badge, Free School Meals, National Entitlement Card",98,Prefer not to answer
s3_benefits_now,"Are you or anyone else in your household receiving any benefits now? Including Blue Badge, Free School Meals, National Entitlement Card",99,Don't know
s3_whichbenefits_now_1,Attendance allowance,0,No
s3_whichbenefits_now_1,Attendance allowance,1,Yes
s3_whichbenefits_now_2,Bereavement allowance,0,No
s3_whichbenefits_now_2,Bereavement allowance,1,Yes
s3_whichbenefits_now_3,Best Start Grant,0,No
s3_whichbenefits_now_3,Best Start Grant,1,Yes
s3_whichbenefits_now_4,Best Start Foods,0,No
s3_whichbenefits_now_4,Best Start Foods,1,Yes
s3_whichbenefits_now_5,Blue Badge,0,No
s3_whichbenefits_now_5,Blue Badge,1,Yes
s3_whichbenefits_now_6,Carer's Allowance,0,No
s3_whichbenefits_now_6,Carer's Allowance,1,Yes
s3_whichbenefits_now_7,Child Benefit,0,No
s3_whichbenefits_now_7,Child Benefit,1,Yes
s3_whichbenefits_now_8,Child Tax Credit,0,No
s3_whichbenefits_now_8,Child Tax Credit,1,Yes
s3_whichbenefits_now_9,Cold Weather Payment,0,No
s3_whichbenefits_now_9,Cold Weather Payment,1,Yes
s3_whichbenefits_now_10,Constant Attendance Allowance,0,No
s3_whichbenefits_now_10,Constant Attendance Allowance,1,Yes
s3_whichbenefits_now_11,Council Tax Benefit,0,No
s3_whichbenefits_now_11,Council Tax Benefit,1,Yes
s3_whichbenefits_now_12,Crisis Loans,0,No
s3_whichbenefits_now_12,Crisis Loans,1,Yes
s3_whichbenefits_now_13,Disability Living Allowance,0,No
s3_whichbenefits_now_13,Disability Living Allowance,1,Yes
s3_whichbenefits_now_14,Employment and Support Allowance,0,No
s3_whichbenefits_now_14,Employment and Support Allowance,1,Yes
s3_whichbenefits_now_15,Free School Meals,0,No
s3_whichbenefits_now_15,Free School Meals,1,Yes
s3_whichbenefits_now_16,Guardian's Allowance,0,No
s3_whichbenefits_now_16,Guardian's Allowance,1,Yes
s3_whichbenefits_now_17,Housing Benefit,0,No
s3_whichbenefits_now_17,Housing Benefit,1,Yes
s3_whichbenefits_now_18,In Work Credit,0,No
s3_whichbenefits_now_18,In Work Credit,1,Yes
s3_whichbenefits_now_19,Incapacity Benefit,0,No
s3_whichbenefits_now_19,Incapacity Benefit,1,Yes
s3_whichbenefits_now_20,Income Support,0,No
s3_whichbenefits_now_20,Income Support,1,Yes
s3_whichbenefits_now_21,Industrial Injuries Disablement Benefit,0,No
s3_whichbenefits_now_21,Industrial Injuries Disablement Benefit,1,Yes
s3_whichbenefits_now_22,Industrial Death Benefit,0,No
s3_whichbenefits_now_22,Industrial Death Benefit,1,Yes
s3_whichbenefits_now_23,Jobseeker's Allowance,0,No
s3_whichbenefits_now_23,Jobseeker's Allowance,1,Yes
s3_whichbenefits_now_24,Maternity Allowance,0,No
s3_whichbenefits_now_24,Maternity Allowance,1,Yes
s3_whichbenefits_now_25,Mobility Supplement,0,No
s3_whichbenefits_now_25,Mobility Supplement,1,Yes
s3_whichbenefits_now_26,National Entitlement Card,0,No
s3_whichbenefits_now_26,National Entitlement Card,1,Yes
s3_whichbenefits_now_27,Pension Credit,0,No
s3_whichbenefits_now_27,Pension Credit,1,Yes
s3_whichbenefits_now_28,Personal Independence Payment,0,No
s3_whichbenefits_now_28,Personal Independence Payment,1,Yes
s3_whichbenefits_now_29,Severe Disablement Allowance,0,No
s3_whichbenefits_now_29,Severe Disablement Allowance,1,Yes
s3_whichbenefits_now_30,State Pension,0,No
s3_whichbenefits_now_30,State Pension,1,Yes
s3_whichbenefits_now_31,Statutory Adoption Pay,0,No
s3_whichbenefits_now_31,Statutory Adoption Pay,1,Yes
s3_whichbenefits_now_32,Statutory Maternity Pay,0,No
s3_whichbenefits_now_32,Statutory Maternity Pay,1,Yes
s3_whichbenefits_now_33,Statutory Paternity Pay,0,No
s3_whichbenefits_now_33,Statutory Paternity Pay,1,Yes
s3_whichbenefits_now_34,Statutory Sick Pay,0,No
s3_whichbenefits_now_34,Statutory Sick Pay,1,Yes
s3_whichbenefits_now_35,Sure Start Maternity Grant,0,No
s3_whichbenefits_now_35,Sure Start Maternity Grant,1,Yes
s3_whichbenefits_now_36,Tax credits,0,No
s3_whichbenefits_now_36,Tax credits,1,Yes
s3_whichbenefits_now_37,Universal Credit,0,No
s3_whichbenefits_now_37,Universal Credit,1,Yes
s3_whichbenefits_now_38,War Disablement Pension,0,No
s3_whichbenefits_now_38,War Disablement Pension,1,Yes
s3_whichbenefits_now_39,War Widow's/Widower's Pension,0,No
s3_whichbenefits_now_39,War Widow's/Widower's Pension,1,Yes
s3_whichbenefits_now_40,Widowed Parent's Allowance,0,No
s3_whichbenefits_now_40,Widowed Parent's Allowance,1,Yes
s3_whichbenefits_now_41,Widow's Pension,0,No
s3_whichbenefits_now_41,Widow's Pension,1,Yes
s3_whichbenefits_now_42,Winter Fuel Payment,0,No
s3_whichbenefits_now_42,Winter Fuel Payment,1,Yes
s3_whichbenefits_now_43,Working Tax Credit,0,No
s3_whichbenefits_now_43,Working Tax Credit,1,Yes
s3_whichbenefits_now_100,Other (please specify),0,No
s3_whichbenefits_now_100,Other (please specify),1,Yes
s3_whichbenefits_now_99,Don't know,0,No
s3_whichbenefits_now_99,Don't know,1,Yes
s3_whichbenefits_now_98,Prefer not to answer,0,No
s3_whichbenefits_now_98,Prefer not to answer,1,Yes
s3_finance_changes,"Overall, how do you feel your current financial situation compares tobefore the first official lockdown was announced on the 23rd March2020?",1,Much worse off
s3_finance_changes,"Overall, how do you feel your current financial situation compares tobefore the first official lockdown was announced on the 23rd March2020?",2,A little worse off
s3_finance_changes,"Overall, how do you feel your current financial situation compares tobefore the first official lockdown was announced on the 23rd March2020?",3,About the same
s3_finance_changes,"Overall, how do you feel your current financial situation compares tobefore the first official lockdown was announced on the 23rd March2020?",4,A little better off
s3_finance_changes,"Overall, how do you feel your current financial situation compares tobefore the first official lockdown was announced on the 23rd March2020?",5,Much better off
s3_financesitu_worry,I’m worried about my future financial situation,1,Strongly disagree
s3_financesitu_worry,I’m worried about my future financial situation,2,Disagree
s3_financesitu_worry,I’m worried about my future financial situation,3,Neither agree nor disagree
s3_financesitu_worry,I’m worried about my future financial situation,4,Agree
s3_financesitu_worry,I’m worried about my future financial situation,5,Strongly agree
s3_jobsec_worry,I'm worried about my job security,1,Strongly disagree
s3_jobsec_worry,I'm worried about my job security,2,Disagree
s3_jobsec_worry,I'm worried about my job security,3,Neither agree nor disagree
s3_jobsec_worry,I'm worried about my job security,4,Agree
s3_jobsec_worry,I'm worried about my job security,5,Strongly agree
s3_shopfood_anxious,Do you feel anxious when going food shopping during the COVID-19 pandemic?,1,Not at all anxious
s3_shopfood_anxious,Do you feel anxious when going food shopping during the COVID-19 pandemic?,2,Slightly anxious
s3_shopfood_anxious,Do you feel anxious when going food shopping during the COVID-19 pandemic?,3,Moderately anxious
s3_shopfood_anxious,Do you feel anxious when going food shopping during the COVID-19 pandemic?,4,Very anxious
s3_shopfood_anxious,Do you feel anxious when going food shopping during the COVID-19 pandemic?,5,Extremely anxious
s3_shopfood_anxious,Do you feel anxious when going food shopping during the COVID-19 pandemic?,6,Don't go food shopping
s3_shopfood_anxious,Do you feel anxious when going food shopping during the COVID-19 pandemic?,97,Not applicable
s3_covid_impact,"On the whole, what impact has the COVID-19 pandemic had on yourlife?",1,Very negative impact
s3_covid_impact,"On the whole, what impact has the COVID-19 pandemic had on yourlife?",2,Quite negative impact
s3_covid_impact,"On the whole, what impact has the COVID-19 pandemic had on yourlife?",3,Neither negative nor positive impact
s3_covid_impact,"On the whole, what impact has the COVID-19 pandemic had on yourlife?",4,Quite positive impact
s3_covid_impact,"On the whole, what impact has the COVID-19 pandemic had on yourlife?",5,Very positive impact
avail_from_dt,,,
