variable_name,variable_label,value_value,value_label
study_id_e,,,
mdqa1,PCQ: I A1.  you felt so good or hyper that other people thought you were not your normal self,0.0,No
mdqa1,PCQ: I A1.  you felt so good or hyper that other people thought you were not your normal self,1.0,Yes
mdqa2,PCQ: I A2.  you were so irritable that you shouted at people or started fights or arguments,0.0,No
mdqa2,PCQ: I A2.  you were so irritable that you shouted at people or started fights or arguments,1.0,Yes
mdqa3,PCQ: I A3.  you felt much more self-confident than usual,0.0,No
mdqa3,PCQ: I A3.  you felt much more self-confident than usual,1.0,Yes
mdqa4,PCQ: I A4.  you got much less sleep than usual and found you didnt really miss it,0.0,No
mdqa4,PCQ: I A4.  you got much less sleep than usual and found you didnt really miss it,1.0,Yes
mdqa5,PCQ: I A5.  you were much more talkative or spoke faster than usual,0.0,No
mdqa5,PCQ: I A5.  you were much more talkative or spoke faster than usual,1.0,Yes
mdqa6,PCQ: I A6.  thoughts raced through your head or you couldnt slow your mind down,0.0,No
mdqa6,PCQ: I A6.  thoughts raced through your head or you couldnt slow your mind down,1.0,Yes
mdqa7,PCQ: I A7. you were so easily distracted by things around you that you had trouble concentrating,0.0,No
mdqa7,PCQ: I A7. you were so easily distracted by things around you that you had trouble concentrating,1.0,Yes
mdqa8,PCQ: I A8. you had much more energy than usual,0.0,No
mdqa8,PCQ: I A8. you had much more energy than usual,1.0,Yes
mdqa9,PCQ: I A9. you were much more active or did many more things than usual,0.0,No
mdqa9,PCQ: I A9. you were much more active or did many more things than usual,1.0,Yes
mdqa10,PCQ: I A10. you were much more social or outgoing than usual for example you telephoned friends in the middle of the night,0.0,No
mdqa10,PCQ: I A10. you were much more social or outgoing than usual for example you telephoned friends in the middle of the night,1.0,Yes
mdqa11,PCQ: I A11.  you were much more interested in sex than usual,0.0,No
mdqa11,PCQ: I A11.  you were much more interested in sex than usual,1.0,Yes
mdqa12,PCQ: I A12. you did things that were unusual for you or that other people might have thought were excessive,0.0,No
mdqa12,PCQ: I A12. you did things that were unusual for you or that other people might have thought were excessive,1.0,Yes
mdqa13,PCQ: I A13. spending money got you or your family into trouble,0.0,No
mdqa13,PCQ: I A13. spending money got you or your family into trouble,1.0,Yes
mdqb,PCQ: IB. Have several of these ever happened during the same period of time,0.0,No
mdqb,PCQ: IB. Have several of these ever happened during the same period of time,1.0,Yes
mdqc,PCQ: IC. How much of a problem did any of these cause you?,0.0,No
mdqc,PCQ: IC. How much of a problem did any of these cause you?,1.0,Yes
total,total MDQ 1-13,2.0,Minor problem
total,total MDQ 1-13,3.0,Moderate problem
total,total MDQ 1-13,4.0,Serious problem
total,total MDQ 1-13,1.0,No problem
avail_from_dt,,,
