variable_name,variable_label,value_value,value_label
study_id_e,,,
bp_systolic_1,CRF: C1. Blood Pressure 1 Systolic,,
bp_diastolic_1,CRF: C1. Blood Pressure 1 Diastolic,,
heart_rate_1,CRF: C1. Heart Rate 1,,
bp_systolic_2,CRF: C1. Blood Pressure 2 Systolic,,
bp_diastolic_2,CRF: C1. Blood Pressure 2 Diastolic,,
heart_rate_2,CRF: C1. Heart Rate 2,,
avg_sys,average systolic blood pressure,,
avg_dia,average diastolic blood pressure,,
avg_hr,average heartrate,,
max_sys,maximum systolic blood pressure,,
appt,date of response,,
avail_from_dt,,,
