variable_name,variable_label,value_value,value_label
study_id_e,,,
quintile,SIMD rank quintile,,"Most Deprived SIMD rank quintile(1) ,..., Least Deprived SIMD rank quintile(5)"
quintile,SIMD rank quintile,,"Most Deprived SIMD rank quintile(1) ,..., Least Deprived SIMD rank quintile(5)"
quintile,SIMD rank quintile,,"Most Deprived SIMD rank quintile(1) ,..., Least Deprived SIMD rank quintile(5)"
quintile,SIMD rank quintile,,"Most Deprived SIMD rank quintile(1) ,..., Least Deprived SIMD rank quintile(5)"
urban,urban-rural classification,2.0,other urban areas
urban,urban-rural classification,3.0,accessible small towns
urban,urban-rural classification,4.0,remote small towns
urban,urban-rural classification,5.0,accessible rural areas
urban,urban-rural classification,6.0,remote rural areas
urban,urban-rural classification,1.0,Large urban area >125000
urban,urban-rural classification,2.0,other urban areas
urban,urban-rural classification,3.0,accessible small towns
urban,urban-rural classification,4.0,remote small towns
urban,urban-rural classification,5.0,accessible rural areas
urban,urban-rural classification,6.0,remote rural areas
urban,urban-rural classification,1.0,Large urban area >125000
urban,urban-rural classification,2.0,other urban areas
urban,urban-rural classification,3.0,accessible small towns
urban,urban-rural classification,4.0,remote small towns
urban,urban-rural classification,5.0,accessible rural areas
urban,urban-rural classification,6.0,remote rural areas
urban,urban-rural classification,1.0,Large urban area >125000
urban,urban-rural classification,2.0,other urban areas
urban,urban-rural classification,3.0,accessible small towns
urban,urban-rural classification,4.0,remote small towns
urban,urban-rural classification,5.0,accessible rural areas
urban,urban-rural classification,6.0,remote rural areas
urban,urban-rural classification,1.0,Large urban area >125000
avail_from_dt,,,
postarea_e,,,
area_e,,,
