variable_name,variable_label,value_value,value_label
study_id_e,,,
ever_pain,PCQ: F1. Do you ever get pain or discomfort in your chest?,2,No
ever_pain,PCQ: F1. Do you ever get pain or discomfort in your chest?,1,Yes
if_active,PCQ: F2. Do you get this pain when you walk uphill or hurry?,2,No
if_active,PCQ: F2. Do you get this pain when you walk uphill or hurry?,1,Yes
if_walking,PCQ: F3. Do you get it when you walk at an ordinary pace on the level?,2,No
if_walking,PCQ: F3. Do you get it when you walk at an ordinary pace on the level?,1,Yes
reaction,PCQ: F4. When you get pain or discomfort in your chest what do you do? (Stop/Slow Down/Continue),2,Slow Down
reaction,PCQ: F4. When you get pain or discomfort in your chest what do you do? (Stop/Slow Down/Continue),3,Continue at same pace
reaction,PCQ: F4. When you get pain or discomfort in your chest what do you do? (Stop/Slow Down/Continue),1,Stop
recover,PCQ: F5. Does it go away when you stand still or sit down?,2,No
recover,PCQ: F5. Does it go away when you stand still or sit down?,1,Yes
recover_l10,PCQ: 10 Minutes or less,blank,blank
recover_l10,PCQ: 10 Minutes or less,1,Yes
recover_m10,PCQ: More than 10 minutes,blank,blank
recover_m10,PCQ: More than 10 minutes,1,Yes
body_area,PCQ: F6. Where do you get this pain or discomfort,1,sternum
body_area,PCQ: F6. Where do you get this pain or discomfort,2,left anterior chest
body_area,PCQ: F6. Where do you get this pain or discomfort,3,left arm
body_area,PCQ: F6. Where do you get this pain or discomfort,4,right anterior chest
body_area,PCQ: F6. Where do you get this pain or discomfort,5,right arm
severe_pain,PCQ: F7. Have you ever had a severe pain across the front of your chest lasting for half an hour?,1,Yes
severe_pain,PCQ: F7. Have you ever had a severe pain across the front of your chest lasting for half an hour?,2,No
angina,Possible angina grade (Rose),2,Grade 2
angina,Possible angina grade (Rose),1,Grade 1
mi,Possible myocardial infarction,,
avail_from_dt,,,
