variable_name,variable_label,value_value,value_label
study_id_e,,,
heart_disease_y,heart_disease- you,,
heart_disease_f,heart_disease- father,,
heart_disease_m,heart_disease- mother,,
heart_disease_bs,heart_disease- sibling,,
heart_disease_b,heart_disease- brother,,
heart_disease_s,heart_disease- sister,,
heart_disease_g,heart_disease- grandparent,,
stroke_y,stroke- you,,
stroke_f,stroke- father,,
stroke_m,stroke- mother,,
stroke_bs,stroke- sibling,,
stroke_b,stroke- brother,,
stroke_s,stroke- sister,,
stroke_g,stroke- grandparent,,
high_bp_y,high blood pressure - you,,
high_bp_f,high blood pressure - father,,
high_bp_m,high blood pressure - mother,,
high_bp_bs,high blood pressure - sibling,,
high_bp_b,high blood pressure - brother,,
high_bp_s,high blood pressure - sister,,
high_bp_g,high blood pressure - grandparent,,
diabetes_y,diabetes- you,,
diabetes_f,diabetes- father,,
diabetes_m,diabetes- mother,,
diabetes_bs,diabetes- sibling,,
diabetes_b,diabetes- brother,,
diabetes_s,diabetes- sister,,
diabetes_g,diabetes- grandparent,,
alzheimers_y,alzheimers- you,,
alzheimers_f,alzheimers- father,,
alzheimers_m,alzheimers- mother,,
alzheimers_bs,alzheimers- sibling,,
alzheimers_b,alzheimers- brother,,
alzheimers_s,alzheimers- sister,,
alzheimers_g,alzheimers- grandparent,,
parkinsons_y,parkinsons- you,,
parkinsons_f,parkinsons- father,,
parkinsons_m,parkinsons- mother,,
parkinsons_bs,parkinsons- sibling,,
parkinsons_b,parkinsons- brother,,
parkinsons_s,parkinsons- sister,,
parkinsons_g,parkinsons- grandparent,,
depression_y,depression- you,,
depression_f,depression- father,,
depression_m,depression- mother,,
depression_bs,depression- sibling,,
depression_b,depression- brother,,
depression_s,depression- sister,,
depression_g,depression- grandparent,,
breast_cancer_y,breast_cancer- you,,
breast_cancer_f,breast_cancer- father,,
breast_cancer_m,breast_cancer- mother,,
breast_cancer_bs,breast_cancer- sibling,,
breast_cancer_b,breast_cancer- brother,,
breast_cancer_s,breast_cancer- sister,,
breast_cancer_g,breast_cancer- grandparent,,
bowel_cancer_y,bowel_cancer- you,,
bowel_cancer_f,bowel_cancer- father,,
bowel_cancer_m,bowel_cancer- mother,,
bowel_cancer_bs,bowel_cancer- sibling,,
bowel_cancer_b,bowel_cancer- brother,,
bowel_cancer_s,bowel_cancer- sister,,
bowel_cancer_g,bowel_cancer- grandparent,,
lung_cancer_y,lung_cancer- you,,
lung_cancer_f,lung_cancer- father,,
lung_cancer_m,lung_cancer- mother,,
lung_cancer_bs,lung_cancer- sibling,,
lung_cancer_b,lung_cancer- brother,,
lung_cancer_s,lung_cancer- sister,,
lung_cancer_g,lung_cancer- grandparent,,
prostate_cancer_y,prostate_cancer- you,,
prostate_cancer_f,prostate_cancer- father,,
prostate_cancer_m,prostate_cancer- mother,,
prostate_cancer_bs,prostate_cancer- sibling,,
prostate_cancer_b,prostate_cancer- brother,,
prostate_cancer_s,prostate_cancer- sister,,
prostate_cancer_g,prostate_cancer- grandparent,,
hip_fracture_y,hip- fracture- you,,
hip_fracture_f,hip- fracture- father,,
hip_fracture_m,hip- fracture- mother,,
hip_fracture_bs,hip- fracture- sibling,,
hip_fracture_b,hip- fracture- brother,,
hip_fracture_s,hip- fracture- sister,,
hip_fracture_g,hip- fracture- grandparent,,
osteo_arthritis_y,osteo_arthritis- you,,
osteo_arthritis_f,osteo_arthritis- father,,
osteo_arthritis_m,osteo_arthritis- mother,,
osteo_arthritis_bs,osteo_arthritis- sibling,,
osteo_arthritis_b,osteo_arthritis- brother,,
osteo_arthritis_s,osteo_arthritis- sister,,
osteo_arthritis_g,osteo_arthritis- grandparent,,
rheum_arthritis_y,rheum_arthritis- you,,
rheum_arthritis_f,rheum_arthritis- father,,
rheum_arthritis_m,rheum_arthritis- mother,,
rheum_arthritis_bs,rheum_arthritis- sibling,,
rheum_arthritis_b,rheum_arthritis- brother,,
rheum_arthritis_s,rheum_arthritis- sister,,
rheum_arthritis_g,rheum_arthritis- grandparent,,
asthma_y,asthma- you,,
asthma_f,asthma- father,,
asthma_m,asthma- mother,,
asthma_bs,asthma- sibling,,
asthma_b,asthma- brother,,
asthma_s,asthma- sister,,
asthma_g,asthma- grandparent,,
copd_y,COPD- you,,
copd_f,COPD- father,,
copd_m,COPD- mother,,
copd_b,COPD- brother,,
copd_s,COPD- sister,,
copd_g,COPD- grandparent,,
total_y,total- you,,
appt,date of response,,
avail_from_dt,,,
