variable_name,variable_label,value_value,value_label
study_id_e,,,
vol_job_status,What is your employment (if unemployed give details of last job),10.0,"Unemployed, seeking work"
vol_job_status,What is your employment (if unemployed give details of last job),11.0,Other
vol_job_status,What is your employment (if unemployed give details of last job),12.0,Not applicable
vol_job_status,What is your employment (if unemployed give details of last job),2.0,Self-employed not employing others
vol_job_status,What is your employment (if unemployed give details of last job),3.0,Paid employee supervising others
vol_job_status,What is your employment (if unemployed give details of last job),4.0,Paid employee not supervising
vol_job_status,What is your employment (if unemployed give details of last job),5.0,In unpaid employment
vol_job_status,What is your employment (if unemployed give details of last job),6.0,Housewife/homemaker
vol_job_status,What is your employment (if unemployed give details of last job),7.0,Retired
vol_job_status,What is your employment (if unemployed give details of last job),8.0,Full-time student
vol_job_status,What is your employment (if unemployed give details of last job),9.0,"Unemployed, sick or disabled"
vol_job_status,What is your employment (if unemployed give details of last job),1.0,Self-employed employing others
spouse_job_status,What is your spouse/partner employment (if unemployed give details of last job),10.0,"Unemployed, seeking work"
spouse_job_status,What is your spouse/partner employment (if unemployed give details of last job),11.0,Other
spouse_job_status,What is your spouse/partner employment (if unemployed give details of last job),12.0,Not applicable
spouse_job_status,What is your spouse/partner employment (if unemployed give details of last job),2.0,Self-employed not employing others
spouse_job_status,What is your spouse/partner employment (if unemployed give details of last job),3.0,Paid employee supervising others
spouse_job_status,What is your spouse/partner employment (if unemployed give details of last job),4.0,Paid employee not supervising
spouse_job_status,What is your spouse/partner employment (if unemployed give details of last job),5.0,In unpaid employment
spouse_job_status,What is your spouse/partner employment (if unemployed give details of last job),6.0,Housewife/homemaker
spouse_job_status,What is your spouse/partner employment (if unemployed give details of last job),7.0,Retired
spouse_job_status,What is your spouse/partner employment (if unemployed give details of last job),8.0,Full-time student
spouse_job_status,What is your spouse/partner employment (if unemployed give details of last job),9.0,"Unemployed, sick or disabled"
spouse_job_status,What is your spouse/partner employment (if unemployed give details of last job),1.0,Self-employed employing others
jobless_years,"PCQ: N5I. If you are unemployed, state for how long Years",1.0,Less than 1 year
jobless_years,"PCQ: N5I. If you are unemployed, state for how long Years",2.0,1-4 inclusive
jobless_years,"PCQ: N5I. If you are unemployed, state for how long Years",3.0,5-9 inclusive
jobless_years,"PCQ: N5I. If you are unemployed, state for how long Years",4.0,10-14 inclusive
jobless_years,"PCQ: N5I. If you are unemployed, state for how long Years",5.0,15-19 inclusive
jobless_years,"PCQ: N5I. If you are unemployed, state for how long Years",6.0,20-24 inclusive
jobless_years,"PCQ: N5I. If you are unemployed, state for how long Years",7.0,25+
jobless_years,"PCQ: N5I. If you are unemployed, state for how long Years",0.0,0
work_type,PCQ: N5. Type of work your job mainly involves,2.0,Standing
work_type,PCQ: N5. Type of work your job mainly involves,3.0,Manual
work_type,PCQ: N5. Type of work your job mainly involves,4.0,Heavy Manual
work_type,PCQ: N5. Type of work your job mainly involves,1.0,Sedentary
night_hours,"PCQ: N5III. If you are employed, how many hours in a typical week would you work in the evening/overnight",1.0,1-4 inclusive
night_hours,"PCQ: N5III. If you are employed, how many hours in a typical week would you work in the evening/overnight",10.0,45-49 inclusive
night_hours,"PCQ: N5III. If you are employed, how many hours in a typical week would you work in the evening/overnight",11.0,50+
night_hours,"PCQ: N5III. If you are employed, how many hours in a typical week would you work in the evening/overnight",2.0,5-9 inclusive
night_hours,"PCQ: N5III. If you are employed, how many hours in a typical week would you work in the evening/overnight",3.0,10-14 inclusive
night_hours,"PCQ: N5III. If you are employed, how many hours in a typical week would you work in the evening/overnight",4.0,15-19 inclusive
night_hours,"PCQ: N5III. If you are employed, how many hours in a typical week would you work in the evening/overnight",5.0,20-24 inclusive
night_hours,"PCQ: N5III. If you are employed, how many hours in a typical week would you work in the evening/overnight",6.0,25-29 inclusive
night_hours,"PCQ: N5III. If you are employed, how many hours in a typical week would you work in the evening/overnight",7.0,30-34 inclusive
night_hours,"PCQ: N5III. If you are employed, how many hours in a typical week would you work in the evening/overnight",8.0,35-39 inclusive
night_hours,"PCQ: N5III. If you are employed, how many hours in a typical week would you work in the evening/overnight",9.0,40-44 inclusive
night_hours,"PCQ: N5III. If you are employed, how many hours in a typical week would you work in the evening/overnight",0.0,0
income,PCQ: N6. Average total income before tax of your entire household?,1.0,"<10,000"
income,PCQ: N6. Average total income before tax of your entire household?,2.0,"10,000-30,000"
income,PCQ: N6. Average total income before tax of your entire household?,3.0,"30,000-50,000"
income,PCQ: N6. Average total income before tax of your entire household?,4.0,"50,000-70,000"
income,PCQ: N6. Average total income before tax of your entire household?,5.0,"70,000+"
income,PCQ: N6. Average total income before tax of your entire household?,6.0,prefer not-answer
avail_from_dt,,,
