variable_name,variable_label,value_value,value_label
study_id_e,,,
eysenck_n,CRF: H1. Eysenck Personality Questionnaire Total N,,
eysenck_e,CRF: H1. Eysenck Personality Questionnaire Total E,,
logical_mem_1,CRF: H2. Logical Memory I Total Correct,,
digit_symbol,CRF: H3. Digit-Symbol Coding Total Correct,,
verbal_c,CRF: H4. Verbal Fluency C,,
verbal_f,CRF: H4. Verbal Fluency F,,
verbal_l,CRF: H4. Verbal Fluency L,,
verbal_total,CRF: H4. Verbal Fluency Total,,
vocabulary,CRF: H5. Mill Hill Vocabulary Total Correct,,
logical_mem_2,CRF: H6. Logical Memory Delay Total Correct,,
ghq_a,CRF: H7. GHQ Scoring A,,
likert_a,CRF: H7. Likert Scoring A,,
ghq_b,CRF: H7. GHQ Scoring B,,
likert_b,CRF: H7. Likert Scoring B,,
ghq_c,CRF: H7. GHQ Scoring C,,
likert_c,CRF: H7. Likert Scoring C,,
ghq_d,CRF: H7. GHQ Scoring D,,
likert_d,CRF: H7. Likert Scoring D,,
ghq_total,CRF: H7. GHQ Scoring Total,,
likert_total,CRF: H7. Likert Scoring Total,,
appt,date of response,,
avail_from_dt,,,
