variable_name,variable_label,value_value,value_label
study_id_e,,,
drink_status,PCQ: K1. Have you ever had an alcoholic drink?,,
units,"PCQ: K2. During the past week, please record how many units of alcohol you have had",,
usual,PCQ: K3. How does this compare to what you usually drink in a week?,1.0,more now
usual,PCQ: K3. How does this compare to what you usually drink in a week?,2.0,same
usual,PCQ: K3. How does this compare to what you usually drink in a week?,3.0,less now
usual,PCQ: K3. How does this compare to what you usually drink in a week?,4.0,don't drink
avail_from_dt,,,
