variable_name,variable_label,value_value,value_label
study_id_e,,,
ever_fracture,PCQ: G1. Have you ever suffered a fracture?,0.0,no
ever_fracture,PCQ: G1. Have you ever suffered a fracture?,1.0,yes
ever_osteoarthritis,PCQ: G2. Have you ever been diagnosed as suffering from Osteoarthritis?,0.0,no
ever_osteoarthritis,PCQ: G2. Have you ever been diagnosed as suffering from Osteoarthritis?,1.0,yes
ever_rheumatoid,PCQ: G3. Have you been diagnosed as suffering from Rheumatoid Arthritis?,0.0,no
ever_rheumatoid,PCQ: G3. Have you been diagnosed as suffering from Rheumatoid Arthritis?,1.0,yes
appt,date of response,,
avail_from_dt,,,
