variable_name,variable_label,value_value,value_label
study_id_e,,,
people,"PCQ: O1. Including yourself, how many people live in your household",1.0,1
people,"PCQ: O1. Including yourself, how many people live in your household",10.0,10+
people,"PCQ: O1. Including yourself, how many people live in your household",2.0,2
people,"PCQ: O1. Including yourself, how many people live in your household",3.0,3
people,"PCQ: O1. Including yourself, how many people live in your household",4.0,4
people,"PCQ: O1. Including yourself, how many people live in your household",5.0,5
people,"PCQ: O1. Including yourself, how many people live in your household",6.0,6
people,"PCQ: O1. Including yourself, how many people live in your household",7.0,7
people,"PCQ: O1. Including yourself, how many people live in your household",8.0,8
people,"PCQ: O1. Including yourself, how many people live in your household",9.0,9
people,"PCQ: O1. Including yourself, how many people live in your household",0.0,0
couple,PCQ: O2. Are you living with anyone in your household as a couple?,2.0,No
couple,PCQ: O2. Are you living with anyone in your household as a couple?,1.0,Yes
type,PCQ: O3. What type of accomodation do you live in?,2.0,Flat or apartment
type,PCQ: O3. What type of accomodation do you live in?,3.0,Hostel
type,PCQ: O3. What type of accomodation do you live in?,4.0,Mobile or caravan
type,PCQ: O3. What type of accomodation do you live in?,5.0,Sheltered house
type,PCQ: O3. What type of accomodation do you live in?,6.0,Homeless
type,PCQ: O3. What type of accomodation do you live in?,7.0,Other
type,PCQ: O3. What type of accomodation do you live in?,1.0,House or bungalow
status,PCQ: O4. What is the status of the accomodation?,2.0,Own with mortgage
status,PCQ: O4. What is the status of the accomodation?,3.0,Rent from local authority
status,PCQ: O4. What is the status of the accomodation?,4.0,Rent from private landlord or agency
status,PCQ: O4. What is the status of the accomodation?,5.0,Pay part rent and part mortgage
status,PCQ: O4. What is the status of the accomodation?,6.0,Live rent free
status,PCQ: O4. What is the status of the accomodation?,7.0,Other
status,PCQ: O4. What is the status of the accomodation?,1.0,Own outright
vehicles,PCQ: O5. How many cars/vans are available to you and your household,1.0,1
vehicles,PCQ: O5. How many cars/vans are available to you and your household,10.0,10+
vehicles,PCQ: O5. How many cars/vans are available to you and your household,2.0,2
vehicles,PCQ: O5. How many cars/vans are available to you and your household,3.0,3
vehicles,PCQ: O5. How many cars/vans are available to you and your household,4.0,4
vehicles,PCQ: O5. How many cars/vans are available to you and your household,5.0,5
vehicles,PCQ: O5. How many cars/vans are available to you and your household,6.0,6
vehicles,PCQ: O5. How many cars/vans are available to you and your household,7.0,7
vehicles,PCQ: O5. How many cars/vans are available to you and your household,8.0,8
vehicles,PCQ: O5. How many cars/vans are available to you and your household,9.0,9
vehicles,PCQ: O5. How many cars/vans are available to you and your household,0.0,0
appt,date of response,,timestamp
avail_from_dt,,,
