variable_name,variable_label,value_value,value_label
study_id_e,,,
sex,sex,F,Female
sex,sex,M,Male
dob,date of birth,,yyyymm
dod,date of death,,yyyymm
aged,age death,,Years
cause,ICD10 Cause of death,,ICD10 Cause of death
sec0,ICD10 Secondary cause,,ICD10 Secondary cause
sec1,ICD10 Secondary cause,,ICD10 Secondary cause
sec2,ICD10 Secondary cause,,ICD10 Secondary cause
sec3,ICD10 Secondary cause,,ICD10 Secondary cause
sec4,ICD10 Secondary cause,,ICD10 Secondary cause
sec5,ICD10 Secondary cause,,ICD10 Secondary cause
sec6,ICD10 Secondary cause,,ICD10 Secondary cause
sec7,ICD10 Secondary cause,,ICD10 Secondary cause
sec8,ICD10 Secondary cause,,ICD10 Secondary cause
sec9,ICD10 Secondary cause,,ICD10 Secondary cause
covid,covid19 on certificate,,Flag
death28,28 days of positive test,,Flag
avail_from_dt,,,
