variable_name,variable_label,value_value,value_label
study_id_e,,,
appt,Have you ever seen anybody for emotional or psychiatric problems?,2.0,No
appt,Have you ever seen anybody for emotional or psychiatric problems?,1.0,Yes
problem,Was there ever a time when you or someone else thought you should see someone because of the way you were feeling or acting?,2.0,No
problem,Was there ever a time when you or someone else thought you should see someone because of the way you were feeling or acting?,1.0,Yes
status,SCID interview completed,2.0,Incomplete
status,SCID interview completed,3.0,Refused
status,SCID interview completed,1.0,Complete
diagnosed,Diagnosis given?,2.0,No
diagnosed,Diagnosis given?,1.0,Yes
score4,Major depressive disorder score,2.0,Recurrent MDD
score4,Major depressive disorder score,3.0,Bipolar
score4,Major depressive disorder score,4.0,No major disorder
score4,Major depressive disorder score,1.0,Single MDD
current,Current major disorder,,
onset_age,Age at onset of first episode,,
episodes,CRF: I3. (d) Number of episodes,,
reliability,CRF: I4. Interviewers impression of reliability and completeness of SCID,2.0,Poor
reliability,CRF: I4. Interviewers impression of reliability and completeness of SCID,3.0,Fair
reliability,CRF: I4. Interviewers impression of reliability and completeness of SCID,4.0,Good
reliability,CRF: I4. Interviewers impression of reliability and completeness of SCID,5.0,Very Good
reliability,CRF: I4. Interviewers impression of reliability and completeness of SCID,1.0,Very Poor
filter,Answered Yes-either filter question,,
control,,,
avail_from_dt,,,
