variable_name,variable_label,value_value,value_label
study_id_e,,,
exposure_work,PCQ: M1A. Are you regularly exposed to other people's tobacco smoke at work?,2.0,Yes some
exposure_work,PCQ: M1A. Are you regularly exposed to other people's tobacco smoke at work?,3.0,Yes a little
exposure_work,PCQ: M1A. Are you regularly exposed to other people's tobacco smoke at work?,4.0,No none at all
exposure_work,PCQ: M1A. Are you regularly exposed to other people's tobacco smoke at work?,1.0,Yes a lot
exposure_home,PCQ: M1B. ...in your home?,2.0,Yes some
exposure_home,PCQ: M1B. ...in your home?,3.0,Yes a little
exposure_home,PCQ: M1B. ...in your home?,4.0,No none at all
exposure_home,PCQ: M1B. ...in your home?,1.0,Yes a lot
exposure_other,PCQ: M1C. ...in other places?,2.0,Yes some
exposure_other,PCQ: M1C. ...in other places?,3.0,Yes a little
exposure_other,PCQ: M1C. ...in other places?,4.0,No none at all
exposure_other,PCQ: M1C. ...in other places?,1.0,Yes a lot
exposure_week,"PCQ: M2. On average, how many hours per week are you exposed to other peoples tobacco smoke",10.0,70+
exposure_week,"PCQ: M2. On average, how many hours per week are you exposed to other peoples tobacco smoke",2.0,1-4 inclusive
exposure_week,"PCQ: M2. On average, how many hours per week are you exposed to other peoples tobacco smoke",3.0,5-9 inclusive
exposure_week,"PCQ: M2. On average, how many hours per week are you exposed to other peoples tobacco smoke",4.0,10-19 inclusive
exposure_week,"PCQ: M2. On average, how many hours per week are you exposed to other peoples tobacco smoke",5.0,20-29 inclusive
exposure_week,"PCQ: M2. On average, how many hours per week are you exposed to other peoples tobacco smoke",6.0,30-39 inclusive
exposure_week,"PCQ: M2. On average, how many hours per week are you exposed to other peoples tobacco smoke",7.0,40-49 inclusive
exposure_week,"PCQ: M2. On average, how many hours per week are you exposed to other peoples tobacco smoke",8.0,50-59 inclusive
exposure_week,"PCQ: M2. On average, how many hours per week are you exposed to other peoples tobacco smoke",9.0,60-69 inclusive
exposure_week,"PCQ: M2. On average, how many hours per week are you exposed to other peoples tobacco smoke",1.0,0
with_smoker,PCQ: M3. Do you live with anyone that smokes?,0.0,No
with_smoker,PCQ: M3. Do you live with anyone that smokes?,1.0,Yes
ever_smoke,Have you ever smoked tobacco?,2.0,"Yes, but stopped within past 12 months"
ever_smoke,Have you ever smoked tobacco?,3.0,"Yes, but stopped more than 12 months ago"
ever_smoke,Have you ever smoked tobacco?,4.0,"No, never smoked"
ever_smoke,Have you ever smoked tobacco?,1.0,"Yes, currently smoke"
appt,date of response,,timestamp
avail_from_dt,,,
