variable_name,variable_label,value_value,value_label
study_id_e,,,
rcode,race code,2.0,black
rcode,race code,3.0,asian
rcode,race code,4.0,mixed
rcode,race code,5.0,other
rcode,race code,6.0,not dislosed
rcode,race code,7.0,not specified
rcode,race code,1.0,white
race,race-which volunteer belongs,,Race
ncode,nationality code,1.0,scottish
ncode,nationality code,10.0,African
ncode,nationality code,11.0,Carribean
ncode,nationality code,12.0,Other
ncode,nationality code,2.0,english
ncode,nationality code,3.0,welsh
ncode,nationality code,4.0,N.Irish
ncode,nationality code,5.0,Irish
ncode,nationality code,6.0,Pakistani
ncode,nationality code,7.0,Indian
ncode,nationality code,9.0,Chinese
ncode,nationality code,0.0,blank
nationality,nation state-which volunteer belongs,,Nationality
appt,date of response,,timestamp
avail_from_dt,,,
