variable_name,variable_label,value_value,value_label
study_id_e,,,
n9homeid,sortkey: housing record index,,
n9homedm,When moved out of address or stopped travelling - Month,-9.0,Refused
n9homedm,When moved out of address or stopped travelling - Month,-8.0,Don't know
n9homedm,When moved out of address or stopped travelling - Month,0.0,Before 2000
n9homedm,When moved out of address or stopped travelling - Month,1.0,January
n9homedm,When moved out of address or stopped travelling - Month,2.0,February
n9homedm,When moved out of address or stopped travelling - Month,3.0,March
n9homedm,When moved out of address or stopped travelling - Month,4.0,April
n9homedm,When moved out of address or stopped travelling - Month,5.0,May
n9homedm,When moved out of address or stopped travelling - Month,6.0,June
n9homedm,When moved out of address or stopped travelling - Month,7.0,July
n9homedm,When moved out of address or stopped travelling - Month,8.0,August
n9homedm,When moved out of address or stopped travelling - Month,9.0,September
n9homedm,When moved out of address or stopped travelling - Month,10.0,October
n9homedm,When moved out of address or stopped travelling - Month,11.0,November
n9homedm,When moved out of address or stopped travelling - Month,12.0,December
n9homedy,When moved out of address or stopped travelling - Year,-9.0,Refused
n9homedy,When moved out of address or stopped travelling - Year,-8.0,Don't know
n9homedy,When moved out of address or stopped travelling - Year,-1.0,Not applicable
n9homedy,When moved out of address or stopped travelling - Year,0.0,Before 2000
n9homeg,Main reason moved out of address,-9.0,Refused
n9homeg,Main reason moved out of address,-8.0,Don't know
n9homeg,Main reason moved out of address,-1.0,Not applicable
n9homeg,Main reason moved out of address,1.0,Wanted to buy
n9homeg,Main reason moved out of address,2.0,Wanted larger home
n9homeg,Main reason moved out of address,3.0,Wanted smaller home
n9homeg,Main reason moved out of address,4.0,Wanted better home
n9homeg,Main reason moved out of address,5.0,Job changed/to be nearer work
n9homeg,Main reason moved out of address,6.0,Moved for health reasons
n9homeg,Main reason moved out of address,7.0,Moved to better area
n9homeg,Main reason moved out of address,8.0,For children's education
n9homeg,Main reason moved out of address,9.0,Wanted place of own
n9homeg,Main reason moved out of address,10.0,Due to a relationship breakdown
n9homeg,Main reason moved out of address,11.0,Due to a new relationship
n9homeg,Main reason moved out of address,12.0,Moved in with friends or family
n9homeg,Main reason moved out of address,13.0,To be nearer relatives
n9homeg,Main reason moved out of address,14.0,Home too expensive
n9homeg,Main reason moved out of address,15.0,Problems with neighbours
n9homeg,Main reason moved out of address,16.0,Evicted/ home repossessed
n9homeg,Main reason moved out of address,17.0,Tenancy expired/landlord sold property
n9homeg,Main reason moved out of address,18.0,Moved/ returned from abroad
n9homeg,Main reason moved out of address,19.0,CM wanted a change
n9homeg,Main reason moved out of address,20.0,Development project/investment
n9homeg,Main reason moved out of address,21.0,Inheritance
n9homeg,Main reason moved out of address,22.0,It was temporary accommodation
n9homeg,Main reason moved out of address,23.0,Wanted/was offered a local auth. home
n9homeg,Main reason moved out of address,24.0,Other reason
n9homei,Whether next moved to current address,-9.0,Refused
n9homei,Whether next moved to current address,-8.0,Don't know
n9homei,Whether next moved to current address,-1.0,Not applicable
n9homei,Whether next moved to current address,1.0,Current address
n9homei,Whether next moved to current address,2.0,Different address
n9homei,Whether next moved to current address,3.0,Period of no fixed address
n9addfx2,Have you had a fixed address at any time since moving out of that address?,-9.0,Refused
n9addfx2,Have you had a fixed address at any time since moving out of that address?,-8.0,Don't know
n9addfx2,Have you had a fixed address at any time since moving out of that address?,-1.0,Not applicable
n9addfx2,Have you had a fixed address at any time since moving out of that address?,1.0,Yes
n9addfx2,Have you had a fixed address at any time since moving out of that address?,2.0,No
v3,None,,
avail_from_dt,,,
