variable_name,variable_label,value_value,value_label
study_id_e,,,
relstd3,(Non-proxy) Person3 Relationship to CM,13.0,Natural father
relstd3,(Non-proxy) Person3 Relationship to CM,14.0,Adoptive father
relstd3,(Non-proxy) Person3 Relationship to CM,15.0,Step mother
relstd3,(Non-proxy) Person3 Relationship to CM,16.0,Step father
relstd3,(Non-proxy) Person3 Relationship to CM,17.0,Parent-in-law
relstd3,(Non-proxy) Person3 Relationship to CM,18.0,Grandparent
relstd3,(Non-proxy) Person3 Relationship to CM,19.0,Grandchild
relstd3,(Non-proxy) Person3 Relationship to CM,20.0,Other blood relative
relstd3,(Non-proxy) Person3 Relationship to CM,21.0,Other in-law
relstd3,(Non-proxy) Person3 Relationship to CM,22.0,Friend/unrelated adult
relstd3,(Non-proxy) Person3 Relationship to CM,23.0,Landlord
relstd3,(Non-proxy) Person3 Relationship to CM,24.0,Lodger
relstd3,(Non-proxy) Person3 Relationship to CM,25.0,Employer
relstd3,(Non-proxy) Person3 Relationship to CM,26.0,"Nanny, Au Pair etc"
relstd3,(Non-proxy) Person3 Relationship to CM,27.0,Child of non-relative adult
relstd3,(Non-proxy) Person3 Relationship to CM,28.0,Other
relstd3,(Non-proxy) Person3 Relationship to CM,1.0,Spouse
relstd3,(Non-proxy) Person3 Relationship to CM,2.0,Partner
relstd3,(Non-proxy) Person3 Relationship to CM,3.0,Own child
relstd3,(Non-proxy) Person3 Relationship to CM,4.0,Adopted child
relstd3,(Non-proxy) Person3 Relationship to CM,5.0,Child of current spouse/partner
relstd3,(Non-proxy) Person3 Relationship to CM,6.0,Child of previous spouse/partner
relstd3,(Non-proxy) Person3 Relationship to CM,7.0,Foster child
relstd3,(Non-proxy) Person3 Relationship to CM,8.0,Full brother/sister
relstd3,(Non-proxy) Person3 Relationship to CM,9.0,Half brother/sister
relstd3,(Non-proxy) Person3 Relationship to CM,10.0,Bother/sister-in-law
relstd3,(Non-proxy) Person3 Relationship to CM,11.0,Natural mother
relstd3,(Non-proxy) Person3 Relationship to CM,12.0,Adoptive mother
relprx4,(Proxy) Person4 Relationship to CM,1.0,Spouse
relprx4,(Proxy) Person4 Relationship to CM,2.0,Partner
relprx4,(Proxy) Person4 Relationship to CM,3.0,Own child
relprx4,(Proxy) Person4 Relationship to CM,4.0,Adopted child
relprx4,(Proxy) Person4 Relationship to CM,5.0,Child of current spouse/partner
relprx4,(Proxy) Person4 Relationship to CM,6.0,Child of previous spouse/partner
relprx4,(Proxy) Person4 Relationship to CM,7.0,Foster child
relprx4,(Proxy) Person4 Relationship to CM,8.0,Full brother/sister
relprx4,(Proxy) Person4 Relationship to CM,9.0,Half brother/sister
relprx4,(Proxy) Person4 Relationship to CM,10.0,Bother/sister-in-law
relprx4,(Proxy) Person4 Relationship to CM,11.0,Natural mother
relprx4,(Proxy) Person4 Relationship to CM,12.0,Adoptive mother
relprx4,(Proxy) Person4 Relationship to CM,13.0,Natural father
relprx4,(Proxy) Person4 Relationship to CM,14.0,Adoptive father
relprx4,(Proxy) Person4 Relationship to CM,15.0,Step mother
relprx4,(Proxy) Person4 Relationship to CM,16.0,Step father
relprx4,(Proxy) Person4 Relationship to CM,17.0,Parent-in-law
relprx4,(Proxy) Person4 Relationship to CM,18.0,Grandparent
relprx4,(Proxy) Person4 Relationship to CM,19.0,Grandchild
relprx4,(Proxy) Person4 Relationship to CM,20.0,Other blood relative
relprx4,(Proxy) Person4 Relationship to CM,21.0,Other in-law
relprx4,(Proxy) Person4 Relationship to CM,22.0,Friend/unrelated adult
relprx4,(Proxy) Person4 Relationship to CM,23.0,Landlord
relprx4,(Proxy) Person4 Relationship to CM,24.0,Lodger
relprx4,(Proxy) Person4 Relationship to CM,25.0,Employer
relprx4,(Proxy) Person4 Relationship to CM,26.0,"Nanny, Au Pair etc"
relprx4,(Proxy) Person4 Relationship to CM,27.0,Child of non-relative adult
relprx4,(Proxy) Person4 Relationship to CM,28.0,Other
relstd4,(Non-proxy) Person4 Relationship to CM,1.0,Spouse
relstd4,(Non-proxy) Person4 Relationship to CM,2.0,Partner
relstd4,(Non-proxy) Person4 Relationship to CM,3.0,Own child
relstd4,(Non-proxy) Person4 Relationship to CM,4.0,Adopted child
relstd4,(Non-proxy) Person4 Relationship to CM,5.0,Child of current spouse/partner
relstd4,(Non-proxy) Person4 Relationship to CM,6.0,Child of previous spouse/partner
relstd4,(Non-proxy) Person4 Relationship to CM,7.0,Foster child
relstd4,(Non-proxy) Person4 Relationship to CM,8.0,Full brother/sister
relstd4,(Non-proxy) Person4 Relationship to CM,9.0,Half brother/sister
relstd4,(Non-proxy) Person4 Relationship to CM,10.0,Bother/sister-in-law
relstd4,(Non-proxy) Person4 Relationship to CM,11.0,Natural mother
relstd4,(Non-proxy) Person4 Relationship to CM,12.0,Adoptive mother
relstd4,(Non-proxy) Person4 Relationship to CM,13.0,Natural father
relstd4,(Non-proxy) Person4 Relationship to CM,14.0,Adoptive father
relstd4,(Non-proxy) Person4 Relationship to CM,15.0,Step mother
relstd4,(Non-proxy) Person4 Relationship to CM,16.0,Step father
relstd4,(Non-proxy) Person4 Relationship to CM,17.0,Parent-in-law
relstd4,(Non-proxy) Person4 Relationship to CM,18.0,Grandparent
relstd4,(Non-proxy) Person4 Relationship to CM,19.0,Grandchild
relstd4,(Non-proxy) Person4 Relationship to CM,20.0,Other blood relative
relstd4,(Non-proxy) Person4 Relationship to CM,21.0,Other in-law
relstd4,(Non-proxy) Person4 Relationship to CM,22.0,Friend/unrelated adult
relstd4,(Non-proxy) Person4 Relationship to CM,23.0,Landlord
relstd4,(Non-proxy) Person4 Relationship to CM,24.0,Lodger
relstd4,(Non-proxy) Person4 Relationship to CM,25.0,Employer
relstd4,(Non-proxy) Person4 Relationship to CM,26.0,"Nanny, Au Pair etc"
relstd4,(Non-proxy) Person4 Relationship to CM,27.0,Child of non-relative adult
relstd4,(Non-proxy) Person4 Relationship to CM,28.0,Other
relprx5,(Proxy) Person5 Relationship to CM,14.0,Adoptive father
relprx5,(Proxy) Person5 Relationship to CM,15.0,Step mother
relprx5,(Proxy) Person5 Relationship to CM,16.0,Step father
relprx5,(Proxy) Person5 Relationship to CM,17.0,Parent-in-law
relprx5,(Proxy) Person5 Relationship to CM,18.0,Grandparent
relprx5,(Proxy) Person5 Relationship to CM,19.0,Grandchild
relprx5,(Proxy) Person5 Relationship to CM,20.0,Other blood relative
relprx5,(Proxy) Person5 Relationship to CM,21.0,Other in-law
relprx5,(Proxy) Person5 Relationship to CM,22.0,Friend/unrelated adult
relprx5,(Proxy) Person5 Relationship to CM,23.0,Landlord
relprx5,(Proxy) Person5 Relationship to CM,24.0,Lodger
relprx5,(Proxy) Person5 Relationship to CM,25.0,Employer
relprx5,(Proxy) Person5 Relationship to CM,26.0,"Nanny, Au Pair etc"
relprx5,(Proxy) Person5 Relationship to CM,27.0,Child of non-relative adult
relprx5,(Proxy) Person5 Relationship to CM,28.0,Other
relprx5,(Proxy) Person5 Relationship to CM,1.0,Spouse
relprx5,(Proxy) Person5 Relationship to CM,2.0,Partner
relprx5,(Proxy) Person5 Relationship to CM,3.0,Own child
relprx5,(Proxy) Person5 Relationship to CM,4.0,Adopted child
relprx5,(Proxy) Person5 Relationship to CM,5.0,Child of current spouse/partner
relprx5,(Proxy) Person5 Relationship to CM,6.0,Child of previous spouse/partner
relprx5,(Proxy) Person5 Relationship to CM,7.0,Foster child
relprx5,(Proxy) Person5 Relationship to CM,8.0,Full brother/sister
relprx5,(Proxy) Person5 Relationship to CM,9.0,Half brother/sister
relprx5,(Proxy) Person5 Relationship to CM,10.0,Bother/sister-in-law
relprx5,(Proxy) Person5 Relationship to CM,11.0,Natural mother
relprx5,(Proxy) Person5 Relationship to CM,12.0,Adoptive mother
relprx5,(Proxy) Person5 Relationship to CM,13.0,Natural father
relstd5,(Non-proxy) Person5 Relationship to CM,1.0,Spouse
relstd5,(Non-proxy) Person5 Relationship to CM,2.0,Partner
relstd5,(Non-proxy) Person5 Relationship to CM,3.0,Own child
relstd5,(Non-proxy) Person5 Relationship to CM,4.0,Adopted child
relstd5,(Non-proxy) Person5 Relationship to CM,5.0,Child of current spouse/partner
relstd5,(Non-proxy) Person5 Relationship to CM,6.0,Child of previous spouse/partner
relstd5,(Non-proxy) Person5 Relationship to CM,7.0,Foster child
relstd5,(Non-proxy) Person5 Relationship to CM,8.0,Full brother/sister
relstd5,(Non-proxy) Person5 Relationship to CM,9.0,Half brother/sister
relstd5,(Non-proxy) Person5 Relationship to CM,10.0,Bother/sister-in-law
relstd5,(Non-proxy) Person5 Relationship to CM,11.0,Natural mother
relstd5,(Non-proxy) Person5 Relationship to CM,12.0,Adoptive mother
relstd5,(Non-proxy) Person5 Relationship to CM,13.0,Natural father
relstd5,(Non-proxy) Person5 Relationship to CM,14.0,Adoptive father
relstd5,(Non-proxy) Person5 Relationship to CM,15.0,Step mother
relstd5,(Non-proxy) Person5 Relationship to CM,16.0,Step father
relstd5,(Non-proxy) Person5 Relationship to CM,17.0,Parent-in-law
relstd5,(Non-proxy) Person5 Relationship to CM,18.0,Grandparent
relstd5,(Non-proxy) Person5 Relationship to CM,19.0,Grandchild
relstd5,(Non-proxy) Person5 Relationship to CM,20.0,Other blood relative
relstd5,(Non-proxy) Person5 Relationship to CM,21.0,Other in-law
relstd5,(Non-proxy) Person5 Relationship to CM,22.0,Friend/unrelated adult
relstd5,(Non-proxy) Person5 Relationship to CM,23.0,Landlord
relstd5,(Non-proxy) Person5 Relationship to CM,24.0,Lodger
relstd5,(Non-proxy) Person5 Relationship to CM,25.0,Employer
relstd5,(Non-proxy) Person5 Relationship to CM,26.0,"Nanny, Au Pair etc"
relstd5,(Non-proxy) Person5 Relationship to CM,27.0,Child of non-relative adult
relstd5,(Non-proxy) Person5 Relationship to CM,28.0,Other
relprx6,(Proxy) Person6 Relationship to CM,27.0,Child of non-relative adult
relprx6,(Proxy) Person6 Relationship to CM,28.0,Other
relprx6,(Proxy) Person6 Relationship to CM,1.0,Spouse
relprx6,(Proxy) Person6 Relationship to CM,2.0,Partner
relprx6,(Proxy) Person6 Relationship to CM,3.0,Own child
relprx6,(Proxy) Person6 Relationship to CM,4.0,Adopted child
relprx6,(Proxy) Person6 Relationship to CM,5.0,Child of current spouse/partner
relprx6,(Proxy) Person6 Relationship to CM,6.0,Child of previous spouse/partner
relprx6,(Proxy) Person6 Relationship to CM,7.0,Foster child
relprx6,(Proxy) Person6 Relationship to CM,8.0,Full brother/sister
relprx6,(Proxy) Person6 Relationship to CM,9.0,Half brother/sister
relprx6,(Proxy) Person6 Relationship to CM,10.0,Bother/sister-in-law
relprx6,(Proxy) Person6 Relationship to CM,11.0,Natural mother
relprx6,(Proxy) Person6 Relationship to CM,12.0,Adoptive mother
relprx6,(Proxy) Person6 Relationship to CM,13.0,Natural father
relprx6,(Proxy) Person6 Relationship to CM,14.0,Adoptive father
relprx6,(Proxy) Person6 Relationship to CM,15.0,Step mother
relprx6,(Proxy) Person6 Relationship to CM,16.0,Step father
relprx6,(Proxy) Person6 Relationship to CM,17.0,Parent-in-law
relprx6,(Proxy) Person6 Relationship to CM,18.0,Grandparent
relprx6,(Proxy) Person6 Relationship to CM,19.0,Grandchild
relprx6,(Proxy) Person6 Relationship to CM,20.0,Other blood relative
relprx6,(Proxy) Person6 Relationship to CM,21.0,Other in-law
relprx6,(Proxy) Person6 Relationship to CM,22.0,Friend/unrelated adult
relprx6,(Proxy) Person6 Relationship to CM,23.0,Landlord
relprx6,(Proxy) Person6 Relationship to CM,24.0,Lodger
relprx6,(Proxy) Person6 Relationship to CM,25.0,Employer
relprx6,(Proxy) Person6 Relationship to CM,26.0,"Nanny, Au Pair etc"
relstd6,(Non-proxy) Person6 Relationship to CM,1.0,Spouse
relstd6,(Non-proxy) Person6 Relationship to CM,2.0,Partner
relstd6,(Non-proxy) Person6 Relationship to CM,3.0,Own child
relstd6,(Non-proxy) Person6 Relationship to CM,4.0,Adopted child
relstd6,(Non-proxy) Person6 Relationship to CM,5.0,Child of current spouse/partner
relstd6,(Non-proxy) Person6 Relationship to CM,6.0,Child of previous spouse/partner
relstd6,(Non-proxy) Person6 Relationship to CM,7.0,Foster child
relstd6,(Non-proxy) Person6 Relationship to CM,8.0,Full brother/sister
relstd6,(Non-proxy) Person6 Relationship to CM,9.0,Half brother/sister
relstd6,(Non-proxy) Person6 Relationship to CM,10.0,Bother/sister-in-law
relstd6,(Non-proxy) Person6 Relationship to CM,11.0,Natural mother
relstd6,(Non-proxy) Person6 Relationship to CM,12.0,Adoptive mother
relstd6,(Non-proxy) Person6 Relationship to CM,13.0,Natural father
relstd6,(Non-proxy) Person6 Relationship to CM,14.0,Adoptive father
relstd6,(Non-proxy) Person6 Relationship to CM,15.0,Step mother
relstd6,(Non-proxy) Person6 Relationship to CM,16.0,Step father
relstd6,(Non-proxy) Person6 Relationship to CM,17.0,Parent-in-law
relstd6,(Non-proxy) Person6 Relationship to CM,18.0,Grandparent
relstd6,(Non-proxy) Person6 Relationship to CM,19.0,Grandchild
relstd6,(Non-proxy) Person6 Relationship to CM,20.0,Other blood relative
relstd6,(Non-proxy) Person6 Relationship to CM,21.0,Other in-law
relstd6,(Non-proxy) Person6 Relationship to CM,22.0,Friend/unrelated adult
relstd6,(Non-proxy) Person6 Relationship to CM,23.0,Landlord
relstd6,(Non-proxy) Person6 Relationship to CM,24.0,Lodger
relstd6,(Non-proxy) Person6 Relationship to CM,25.0,Employer
relstd6,(Non-proxy) Person6 Relationship to CM,26.0,"Nanny, Au Pair etc"
relstd6,(Non-proxy) Person6 Relationship to CM,27.0,Child of non-relative adult
relstd6,(Non-proxy) Person6 Relationship to CM,28.0,Other
relprx7,(Proxy) Person7 Relationship to CM,1.0,Spouse
relprx7,(Proxy) Person7 Relationship to CM,2.0,Partner
relprx7,(Proxy) Person7 Relationship to CM,3.0,Own child
relprx7,(Proxy) Person7 Relationship to CM,4.0,Adopted child
relprx7,(Proxy) Person7 Relationship to CM,5.0,Child of current spouse/partner
relprx7,(Proxy) Person7 Relationship to CM,6.0,Child of previous spouse/partner
relprx7,(Proxy) Person7 Relationship to CM,7.0,Foster child
relprx7,(Proxy) Person7 Relationship to CM,8.0,Full brother/sister
relprx7,(Proxy) Person7 Relationship to CM,9.0,Half brother/sister
relprx7,(Proxy) Person7 Relationship to CM,10.0,Bother/sister-in-law
relprx7,(Proxy) Person7 Relationship to CM,11.0,Natural mother
relprx7,(Proxy) Person7 Relationship to CM,12.0,Adoptive mother
relprx7,(Proxy) Person7 Relationship to CM,13.0,Natural father
relprx7,(Proxy) Person7 Relationship to CM,14.0,Adoptive father
relprx7,(Proxy) Person7 Relationship to CM,15.0,Step mother
relprx7,(Proxy) Person7 Relationship to CM,16.0,Step father
relprx7,(Proxy) Person7 Relationship to CM,17.0,Parent-in-law
relprx7,(Proxy) Person7 Relationship to CM,18.0,Grandparent
relprx7,(Proxy) Person7 Relationship to CM,19.0,Grandchild
relprx7,(Proxy) Person7 Relationship to CM,20.0,Other blood relative
relprx7,(Proxy) Person7 Relationship to CM,21.0,Other in-law
relprx7,(Proxy) Person7 Relationship to CM,22.0,Friend/unrelated adult
relprx7,(Proxy) Person7 Relationship to CM,23.0,Landlord
relprx7,(Proxy) Person7 Relationship to CM,24.0,Lodger
relprx7,(Proxy) Person7 Relationship to CM,25.0,Employer
relprx7,(Proxy) Person7 Relationship to CM,26.0,"Nanny, Au Pair etc"
relprx7,(Proxy) Person7 Relationship to CM,27.0,Child of non-relative adult
relprx7,(Proxy) Person7 Relationship to CM,28.0,Other
relstd7,(Non-proxy) Person7 Relationship to CM,1.0,Spouse
relstd7,(Non-proxy) Person7 Relationship to CM,2.0,Partner
relstd7,(Non-proxy) Person7 Relationship to CM,3.0,Own child
relstd7,(Non-proxy) Person7 Relationship to CM,4.0,Adopted child
relstd7,(Non-proxy) Person7 Relationship to CM,5.0,Child of current spouse/partner
relstd7,(Non-proxy) Person7 Relationship to CM,6.0,Child of previous spouse/partner
relstd7,(Non-proxy) Person7 Relationship to CM,7.0,Foster child
relstd7,(Non-proxy) Person7 Relationship to CM,8.0,Full brother/sister
relstd7,(Non-proxy) Person7 Relationship to CM,9.0,Half brother/sister
relstd7,(Non-proxy) Person7 Relationship to CM,10.0,Bother/sister-in-law
relstd7,(Non-proxy) Person7 Relationship to CM,11.0,Natural mother
relstd7,(Non-proxy) Person7 Relationship to CM,12.0,Adoptive mother
relstd7,(Non-proxy) Person7 Relationship to CM,13.0,Natural father
relstd7,(Non-proxy) Person7 Relationship to CM,14.0,Adoptive father
relstd7,(Non-proxy) Person7 Relationship to CM,15.0,Step mother
relstd7,(Non-proxy) Person7 Relationship to CM,16.0,Step father
relstd7,(Non-proxy) Person7 Relationship to CM,17.0,Parent-in-law
relstd7,(Non-proxy) Person7 Relationship to CM,18.0,Grandparent
relstd7,(Non-proxy) Person7 Relationship to CM,19.0,Grandchild
relstd7,(Non-proxy) Person7 Relationship to CM,20.0,Other blood relative
relstd7,(Non-proxy) Person7 Relationship to CM,21.0,Other in-law
relstd7,(Non-proxy) Person7 Relationship to CM,22.0,Friend/unrelated adult
relstd7,(Non-proxy) Person7 Relationship to CM,23.0,Landlord
relstd7,(Non-proxy) Person7 Relationship to CM,24.0,Lodger
relstd7,(Non-proxy) Person7 Relationship to CM,25.0,Employer
relstd7,(Non-proxy) Person7 Relationship to CM,26.0,"Nanny, Au Pair etc"
relstd7,(Non-proxy) Person7 Relationship to CM,27.0,Child of non-relative adult
relstd7,(Non-proxy) Person7 Relationship to CM,28.0,Other
relprx8,(Proxy) Person8 Relationship to CM,1.0,Spouse
relprx8,(Proxy) Person8 Relationship to CM,2.0,Partner
relprx8,(Proxy) Person8 Relationship to CM,3.0,Own child
relprx8,(Proxy) Person8 Relationship to CM,4.0,Adopted child
relprx8,(Proxy) Person8 Relationship to CM,5.0,Child of current spouse/partner
relprx8,(Proxy) Person8 Relationship to CM,6.0,Child of previous spouse/partner
relprx8,(Proxy) Person8 Relationship to CM,7.0,Foster child
relprx8,(Proxy) Person8 Relationship to CM,8.0,Full brother/sister
relprx8,(Proxy) Person8 Relationship to CM,9.0,Half brother/sister
relprx8,(Proxy) Person8 Relationship to CM,10.0,Bother/sister-in-law
relprx8,(Proxy) Person8 Relationship to CM,11.0,Natural mother
relprx8,(Proxy) Person8 Relationship to CM,12.0,Adoptive mother
relprx8,(Proxy) Person8 Relationship to CM,13.0,Natural father
relprx8,(Proxy) Person8 Relationship to CM,14.0,Adoptive father
relprx8,(Proxy) Person8 Relationship to CM,15.0,Step mother
relprx8,(Proxy) Person8 Relationship to CM,16.0,Step father
relprx8,(Proxy) Person8 Relationship to CM,17.0,Parent-in-law
relprx8,(Proxy) Person8 Relationship to CM,18.0,Grandparent
relprx8,(Proxy) Person8 Relationship to CM,19.0,Grandchild
relprx8,(Proxy) Person8 Relationship to CM,20.0,Other blood relative
relprx8,(Proxy) Person8 Relationship to CM,21.0,Other in-law
relprx8,(Proxy) Person8 Relationship to CM,22.0,Friend/unrelated adult
relprx8,(Proxy) Person8 Relationship to CM,23.0,Landlord
relprx8,(Proxy) Person8 Relationship to CM,24.0,Lodger
relprx8,(Proxy) Person8 Relationship to CM,25.0,Employer
relprx8,(Proxy) Person8 Relationship to CM,26.0,"Nanny, Au Pair etc"
relprx8,(Proxy) Person8 Relationship to CM,27.0,Child of non-relative adult
relprx8,(Proxy) Person8 Relationship to CM,28.0,Other
relstd8,(Non-proxy) Person8 Relationship to CM,8.0,Full brother/sister
relstd8,(Non-proxy) Person8 Relationship to CM,9.0,Half brother/sister
relstd8,(Non-proxy) Person8 Relationship to CM,10.0,Bother/sister-in-law
relstd8,(Non-proxy) Person8 Relationship to CM,11.0,Natural mother
relstd8,(Non-proxy) Person8 Relationship to CM,12.0,Adoptive mother
relstd8,(Non-proxy) Person8 Relationship to CM,13.0,Natural father
relstd8,(Non-proxy) Person8 Relationship to CM,14.0,Adoptive father
relstd8,(Non-proxy) Person8 Relationship to CM,15.0,Step mother
relstd8,(Non-proxy) Person8 Relationship to CM,16.0,Step father
relstd8,(Non-proxy) Person8 Relationship to CM,17.0,Parent-in-law
relstd8,(Non-proxy) Person8 Relationship to CM,18.0,Grandparent
relstd8,(Non-proxy) Person8 Relationship to CM,19.0,Grandchild
relstd8,(Non-proxy) Person8 Relationship to CM,20.0,Other blood relative
relstd8,(Non-proxy) Person8 Relationship to CM,21.0,Other in-law
relstd8,(Non-proxy) Person8 Relationship to CM,22.0,Friend/unrelated adult
relstd8,(Non-proxy) Person8 Relationship to CM,23.0,Landlord
relstd8,(Non-proxy) Person8 Relationship to CM,24.0,Lodger
relstd8,(Non-proxy) Person8 Relationship to CM,25.0,Employer
relstd8,(Non-proxy) Person8 Relationship to CM,26.0,"Nanny, Au Pair etc"
relstd8,(Non-proxy) Person8 Relationship to CM,27.0,Child of non-relative adult
relstd8,(Non-proxy) Person8 Relationship to CM,28.0,Other
relstd8,(Non-proxy) Person8 Relationship to CM,1.0,Spouse
relstd8,(Non-proxy) Person8 Relationship to CM,2.0,Partner
relstd8,(Non-proxy) Person8 Relationship to CM,3.0,Own child
relstd8,(Non-proxy) Person8 Relationship to CM,4.0,Adopted child
relstd8,(Non-proxy) Person8 Relationship to CM,5.0,Child of current spouse/partner
relstd8,(Non-proxy) Person8 Relationship to CM,6.0,Child of previous spouse/partner
relstd8,(Non-proxy) Person8 Relationship to CM,7.0,Foster child
relprx9,(Proxy) Person9 Relationship to CM,12.0,Adoptive mother
relprx9,(Proxy) Person9 Relationship to CM,13.0,Natural father
relprx9,(Proxy) Person9 Relationship to CM,14.0,Adoptive father
relprx9,(Proxy) Person9 Relationship to CM,15.0,Step mother
relprx9,(Proxy) Person9 Relationship to CM,16.0,Step father
relprx9,(Proxy) Person9 Relationship to CM,17.0,Parent-in-law
relprx9,(Proxy) Person9 Relationship to CM,18.0,Grandparent
relprx9,(Proxy) Person9 Relationship to CM,19.0,Grandchild
relprx9,(Proxy) Person9 Relationship to CM,20.0,Other blood relative
relprx9,(Proxy) Person9 Relationship to CM,21.0,Other in-law
relprx9,(Proxy) Person9 Relationship to CM,22.0,Friend/unrelated adult
relprx9,(Proxy) Person9 Relationship to CM,23.0,Landlord
relprx9,(Proxy) Person9 Relationship to CM,24.0,Lodger
relprx9,(Proxy) Person9 Relationship to CM,25.0,Employer
relprx9,(Proxy) Person9 Relationship to CM,26.0,"Nanny, Au Pair etc"
relprx9,(Proxy) Person9 Relationship to CM,27.0,Child of non-relative adult
relprx9,(Proxy) Person9 Relationship to CM,28.0,Other
relprx9,(Proxy) Person9 Relationship to CM,1.0,Spouse
relprx9,(Proxy) Person9 Relationship to CM,2.0,Partner
relprx9,(Proxy) Person9 Relationship to CM,3.0,Own child
relprx9,(Proxy) Person9 Relationship to CM,4.0,Adopted child
relprx9,(Proxy) Person9 Relationship to CM,5.0,Child of current spouse/partner
relprx9,(Proxy) Person9 Relationship to CM,6.0,Child of previous spouse/partner
relprx9,(Proxy) Person9 Relationship to CM,7.0,Foster child
relprx9,(Proxy) Person9 Relationship to CM,8.0,Full brother/sister
relprx9,(Proxy) Person9 Relationship to CM,9.0,Half brother/sister
relprx9,(Proxy) Person9 Relationship to CM,10.0,Bother/sister-in-law
relprx9,(Proxy) Person9 Relationship to CM,11.0,Natural mother
relstd9,(Non-proxy) Person9 Relationship to CM,1.0,Spouse
relstd9,(Non-proxy) Person9 Relationship to CM,2.0,Partner
relstd9,(Non-proxy) Person9 Relationship to CM,3.0,Own child
relstd9,(Non-proxy) Person9 Relationship to CM,4.0,Adopted child
relstd9,(Non-proxy) Person9 Relationship to CM,5.0,Child of current spouse/partner
relstd9,(Non-proxy) Person9 Relationship to CM,6.0,Child of previous spouse/partner
relstd9,(Non-proxy) Person9 Relationship to CM,7.0,Foster child
relstd9,(Non-proxy) Person9 Relationship to CM,8.0,Full brother/sister
relstd9,(Non-proxy) Person9 Relationship to CM,9.0,Half brother/sister
relstd9,(Non-proxy) Person9 Relationship to CM,10.0,Bother/sister-in-law
relstd9,(Non-proxy) Person9 Relationship to CM,11.0,Natural mother
relstd9,(Non-proxy) Person9 Relationship to CM,12.0,Adoptive mother
relstd9,(Non-proxy) Person9 Relationship to CM,13.0,Natural father
relstd9,(Non-proxy) Person9 Relationship to CM,14.0,Adoptive father
relstd9,(Non-proxy) Person9 Relationship to CM,15.0,Step mother
relstd9,(Non-proxy) Person9 Relationship to CM,16.0,Step father
relstd9,(Non-proxy) Person9 Relationship to CM,17.0,Parent-in-law
relstd9,(Non-proxy) Person9 Relationship to CM,18.0,Grandparent
relstd9,(Non-proxy) Person9 Relationship to CM,19.0,Grandchild
relstd9,(Non-proxy) Person9 Relationship to CM,20.0,Other blood relative
relstd9,(Non-proxy) Person9 Relationship to CM,21.0,Other in-law
relstd9,(Non-proxy) Person9 Relationship to CM,22.0,Friend/unrelated adult
relstd9,(Non-proxy) Person9 Relationship to CM,23.0,Landlord
relstd9,(Non-proxy) Person9 Relationship to CM,24.0,Lodger
relstd9,(Non-proxy) Person9 Relationship to CM,25.0,Employer
relstd9,(Non-proxy) Person9 Relationship to CM,26.0,"Nanny, Au Pair etc"
relstd9,(Non-proxy) Person9 Relationship to CM,27.0,Child of non-relative adult
relstd9,(Non-proxy) Person9 Relationship to CM,28.0,Other
relprx10,(Proxy) Person10 Relationship to CM,21.0,Other in-law
relprx10,(Proxy) Person10 Relationship to CM,22.0,Friend/unrelated adult
relprx10,(Proxy) Person10 Relationship to CM,23.0,Landlord
relprx10,(Proxy) Person10 Relationship to CM,24.0,Lodger
relprx10,(Proxy) Person10 Relationship to CM,25.0,Employer
relprx10,(Proxy) Person10 Relationship to CM,26.0,"Nanny, Au Pair etc"
relprx10,(Proxy) Person10 Relationship to CM,27.0,Child of non-relative adult
relprx10,(Proxy) Person10 Relationship to CM,28.0,Other
relprx10,(Proxy) Person10 Relationship to CM,1.0,Spouse
relprx10,(Proxy) Person10 Relationship to CM,2.0,Partner
relprx10,(Proxy) Person10 Relationship to CM,3.0,Own child
relprx10,(Proxy) Person10 Relationship to CM,4.0,Adopted child
relprx10,(Proxy) Person10 Relationship to CM,5.0,Child of current spouse/partner
relprx10,(Proxy) Person10 Relationship to CM,6.0,Child of previous spouse/partner
relprx10,(Proxy) Person10 Relationship to CM,7.0,Foster child
relprx10,(Proxy) Person10 Relationship to CM,8.0,Full brother/sister
relprx10,(Proxy) Person10 Relationship to CM,9.0,Half brother/sister
relprx10,(Proxy) Person10 Relationship to CM,10.0,Bother/sister-in-law
relprx10,(Proxy) Person10 Relationship to CM,11.0,Natural mother
relprx10,(Proxy) Person10 Relationship to CM,12.0,Adoptive mother
relprx10,(Proxy) Person10 Relationship to CM,13.0,Natural father
relprx10,(Proxy) Person10 Relationship to CM,14.0,Adoptive father
relprx10,(Proxy) Person10 Relationship to CM,15.0,Step mother
relprx10,(Proxy) Person10 Relationship to CM,16.0,Step father
relprx10,(Proxy) Person10 Relationship to CM,17.0,Parent-in-law
relprx10,(Proxy) Person10 Relationship to CM,18.0,Grandparent
relprx10,(Proxy) Person10 Relationship to CM,19.0,Grandchild
relprx10,(Proxy) Person10 Relationship to CM,20.0,Other blood relative
relstd10,(Non-proxy) Person10 Relationship to CM,1.0,Spouse
relstd10,(Non-proxy) Person10 Relationship to CM,2.0,Partner
relstd10,(Non-proxy) Person10 Relationship to CM,3.0,Own child
relstd10,(Non-proxy) Person10 Relationship to CM,4.0,Adopted child
relstd10,(Non-proxy) Person10 Relationship to CM,5.0,Child of current spouse/partner
relstd10,(Non-proxy) Person10 Relationship to CM,6.0,Child of previous spouse/partner
relstd10,(Non-proxy) Person10 Relationship to CM,7.0,Foster child
relstd10,(Non-proxy) Person10 Relationship to CM,8.0,Full brother/sister
relstd10,(Non-proxy) Person10 Relationship to CM,9.0,Half brother/sister
relstd10,(Non-proxy) Person10 Relationship to CM,10.0,Bother/sister-in-law
relstd10,(Non-proxy) Person10 Relationship to CM,11.0,Natural mother
relstd10,(Non-proxy) Person10 Relationship to CM,12.0,Adoptive mother
relstd10,(Non-proxy) Person10 Relationship to CM,13.0,Natural father
relstd10,(Non-proxy) Person10 Relationship to CM,14.0,Adoptive father
relstd10,(Non-proxy) Person10 Relationship to CM,15.0,Step mother
relstd10,(Non-proxy) Person10 Relationship to CM,16.0,Step father
relstd10,(Non-proxy) Person10 Relationship to CM,17.0,Parent-in-law
relstd10,(Non-proxy) Person10 Relationship to CM,18.0,Grandparent
relstd10,(Non-proxy) Person10 Relationship to CM,19.0,Grandchild
relstd10,(Non-proxy) Person10 Relationship to CM,20.0,Other blood relative
relstd10,(Non-proxy) Person10 Relationship to CM,21.0,Other in-law
relstd10,(Non-proxy) Person10 Relationship to CM,22.0,Friend/unrelated adult
relstd10,(Non-proxy) Person10 Relationship to CM,23.0,Landlord
relstd10,(Non-proxy) Person10 Relationship to CM,24.0,Lodger
relstd10,(Non-proxy) Person10 Relationship to CM,25.0,Employer
relstd10,(Non-proxy) Person10 Relationship to CM,26.0,"Nanny, Au Pair etc"
relstd10,(Non-proxy) Person10 Relationship to CM,27.0,Child of non-relative adult
relstd10,(Non-proxy) Person10 Relationship to CM,28.0,Other
cmsexst,(Non-proxy) Interviewer check on CM gender,,
cmsexpx,(Proxy) Interviewer check on CM gender,,
renamstd,(Non-proxy) Interviewer: record name change on ARF,1.0,PRESS 1 TO CONTINUE
renamprx,(Proxy) Interviewer: record name change on ARF,1.0,PRESS 1 TO CONTINUE
normstd,(Non-proxy) Does CM usually live at this address?,1.0,This address
normstd,(Non-proxy) Does CM usually live at this address?,2.0,Somewhere else
normstd,(Non-proxy) Does CM usually live at this address?,8.0,=Dont know
normstd,(Non-proxy) Does CM usually live at this address?,9.0,=Not answered
normprx,(Proxy) Does CM usually live at this address?,1.0,This address
normprx,(Proxy) Does CM usually live at this address?,2.0,Somewhere else
residstd,(Non- proxy) Type of accommodation,1.0,Private residence
residstd,(Non- proxy) Type of accommodation,2.0,Sheltered housing
residstd,(Non- proxy) Type of accommodation,3.0,"Hotel, boarding house B&B"
residstd,(Non- proxy) Type of accommodation,4.0,"Hostel for homeless, refuge etc"
residstd,(Non- proxy) Type of accommodation,5.0,Barracks etc
residstd,(Non- proxy) Type of accommodation,6.0,Room only at work place
residstd,(Non- proxy) Type of accommodation,7.0,Prison or remand centre
residstd,(Non- proxy) Type of accommodation,8.0,"Hospital, nursing home or similar"
residstd,(Non- proxy) Type of accommodation,98.0,=Dont know
residstd,(Non- proxy) Type of accommodation,99.0,=Not answered
residprx,(Proxy) Type of accommodation,1.0,Private residence
residprx,(Proxy) Type of accommodation,2.0,Sheltered housing
residprx,(Proxy) Type of accommodation,3.0,"Hotel, boarding house B&B"
residprx,(Proxy) Type of accommodation,4.0,"Hostel for homeless, refuge etc"
residprx,(Proxy) Type of accommodation,5.0,Barracks etc
residprx,(Proxy) Type of accommodation,6.0,Room only at work place
residprx,(Proxy) Type of accommodation,7.0,Prison or remand centre
residprx,(Proxy) Type of accommodation,8.0,"Hospital, nursing home or similar"
v3,None,,
avail_from_dt,,,
