variable_name,variable_label,value_value,value_label
study_id_e,,,
exoth2m,sc2 (b5): average time spent minutes per episode on other leisure exercise (2),-9.0,not answered
exoth2m,sc2 (b5): average time spent minutes per episode on other leisure exercise (2),-2.0,self completion 2 not done
exoth2m,sc2 (b5): average time spent minutes per episode on other leisure exercise (2),-1.0,not applicable
tvtime,sc2 (b6a): how much time on average did you spend watching tv or  videos during,5.0,3 or 4 hours a day
tvtime,sc2 (b6a): how much time on average did you spend watching tv or  videos during,6.0,more than 4 hours a day
tvtime,sc2 (b6a): how much time on average did you spend watching tv or  videos during,-9.0,not answered (9)
tvtime,sc2 (b6a): how much time on average did you spend watching tv or  videos during,-2.0,self completion 2 not done
tvtime,sc2 (b6a): how much time on average did you spend watching tv or  videos during,-1.0,not applicable
tvtime,sc2 (b6a): how much time on average did you spend watching tv or  videos during,1.0,none
tvtime,sc2 (b6a): how much time on average did you spend watching tv or  videos during,2.0,less than 1 hour a day
tvtime,sc2 (b6a): how much time on average did you spend watching tv or  videos during,3.0,1 to 2 hours a day
tvtime,sc2 (b6a): how much time on average did you spend watching tv or  videos during,4.0,2 to 3 hours a day
pctime,sc2 (b6b): how much time on average did you spend using a computer  other than f,-9.0,not answered (9)
pctime,sc2 (b6b): how much time on average did you spend using a computer  other than f,-2.0,self completion 2 not done
pctime,sc2 (b6b): how much time on average did you spend using a computer  other than f,-1.0,not applicable
pctime,sc2 (b6b): how much time on average did you spend using a computer  other than f,1.0,none
pctime,sc2 (b6b): how much time on average did you spend using a computer  other than f,2.0,less than 1 hour a day
pctime,sc2 (b6b): how much time on average did you spend using a computer  other than f,3.0,1 to 2 hours a day
pctime,sc2 (b6b): how much time on average did you spend using a computer  other than f,4.0,2 to 3 hours a day
pctime,sc2 (b6b): how much time on average did you spend using a computer  other than f,5.0,3 or 4 hours a day
pctime,sc2 (b6b): how much time on average did you spend using a computer  other than f,6.0,more than 4 hours a day
swimslot,sc2 (b1): time spent swimming per episode in minutes,-9.0,not answered
swimslot,sc2 (b1): time spent swimming per episode in minutes,-2.0,self completion 2 not done
swimslot,sc2 (b1): time spent swimming per episode in minutes,-1.0,not applicable
swimlapt,sc2 (b1): time spent swimming laps per episode in minutes,-9.0,not answered
swimlapt,sc2 (b1): time spent swimming laps per episode in minutes,-2.0,self completion 2 not done
swimlapt,sc2 (b1): time spent swimming laps per episode in minutes,-1.0,not applicable
easywlkt,sc2 (b1): time spent walking for pleasure per episode in minutes,-9.0,not answered
easywlkt,sc2 (b1): time spent walking for pleasure per episode in minutes,-2.0,self completion 2 not done
easywlkt,sc2 (b1): time spent walking for pleasure per episode in minutes,-1.0,not applicable
hillwlkt,sc2 (b1): time spent backpacking,-9.0,not answered
hillwlkt,sc2 (b1): time spent backpacking,-2.0,self completion 2 not done
hillwlkt,sc2 (b1): time spent backpacking,-1.0,not applicable
bikeslot,sc2 (b1): time spent cycling for pleasure per episode in minutes,-9.0,not answered
bikeslot,sc2 (b1): time spent cycling for pleasure per episode in minutes,-2.0,self completion 2 not done
bikeslot,sc2 (b1): time spent cycling for pleasure per episode in minutes,-1.0,not applicable
bikehdt,sc2 (b1): time spent racing or rough terrain cycling per episode in  minutes,-9.0,not answered
bikehdt,sc2 (b1): time spent racing or rough terrain cycling per episode in  minutes,-2.0,self completion 2 not done
bikehdt,sc2 (b1): time spent racing or rough terrain cycling per episode in  minutes,-1.0,not applicable
lawnmot,sc2 (b2): time spent mowing lawn per episode in minutes,-9.0,not answered
lawnmot,sc2 (b2): time spent mowing lawn per episode in minutes,-2.0,self completion 2 not done
lawnmot,sc2 (b2): time spent mowing lawn per episode in minutes,-1.0,not applicable
gwatert,sc2 (b2): time spent watering lawn or garden per episode in minutes,-9.0,not answered
gwatert,sc2 (b2): time spent watering lawn or garden per episode in minutes,-2.0,self completion 2 not done
gwatert,sc2 (b2): time spent watering lawn or garden per episode in minutes,-1.0,not applicable
digchopt,sc2 (b2): time spent digging,-9.0,not answered
digchopt,sc2 (b2): time spent digging,-2.0,self completion 2 not done
digchopt,sc2 (b2): time spent digging,-1.0,not applicable
weedingt,sc2 (b2): time spent weeding or pruning per episode in minutes,-9.0,not answered
weedingt,sc2 (b2): time spent weeding or pruning per episode in minutes,-2.0,self completion 2 not done
weedingt,sc2 (b2): time spent weeding or pruning per episode in minutes,-1.0,not applicable
diyt,sc2 (b2): time spent doing diy per episode in minutes,-9.0,not answered
diyt,sc2 (b2): time spent doing diy per episode in minutes,-2.0,self completion 2 not done
diyt,sc2 (b2): time spent doing diy per episode in minutes,-1.0,not applicable
aerobhit,sc2 (b3): time spent doing high impact or step aerobics episode in  minutes,-9.0,not answered
aerobhit,sc2 (b3): time spent doing high impact or step aerobics episode in  minutes,-2.0,self completion 2 not done
aerobhit,sc2 (b3): time spent doing high impact or step aerobics episode in  minutes,-1.0,not applicable
aeroblot,sc2 (b3): time spent doing other aerobics per episode in minutes,-9.0,not answered
aeroblot,sc2 (b3): time spent doing other aerobics per episode in minutes,-2.0,self completion 2 not done
aeroblot,sc2 (b3): time spent doing other aerobics per episode in minutes,-1.0,not applicable
gymwtt,sc2 (b3): time spent exercising with weights per episode in minutes,-9.0,not answered
gymwtt,sc2 (b3): time spent exercising with weights per episode in minutes,-2.0,self completion 2 not done
gymwtt,sc2 (b3): time spent exercising with weights per episode in minutes,-1.0,not applicable
gymcvt,sc2 (b3): time spent doing conditioning exercises per episode in  minutes,-9.0,not answered
gymcvt,sc2 (b3): time spent doing conditioning exercises per episode in  minutes,-2.0,self completion 2 not done
gymcvt,sc2 (b3): time spent doing conditioning exercises per episode in  minutes,-1.0,not applicable
gymflrt,sc2 (b3): time spent doing floor exercises per episode in minutes,-9.0,not answered
gymflrt,sc2 (b3): time spent doing floor exercises per episode in minutes,-2.0,self completion 2 not done
gymflrt,sc2 (b3): time spent doing floor exercises per episode in minutes,-1.0,not applicable
dancet,sc2 (b4): time spent dancing per episode in minutes,-9.0,not answered
dancet,sc2 (b4): time spent dancing per episode in minutes,-2.0,self completion 2 not done
dancet,sc2 (b4): time spent dancing per episode in minutes,-1.0,not applicable
runningt,sc2 (b4): time spent running competitively per episode in minutes,-9.0,not answered
runningt,sc2 (b4): time spent running competitively per episode in minutes,-2.0,self completion 2 not done
runningt,sc2 (b4): time spent running competitively per episode in minutes,-1.0,not applicable
joggingt,sc2 (b4): time spent jogging per episode in minutes,-9.0,not answered
joggingt,sc2 (b4): time spent jogging per episode in minutes,-2.0,self completion 2 not done
joggingt,sc2 (b4): time spent jogging per episode in minutes,-1.0,not applicable
bowlingt,sc2 (b4): time spent bowling per episode in minutes,-9.0,not answered
bowlingt,sc2 (b4): time spent bowling per episode in minutes,-2.0,self completion 2 not done
bowlingt,sc2 (b4): time spent bowling per episode in minutes,-1.0,not applicable
tennist,sc2 (b4): time spent playing tennis or badminton per episode in  minutes,-9.0,not answered
tennist,sc2 (b4): time spent playing tennis or badminton per episode in  minutes,-2.0,self completion 2 not done
tennist,sc2 (b4): time spent playing tennis or badminton per episode in  minutes,-1.0,not applicable
squasht,sc2 (b4): time spent playing squash per episode in minutes,-9.0,not answered
squasht,sc2 (b4): time spent playing squash per episode in minutes,-2.0,self completion 2 not done
squasht,sc2 (b4): time spent playing squash per episode in minutes,-1.0,not applicable
tabtent,sc2 (b4): time spent playing table tennis per episode in minutes,-9.0,not answered
tabtent,sc2 (b4): time spent playing table tennis per episode in minutes,-2.0,self completion 2 not done
tabtent,sc2 (b4): time spent playing table tennis per episode in minutes,-1.0,not applicable
golft,sc2 (b4): time spent playing golf per episode in minutes,-9.0,not answered
golft,sc2 (b4): time spent playing golf per episode in minutes,-2.0,self completion 2 not done
golft,sc2 (b4): time spent playing golf per episode in minutes,-1.0,not applicable
footiet,sc2 (b4): time spent playing football,-9.0,not answered
footiet,sc2 (b4): time spent playing football,-2.0,self completion 2 not done
footiet,sc2 (b4): time spent playing football,-1.0,not applicable
crickett,sc2 (b4): time spent playing cricket per episode in minutes,-9.0,not answered
crickett,sc2 (b4): time spent playing cricket per episode in minutes,-2.0,self completion 2 not done
crickett,sc2 (b4): time spent playing cricket per episode in minutes,-1.0,not applicable
rowingt,sc2 (b5): time spent rowing per episode in minutes,-9.0,not answered
rowingt,sc2 (b5): time spent rowing per episode in minutes,-2.0,self completion 2 not done
rowingt,sc2 (b5): time spent rowing per episode in minutes,-1.0,not applicable
netballt,sc2 (b5): time spent playing netball per episode in minutes,-9.0,not answered
netballt,sc2 (b5): time spent playing netball per episode in minutes,-2.0,self completion 2 not done
netballt,sc2 (b5): time spent playing netball per episode in minutes,-1.0,not applicable
fishingt,sc2 (b5): time spent fishing per episode in minutes,-9.0,not answered
fishingt,sc2 (b5): time spent fishing per episode in minutes,-2.0,self completion 2 not done
fishingt,sc2 (b5): time spent fishing per episode in minutes,-1.0,not applicable
hridingt,sc2 (b5): time spent horse riding per episode in minutes,-9.0,not answered
hridingt,sc2 (b5): time spent horse riding per episode in minutes,-2.0,self completion 2 not done
hridingt,sc2 (b5): time spent horse riding per episode in minutes,-1.0,not applicable
snookert,sc2 (b5): time spent playing snooker,-9.0,not answered
snookert,sc2 (b5): time spent playing snooker,-2.0,self completion 2 not done
snookert,sc2 (b5): time spent playing snooker,-1.0,not applicable
musict,sc2 (b5): time spent playing a musical instrument or singing per  episode in min,-9.0,not answered
musict,sc2 (b5): time spent playing a musical instrument or singing per  episode in min,-2.0,self completion 2 not done
musict,sc2 (b5): time spent playing a musical instrument or singing per  episode in min,-1.0,not applicable
skatingt,sc2 (b5): time spent ice skating per episode in minutes,-9.0,not answered
skatingt,sc2 (b5): time spent ice skating per episode in minutes,-2.0,self completion 2 not done
skatingt,sc2 (b5): time spent ice skating per episode in minutes,-1.0,not applicable
sailingt,sc2 (b5): time spent sailing,-9.0,not answered
sailingt,sc2 (b5): time spent sailing,-2.0,self completion 2 not done
sailingt,sc2 (b5): time spent sailing,-1.0,not applicable
skiingt,sc2 (b5): time spent doing winter sports per episode in minutes,-9.0,not answered
skiingt,sc2 (b5): time spent doing winter sports per episode in minutes,-2.0,self completion 2 not done
skiingt,sc2 (b5): time spent doing winter sports per episode in minutes,-1.0,not applicable
boxingt,sc2 (b5): time spent doing martial arts/boxing/wrestling per episode  in minutes,-9.0,not answered
boxingt,sc2 (b5): time spent doing martial arts/boxing/wrestling per episode  in minutes,-2.0,self completion 2 not done
boxingt,sc2 (b5): time spent doing martial arts/boxing/wrestling per episode  in minutes,-1.0,not applicable
exoth1t,sc2 (b5): time spent doing other leisure exercise (1) per episode in minutes,-9.0,not answered
exoth1t,sc2 (b5): time spent doing other leisure exercise (1) per episode in minutes,-2.0,self completion 2 not done
exoth1t,sc2 (b5): time spent doing other leisure exercise (1) per episode in minutes,-1.0,not applicable
exoth2t,sc2 (b5): time spent doing other leisure exercise (2) per episode in minutes,-9.0,not answered
exoth2t,sc2 (b5): time spent doing other leisure exercise (2) per episode in minutes,-2.0,self completion 2 not done
exoth2t,sc2 (b5): time spent doing other leisure exercise (2) per episode in minutes,-1.0,not applicable
ecactiv,sc2 (c1): which of these best describes what you are currently doing,-9.0,not answered (99)
ecactiv,sc2 (c1): which of these best describes what you are currently doing,-2.0,self completion 2 not done
ecactiv,sc2 (c1): which of these best describes what you are currently doing,-1.0,not applicable
ecactiv,sc2 (c1): which of these best describes what you are currently doing,1.0,full-time paid employee (30 or more hours a week)
ecactiv,sc2 (c1): which of these best describes what you are currently doing,2.0,part-time paid employee (under 30 hours a week)
ecactiv,sc2 (c1): which of these best describes what you are currently doing,3.0,full-time self-employed
ecactiv,sc2 (c1): which of these best describes what you are currently doing,4.0,part-time self-employed
ecactiv,sc2 (c1): which of these best describes what you are currently doing,5.0,unemployed and seeking work
ecactiv,sc2 (c1): which of these best describes what you are currently doing,6.0,full-time education
ecactiv,sc2 (c1): which of these best describes what you are currently doing,7.0,on a government scheme for employment training
ecactiv,sc2 (c1): which of these best describes what you are currently doing,8.0,temporarily sick/disabled (for less than 6 months)
ecactiv,sc2 (c1): which of these best describes what you are currently doing,9.0,permanently sick/disabled (for more than 6 months)
ecactiv,sc2 (c1): which of these best describes what you are currently doing,10.0,looking after home/family
ecactiv,sc2 (c1): which of these best describes what you are currently doing,11.0,wholly retired
ecactiv,sc2 (c1): which of these best describes what you are currently doing,12.0,other
startdat,sc2 (c2): date of starting current economic activity (yyyy/mm/dd),-9.0,not answered
startdat,sc2 (c2): date of starting current economic activity (yyyy/mm/dd),-2.0,self completion 2 not done
startdat,sc2 (c2): date of starting current economic activity (yyyy/mm/dd),-1.0,not applicable
startm,sc2 (c2): date of starting current economic activity - month,-9.0,not answered
startm,sc2 (c2): date of starting current economic activity - month,-2.0,self completion 2 not done
startm,sc2 (c2): date of starting current economic activity - month,-1.0,not applicable
startm,sc2 (c2): date of starting current economic activity - month,1.0,january
startm,sc2 (c2): date of starting current economic activity - month,2.0,february
startm,sc2 (c2): date of starting current economic activity - month,3.0,march
startm,sc2 (c2): date of starting current economic activity - month,4.0,april
startm,sc2 (c2): date of starting current economic activity - month,5.0,may
startm,sc2 (c2): date of starting current economic activity - month,6.0,june
startm,sc2 (c2): date of starting current economic activity - month,7.0,july
startm,sc2 (c2): date of starting current economic activity - month,8.0,august
startm,sc2 (c2): date of starting current economic activity - month,9.0,september
startm,sc2 (c2): date of starting current economic activity - month,10.0,october
startm,sc2 (c2): date of starting current economic activity - month,11.0,november
startm,sc2 (c2): date of starting current economic activity - month,12.0,december
starty,sc2 (c2): date of starting current economic activity - year,-9.0,not answered
starty,sc2 (c2): date of starting current economic activity - year,-2.0,self completion 2 not done
starty,sc2 (c2): date of starting current economic activity - year,-1.0,not applicable
marital,sc2 (c3): what is your curent legal marital status,5.0,divorced
marital,sc2 (c3): what is your curent legal marital status,6.0,widowed
marital,sc2 (c3): what is your curent legal marital status,-9.0,not answered (9)
marital,sc2 (c3): what is your curent legal marital status,-2.0,self completion 2 not done
marital,sc2 (c3): what is your curent legal marital status,-1.0,not applicable
marital,sc2 (c3): what is your curent legal marital status,1.0,single never married
marital,sc2 (c3): what is your curent legal marital status,2.0,married - your first and only marriage
marital,sc2 (c3): what is your curent legal marital status,3.0,remarried - this is your second or later marriage
marital,sc2 (c3): what is your curent legal marital status,4.0,legally separated
couple,sc2 (c4): are you currently living with someone as a couple,-9.0,not answered (9)
couple,sc2 (c4): are you currently living with someone as a couple,-2.0,self completion 2 not done
couple,sc2 (c4): are you currently living with someone as a couple,-1.0,not applicable
couple,sc2 (c4): are you currently living with someone as a couple,1.0,"yes, living with the person you are married to"
couple,sc2 (c4): are you currently living with someone as a couple,2.0,"yes, living with someone you are not maried to"
couple,sc2 (c4): are you currently living with someone as a couple,3.0,"no, not living with anyone as a couple"
separate,sc2 (c5): have you separated from someone with whom you lived as a  couple in th,-9.0,not answered (9)
separate,sc2 (c5): have you separated from someone with whom you lived as a  couple in th,-2.0,self completion 2 not done
separate,sc2 (c5): have you separated from someone with whom you lived as a  couple in th,-1.0,not applicable
separate,sc2 (c5): have you separated from someone with whom you lived as a  couple in th,1.0,yes
separate,sc2 (c5): have you separated from someone with whom you lived as a  couple in th,2.0,no
separdat,sc2 (c6): date separated (yyyy/mm/dd),-9.0,not answered
separdat,sc2 (c6): date separated (yyyy/mm/dd),-2.0,self completion 2 not done
separdat,sc2 (c6): date separated (yyyy/mm/dd),-1.0,not applicable
separm,sc2 (c6): date separated - month,-9.0,not answered
separm,sc2 (c6): date separated - month,-2.0,self completion 2 not done
separm,sc2 (c6): date separated - month,-1.0,not applicable
separm,sc2 (c6): date separated - month,1.0,january
separm,sc2 (c6): date separated - month,2.0,february
separm,sc2 (c6): date separated - month,3.0,march
separm,sc2 (c6): date separated - month,4.0,april
separm,sc2 (c6): date separated - month,5.0,may
separm,sc2 (c6): date separated - month,6.0,june
separm,sc2 (c6): date separated - month,7.0,july
separm,sc2 (c6): date separated - month,8.0,august
separm,sc2 (c6): date separated - month,9.0,september
separm,sc2 (c6): date separated - month,10.0,october
separm,sc2 (c6): date separated - month,11.0,november
separm,sc2 (c6): date separated - month,12.0,december
separy,sc2 (c6): date separated - year,-9.0,not answered
separy,sc2 (c6): date separated - year,-2.0,self completion 2 not done
separy,sc2 (c6): date separated - year,-1.0,not applicable
children,sc2 (c7): do you have any children aged 18 or less living with you,-9.0,not answered (9)
children,sc2 (c7): do you have any children aged 18 or less living with you,-2.0,self completion 2 not done
children,sc2 (c7): do you have any children aged 18 or less living with you,-1.0,not applicable
children,sc2 (c7): do you have any children aged 18 or less living with you,1.0,yes
children,sc2 (c7): do you have any children aged 18 or less living with you,2.0,no
childnow,sc2 (c8): how many children do you have living with you aged 18 or  less for who,-9.0,not answered (99)
childnow,sc2 (c8): how many children do you have living with you aged 18 or  less for who,-2.0,self completion 2 not done
childnow,sc2 (c8): how many children do you have living with you aged 18 or  less for who,-1.0,not applicable
childnum,sc2 (c9): how many natural (biological) children have you ever had,-9.0,not answered (99)
childnum,sc2 (c9): how many natural (biological) children have you ever had,-2.0,self completion 2 not done
childnum,sc2 (c9): how many natural (biological) children have you ever had,-1.0,not applicable
lifeill,sc2 (d1a): during the last six months have you yourself suffered  serious illnes,-9.0,not answered (9)
lifeill,sc2 (d1a): during the last six months have you yourself suffered  serious illnes,-2.0,self completion 2 not done
lifeill,sc2 (d1a): during the last six months have you yourself suffered  serious illnes,-1.0,not applicable
lifeill,sc2 (d1a): during the last six months have you yourself suffered  serious illnes,1.0,yes
lifeill,sc2 (d1a): during the last six months have you yourself suffered  serious illnes,2.0,no
illclose,sc2 (d1b): during the last six months has a serious illness,-9.0,not answered (9)
illclose,sc2 (d1b): during the last six months has a serious illness,-2.0,self completion 2 not done
illclose,sc2 (d1b): during the last six months has a serious illness,-1.0,not applicable
illclose,sc2 (d1b): during the last six months has a serious illness,1.0,yes
illclose,sc2 (d1b): during the last six months has a serious illness,2.0,no
famdied,sc2 (d1c): during the last six months has your parent,-9.0,not answered (9)
famdied,sc2 (d1c): during the last six months has your parent,-2.0,self completion 2 not done
famdied,sc2 (d1c): during the last six months has your parent,-1.0,not applicable
famdied,sc2 (d1c): during the last six months has your parent,1.0,yes
famdied,sc2 (d1c): during the last six months has your parent,2.0,no
clsdied,sc2 (d1d): during the last six months has a close family friend or  another rela,-9.0,not answered (9)
clsdied,sc2 (d1d): during the last six months has a close family friend or  another rela,-2.0,self completion 2 not done
clsdied,sc2 (d1d): during the last six months has a close family friend or  another rela,-1.0,not applicable
clsdied,sc2 (d1d): during the last six months has a close family friend or  another rela,1.0,yes
clsdied,sc2 (d1d): during the last six months has a close family friend or  another rela,2.0,no
bbreakup,sc2 (d1e): during the last six months have you broken off a steady  relationship,-9.0,not answered (9)
bbreakup,sc2 (d1e): during the last six months have you broken off a steady  relationship,-2.0,self completion 2 not done
bbreakup,sc2 (d1e): during the last six months have you broken off a steady  relationship,-1.0,not applicable
bbreakup,sc2 (d1e): during the last six months have you broken off a steady  relationship,1.0,yes
bbreakup,sc2 (d1e): during the last six months have you broken off a steady  relationship,2.0,no
lifeprob,sc2 (d1f): during the last six months have you had a serious problem  with a clo,-9.0,not answered (9)
lifeprob,sc2 (d1f): during the last six months have you had a serious problem  with a clo,-2.0,self completion 2 not done
lifeprob,sc2 (d1f): during the last six months have you had a serious problem  with a clo,-1.0,not applicable
lifeprob,sc2 (d1f): during the last six months have you had a serious problem  with a clo,1.0,yes
lifeprob,sc2 (d1f): during the last six months have you had a serious problem  with a clo,2.0,no
jobprob,sc2 (d1g): during the last six months have you had a crisis or a  serious disapp,-9.0,not answered (9)
jobprob,sc2 (d1g): during the last six months have you had a crisis or a  serious disapp,-2.0,self completion 2 not done
jobprob,sc2 (d1g): during the last six months have you had a crisis or a  serious disapp,-1.0,not applicable
jobprob,sc2 (d1g): during the last six months have you had a crisis or a  serious disapp,1.0,yes
jobprob,sc2 (d1g): during the last six months have you had a crisis or a  serious disapp,2.0,no
jobfear,sc2 (d1h): during the last six months have you thought you would soon  lose your,-9.0,not answered (9)
jobfear,sc2 (d1h): during the last six months have you thought you would soon  lose your,-2.0,self completion 2 not done
jobfear,sc2 (d1h): during the last six months have you thought you would soon  lose your,-1.0,not applicable
jobfear,sc2 (d1h): during the last six months have you thought you would soon  lose your,1.0,yes
jobfear,sc2 (d1h): during the last six months have you thought you would soon  lose your,2.0,no
nojob,sc2 (d1i): during the last six months have you become unemployed or  were you se,-9.0,not answered (9)
nojob,sc2 (d1i): during the last six months have you become unemployed or  were you se,-2.0,self completion 2 not done
nojob,sc2 (d1i): during the last six months have you become unemployed or  were you se,-1.0,not applicable
nojob,sc2 (d1i): during the last six months have you become unemployed or  were you se,1.0,yes
nojob,sc2 (d1i): during the last six months have you become unemployed or  were you se,2.0,no
joblost,sc2 (d1j): during the last six months were you sacked from your job,-9.0,not answered (9)
joblost,sc2 (d1j): during the last six months were you sacked from your job,-2.0,self completion 2 not done
joblost,sc2 (d1j): during the last six months were you sacked from your job,-1.0,not applicable
joblost,sc2 (d1j): during the last six months were you sacked from your job,1.0,yes
joblost,sc2 (d1j): during the last six months were you sacked from your job,2.0,no
cashprob,sc2 (d1k): during the last six months have you had a major financial  crisis,-9.0,not answered (9)
cashprob,sc2 (d1k): during the last six months have you had a major financial  crisis,-2.0,self completion 2 not done
cashprob,sc2 (d1k): during the last six months have you had a major financial  crisis,-1.0,not applicable
cashprob,sc2 (d1k): during the last six months have you had a major financial  crisis,1.0,yes
cashprob,sc2 (d1k): during the last six months have you had a major financial  crisis,2.0,no
police,sc2 (d1l): during the last six months have you had problems with the  police and,-9.0,not answered (9)
police,sc2 (d1l): during the last six months have you had problems with the  police and,-2.0,self completion 2 not done
police,sc2 (d1l): during the last six months have you had problems with the  police and,-1.0,not applicable
police,sc2 (d1l): during the last six months have you had problems with the  police and,1.0,yes
police,sc2 (d1l): during the last six months have you had problems with the  police and,2.0,no
theft,sc2 (d1m): during the last six months was something you valued lost  or stolen,-9.0,not answered (9)
theft,sc2 (d1m): during the last six months was something you valued lost  or stolen,-2.0,self completion 2 not done
theft,sc2 (d1m): during the last six months was something you valued lost  or stolen,-1.0,not applicable
theft,sc2 (d1m): during the last six months was something you valued lost  or stolen,1.0,yes
theft,sc2 (d1m): during the last six months was something you valued lost  or stolen,2.0,no
partfear,sc2 (d2a): in the last six months has your partner thought they would  soon lose,-9.0,not answered (9)
partfear,sc2 (d2a): in the last six months has your partner thought they would  soon lose,-2.0,self completion 2 not done
partfear,sc2 (d2a): in the last six months has your partner thought they would  soon lose,-1.0,not applicable
partfear,sc2 (d2a): in the last six months has your partner thought they would  soon lose,1.0,yes
partfear,sc2 (d2a): in the last six months has your partner thought they would  soon lose,2.0,no
partjob,sc2 (d2b): in the last six months has your partner had a crisis or  serious disa,-9.0,not answered (9)
partjob,sc2 (d2b): in the last six months has your partner had a crisis or  serious disa,-2.0,self completion 2 not done
partjob,sc2 (d2b): in the last six months has your partner had a crisis or  serious disa,-1.0,not applicable
partjob,sc2 (d2b): in the last six months has your partner had a crisis or  serious disa,1.0,yes
partjob,sc2 (d2b): in the last six months has your partner had a crisis or  serious disa,2.0,no
recsplit,sc2 (d2c): in the last six months have you had a separation due to  marital diff,-9.0,not answered (9)
recsplit,sc2 (d2c): in the last six months have you had a separation due to  marital diff,-2.0,self completion 2 not done
recsplit,sc2 (d2c): in the last six months have you had a separation due to  marital diff,-1.0,not applicable
recsplit,sc2 (d2c): in the last six months have you had a separation due to  marital diff,1.0,yes
recsplit,sc2 (d2c): in the last six months have you had a separation due to  marital diff,2.0,no
everpill,sc2 (e1): have you ever taken the contraceptive pill or had a  contraceptive inj,-9.0,not answered (9)
everpill,sc2 (e1): have you ever taken the contraceptive pill or had a  contraceptive inj,-2.0,self completion 2 not done
everpill,sc2 (e1): have you ever taken the contraceptive pill or had a  contraceptive inj,-1.0,not applicable
everpill,sc2 (e1): have you ever taken the contraceptive pill or had a  contraceptive inj,1.0,yes
everpill,sc2 (e1): have you ever taken the contraceptive pill or had a  contraceptive inj,2.0,no
nowpill,sc2 (e2): are you currently taking the contraceptive pill or having  a contracep,-9.0,not answered (9)
nowpill,sc2 (e2): are you currently taking the contraceptive pill or having  a contracep,-2.0,self completion 2 not done
nowpill,sc2 (e2): are you currently taking the contraceptive pill or having  a contracep,-1.0,not applicable
nowpill,sc2 (e2): are you currently taking the contraceptive pill or having  a contracep,1.0,yes
nowpill,sc2 (e2): are you currently taking the contraceptive pill or having  a contracep,2.0,no
pillnam1,sc2 (d3): contraceptive taken,-9.0,not answered (999999999)
pillnam1,sc2 (d3): contraceptive taken,-2.0,self completion 2 not done
pillnam1,sc2 (d3): contraceptive taken,-1.0,not applicable
pillnam1,sc2 (d3): contraceptive taken,70301000.0,loestrin 20
pillnam1,sc2 (d3): contraceptive taken,70301000.0,mercilon
pillnam1,sc2 (d3): contraceptive taken,70301000.0,femodette
pillnam1,sc2 (d3): contraceptive taken,70301000.0,eugynon 30
pillnam1,sc2 (d3): contraceptive taken,70301000.0,logynon
pillnam1,sc2 (d3): contraceptive taken,70301000.0,logynon ed
pillnam1,sc2 (d3): contraceptive taken,70301000.0,microgynon 30
pillnam1,sc2 (d3): contraceptive taken,70301000.0,microgynon 30 ed
pillnam1,sc2 (d3): contraceptive taken,70301000.0,ovranette
pillnam1,sc2 (d3): contraceptive taken,70301000.0,trinordiol
pillnam1,sc2 (d3): contraceptive taken,70301000.0,binovum
pillnam1,sc2 (d3): contraceptive taken,70301000.0,brevinor
pillnam1,sc2 (d3): contraceptive taken,70301000.0,loestrin 30
pillnam1,sc2 (d3): contraceptive taken,70301000.0,norimin
pillnam1,sc2 (d3): contraceptive taken,70301000.0,ovysmen
pillnam1,sc2 (d3): contraceptive taken,70301000.0,synphase
pillnam1,sc2 (d3): contraceptive taken,70301000.0,trinovum
pillnam1,sc2 (d3): contraceptive taken,70301000.0,cilest
pillnam1,sc2 (d3): contraceptive taken,70301000.0,marvelon
pillnam1,sc2 (d3): contraceptive taken,70301000.0,yasmin
pillnam1,sc2 (d3): contraceptive taken,70301000.0,femodene
pillnam1,sc2 (d3): contraceptive taken,70301000.0,femodene ed
pillnam1,sc2 (d3): contraceptive taken,70301000.0,minulet
pillnam1,sc2 (d3): contraceptive taken,70301000.0,triadene
pillnam1,sc2 (d3): contraceptive taken,70301000.0,tri-minulet
pillnam1,sc2 (d3): contraceptive taken,70301000.0,norinyl-l
pillnam1,sc2 (d3): contraceptive taken,70301000.0,levonelle-2
pillnam1,sc2 (d3): contraceptive taken,70301100.0,(combined oral contraceptive) other brand name
pillnam1,sc2 (d3): contraceptive taken,70301100.0,(combined oral contraceptive) brand not specified
pillnam1,sc2 (d3): contraceptive taken,70302100.0,femulen
pillnam1,sc2 (d3): contraceptive taken,70302100.0,micronor
pillnam1,sc2 (d3): contraceptive taken,70302100.0,microval
pillnam1,sc2 (d3): contraceptive taken,70302100.0,neogest
pillnam1,sc2 (d3): contraceptive taken,70302100.0,norgeston
pillnam1,sc2 (d3): contraceptive taken,70302100.0,noriday
pillnam1,sc2 (d3): contraceptive taken,70302200.0,(progestogen-only pills) other brand name
pillnam1,sc2 (d3): contraceptive taken,70302200.0,(progestogen-only pills) brand not specified
pillnam1,sc2 (d3): contraceptive taken,70302200.0,depo-provera
pillnam1,sc2 (d3): contraceptive taken,70302200.0,noristerat
pillnam1,sc2 (d3): contraceptive taken,70302200.0,implanon
pillnam1,sc2 (d3): contraceptive taken,70302300.0,(injection/implant)  other brand name
pillnam1,sc2 (d3): contraceptive taken,130602000.0,dianette
pillnam1,sc2 (d3): contraceptive taken,1000000000.0,other type of contraceptive (e.g. iud)
pillnam1,sc2 (d3): contraceptive taken,1000000000.0,not relevant
pillkind,sc2 (e4): what kind of contraceptive is this,-9.0,not answered (9)
pillkind,sc2 (e4): what kind of contraceptive is this,-2.0,self completion 2 not done
pillkind,sc2 (e4): what kind of contraceptive is this,-1.0,not applicable
pillkind,sc2 (e4): what kind of contraceptive is this,1.0,injection
pillkind,sc2 (e4): what kind of contraceptive is this,2.0,mini pill (progestogen only)
pillkind,sc2 (e4): what kind of contraceptive is this,3.0,combined pill
pillkind,sc2 (e4): what kind of contraceptive is this,4.0,implant (norplant)
pillkind,sc2 (e4): what kind of contraceptive is this,8.0,not sure
pillstrt,sc2 (e5): how old were you when you first took the contraceptive  pill or had co,-9.0,not answered (99)
pillstrt,sc2 (e5): how old were you when you first took the contraceptive  pill or had co,-2.0,self completion 2 not done
pillstrt,sc2 (e5): how old were you when you first took the contraceptive  pill or had co,-1.0,not applicable
piltake,sc2 (e6): for how long in total have you taken the contraceptive  pill or had a,-9.0,not answered
piltake,sc2 (e6): for how long in total have you taken the contraceptive  pill or had a,-2.0,self completion 2 not done
piltake,sc2 (e6): for how long in total have you taken the contraceptive  pill or had a,-1.0,not applicable
hadop1,sc2 (e7a): have you ever had an operation for removal of uterus  (womb) and both,-9.0,not answered (9)
hadop1,sc2 (e7a): have you ever had an operation for removal of uterus  (womb) and both,-2.0,self completion 2 not done
hadop1,sc2 (e7a): have you ever had an operation for removal of uterus  (womb) and both,-1.0,not applicable
hadop1,sc2 (e7a): have you ever had an operation for removal of uterus  (womb) and both,1.0,no
hadop1,sc2 (e7a): have you ever had an operation for removal of uterus  (womb) and both,2.0,yes
hadop1a,sc2 (e7a): what was your age at the time of this operation - removal of uterus a,-9.0,not answered (99)
hadop1a,sc2 (e7a): what was your age at the time of this operation - removal of uterus a,-2.0,self completion 2 not done
hadop1a,sc2 (e7a): what was your age at the time of this operation - removal of uterus a,-1.0,not applicable
hadop1y,sc2 (e7a): date had operation for removal of uterus and both ovaries - year,-9.0,not answered
hadop1y,sc2 (e7a): date had operation for removal of uterus and both ovaries - year,-2.0,self completion 2 not done
hadop1y,sc2 (e7a): date had operation for removal of uterus and both ovaries - year,-1.0,not applicable
hadop2,sc2 (e7b): have you ever had an operation for removal of uterus only,-9.0,not answered (9)
hadop2,sc2 (e7b): have you ever had an operation for removal of uterus only,-2.0,self completion 2 not done
hadop2,sc2 (e7b): have you ever had an operation for removal of uterus only,-1.0,not applicable
hadop2,sc2 (e7b): have you ever had an operation for removal of uterus only,1.0,no
hadop2,sc2 (e7b): have you ever had an operation for removal of uterus only,2.0,yes
hadop2a,sc2 (e7b): what was your age at the time of this operation - removal of uterus,-2.0,self completion 2 not done
hadop2a,sc2 (e7b): what was your age at the time of this operation - removal of uterus,-1.0,not applicable
hadop2a,sc2 (e7b): what was your age at the time of this operation - removal of uterus,-9.0,not answered (99)
hadop2y,sc2 (e7b): date had operation for removal of uterus only - year,-9.0,not answered
hadop2y,sc2 (e7b): date had operation for removal of uterus only - year,-2.0,self completion 2 not done
hadop2y,sc2 (e7b): date had operation for removal of uterus only - year,-1.0,not applicable
hadop3,sc2 (e7c): have you ever had an operation for removal of uterus and  one ovary,-9.0,not answered (9)
hadop3,sc2 (e7c): have you ever had an operation for removal of uterus and  one ovary,-2.0,self completion 2 not done
hadop3,sc2 (e7c): have you ever had an operation for removal of uterus and  one ovary,-1.0,not applicable
hadop3,sc2 (e7c): have you ever had an operation for removal of uterus and  one ovary,1.0,no
hadop3,sc2 (e7c): have you ever had an operation for removal of uterus and  one ovary,2.0,yes
hadop3a,sc2 (e7c): what was you age at the time of this operation - removal of uterus an,-9.0,not answered (99)
hadop3a,sc2 (e7c): what was you age at the time of this operation - removal of uterus an,-2.0,self completion 2 not done
hadop3a,sc2 (e7c): what was you age at the time of this operation - removal of uterus an,-1.0,not applicable
hadop3y,sc2 (e7c): date had operation for removal of uterus and one ovary - year,-9.0,not answered
hadop3y,sc2 (e7c): date had operation for removal of uterus and one ovary - year,-2.0,self completion 2 not done
hadop3y,sc2 (e7c): date had operation for removal of uterus and one ovary - year,-1.0,not applicable
hadop4,sc2 (e7d): have you ever had an operation for removal of both ovaries  only,-9.0,not answered (9)
hadop4,sc2 (e7d): have you ever had an operation for removal of both ovaries  only,-2.0,self completion 2 not done
hadop4,sc2 (e7d): have you ever had an operation for removal of both ovaries  only,-1.0,not applicable
hadop4,sc2 (e7d): have you ever had an operation for removal of both ovaries  only,1.0,no
hadop4,sc2 (e7d): have you ever had an operation for removal of both ovaries  only,2.0,yes
hadop4a,sc2 (e7d): what was your age at the time of this operation - removal of both ova,-9.0,not answered (99)
hadop4a,sc2 (e7d): what was your age at the time of this operation - removal of both ova,-2.0,self completion 2 not done
hadop4a,sc2 (e7d): what was your age at the time of this operation - removal of both ova,-1.0,not applicable
hadop4y,sc2 (e7d): date had operation for removal of both ovaries only - year,-9.0,not answered
hadop4y,sc2 (e7d): date had operation for removal of both ovaries only - year,-2.0,self completion 2 not done
hadop4y,sc2 (e7d): date had operation for removal of both ovaries only - year,-1.0,not applicable
hadop5,sc2 (e7e): have you ever had an operation for removal of one ovary  only,-9.0,not answered (9)
hadop5,sc2 (e7e): have you ever had an operation for removal of one ovary  only,-2.0,self completion 2 not done
hadop5,sc2 (e7e): have you ever had an operation for removal of one ovary  only,-1.0,not applicable
hadop5,sc2 (e7e): have you ever had an operation for removal of one ovary  only,1.0,no
hadop5,sc2 (e7e): have you ever had an operation for removal of one ovary  only,2.0,yes
hadop5a,sc2 (e7e): what age were you at the time of this operation - removal of one ovar,-9.0,not answered (99)
hadop5a,sc2 (e7e): what age were you at the time of this operation - removal of one ovar,-2.0,self completion 2 not done
hadop5a,sc2 (e7e): what age were you at the time of this operation - removal of one ovar,-1.0,not applicable
hadop5y,sc2 (e7e): date had operation for removal of one ovary only - year,-9.0,not answered
hadop5y,sc2 (e7e): date had operation for removal of one ovary only - year,-2.0,self completion 2 not done
hadop5y,sc2 (e7e): date had operation for removal of one ovary only - year,-1.0,not applicable
period,sc2 (e8): in the last 12 months have you had a period or menstrual  bleeding,-9.0,not answered (9)
period,sc2 (e8): in the last 12 months have you had a period or menstrual  bleeding,-2.0,self completion 2 not done
period,sc2 (e8): in the last 12 months have you had a period or menstrual  bleeding,-1.0,not applicable
period,sc2 (e8): in the last 12 months have you had a period or menstrual  bleeding,1.0,yes
period,sc2 (e8): in the last 12 months have you had a period or menstrual  bleeding,2.0,no
whystop,sc2 (e9): no. of reasons given for periods stopped,-9.0,not answered (9)
whystop,sc2 (e9): no. of reasons given for periods stopped,-2.0,self completion 2 not done
whystop,sc2 (e9): no. of reasons given for periods stopped,-1.0,not applicable
whystop1,sc2 (e9): periods stopped - surgery,-9.0,not answered (9)
whystop1,sc2 (e9): periods stopped - surgery,-2.0,self completion 2 not done
whystop1,sc2 (e9): periods stopped - surgery,-1.0,not applicable
whystop1,sc2 (e9): periods stopped - surgery,0.0,no
whystop1,sc2 (e9): periods stopped - surgery,1.0,yes
whystop2,sc2 (e9): periods stopped - chemotherapy or radiation therapy,-9.0,not answered (9)
whystop2,sc2 (e9): periods stopped - chemotherapy or radiation therapy,-2.0,self completion 2 not done
whystop2,sc2 (e9): periods stopped - chemotherapy or radiation therapy,-1.0,not applicable
whystop2,sc2 (e9): periods stopped - chemotherapy or radiation therapy,0.0,no
whystop2,sc2 (e9): periods stopped - chemotherapy or radiation therapy,1.0,yes
whystop3,sc2 (e9): periods stopped - pregnancy or breastfeeding,-9.0,not answered (9)
whystop3,sc2 (e9): periods stopped - pregnancy or breastfeeding,-2.0,self completion 2 not done
whystop3,sc2 (e9): periods stopped - pregnancy or breastfeeding,-1.0,not applicable
whystop3,sc2 (e9): periods stopped - pregnancy or breastfeeding,0.0,no
whystop3,sc2 (e9): periods stopped - pregnancy or breastfeeding,1.0,yes
whystop4,sc2 (e9): periods stopped - no obvious reason/menopause,-9.0,not answered (9)
whystop4,sc2 (e9): periods stopped - no obvious reason/menopause,-2.0,self completion 2 not done
whystop4,sc2 (e9): periods stopped - no obvious reason/menopause,-1.0,not applicable
whystop4,sc2 (e9): periods stopped - no obvious reason/menopause,0.0,no
whystop4,sc2 (e9): periods stopped - no obvious reason/menopause,1.0,yes
whystop5,sc2 (e9): periods stopped - other reason,-9.0,not answered (9)
whystop5,sc2 (e9): periods stopped - other reason,-2.0,self completion 2 not done
whystop5,sc2 (e9): periods stopped - other reason,-1.0,not applicable
whystop5,sc2 (e9): periods stopped - other reason,0.0,no
whystop5,sc2 (e9): periods stopped - other reason,1.0,yes
perrec,sc2 (e10): in the last 3 months have you had a period or menstrual  bleeding,-2.0,self completion 2 not done
perrec,sc2 (e10): in the last 3 months have you had a period or menstrual  bleeding,-1.0,not applicable
perrec,sc2 (e10): in the last 3 months have you had a period or menstrual  bleeding,1.0,yes
perrec,sc2 (e10): in the last 3 months have you had a period or menstrual  bleeding,2.0,no
perrec,sc2 (e10): in the last 3 months have you had a period or menstrual  bleeding,-9.0,not answered (9)
lastpdat,sc2 (e11): date of last period (yyyy/mm/dd),-9.0,not answered
lastpdat,sc2 (e11): date of last period (yyyy/mm/dd),-2.0,self completion 2 not done
lastpdat,sc2 (e11): date of last period (yyyy/mm/dd),-1.0,not applicable
lastpday,sc2 (e11): last period - day of month,-9.0,not answered
lastpday,sc2 (e11): last period - day of month,-2.0,self completion 2 not done
lastpday,sc2 (e11): last period - day of month,-1.0,not applicable
lastpday,sc2 (e11): last period - day of month,1.0,january
lastpday,sc2 (e11): last period - day of month,2.0,february
lastpday,sc2 (e11): last period - day of month,3.0,march
lastpday,sc2 (e11): last period - day of month,4.0,april
lastpday,sc2 (e11): last period - day of month,5.0,may
lastpday,sc2 (e11): last period - day of month,6.0,june
lastpday,sc2 (e11): last period - day of month,7.0,july
lastpday,sc2 (e11): last period - day of month,8.0,august
lastpday,sc2 (e11): last period - day of month,9.0,september
lastpday,sc2 (e11): last period - day of month,10.0,october
lastpday,sc2 (e11): last period - day of month,11.0,november
lastpday,sc2 (e11): last period - day of month,12.0,december
lastpmon,sc2 (e11): last period - month,-9.0,not answered
lastpmon,sc2 (e11): last period - month,-2.0,self completion 2 not done
lastpmon,sc2 (e11): last period - month,-1.0,not applicable
lastpyr,sc2 (e11): last period - year,-9.0,not answered
lastpyr,sc2 (e11): last period - year,-2.0,self completion 2 not done
lastpyr,sc2 (e11): last period - year,-1.0,not applicable
lastpage,sc2 (e11): what was your age at the time of your last period,-9.0,not answered (99)
lastpage,sc2 (e11): what was your age at the time of your last period,-2.0,self completion 2 not done
lastpage,sc2 (e11): what was your age at the time of your last period,-1.0,not applicable
pchange,sc2 (e12): in the last few years (...before your last  period) did your periods,-9.0,not answered (9)
pchange,sc2 (e12): in the last few years (...before your last  period) did your periods,-2.0,self completion 2 not done
pchange,sc2 (e12): in the last few years (...before your last  period) did your periods,-1.0,not applicable
pchange,sc2 (e12): in the last few years (...before your last  period) did your periods,1.0,become more regular
pchange,sc2 (e12): in the last few years (...before your last  period) did your periods,2.0,become less regular
pchange,sc2 (e12): in the last few years (...before your last  period) did your periods,3.0,remain about the same
whenchan,sc2 (e13): when did you first notice this change,-9.0,not answered (9)
whenchan,sc2 (e13): when did you first notice this change,-2.0,self completion 2 not done
whenchan,sc2 (e13): when did you first notice this change,-1.0,not applicable
whenchan,sc2 (e13): when did you first notice this change,1.0,up to 1 year before last period
whenchan,sc2 (e13): when did you first notice this change,2.0,up to 2 years before last period
whenchan,sc2 (e13): when did you first notice this change,3.0,up to 3 years before last period
whenchan,sc2 (e13): when did you first notice this change,4.0,up to 4 years before last period
whenchan,sc2 (e13): when did you first notice this change,5.0,more than 4 years before last period
everhrt,sc2 (e14): have you ever had hormone replacement therapy (hrt),-9.0,not answered (9)
everhrt,sc2 (e14): have you ever had hormone replacement therapy (hrt),-2.0,self completion 2 not done
everhrt,sc2 (e14): have you ever had hormone replacement therapy (hrt),-1.0,not applicable
everhrt,sc2 (e14): have you ever had hormone replacement therapy (hrt),1.0,yes
everhrt,sc2 (e14): have you ever had hormone replacement therapy (hrt),2.0,no
hrtondat,sc2 (e15): date first started hrt (yyyy/mm/dd),-9.0,not answered
hrtondat,sc2 (e15): date first started hrt (yyyy/mm/dd),-2.0,self completion 2 not done
hrtondat,sc2 (e15): date first started hrt (yyyy/mm/dd),-1.0,not applicable
hrtonmon,sc2 (e15): date first started hrt - month,-9.0,not answered
hrtonmon,sc2 (e15): date first started hrt - month,-2.0,self completion 2 not done
hrtonmon,sc2 (e15): date first started hrt - month,-1.0,not applicable
hrtonmon,sc2 (e15): date first started hrt - month,1.0,january
hrtonmon,sc2 (e15): date first started hrt - month,2.0,february
hrtonmon,sc2 (e15): date first started hrt - month,3.0,march
hrtonmon,sc2 (e15): date first started hrt - month,4.0,april
hrtonmon,sc2 (e15): date first started hrt - month,5.0,may
hrtonmon,sc2 (e15): date first started hrt - month,6.0,june
hrtonmon,sc2 (e15): date first started hrt - month,7.0,july
hrtonmon,sc2 (e15): date first started hrt - month,8.0,august
hrtonmon,sc2 (e15): date first started hrt - month,9.0,september
hrtonmon,sc2 (e15): date first started hrt - month,10.0,october
hrtonmon,sc2 (e15): date first started hrt - month,11.0,november
hrtonmon,sc2 (e15): date first started hrt - month,12.0,december
hrtonyr,sc2 (e15): date first started hrt - year,-9.0,not answered
hrtonyr,sc2 (e15): date first started hrt - year,-2.0,self completion 2 not done
hrtonyr,sc2 (e15): date first started hrt - year,-1.0,not applicable
hrtonage,sc2 (e15): what was your age when you first took hrt,-9.0,not answered (99)
hrtonage,sc2 (e15): what was your age when you first took hrt,-2.0,self completion 2 not done
hrtonage,sc2 (e15): what was your age when you first took hrt,-1.0,not applicable
hrtpstop,sc2 (e16): before you started hrt had your menstrual periods stopped,-9.0,not answered (9)
hrtpstop,sc2 (e16): before you started hrt had your menstrual periods stopped,-2.0,self completion 2 not done
hrtpstop,sc2 (e16): before you started hrt had your menstrual periods stopped,-1.0,not applicable
hrtpstop,sc2 (e16): before you started hrt had your menstrual periods stopped,1.0,yes
hrtpstop,sc2 (e16): before you started hrt had your menstrual periods stopped,2.0,no
hrtpdat,sc2 (e17): date of last period before hrt (yyyy/mm/dd),-9.0,not answered
hrtpdat,sc2 (e17): date of last period before hrt (yyyy/mm/dd),-2.0,self completion 2 not done
hrtpdat,sc2 (e17): date of last period before hrt (yyyy/mm/dd),-1.0,not applicable
hrtpmon,sc2 (e17): date of last period before hrt - month,3.0,march
hrtpmon,sc2 (e17): date of last period before hrt - month,4.0,april
hrtpmon,sc2 (e17): date of last period before hrt - month,5.0,may
hrtpmon,sc2 (e17): date of last period before hrt - month,6.0,june
hrtpmon,sc2 (e17): date of last period before hrt - month,7.0,july
hrtpmon,sc2 (e17): date of last period before hrt - month,8.0,august
hrtpmon,sc2 (e17): date of last period before hrt - month,9.0,september
hrtpmon,sc2 (e17): date of last period before hrt - month,10.0,october
hrtpmon,sc2 (e17): date of last period before hrt - month,11.0,november
hrtpmon,sc2 (e17): date of last period before hrt - month,12.0,december
hrtpmon,sc2 (e17): date of last period before hrt - month,-9.0,not answered
hrtpmon,sc2 (e17): date of last period before hrt - month,-2.0,self completion 2 not done
hrtpmon,sc2 (e17): date of last period before hrt - month,-1.0,not applicable
hrtpmon,sc2 (e17): date of last period before hrt - month,1.0,january
hrtpmon,sc2 (e17): date of last period before hrt - month,2.0,february
hrtpyr,sc2 (e17): date of last period before hrt - year,-9.0,not answered
hrtpyr,sc2 (e17): date of last period before hrt - year,-2.0,self completion 2 not done
hrtpyr,sc2 (e17): date of last period before hrt - year,-1.0,not applicable
hrtpage,sc2 (e17): what was your age at the time of your last period before  hrt,-9.0,not answered (99)
hrtpage,sc2 (e17): what was your age at the time of your last period before  hrt,-2.0,self completion 2 not done
hrtpage,sc2 (e17): what was your age at the time of your last period before  hrt,-1.0,not applicable
hrttime,sc2 (e18): how long in total have you taken hrt,-2.0,self completion 2 not done
hrttime,sc2 (e18): how long in total have you taken hrt,-1.0,not applicable
hrttime,sc2 (e18): how long in total have you taken hrt,-9.0,not answered
hrtnow,sc2 (e19): are you currently taking hrt,-9.0,not answered (9)
hrtnow,sc2 (e19): are you currently taking hrt,-2.0,self completion 2 not done
hrtnow,sc2 (e19): are you currently taking hrt,-1.0,not applicable
hrtnow,sc2 (e19): are you currently taking hrt,1.0,yes
hrtnow,sc2 (e19): are you currently taking hrt,2.0,no
hrtnam1,sc2 (e20): type of hrt taken,-9.0,not answered (999999999)
hrtnam1,sc2 (e20): type of hrt taken,-2.0,self completion 2 not done
hrtnam1,sc2 (e20): type of hrt taken,-1.0,not applicable
hrtnam1,sc2 (e20): type of hrt taken,60101200.0,harmogen
hrtnam1,sc2 (e20): type of hrt taken,60401100.0,premique
hrtnam1,sc2 (e20): type of hrt taken,60401100.0,prempak-c
hrtnam1,sc2 (e20): type of hrt taken,60401100.0,adgyn combi
hrtnam1,sc2 (e20): type of hrt taken,60401100.0,climagest
hrtnam1,sc2 (e20): type of hrt taken,60401100.0,climesse
hrtnam1,sc2 (e20): type of hrt taken,60401100.0,cyclo-progynova
hrtnam1,sc2 (e20): type of hrt taken,60401100.0,elleste-duet
hrtnam1,sc2 (e20): type of hrt taken,60401100.0,estracombi
hrtnam1,sc2 (e20): type of hrt taken,60401100.0,estrapak 50
hrtnam1,sc2 (e20): type of hrt taken,60401100.0,evorel
hrtnam1,sc2 (e20): type of hrt taken,60401100.0,femapak
hrtnam1,sc2 (e20): type of hrt taken,60401100.0,femoston
hrtnam1,sc2 (e20): type of hrt taken,60401100.0,indivina
hrtnam1,sc2 (e20): type of hrt taken,60401100.0,kilofem
hrtnam1,sc2 (e20): type of hrt taken,60401100.0,kilovance
hrtnam1,sc2 (e20): type of hrt taken,60401100.0,novofem
hrtnam1,sc2 (e20): type of hrt taken,60401100.0,nuvelle
hrtnam1,sc2 (e20): type of hrt taken,60401100.0,tridestra
hrtnam1,sc2 (e20): type of hrt taken,60401100.0,trisequens
hrtnam1,sc2 (e20): type of hrt taken,60401200.0,premarin
hrtnam1,sc2 (e20): type of hrt taken,60401200.0,estradiol implants
hrtnam1,sc2 (e20): type of hrt taken,60401200.0,adgyn estro
hrtnam1,sc2 (e20): type of hrt taken,60401200.0,aerodiol
hrtnam1,sc2 (e20): type of hrt taken,60401200.0,climaval
hrtnam1,sc2 (e20): type of hrt taken,60401200.0,dermestril
hrtnam1,sc2 (e20): type of hrt taken,60401200.0,dermestril-septem
hrtnam1,sc2 (e20): type of hrt taken,60401200.0,elleste-solo
hrtnam1,sc2 (e20): type of hrt taken,60401200.0,elleste-solo mx
hrtnam1,sc2 (e20): type of hrt taken,60401200.0,estraderm mx
hrtnam1,sc2 (e20): type of hrt taken,60401200.0,estraderm tts
hrtnam1,sc2 (e20): type of hrt taken,60401200.0,evorel
hrtnam1,sc2 (e20): type of hrt taken,60401200.0,fematrix
hrtnam1,sc2 (e20): type of hrt taken,60401200.0,femseven
hrtnam1,sc2 (e20): type of hrt taken,60401200.0,menorest
hrtnam1,sc2 (e20): type of hrt taken,60401200.0,oestrogel
hrtnam1,sc2 (e20): type of hrt taken,60401200.0,progynova
hrtnam1,sc2 (e20): type of hrt taken,60401200.0,progynova ts
hrtnam1,sc2 (e20): type of hrt taken,60401200.0,sandrena
hrtnam1,sc2 (e20): type of hrt taken,60401200.0,zumenon
hrtnam1,sc2 (e20): type of hrt taken,60401200.0,hormonin
hrtnam1,sc2 (e20): type of hrt taken,60401200.0,ovestin
hrtnam1,sc2 (e20): type of hrt taken,60401200.0,evista
hrtnam1,sc2 (e20): type of hrt taken,60401200.0,livial
hrtnam1,sc2 (e20): type of hrt taken,60401200.0,ethynilestradiol
hrtnam1,sc2 (e20): type of hrt taken,60401200.0,duphaston
hrtnam1,sc2 (e20): type of hrt taken,60401200.0,duphaston hrt
hrtnam1,sc2 (e20): type of hrt taken,60401200.0,proluton depot
hrtnam1,sc2 (e20): type of hrt taken,60401200.0,adgyn medro
hrtnam1,sc2 (e20): type of hrt taken,60401200.0,provera
hrtnam1,sc2 (e20): type of hrt taken,60401200.0,norethisterone
hrtnam1,sc2 (e20): type of hrt taken,60401200.0,primolut n
hrtnam1,sc2 (e20): type of hrt taken,60401200.0,utovlan
hrtnam1,sc2 (e20): type of hrt taken,60401200.0,micronor hrt
hrtnam1,sc2 (e20): type of hrt taken,60401200.0,crinone
hrtnam1,sc2 (e20): type of hrt taken,60401200.0,cyclogest
hrtnam1,sc2 (e20): type of hrt taken,60401200.0,gestone
hrtnam1,sc2 (e20): type of hrt taken,70301000.0,cilest
hrtnam1,sc2 (e20): type of hrt taken,1000000000.0,(hrt) other brand name
hrtnam1,sc2 (e20): type of hrt taken,1000000000.0,(hrt) brand not specified
hrtnam1,sc2 (e20): type of hrt taken,1000000000.0,not relevant
time,lab: time sample taken,,
bldday,lab: day sample taken,-2.0,no blood received at lab
bldday,lab: day sample taken,-1.0,not recorded
bldmonth,lab: month sample taken,10.0,october
bldmonth,lab: month sample taken,11.0,november
bldmonth,lab: month sample taken,12.0,december
bldmonth,lab: month sample taken,-2.0,no blood received at lab
bldmonth,lab: month sample taken,-1.0,not recorded
bldmonth,lab: month sample taken,1.0,january
bldmonth,lab: month sample taken,2.0,february
bldmonth,lab: month sample taken,3.0,march
bldmonth,lab: month sample taken,4.0,april
bldmonth,lab: month sample taken,5.0,may
bldmonth,lab: month sample taken,6.0,june
bldmonth,lab: month sample taken,7.0,july
bldmonth,lab: month sample taken,8.0,august
bldmonth,lab: month sample taken,9.0,september
bldyear,lab: year sample taken,-2.0,no blood received at lab
bldyear,lab: year sample taken,-1.0,not recorded
dayrnl,lab: day received nc lab,-2.0,no blood received at lab
dayrnl,lab: day received nc lab,-1.0,not recorded
monthrnl,lab: month received nc lab,-2.0,no blood received at lab
monthrnl,lab: month received nc lab,-1.0,not recorded
monthrnl,lab: month received nc lab,1.0,january
monthrnl,lab: month received nc lab,2.0,february
monthrnl,lab: month received nc lab,3.0,march
monthrnl,lab: month received nc lab,4.0,april
monthrnl,lab: month received nc lab,5.0,may
monthrnl,lab: month received nc lab,6.0,june
monthrnl,lab: month received nc lab,7.0,july
monthrnl,lab: month received nc lab,8.0,august
monthrnl,lab: month received nc lab,9.0,september
monthrnl,lab: month received nc lab,10.0,october
monthrnl,lab: month received nc lab,11.0,november
monthrnl,lab: month received nc lab,12.0,december
yearrnl,lab: year received nc lab,-2.0,no blood received at lab
yearrnl,lab: year received nc lab,-1.0,not recorded
sexrnl,lab: sex 1=male,-2.0,no blood received at lab
sexrnl,lab: sex 1=male,-1.0,not recorded
sexrnl,lab: sex 1=male,1.0,male
sexrnl,lab: sex 1=male,2.0,female
bldrec,lab: citrate blood received,1.0,yes
bldrec,lab: citrate blood received,-3.0,old/insufficient
bldrec,lab: citrate blood received,-2.0,no blood received at lab
bldrec,lab: citrate blood received,-1.0,not recorded
bldrec,lab: citrate blood received,0.0,no
clorec,lab: plain blood received,-3.0,old/insufficient
clorec,lab: plain blood received,-2.0,no blood received at lab
clorec,lab: plain blood received,-1.0,not recorded
clorec,lab: plain blood received,0.0,no
clorec,lab: plain blood received,1.0,yes
consn,lab: consent to storage,-2.0,no blood received at lab
consn,lab: consent to storage,-1.0,not recorded
consn,lab: consent to storage,0.0,no
consn,lab: consent to storage,1.0,yes
plstor,lab: citrate plasma to sghms,-2.0,no blood received at lab
plstor,lab: citrate plasma to sghms,-1.0,not recorded
plstor,lab: citrate plasma to sghms,0.0,no
plstor,lab: citrate plasma to sghms,1.0,yes
sestor,lab: serum to sghms,-2.0,no blood received at lab
sestor,lab: serum to sghms,-1.0,not recorded
sestor,lab: serum to sghms,0.0,no
sestor,lab: serum to sghms,1.0,yes
chol,lab: total cholesterol,-2.0,no blood received at lab
chol,lab: total cholesterol,-1.0,not recorded
trig,lab: triglyceride,-2.0,no blood received at lab
trig,lab: triglyceride,-1.0,not recorded
hdl,lab: hdl cholesterol,-2.0,no blood received at lab
hdl,lab: hdl cholesterol,-1.0,not recorded
ldl,lab: ldl cholesterol,-2.0,no blood received at lab
ldl,lab: ldl cholesterol,-1.0,not recorded
hba1c,lab: glycated haemoglobin,-2.0,no blood received at lab
hba1c,lab: glycated haemoglobin,-1.0,not recorded
nclbatch,lab: newcastle batch number (ige and igf1),-2.0,no blood received at lab
nclbatch,lab: newcastle batch number (ige and igf1),-1.0,not recorded
ige,lab: total ige,-2.0,no blood received at lab
ige,lab: total ige,-1.0,not recorded
igf1,lab: growth factor 1,-2.0,no blood received at lab
igf1,lab: growth factor 1,-1.0,not recorded
hdm,lab: house dust mite allergen,-2.0,no blood received at lab
hdm,lab: house dust mite allergen,-1.0,not recorded
cat,lab: cat allergen,-2.0,no blood received at lab
cat,lab: cat allergen,-1.0,not recorded
grass,lab: grass pollen allergen,-2.0,no blood received at lab
grass,lab: grass pollen allergen,-1.0,not recorded
delaynl,lab: delay in sample receipt (nc),-2.0,no blood received at lab
delaynl,lab: delay in sample receipt (nc),-1.0,not recorded
vwfbatch,lab: vwf batch number,-2.0,no blood received at lab
vwfbatch,lab: vwf batch number,-1.0,not recorded
vwf,lab: von willebrand factor,-2.0,no blood received at lab
vwf,lab: von willebrand factor,-1.0,not recorded
glabatch,lab: glasgow batch number (fib and crp),-2.0,no blood received at lab
glabatch,lab: glasgow batch number (fib and crp),-1.0,not recorded
fib,lab: fibrinogen g/l,-2.0,no blood received at lab
fib,lab: fibrinogen g/l,-1.0,not recorded
crp,lab: c reactive protein g/l,-2.0,no blood received at lab
crp,lab: c reactive protein g/l,-1.0,not recorded
tpabatch,lab: tpa batch number,-2.0,no blood received at lab
tpabatch,lab: tpa batch number,-1.0,not recorded
tpa,lab: tissue plasminogen activator ng/ml,-2.0,no blood received at lab
tpa,lab: tissue plasminogen activator ng/ml,-1.0,not recorded
infor,lab: information from newcastle and/or glasgow,,
bl_hr,lab:hour blood taken,-2.0,no blood received at lab
bl_hr,lab:hour blood taken,-1.0,not recorded
ddimer,lab: d-dimer (ng/ml),-9.0,no data available
ddimer,lab: d-dimer (ng/ml),-2.0,no blood received at lab
ddimer,lab: d-dimer (ng/ml),-1.0,not recorded
cortred,saliva: baseline cortisol,-1.0,not applicable
cortblue,saliva: follow-up cortisol,-1.0,not applicable
daysc,saliva: day saliva collected,-1.0,not applicable
monthsc,saliva: month saliva collected,-1.0,not applicable
yearsc,saliva: year saliva collected,-1.0,not applicable
hour1,saliva: hour sample one,-1.0,not applicable
min1,saliva: minutes sample one,-1.0,not applicable
hour2,saliva: hour sample two,-1.0,not applicable
min2,saliva: minutes sample two,-1.0,not applicable
hour0,saliva: hour woken up,-1.0,not applicable
min0,saliva: minutes woken up,-1.0,not applicable
ntwak,saliva: night awaking (including those time not known),-1.0,not applicable
anfh,saliva: hour awake from,-1.0,not applicable
anfm,saliva: minutes awake from,-1.0,not applicable
anth,saliva: hour awake to,-1.0,not applicable
antm,saliva: minutes awake to,-1.0,not applicable
regnt,saliva: night working,-1.0,not applicable
dentist,saliva: dentist,-1.0,not applicable
cuts,saliva: cuts,-1.0,not applicable
daysg,saliva: day saliva delivered lab,-1.0,not applicable
monthsg,saliva: month saliva delivered lab,-1.0,not applicable
yearsg,saliva: year saliva delivered lab,-1.0,not applicable
ids_vitd,saliva: vitamin d test value,-1.0,not applicable
smok42_1,(derived): smoking at 42 codes 0 to 2,0.0,never smoked
smok42_1,(derived): smoking at 42 codes 0 to 2,1.0,ex/occ-smoker
smok42_1,(derived): smoking at 42 codes 0 to 2,2.0,current smoker
smok42_2,(derived): smoking at 42 codes 0 to 6,0.0,never smoked
smok42_2,(derived): smoking at 42 codes 0 to 6,1.0,ex:<1cig
smok42_2,(derived): smoking at 42 codes 0 to 6,2.0,ex:>=1cig:>5yr
smok42_2,(derived): smoking at 42 codes 0 to 6,3.0,ex:>=1cig:<=5yr
smok42_2,(derived): smoking at 42 codes 0 to 6,4.0,current:<1-9cig
smok42_2,(derived): smoking at 42 codes 0 to 6,5.0,current:10-20cig
smok42_2,(derived): smoking at 42 codes 0 to 6,6.0,current:>=20cig
sc42_1,(derived): social class at 42,10.0,professional
sc42_1,(derived): social class at 42,20.0,managerial-technical
sc42_1,(derived): social class at 42,31.0,skilled non-manual
sc42_1,(derived): social class at 42,32.0,skilled manual
sc42_1,(derived): social class at 42,40.0,partly skilled
sc42_1,(derived): social class at 42,50.0,unskilled
sc42_1,(derived): social class at 42,60.0, other/unknown
sc0_1,(derived): social class at birth,60.0, other/unknown
sc0_1,(derived): social class at birth,31.0,skilled non-manual
sc0_1,(derived): social class at birth,32.0,skilled manual
sc0_1,(derived): social class at birth,40.0,partly skilled
sc0_1,(derived): social class at birth,50.0,unskilled
sc0_1,(derived): social class at birth,10.0,professional
sc0_1,(derived): social class at birth,20.0,managerial-technical
reg0_58,(derived): region at birth (based on pre-1974 regions),0.0,northwestern
reg0_58,(derived): region at birth (based on pre-1974 regions),1.0,northern
reg0_58,(derived): region at birth (based on pre-1974 regions),2.0,east & west ridings
reg0_58,(derived): region at birth (based on pre-1974 regions),3.0,east midland
reg0_58,(derived): region at birth (based on pre-1974 regions),4.0,eastern
reg0_58,(derived): region at birth (based on pre-1974 regions),5.0,southeastern
reg0_58,(derived): region at birth (based on pre-1974 regions),6.0,southern
reg0_58,(derived): region at birth (based on pre-1974 regions),7.0,southwestern
reg0_58,(derived): region at birth (based on pre-1974 regions),8.0,wales
reg0_58,(derived): region at birth (based on pre-1974 regions),9.0,west midlands
reg0_58,(derived): region at birth (based on pre-1974 regions),10.0,scotland
reg0_58,(derived): region at birth (based on pre-1974 regions),11.0,greater london
reg46_58,(derived): region at age 46 (based on pre-1974 regions),0.0,northwestern
reg46_58,(derived): region at age 46 (based on pre-1974 regions),1.0,northern
reg46_58,(derived): region at age 46 (based on pre-1974 regions),2.0,east & west ridings
reg46_58,(derived): region at age 46 (based on pre-1974 regions),3.0,east midland
reg46_58,(derived): region at age 46 (based on pre-1974 regions),4.0,eastern
reg46_58,(derived): region at age 46 (based on pre-1974 regions),5.0,southeastern
reg46_58,(derived): region at age 46 (based on pre-1974 regions),6.0,southern
reg46_58,(derived): region at age 46 (based on pre-1974 regions),7.0,southwestern
reg46_58,(derived): region at age 46 (based on pre-1974 regions),8.0,wales
reg46_58,(derived): region at age 46 (based on pre-1974 regions),9.0,west midlands
reg46_58,(derived): region at age 46 (based on pre-1974 regions),10.0,scotland
reg46_58,(derived): region at age 46 (based on pre-1974 regions),11.0,greater london
reg46_04,(derived): region at age 46 (based on post-1974 regions),1.0,north
reg46_04,(derived): region at age 46 (based on post-1974 regions),2.0,yorks & humber
reg46_04,(derived): region at age 46 (based on post-1974 regions),3.0,east midlands
reg46_04,(derived): region at age 46 (based on post-1974 regions),4.0,east anglia
reg46_04,(derived): region at age 46 (based on post-1974 regions),5.0,south east
reg46_04,(derived): region at age 46 (based on post-1974 regions),6.0,south west
reg46_04,(derived): region at age 46 (based on post-1974 regions),7.0,west midlands
reg46_04,(derived): region at age 46 (based on post-1974 regions),8.0,north west
reg46_04,(derived): region at age 46 (based on post-1974 regions),9.0,scotland
reg46_04,(derived): region at age 46 (based on post-1974 regions),10.0,wales
reg46_04,(derived): region at age 46 (based on post-1974 regions),11.0,greater london
reg46_04,(derived): region at age 46 (based on post-1974 regions),12.0,channel islands
reg46_04,(derived): region at age 46 (based on post-1974 regions),13.0,isle of man
bresps0,(derived): final outcome code,-1.0,not applicable
bresps0,(derived): final outcome code,11.0,dress reheasal  - productive interview at original address
bresps0,(derived): final outcome code,46.0,dress reheasal  - refusal to telephone unit
bresps0,(derived): final outcome code,78.0,dress reheasal  - cohort members outside uk
bresps0,(derived): final outcome code,79.0,dress reheasal  - other reason for unproductive outcome
bresps0,(derived): final outcome code,110.0,productive interview at original address
bresps0,(derived): final outcome code,140.0,productive interview at new address
bresps0,(derived): final outcome code,210.0,partial productive interview at original address
bresps0,(derived): final outcome code,240.0,partial productive interview at new address
bresps0,(derived): final outcome code,310.0,no contact after 8 telephone calls
bresps0,(derived): final outcome code,340.0,no contact after 4 visits by ground tracer
bresps0,(derived): final outcome code,350.0,new address within n. ireland/channel islands
bresps0,(derived): final outcome code,410.0,refusal to office after advance letter
bresps0,(derived): final outcome code,430.0,refusal to nurse
bresps0,(derived): final outcome code,450.0,"broken appointment, could not be re-contacted"
bresps0,(derived): final outcome code,460.0,refusal to telephone unit
bresps0,(derived): final outcome code,470.0,proxy refusal
bresps0,(derived): final outcome code,480.0,refusal to ground tracer
bresps0,(derived): final outcome code,490.0,refusal to office after appointment made
bresps0,(derived): final outcome code,510.0,ill (at home during survey period)
bresps0,(derived): final outcome code,520.0,away in hospital/on holiday
bresps0,(derived): final outcome code,550.0,lost productive
bresps0,(derived): final outcome code,560.0,cohort member died
bresps0,(derived): final outcome code,650.0,complete refusal of information
bresps0,(derived): final outcome code,680.0,new address not known
bresps0,(derived): final outcome code,690.0,new address refused
bresps0,(derived): final outcome code,720.0,demolished/derelict address
bresps0,(derived): final outcome code,730.0,vacant/empty
bresps0,(derived): final outcome code,780.0,cohort members outside uk
bresps0,(derived): final outcome code,790.0,other reason for unproductive outcome
bresps0,(derived): final outcome code,791.0,cohort member has subsequently withdrawn data
bresps1,(derived): summary of cohort,101.0,productive
bresps1,(derived): summary of cohort,102.0,productive - dress rehearsal
bresps1,(derived): summary of cohort,103.0,"lost productive - some data, no capi"
bresps1,(derived): summary of cohort,201.0,issued but ineligible - dead
bresps1,(derived): summary of cohort,202.0,issued but ineligible - living outside gb
bresps1,(derived): summary of cohort,301.0,refused
bresps1,(derived): summary of cohort,302.0,data withdrawn after interview
bresps1,(derived): summary of cohort,401.0,invalid address
bresps1,(derived): summary of cohort,402.0,no contact made at address
bresps1,(derived): summary of cohort,403.0,moved to unknown address
bresps1,(derived): summary of cohort,404.0,unavailable for interview
bresps1,(derived): summary of cohort,405.0,other reason for no interview
bresps1,(derived): summary of cohort,501.0,ineligible: dead
bresps1,(derived): summary of cohort,502.0,ineligible - living outside gb
bresps1,(derived): summary of cohort,601.0,permanent refusals
bresps1,(derived): summary of cohort,901.0,ncds6 by proxy
bresps1,(derived): summary of cohort,902.0,not issued for another reason
bresps1,(derived): summary of cohort,903.0,not in sample data base
bresps2,(derived): ncds biomedical response - all cohort,7.0,no data other (no contact later)
bresps2,(derived): ncds biomedical response - all cohort,8.0,not issued
bresps2,(derived): ncds biomedical response - all cohort,9.0,not in sample database
bresps2,(derived): ncds biomedical response - all cohort,1.0,some data
bresps2,(derived): ncds biomedical response - all cohort,2.0,no data (dead)
bresps2,(derived): ncds biomedical response - all cohort,3.0,no data (temporary emigrant)
bresps2,(derived): ncds biomedical response - all cohort,4.0,no data (permanent emigrant)
bresps2,(derived): ncds biomedical response - all cohort,5.0,no data (refusal)
bresps2,(derived): ncds biomedical response - all cohort,6.0,no data other (contact later)
v3,None,,
avail_from_dt,,,
