variable_name,variable_label,value_value,value_label
study_id_e,,,
n9dchid,sortkey: children who died record index,,
n9dchsex,Child's sex,-9.0,Refused
n9dchsex,Child's sex,-8.0,Don't know
n9dchsex,Child's sex,-1.0,Not applicable
n9dchsex,Child's sex,1.0,Male
n9dchsex,Child's sex,2.0,Female
n9dchdbm,Child's DOB Month,-998.0,na
n9dchdbm,Child's DOB Month,-9.0,Refused
n9dchdbm,Child's DOB Month,-8.0,Don't know
n9dchdbm,Child's DOB Month,-7.0,Answer not given
n9dchdbm,Child's DOB Month,-1.0,Not applicable
n9dchdbm,Child's DOB Month,1.0,January
n9dchdbm,Child's DOB Month,2.0,February
n9dchdbm,Child's DOB Month,3.0,March
n9dchdbm,Child's DOB Month,4.0,April
n9dchdbm,Child's DOB Month,5.0,May
n9dchdbm,Child's DOB Month,6.0,June
n9dchdbm,Child's DOB Month,7.0,July
n9dchdbm,Child's DOB Month,8.0,August
n9dchdbm,Child's DOB Month,9.0,September
n9dchdbm,Child's DOB Month,10.0,October
n9dchdbm,Child's DOB Month,11.0,November
n9dchdbm,Child's DOB Month,12.0,December
n9dchdby,Child's DOB Year,-998.0,na
n9dchdby,Child's DOB Year,-9.0,Refused
n9dchdby,Child's DOB Year,-8.0,Don't know
n9dchdby,Child's DOB Year,-1.0,Not applicable
n9dchrel,Child's relationship to CM,-9.0,Refused
n9dchrel,Child's relationship to CM,-8.0,Don't know
n9dchrel,Child's relationship to CM,-1.0,Not applicable
n9dchrel,Child's relationship to CM,1.0,Your own child
n9dchrel,Child's relationship to CM,2.0,Adopted child
n9dchrel,Child's relationship to CM,3.0,Child of current or previous partner
n9dchrel,Child's relationship to CM,4.0,Child of previous spouse/partner
n9dchrel,Child's relationship to CM,5.0,Fostered child
n9dchrel,Child's relationship to CM,6.0,{spon}Other
n9dchdm,When child died MONTH,-9.0,Refused
n9dchdm,When child died MONTH,-8.0,Don't know
n9dchdm,When child died MONTH,-1.0,Not applicable
n9dchdm,When child died MONTH,1.0,January
n9dchdm,When child died MONTH,2.0,February
n9dchdm,When child died MONTH,3.0,March
n9dchdm,When child died MONTH,4.0,April
n9dchdm,When child died MONTH,5.0,May
n9dchdm,When child died MONTH,6.0,June
n9dchdm,When child died MONTH,7.0,July
n9dchdm,When child died MONTH,8.0,August
n9dchdm,When child died MONTH,9.0,September
n9dchdm,When child died MONTH,10.0,October
n9dchdm,When child died MONTH,11.0,November
n9dchdm,When child died MONTH,12.0,December
n9dchdy,When child died YEAR,-9.0,Refused
n9dchdy,When child died YEAR,-8.0,Don't know
n9dchdy,When child died YEAR,-1.0,Not applicable
v3,None,,
avail_from_dt,,,
