variable_name,variable_label,value_value,value_label
study_id_e,,,
timestamp,,,
id_chk,,,
gen2,,,
gen2b,,,
gen3,,,
gen5,,,
gen6,,,
gen7,,,
sm1,,,
sm2,,,
sm3,,,
sm6_1,"What type of tobacco do you smoke? 
 :  Manufactured cigarettes with filters ",1.0,True
sm6_1,"What type of tobacco do you smoke? 
 :  Manufactured cigarettes with filters ",0.0,False
sm6_2,"What type of tobacco do you smoke? 
 :  Manufactured cigarettes without filters ",1.0,True
sm6_2,"What type of tobacco do you smoke? 
 :  Manufactured cigarettes without filters ",0.0,False
sm6_3,"What type of tobacco do you smoke? 
 :  Hand-rolled cigarettes ",1.0,True
sm6_3,"What type of tobacco do you smoke? 
 :  Hand-rolled cigarettes ",0.0,False
sm6_4,"What type of tobacco do you smoke? 
 :  Shisha (waterpipe) ",1.0,True
sm6_4,"What type of tobacco do you smoke? 
 :  Shisha (waterpipe) ",0.0,False
sm6_5,"What type of tobacco do you smoke? 
 :  Cigars/Cigarillos ",1.0,True
sm6_5,"What type of tobacco do you smoke? 
 :  Cigars/Cigarillos ",0.0,False
sm6_6,"What type of tobacco do you smoke? 
 :  Pipe ",1.0,True
sm6_6,"What type of tobacco do you smoke? 
 :  Pipe ",0.0,False
sm6_7,"What type of tobacco do you smoke? 
 :  Other ",1.0,True
sm6_7,"What type of tobacco do you smoke? 
 :  Other ",0.0,False
sm6_8,"What type of tobacco do you smoke? 
 :  Prefer not to answer",1.0,True
sm6_8,"What type of tobacco do you smoke? 
 :  Prefer not to answer",0.0,False
sm7,,,
sm10b,,,
sm10f,,,
sm11,,,
sm12,,,
sm14,,,
sm15,,,
sm16,,,
sm19_1,What method did you use to stop smoking when you stopped for more than 6 months? :  Nicotine replacement therapy ,1.0,True
sm19_1,What method did you use to stop smoking when you stopped for more than 6 months? :  Nicotine replacement therapy ,0.0,False
sm19_2,What method did you use to stop smoking when you stopped for more than 6 months? :  Bupropion Hydrochloride (Zyban) ,1.0,True
sm19_2,What method did you use to stop smoking when you stopped for more than 6 months? :  Bupropion Hydrochloride (Zyban) ,0.0,False
sm19_3,What method did you use to stop smoking when you stopped for more than 6 months? :  Varenicline (Champix) ,1.0,True
sm19_3,What method did you use to stop smoking when you stopped for more than 6 months? :  Varenicline (Champix) ,0.0,False
sm19_4,What method did you use to stop smoking when you stopped for more than 6 months? :  Other ,1.0,True
sm19_4,What method did you use to stop smoking when you stopped for more than 6 months? :  Other ,0.0,False
sm19_5,What method did you use to stop smoking when you stopped for more than 6 months? :  None ,1.0,True
sm19_5,What method did you use to stop smoking when you stopped for more than 6 months? :  None ,0.0,False
sm19_6,What method did you use to stop smoking when you stopped for more than 6 months? :  Do not know ,1.0,True
sm19_6,What method did you use to stop smoking when you stopped for more than 6 months? :  Do not know ,0.0,False
sm19_7,What method did you use to stop smoking when you stopped for more than 6 months? :  Prefer not to answer,1.0,True
sm19_7,What method did you use to stop smoking when you stopped for more than 6 months? :  Prefer not to answer,0.0,False
sm20_1,"Which of the following nicotine replacement therapy products have you used? 

 :  Nicopass lozenges ",1.0,True
sm20_1,"Which of the following nicotine replacement therapy products have you used? 

 :  Nicopass lozenges ",0.0,False
sm20_2,"Which of the following nicotine replacement therapy products have you used? 

 :  Nicopatch ",1.0,True
sm20_2,"Which of the following nicotine replacement therapy products have you used? 

 :  Nicopatch ",0.0,False
sm20_3,"Which of the following nicotine replacement therapy products have you used? 

 :  Nicorette gum ",1.0,True
sm20_3,"Which of the following nicotine replacement therapy products have you used? 

 :  Nicorette gum ",0.0,False
sm20_4,"Which of the following nicotine replacement therapy products have you used? 

 :  Nicorette inhalator ",1.0,True
sm20_4,"Which of the following nicotine replacement therapy products have you used? 

 :  Nicorette inhalator ",0.0,False
sm20_5,"Which of the following nicotine replacement therapy products have you used? 

 :  Nicorette microtab ",1.0,True
sm20_5,"Which of the following nicotine replacement therapy products have you used? 

 :  Nicorette microtab ",0.0,False
sm20_6,"Which of the following nicotine replacement therapy products have you used? 

 :  Nicorette nasal spray ",1.0,True
sm20_6,"Which of the following nicotine replacement therapy products have you used? 

 :  Nicorette nasal spray ",0.0,False
sm20_7,"Which of the following nicotine replacement therapy products have you used? 

 :  Nicorette patches ",1.0,True
sm20_7,"Which of the following nicotine replacement therapy products have you used? 

 :  Nicorette patches ",0.0,False
sm20_8,"Which of the following nicotine replacement therapy products have you used? 

 :  Nicorette quickmist mouthspray ",1.0,True
sm20_8,"Which of the following nicotine replacement therapy products have you used? 

 :  Nicorette quickmist mouthspray ",0.0,False
sm20_9,"Which of the following nicotine replacement therapy products have you used? 

 :  Nicotinell gum ",1.0,True
sm20_9,"Which of the following nicotine replacement therapy products have you used? 

 :  Nicotinell gum ",0.0,False
sm20_10,"Which of the following nicotine replacement therapy products have you used? 

 :  Nicotinell lozenges ",1.0,True
sm20_10,"Which of the following nicotine replacement therapy products have you used? 

 :  Nicotinell lozenges ",0.0,False
sm20_11,"Which of the following nicotine replacement therapy products have you used? 

 :  Nicotinell patches ",1.0,True
sm20_11,"Which of the following nicotine replacement therapy products have you used? 

 :  Nicotinell patches ",0.0,False
sm20_12,"Which of the following nicotine replacement therapy products have you used? 

 :  NiQuitin gum ",1.0,True
sm20_12,"Which of the following nicotine replacement therapy products have you used? 

 :  NiQuitin gum ",0.0,False
sm20_13,"Which of the following nicotine replacement therapy products have you used? 

 :  NiQuitin lozenges ",1.0,True
sm20_13,"Which of the following nicotine replacement therapy products have you used? 

 :  NiQuitin lozenges ",0.0,False
sm20_14,"Which of the following nicotine replacement therapy products have you used? 

 :  NiQuitin patches ",1.0,True
sm20_14,"Which of the following nicotine replacement therapy products have you used? 

 :  NiQuitin patches ",0.0,False
sm20_15,"Which of the following nicotine replacement therapy products have you used? 

 :  NicAssist gum ",1.0,True
sm20_15,"Which of the following nicotine replacement therapy products have you used? 

 :  NicAssist gum ",0.0,False
sm20_16,"Which of the following nicotine replacement therapy products have you used? 

 :  NicAssist ",1.0,True
sm20_16,"Which of the following nicotine replacement therapy products have you used? 

 :  NicAssist ",0.0,False
sm20_17,"Which of the following nicotine replacement therapy products have you used? 

 :  Translucent patches ",1.0,True
sm20_17,"Which of the following nicotine replacement therapy products have you used? 

 :  Translucent patches ",0.0,False
sm20_18,"Which of the following nicotine replacement therapy products have you used? 

 :  Invisi patches ",1.0,True
sm20_18,"Which of the following nicotine replacement therapy products have you used? 

 :  Invisi patches ",0.0,False
sm20_19,"Which of the following nicotine replacement therapy products have you used? 

 :  TTS patches Inhalators ",1.0,True
sm20_19,"Which of the following nicotine replacement therapy products have you used? 

 :  TTS patches Inhalators ",0.0,False
sm20_20,"Which of the following nicotine replacement therapy products have you used? 

 :  Other",1.0,True
sm20_20,"Which of the following nicotine replacement therapy products have you used? 

 :  Other",0.0,False
sm21,,,
sm22,,,
sm24_1,"What type of tobacco did you smoke? 
 :  Manufactured cigarettes with filters ",1.0,True
sm24_1,"What type of tobacco did you smoke? 
 :  Manufactured cigarettes with filters ",0.0,False
sm24_2,"What type of tobacco did you smoke? 
 :  Manufactured cigarettes without filters ",1.0,True
sm24_2,"What type of tobacco did you smoke? 
 :  Manufactured cigarettes without filters ",0.0,False
sm24_3,"What type of tobacco did you smoke? 
 :  Hand-rolled cigarettes ",1.0,True
sm24_3,"What type of tobacco did you smoke? 
 :  Hand-rolled cigarettes ",0.0,False
sm24_4,"What type of tobacco did you smoke? 
 :  Shisha (waterpipe) ",1.0,True
sm24_4,"What type of tobacco did you smoke? 
 :  Shisha (waterpipe) ",0.0,False
sm24_5,"What type of tobacco did you smoke? 
 :  Cigars/Cigarillos ",1.0,True
sm24_5,"What type of tobacco did you smoke? 
 :  Cigars/Cigarillos ",0.0,False
sm24_6,"What type of tobacco did you smoke? 
 :  Pipe ",1.0,True
sm24_6,"What type of tobacco did you smoke? 
 :  Pipe ",0.0,False
sm24_7,"What type of tobacco did you smoke? 
 :  None of the above ",1.0,True
sm24_7,"What type of tobacco did you smoke? 
 :  None of the above ",0.0,False
sm24_8,"What type of tobacco did you smoke? 
 :  Prefer not to answer",1.0,True
sm24_8,"What type of tobacco did you smoke? 
 :  Prefer not to answer",0.0,False
sm25,,,
sm28b,,,
sm28f,,,
sm29,,,
sm30,,,
sm32,,,
sm34,,,
sm35_1,What method did you use to stop smoking? :  Nicotine replacement therapy ,1.0,True
sm35_1,What method did you use to stop smoking? :  Nicotine replacement therapy ,0.0,False
sm35_2,What method did you use to stop smoking? :  Bupropion Hydrochloride (Zyban) ,1.0,True
sm35_2,What method did you use to stop smoking? :  Bupropion Hydrochloride (Zyban) ,0.0,False
sm35_3,What method did you use to stop smoking? :  Varenicline (Champix) ,1.0,True
sm35_3,What method did you use to stop smoking? :  Varenicline (Champix) ,0.0,False
sm35_4,What method did you use to stop smoking? :  Other ,1.0,True
sm35_4,What method did you use to stop smoking? :  Other ,0.0,False
sm35_5,What method did you use to stop smoking? :  None ,1.0,True
sm35_5,What method did you use to stop smoking? :  None ,0.0,False
sm35_6,What method did you use to stop smoking? :  Do not know ,1.0,True
sm35_6,What method did you use to stop smoking? :  Do not know ,0.0,False
sm35_7,What method did you use to stop smoking? :  Prefer not to answer,1.0,True
sm35_7,What method did you use to stop smoking? :  Prefer not to answer,0.0,False
sm36_1,"Which of the following nicotine replacement therapy products have you used? 

 :  Nicopass lozenges ",1.0,True
sm36_1,"Which of the following nicotine replacement therapy products have you used? 

 :  Nicopass lozenges ",0.0,False
sm36_2,"Which of the following nicotine replacement therapy products have you used? 

 :  Nicopatch ",1.0,True
sm36_2,"Which of the following nicotine replacement therapy products have you used? 

 :  Nicopatch ",0.0,False
sm36_3,"Which of the following nicotine replacement therapy products have you used? 

 :  Nicorette gum ",1.0,True
sm36_3,"Which of the following nicotine replacement therapy products have you used? 

 :  Nicorette gum ",0.0,False
sm36_4,"Which of the following nicotine replacement therapy products have you used? 

 :  Nicorette inhalator ",1.0,True
sm36_4,"Which of the following nicotine replacement therapy products have you used? 

 :  Nicorette inhalator ",0.0,False
sm36_5,"Which of the following nicotine replacement therapy products have you used? 

 :  Nicorette microtab ",1.0,True
sm36_5,"Which of the following nicotine replacement therapy products have you used? 

 :  Nicorette microtab ",0.0,False
sm36_6,"Which of the following nicotine replacement therapy products have you used? 

 :  Nicorette nasal spray ",1.0,True
sm36_6,"Which of the following nicotine replacement therapy products have you used? 

 :  Nicorette nasal spray ",0.0,False
sm36_7,"Which of the following nicotine replacement therapy products have you used? 

 :  Nicorette patches ",1.0,True
sm36_7,"Which of the following nicotine replacement therapy products have you used? 

 :  Nicorette patches ",0.0,False
sm36_8,"Which of the following nicotine replacement therapy products have you used? 

 :  Nicorette quickmist mouthspray ",1.0,True
sm36_8,"Which of the following nicotine replacement therapy products have you used? 

 :  Nicorette quickmist mouthspray ",0.0,False
sm36_9,"Which of the following nicotine replacement therapy products have you used? 

 :  Nicotinell gum ",1.0,True
sm36_9,"Which of the following nicotine replacement therapy products have you used? 

 :  Nicotinell gum ",0.0,False
sm36_10,"Which of the following nicotine replacement therapy products have you used? 

 :  Nicotinell lozenges ",1.0,True
sm36_10,"Which of the following nicotine replacement therapy products have you used? 

 :  Nicotinell lozenges ",0.0,False
sm36_11,"Which of the following nicotine replacement therapy products have you used? 

 :  Nicotinell patches ",1.0,True
sm36_11,"Which of the following nicotine replacement therapy products have you used? 

 :  Nicotinell patches ",0.0,False
sm36_12,"Which of the following nicotine replacement therapy products have you used? 

 :  NiQuitin gum ",1.0,True
sm36_12,"Which of the following nicotine replacement therapy products have you used? 

 :  NiQuitin gum ",0.0,False
sm36_13,"Which of the following nicotine replacement therapy products have you used? 

 :  NiQuitin lozenges ",1.0,True
sm36_13,"Which of the following nicotine replacement therapy products have you used? 

 :  NiQuitin lozenges ",0.0,False
sm36_14,"Which of the following nicotine replacement therapy products have you used? 

 :  NiQuitin patches ",1.0,True
sm36_14,"Which of the following nicotine replacement therapy products have you used? 

 :  NiQuitin patches ",0.0,False
sm36_15,"Which of the following nicotine replacement therapy products have you used? 

 :  NicAssist gum ",1.0,True
sm36_15,"Which of the following nicotine replacement therapy products have you used? 

 :  NicAssist gum ",0.0,False
sm36_16,"Which of the following nicotine replacement therapy products have you used? 

 :  NicAssist ",1.0,True
sm36_16,"Which of the following nicotine replacement therapy products have you used? 

 :  NicAssist ",0.0,False
sm36_17,"Which of the following nicotine replacement therapy products have you used? 

 :  Translucent patches ",1.0,True
sm36_17,"Which of the following nicotine replacement therapy products have you used? 

 :  Translucent patches ",0.0,False
sm36_18,"Which of the following nicotine replacement therapy products have you used? 

 :  Invisi patches ",1.0,True
sm36_18,"Which of the following nicotine replacement therapy products have you used? 

 :  Invisi patches ",0.0,False
sm36_19,"Which of the following nicotine replacement therapy products have you used? 

 :  TTS patches Inhalators ",1.0,True
sm36_19,"Which of the following nicotine replacement therapy products have you used? 

 :  TTS patches Inhalators ",0.0,False
sm36_20,"Which of the following nicotine replacement therapy products have you used? 

 :  Other",1.0,True
sm36_20,"Which of the following nicotine replacement therapy products have you used? 

 :  Other",0.0,False
sm38,,,
sm40_1,What method did you use to stop smoking before you were successful? :  Nicotine replacement therapy ,1.0,True
sm40_1,What method did you use to stop smoking before you were successful? :  Nicotine replacement therapy ,0.0,False
sm40_2,What method did you use to stop smoking before you were successful? :  Bupropion Hydrochloride (Zyban) ,1.0,True
sm40_2,What method did you use to stop smoking before you were successful? :  Bupropion Hydrochloride (Zyban) ,0.0,False
sm40_3,What method did you use to stop smoking before you were successful? :  Varenicline (Champix) ,1.0,True
sm40_3,What method did you use to stop smoking before you were successful? :  Varenicline (Champix) ,0.0,False
sm40_4,What method did you use to stop smoking before you were successful? :  Other ,1.0,True
sm40_4,What method did you use to stop smoking before you were successful? :  Other ,0.0,False
sm40_5,What method did you use to stop smoking before you were successful? :  None ,1.0,True
sm40_5,What method did you use to stop smoking before you were successful? :  None ,0.0,False
sm40_6,What method did you use to stop smoking before you were successful? :  Do not know ,1.0,True
sm40_6,What method did you use to stop smoking before you were successful? :  Do not know ,0.0,False
sm40_7,What method did you use to stop smoking before you were successful? :  Prefer not to answer,1.0,True
sm40_7,What method did you use to stop smoking before you were successful? :  Prefer not to answer,0.0,False
sm41_1,"Which of the following nicotine replacement therapy products did you use? 

 :  Nicopass lozenges ",1.0,True
sm41_1,"Which of the following nicotine replacement therapy products did you use? 

 :  Nicopass lozenges ",0.0,False
sm41_2,"Which of the following nicotine replacement therapy products did you use? 

 :  Nicopatch ",1.0,True
sm41_2,"Which of the following nicotine replacement therapy products did you use? 

 :  Nicopatch ",0.0,False
sm41_3,"Which of the following nicotine replacement therapy products did you use? 

 :  Nicorette gum ",1.0,True
sm41_3,"Which of the following nicotine replacement therapy products did you use? 

 :  Nicorette gum ",0.0,False
sm41_4,"Which of the following nicotine replacement therapy products did you use? 

 :  Nicorette inhalator ",1.0,True
sm41_4,"Which of the following nicotine replacement therapy products did you use? 

 :  Nicorette inhalator ",0.0,False
sm41_5,"Which of the following nicotine replacement therapy products did you use? 

 :  Nicorette microtab ",1.0,True
sm41_5,"Which of the following nicotine replacement therapy products did you use? 

 :  Nicorette microtab ",0.0,False
sm41_6,"Which of the following nicotine replacement therapy products did you use? 

 :  Nicorette nasal spray ",1.0,True
sm41_6,"Which of the following nicotine replacement therapy products did you use? 

 :  Nicorette nasal spray ",0.0,False
sm41_7,"Which of the following nicotine replacement therapy products did you use? 

 :  Nicorette patches ",1.0,True
sm41_7,"Which of the following nicotine replacement therapy products did you use? 

 :  Nicorette patches ",0.0,False
sm41_8,"Which of the following nicotine replacement therapy products did you use? 

 :  Nicorette quickmist mouthspray ",1.0,True
sm41_8,"Which of the following nicotine replacement therapy products did you use? 

 :  Nicorette quickmist mouthspray ",0.0,False
sm41_9,"Which of the following nicotine replacement therapy products did you use? 

 :  Nicotinell gum ",1.0,True
sm41_9,"Which of the following nicotine replacement therapy products did you use? 

 :  Nicotinell gum ",0.0,False
sm41_10,"Which of the following nicotine replacement therapy products did you use? 

 :  Nicotinell lozenges ",1.0,True
sm41_10,"Which of the following nicotine replacement therapy products did you use? 

 :  Nicotinell lozenges ",0.0,False
sm41_11,"Which of the following nicotine replacement therapy products did you use? 

 :  Nicotinell patches ",1.0,True
sm41_11,"Which of the following nicotine replacement therapy products did you use? 

 :  Nicotinell patches ",0.0,False
sm41_12,"Which of the following nicotine replacement therapy products did you use? 

 :  NiQuitin gum ",1.0,True
sm41_12,"Which of the following nicotine replacement therapy products did you use? 

 :  NiQuitin gum ",0.0,False
sm41_13,"Which of the following nicotine replacement therapy products did you use? 

 :  NiQuitin lozenges ",1.0,True
sm41_13,"Which of the following nicotine replacement therapy products did you use? 

 :  NiQuitin lozenges ",0.0,False
sm41_14,"Which of the following nicotine replacement therapy products did you use? 

 :  NiQuitin patches ",1.0,True
sm41_14,"Which of the following nicotine replacement therapy products did you use? 

 :  NiQuitin patches ",0.0,False
sm41_15,"Which of the following nicotine replacement therapy products did you use? 

 :  NicAssist gum ",1.0,True
sm41_15,"Which of the following nicotine replacement therapy products did you use? 

 :  NicAssist gum ",0.0,False
sm41_16,"Which of the following nicotine replacement therapy products did you use? 

 :  NicAssist ",1.0,True
sm41_16,"Which of the following nicotine replacement therapy products did you use? 

 :  NicAssist ",0.0,False
sm41_17,"Which of the following nicotine replacement therapy products did you use? 

 :  Translucent patches ",1.0,True
sm41_17,"Which of the following nicotine replacement therapy products did you use? 

 :  Translucent patches ",0.0,False
sm41_18,"Which of the following nicotine replacement therapy products did you use? 

 :  Invisi patches ",1.0,True
sm41_18,"Which of the following nicotine replacement therapy products did you use? 

 :  Invisi patches ",0.0,False
sm41_19,"Which of the following nicotine replacement therapy products did you use? 

 :  TTS patches Inhalators ",1.0,True
sm41_19,"Which of the following nicotine replacement therapy products did you use? 

 :  TTS patches Inhalators ",0.0,False
sm41_20,"Which of the following nicotine replacement therapy products did you use? 

 :  Other",1.0,True
sm41_20,"Which of the following nicotine replacement therapy products did you use? 

 :  Other",0.0,False
sm42,,,
sm43,,,
sm44,,,
sm46,,,
sm48,,,
sm47,,,
sm50,,,
alc1,,,
alc2,,,
alc9,,,
walc10_1,"Wine including red, white and rose :  Monday ",1.0,True
walc10_1,"Wine including red, white and rose :  Monday ",0.0,False
walc10_2,"Wine including red, white and rose :  Tuesday ",1.0,True
walc10_2,"Wine including red, white and rose :  Tuesday ",0.0,False
walc10_3,"Wine including red, white and rose :  Wednesday ",1.0,True
walc10_3,"Wine including red, white and rose :  Wednesday ",0.0,False
walc10_4,"Wine including red, white and rose :  Thursday ",1.0,True
walc10_4,"Wine including red, white and rose :  Thursday ",0.0,False
walc10_5,"Wine including red, white and rose :  Friday ",1.0,True
walc10_5,"Wine including red, white and rose :  Friday ",0.0,False
walc10_6,"Wine including red, white and rose :  Saturday ",1.0,True
walc10_6,"Wine including red, white and rose :  Saturday ",0.0,False
walc10_7,"Wine including red, white and rose :  Sunday",1.0,True
walc10_7,"Wine including red, white and rose :  Sunday",0.0,False
fwalc10_1,"Fortified wine such as sherry, port, vermouth :  Monday ",1.0,True
fwalc10_1,"Fortified wine such as sherry, port, vermouth :  Monday ",0.0,False
fwalc10_2,"Fortified wine such as sherry, port, vermouth :  Tuesday ",1.0,True
fwalc10_2,"Fortified wine such as sherry, port, vermouth :  Tuesday ",0.0,False
fwalc10_3,"Fortified wine such as sherry, port, vermouth :  Wednesday ",1.0,True
fwalc10_3,"Fortified wine such as sherry, port, vermouth :  Wednesday ",0.0,False
fwalc10_4,"Fortified wine such as sherry, port, vermouth :  Thursday ",1.0,True
fwalc10_4,"Fortified wine such as sherry, port, vermouth :  Thursday ",0.0,False
fwalc10_5,"Fortified wine such as sherry, port, vermouth :  Friday ",1.0,True
fwalc10_5,"Fortified wine such as sherry, port, vermouth :  Friday ",0.0,False
fwalc10_6,"Fortified wine such as sherry, port, vermouth :  Saturday ",1.0,True
fwalc10_6,"Fortified wine such as sherry, port, vermouth :  Saturday ",0.0,False
fwalc10_7,"Fortified wine such as sherry, port, vermouth :  Sunday",1.0,True
fwalc10_7,"Fortified wine such as sherry, port, vermouth :  Sunday",0.0,False
salc10_1,"Spirits or liqueurs such as whisky, gin, rum, vodka, brandy :  Monday ",1.0,True
salc10_1,"Spirits or liqueurs such as whisky, gin, rum, vodka, brandy :  Monday ",0.0,False
salc10_2,"Spirits or liqueurs such as whisky, gin, rum, vodka, brandy :  Tuesday ",1.0,True
salc10_2,"Spirits or liqueurs such as whisky, gin, rum, vodka, brandy :  Tuesday ",0.0,False
salc10_3,"Spirits or liqueurs such as whisky, gin, rum, vodka, brandy :  Wednesday ",1.0,True
salc10_3,"Spirits or liqueurs such as whisky, gin, rum, vodka, brandy :  Wednesday ",0.0,False
salc10_4,"Spirits or liqueurs such as whisky, gin, rum, vodka, brandy :  Thursday ",1.0,True
salc10_4,"Spirits or liqueurs such as whisky, gin, rum, vodka, brandy :  Thursday ",0.0,False
salc10_5,"Spirits or liqueurs such as whisky, gin, rum, vodka, brandy :  Friday ",1.0,True
salc10_5,"Spirits or liqueurs such as whisky, gin, rum, vodka, brandy :  Friday ",0.0,False
salc10_6,"Spirits or liqueurs such as whisky, gin, rum, vodka, brandy :  Saturday ",1.0,True
salc10_6,"Spirits or liqueurs such as whisky, gin, rum, vodka, brandy :  Saturday ",0.0,False
salc10_7,"Spirits or liqueurs such as whisky, gin, rum, vodka, brandy :  Sunday",1.0,True
salc10_7,"Spirits or liqueurs such as whisky, gin, rum, vodka, brandy :  Sunday",0.0,False
balc10_1,"Beer or cider such as bitter, lager, stout, ale, Guinness :  Monday ",1.0,True
balc10_1,"Beer or cider such as bitter, lager, stout, ale, Guinness :  Monday ",0.0,False
balc10_2,"Beer or cider such as bitter, lager, stout, ale, Guinness :  Tuesday ",1.0,True
balc10_2,"Beer or cider such as bitter, lager, stout, ale, Guinness :  Tuesday ",0.0,False
balc10_3,"Beer or cider such as bitter, lager, stout, ale, Guinness :  Wednesday ",1.0,True
balc10_3,"Beer or cider such as bitter, lager, stout, ale, Guinness :  Wednesday ",0.0,False
balc10_4,"Beer or cider such as bitter, lager, stout, ale, Guinness :  Thursday ",1.0,True
balc10_4,"Beer or cider such as bitter, lager, stout, ale, Guinness :  Thursday ",0.0,False
balc10_5,"Beer or cider such as bitter, lager, stout, ale, Guinness :  Friday ",1.0,True
balc10_5,"Beer or cider such as bitter, lager, stout, ale, Guinness :  Friday ",0.0,False
balc10_6,"Beer or cider such as bitter, lager, stout, ale, Guinness :  Saturday ",1.0,True
balc10_6,"Beer or cider such as bitter, lager, stout, ale, Guinness :  Saturday ",0.0,False
balc10_7,"Beer or cider such as bitter, lager, stout, ale, Guinness :  Sunday",1.0,True
balc10_7,"Beer or cider such as bitter, lager, stout, ale, Guinness :  Sunday",0.0,False
oalc10_1,Other alcoholic drinks such as alcopops :  Monday ,1.0,True
oalc10_1,Other alcoholic drinks such as alcopops :  Monday ,0.0,False
oalc10_2,Other alcoholic drinks such as alcopops :  Tuesday ,1.0,True
oalc10_2,Other alcoholic drinks such as alcopops :  Tuesday ,0.0,False
oalc10_3,Other alcoholic drinks such as alcopops :  Wednesday ,1.0,True
oalc10_3,Other alcoholic drinks such as alcopops :  Wednesday ,0.0,False
oalc10_4,Other alcoholic drinks such as alcopops :  Thursday ,1.0,True
oalc10_4,Other alcoholic drinks such as alcopops :  Thursday ,0.0,False
oalc10_5,Other alcoholic drinks such as alcopops :  Friday ,1.0,True
oalc10_5,Other alcoholic drinks such as alcopops :  Friday ,0.0,False
oalc10_6,Other alcoholic drinks such as alcopops :  Saturday ,1.0,True
oalc10_6,Other alcoholic drinks such as alcopops :  Saturday ,0.0,False
oalc10_7,Other alcoholic drinks such as alcopops :  Sunday,1.0,True
oalc10_7,Other alcoholic drinks such as alcopops :  Sunday,0.0,False
o2alc10_1,Other alcoholic drinks :  Monday ,1.0,True
o2alc10_1,Other alcoholic drinks :  Monday ,0.0,False
o2alc10_2,Other alcoholic drinks :  Tuesday ,1.0,True
o2alc10_2,Other alcoholic drinks :  Tuesday ,0.0,False
o2alc10_3,Other alcoholic drinks :  Wednesday ,1.0,True
o2alc10_3,Other alcoholic drinks :  Wednesday ,0.0,False
o2alc10_4,Other alcoholic drinks :  Thursday ,1.0,True
o2alc10_4,Other alcoholic drinks :  Thursday ,0.0,False
o2alc10_5,Other alcoholic drinks :  Friday ,1.0,True
o2alc10_5,Other alcoholic drinks :  Friday ,0.0,False
o2alc10_6,Other alcoholic drinks :  Saturday ,1.0,True
o2alc10_6,Other alcoholic drinks :  Saturday ,0.0,False
o2alc10_7,Other alcoholic drinks :  Sunday,1.0,True
o2alc10_7,Other alcoholic drinks :  Sunday,0.0,False
alc11,,,
walc11_1,"Wine including red, white and rose :  Monday ",1.0,True
walc11_1,"Wine including red, white and rose :  Monday ",0.0,False
walc11_2,"Wine including red, white and rose :  Tuesday ",1.0,True
walc11_2,"Wine including red, white and rose :  Tuesday ",0.0,False
walc11_3,"Wine including red, white and rose :  Wednesday ",1.0,True
walc11_3,"Wine including red, white and rose :  Wednesday ",0.0,False
walc11_4,"Wine including red, white and rose :  Thursday ",1.0,True
walc11_4,"Wine including red, white and rose :  Thursday ",0.0,False
walc11_5,"Wine including red, white and rose :  Friday ",1.0,True
walc11_5,"Wine including red, white and rose :  Friday ",0.0,False
walc11_6,"Wine including red, white and rose :  Saturday ",1.0,True
walc11_6,"Wine including red, white and rose :  Saturday ",0.0,False
walc11_7,"Wine including red, white and rose :  Sunday",1.0,True
walc11_7,"Wine including red, white and rose :  Sunday",0.0,False
fwalc11_1,"Fortified wine such as sherry, port, vermouth :  Monday ",1.0,True
fwalc11_1,"Fortified wine such as sherry, port, vermouth :  Monday ",0.0,False
fwalc11_2,"Fortified wine such as sherry, port, vermouth :  Tuesday ",1.0,True
fwalc11_2,"Fortified wine such as sherry, port, vermouth :  Tuesday ",0.0,False
fwalc11_3,"Fortified wine such as sherry, port, vermouth :  Wednesday ",1.0,True
fwalc11_3,"Fortified wine such as sherry, port, vermouth :  Wednesday ",0.0,False
fwalc11_4,"Fortified wine such as sherry, port, vermouth :  Thursday ",1.0,True
fwalc11_4,"Fortified wine such as sherry, port, vermouth :  Thursday ",0.0,False
fwalc11_5,"Fortified wine such as sherry, port, vermouth :  Friday ",1.0,True
fwalc11_5,"Fortified wine such as sherry, port, vermouth :  Friday ",0.0,False
fwalc11_6,"Fortified wine such as sherry, port, vermouth :  Saturday ",1.0,True
fwalc11_6,"Fortified wine such as sherry, port, vermouth :  Saturday ",0.0,False
fwalc11_7,"Fortified wine such as sherry, port, vermouth :  Sunday",1.0,True
fwalc11_7,"Fortified wine such as sherry, port, vermouth :  Sunday",0.0,False
salc11_1,"Spirits or liqueurs such as whisky, gin, rum, vodka, brandy :  Monday ",1.0,True
salc11_1,"Spirits or liqueurs such as whisky, gin, rum, vodka, brandy :  Monday ",0.0,False
salc11_2,"Spirits or liqueurs such as whisky, gin, rum, vodka, brandy :  Tuesday ",1.0,True
salc11_2,"Spirits or liqueurs such as whisky, gin, rum, vodka, brandy :  Tuesday ",0.0,False
salc11_3,"Spirits or liqueurs such as whisky, gin, rum, vodka, brandy :  Wednesday ",1.0,True
salc11_3,"Spirits or liqueurs such as whisky, gin, rum, vodka, brandy :  Wednesday ",0.0,False
salc11_4,"Spirits or liqueurs such as whisky, gin, rum, vodka, brandy :  Thursday ",1.0,True
salc11_4,"Spirits or liqueurs such as whisky, gin, rum, vodka, brandy :  Thursday ",0.0,False
salc11_5,"Spirits or liqueurs such as whisky, gin, rum, vodka, brandy :  Friday ",1.0,True
salc11_5,"Spirits or liqueurs such as whisky, gin, rum, vodka, brandy :  Friday ",0.0,False
salc11_6,"Spirits or liqueurs such as whisky, gin, rum, vodka, brandy :  Saturday ",1.0,True
salc11_6,"Spirits or liqueurs such as whisky, gin, rum, vodka, brandy :  Saturday ",0.0,False
salc11_7,"Spirits or liqueurs such as whisky, gin, rum, vodka, brandy :  Sunday",1.0,True
salc11_7,"Spirits or liqueurs such as whisky, gin, rum, vodka, brandy :  Sunday",0.0,False
balc11_1,"Beer or cider such as bitter, lager, stout, ale, Guinness :  Monday ",1.0,True
balc11_1,"Beer or cider such as bitter, lager, stout, ale, Guinness :  Monday ",0.0,False
balc11_2,"Beer or cider such as bitter, lager, stout, ale, Guinness :  Tuesday ",1.0,True
balc11_2,"Beer or cider such as bitter, lager, stout, ale, Guinness :  Tuesday ",0.0,False
balc11_3,"Beer or cider such as bitter, lager, stout, ale, Guinness :  Wednesday ",1.0,True
balc11_3,"Beer or cider such as bitter, lager, stout, ale, Guinness :  Wednesday ",0.0,False
balc11_4,"Beer or cider such as bitter, lager, stout, ale, Guinness :  Thursday ",1.0,True
balc11_4,"Beer or cider such as bitter, lager, stout, ale, Guinness :  Thursday ",0.0,False
balc11_5,"Beer or cider such as bitter, lager, stout, ale, Guinness :  Friday ",1.0,True
balc11_5,"Beer or cider such as bitter, lager, stout, ale, Guinness :  Friday ",0.0,False
balc11_6,"Beer or cider such as bitter, lager, stout, ale, Guinness :  Saturday ",1.0,True
balc11_6,"Beer or cider such as bitter, lager, stout, ale, Guinness :  Saturday ",0.0,False
balc11_7,"Beer or cider such as bitter, lager, stout, ale, Guinness :  Sunday",1.0,True
balc11_7,"Beer or cider such as bitter, lager, stout, ale, Guinness :  Sunday",0.0,False
oalc11_1,Other alcoholic drinks such as alcopops :  Monday ,1.0,True
oalc11_1,Other alcoholic drinks such as alcopops :  Monday ,0.0,False
oalc11_2,Other alcoholic drinks such as alcopops :  Tuesday ,1.0,True
oalc11_2,Other alcoholic drinks such as alcopops :  Tuesday ,0.0,False
oalc11_3,Other alcoholic drinks such as alcopops :  Wednesday ,1.0,True
oalc11_3,Other alcoholic drinks such as alcopops :  Wednesday ,0.0,False
oalc11_4,Other alcoholic drinks such as alcopops :  Thursday ,1.0,True
oalc11_4,Other alcoholic drinks such as alcopops :  Thursday ,0.0,False
oalc11_5,Other alcoholic drinks such as alcopops :  Friday ,1.0,True
oalc11_5,Other alcoholic drinks such as alcopops :  Friday ,0.0,False
oalc11_6,Other alcoholic drinks such as alcopops :  Saturday ,1.0,True
oalc11_6,Other alcoholic drinks such as alcopops :  Saturday ,0.0,False
oalc11_7,Other alcoholic drinks such as alcopops :  Sunday,1.0,True
oalc11_7,Other alcoholic drinks such as alcopops :  Sunday,0.0,False
o2alc11_1,Other alcoholic drinks :  Monday ,1.0,True
o2alc11_1,Other alcoholic drinks :  Monday ,0.0,False
o2alc11_2,Other alcoholic drinks :  Tuesday ,1.0,True
o2alc11_2,Other alcoholic drinks :  Tuesday ,0.0,False
o2alc11_3,Other alcoholic drinks :  Wednesday ,1.0,True
o2alc11_3,Other alcoholic drinks :  Wednesday ,0.0,False
o2alc11_4,Other alcoholic drinks :  Thursday ,1.0,True
o2alc11_4,Other alcoholic drinks :  Thursday ,0.0,False
o2alc11_5,Other alcoholic drinks :  Friday ,1.0,True
o2alc11_5,Other alcoholic drinks :  Friday ,0.0,False
o2alc11_6,Other alcoholic drinks :  Saturday ,1.0,True
o2alc11_6,Other alcoholic drinks :  Saturday ,0.0,False
o2alc11_7,Other alcoholic drinks :  Sunday,1.0,True
o2alc11_7,Other alcoholic drinks :  Sunday,0.0,False
alc13,,,
alc14,,,
alc15,,,
alc16,,,
ac17,,,
mea1,,,
mea2,,,
mea3,,,
gpa,,,
gp1,,,
gp1a,,,
gp1b,,,
complete,,,
participant_id,,,
redcap_identifier,,,
avail_from_dt,,,
