variable_name,variable_label,value_value,value_label
study_id_e,,,
specimenprocesseddate,The date that the result was obtained in the lab,,
specimenprocesseddate,The date that the result was obtained in the lab,,
resultvaluecovg,A numeric result of the Anti-N test e.g. optical reading,,
resultvaluecovg,A numeric result of the Anti-N test e.g. optical reading,,
resultvalueunitofmeasurecovg,Unit of measure for the numeric result value which may be needed depending on the machine outputs,,
resultvalueunitofmeasurecovg,Unit of measure for the numeric result value which may be needed depending on the machine outputs,,
testresultcovg,The classification of the Anti-N result value based on reference ranges at the time of testing,,
testresultcovg,The classification of the Anti-N result value based on reference ranges at the time of testing,,
resultvaluecovs,"A numeric result of the Anti-S test, e.g. optical reading",,
resultvaluecovs,"A numeric result of the Anti-S test, e.g. optical reading",,
resultvalueunitofmeasurecovs,Unit of measure for the numeric result value which may be needed depending on the machine outputs,,
resultvalueunitofmeasurecovs,Unit of measure for the numeric result value which may be needed depending on the machine outputs,,
testresultcovs,"The classification based on reference ranges at the time of testing - A string - a set of predefined terms e.g. positive, borderline, negative, or void",,
testresultcovs,"The classification based on reference ranges at the time of testing - A string - a set of predefined terms e.g. positive, borderline, negative, or void",,
avail_from_dt,,,
