variable_name,variable_label,value_value,value_label
study_id_e,,,
timestamp,,,
gen2,,,
gen2b,,,
gen5,,,
gen6,,,
gen7,,,
sm29,,,
complete,,,
covid19survey_timestamp,,,
s1_10f,,,
s2_1_1,"Since COVID-19 emerged in January, but before the official lockdown started on March 23rd 2020, did you change your behaviour by doing any of the following?  :  ""I cancelled my usual social activities""",1.0,True
s2_1_1,"Since COVID-19 emerged in January, but before the official lockdown started on March 23rd 2020, did you change your behaviour by doing any of the following?  :  ""I cancelled my usual social activities""",0.0,False
s2_1_2,"Since COVID-19 emerged in January, but before the official lockdown started on March 23rd 2020, did you change your behaviour by doing any of the following?  :  ""I didn't go to work""",1.0,True
s2_1_2,"Since COVID-19 emerged in January, but before the official lockdown started on March 23rd 2020, did you change your behaviour by doing any of the following?  :  ""I didn't go to work""",0.0,False
s2_1_3,"Since COVID-19 emerged in January, but before the official lockdown started on March 23rd 2020, did you change your behaviour by doing any of the following?  :  ""I didn't attend lectures (if a student)""",1.0,True
s2_1_3,"Since COVID-19 emerged in January, but before the official lockdown started on March 23rd 2020, did you change your behaviour by doing any of the following?  :  ""I didn't attend lectures (if a student)""",0.0,False
s2_1_4,"Since COVID-19 emerged in January, but before the official lockdown started on March 23rd 2020, did you change your behaviour by doing any of the following?  :  ""I didn't go shopping for non-essential things""",1.0,True
s2_1_4,"Since COVID-19 emerged in January, but before the official lockdown started on March 23rd 2020, did you change your behaviour by doing any of the following?  :  ""I didn't go shopping for non-essential things""",0.0,False
s2_1_5,"Since COVID-19 emerged in January, but before the official lockdown started on March 23rd 2020, did you change your behaviour by doing any of the following?  :  ""I didn't go to a grocery store or pharmacy""",1.0,True
s2_1_5,"Since COVID-19 emerged in January, but before the official lockdown started on March 23rd 2020, did you change your behaviour by doing any of the following?  :  ""I didn't go to a grocery store or pharmacy""",0.0,False
s2_1_6,"Since COVID-19 emerged in January, but before the official lockdown started on March 23rd 2020, did you change your behaviour by doing any of the following?  :  ""I didn't leave the house""",1.0,True
s2_1_6,"Since COVID-19 emerged in January, but before the official lockdown started on March 23rd 2020, did you change your behaviour by doing any of the following?  :  ""I didn't leave the house""",0.0,False
s2_1_7,"Since COVID-19 emerged in January, but before the official lockdown started on March 23rd 2020, did you change your behaviour by doing any of the following?  :  ""I wore a face mask outside my home""",1.0,True
s2_1_7,"Since COVID-19 emerged in January, but before the official lockdown started on March 23rd 2020, did you change your behaviour by doing any of the following?  :  ""I wore a face mask outside my home""",0.0,False
s2_1_8,"Since COVID-19 emerged in January, but before the official lockdown started on March 23rd 2020, did you change your behaviour by doing any of the following?  :  ""I tried to avoid physical contact with people""",1.0,True
s2_1_8,"Since COVID-19 emerged in January, but before the official lockdown started on March 23rd 2020, did you change your behaviour by doing any of the following?  :  ""I tried to avoid physical contact with people""",0.0,False
s2_1_9,"Since COVID-19 emerged in January, but before the official lockdown started on March 23rd 2020, did you change your behaviour by doing any of the following?  :  ""I followed handwashing recommendations""",1.0,True
s2_1_9,"Since COVID-19 emerged in January, but before the official lockdown started on March 23rd 2020, did you change your behaviour by doing any of the following?  :  ""I followed handwashing recommendations""",0.0,False
s2_1_10,"Since COVID-19 emerged in January, but before the official lockdown started on March 23rd 2020, did you change your behaviour by doing any of the following?  :  ""I used hand sanitizer more than usual""",1.0,True
s2_1_10,"Since COVID-19 emerged in January, but before the official lockdown started on March 23rd 2020, did you change your behaviour by doing any of the following?  :  ""I used hand sanitizer more than usual""",0.0,False
s2_1_11,"Since COVID-19 emerged in January, but before the official lockdown started on March 23rd 2020, did you change your behaviour by doing any of the following?  :  ""I followed coughing and sneezing recommendations""",1.0,True
s2_1_11,"Since COVID-19 emerged in January, but before the official lockdown started on March 23rd 2020, did you change your behaviour by doing any of the following?  :  ""I followed coughing and sneezing recommendations""",0.0,False
s2_1_12,"Since COVID-19 emerged in January, but before the official lockdown started on March 23rd 2020, did you change your behaviour by doing any of the following?  :  ""I used tissues more than usual""",1.0,True
s2_1_12,"Since COVID-19 emerged in January, but before the official lockdown started on March 23rd 2020, did you change your behaviour by doing any of the following?  :  ""I used tissues more than usual""",0.0,False
s2_1_13,"Since COVID-19 emerged in January, but before the official lockdown started on March 23rd 2020, did you change your behaviour by doing any of the following?  :  ""I wore gloves while going out of my home""",1.0,True
s2_1_13,"Since COVID-19 emerged in January, but before the official lockdown started on March 23rd 2020, did you change your behaviour by doing any of the following?  :  ""I wore gloves while going out of my home""",0.0,False
s2_1_14,"Since COVID-19 emerged in January, but before the official lockdown started on March 23rd 2020, did you change your behaviour by doing any of the following?  :  ""I avoided public transport""",1.0,True
s2_1_14,"Since COVID-19 emerged in January, but before the official lockdown started on March 23rd 2020, did you change your behaviour by doing any of the following?  :  ""I avoided public transport""",0.0,False
s2_1_15,"Since COVID-19 emerged in January, but before the official lockdown started on March 23rd 2020, did you change your behaviour by doing any of the following?  :  ""I avoided going to restaurants/bars/pubs""",1.0,True
s2_1_15,"Since COVID-19 emerged in January, but before the official lockdown started on March 23rd 2020, did you change your behaviour by doing any of the following?  :  ""I avoided going to restaurants/bars/pubs""",0.0,False
s2_1_16,"Since COVID-19 emerged in January, but before the official lockdown started on March 23rd 2020, did you change your behaviour by doing any of the following?  :  ""I avoided going for walks or exercise outside""",1.0,True
s2_1_16,"Since COVID-19 emerged in January, but before the official lockdown started on March 23rd 2020, did you change your behaviour by doing any of the following?  :  ""I avoided going for walks or exercise outside""",0.0,False
s2_1_17,"Since COVID-19 emerged in January, but before the official lockdown started on March 23rd 2020, did you change your behaviour by doing any of the following?  :  ""I avoided taking my children out of my home""",1.0,True
s2_1_17,"Since COVID-19 emerged in January, but before the official lockdown started on March 23rd 2020, did you change your behaviour by doing any of the following?  :  ""I avoided taking my children out of my home""",0.0,False
s2_2d,,,
s2_2e,,,
s2_2f,,,
s2_2g,,,
s2_2h,,,
s2_2v,,,
s2_4a_exceed,,,
s2_4a,,,
s2_4b,,,
s2_4c,,,
s2_4d,,,
s2_4e,,,
s2_4f,,,
s2_4g,,,
s2_4h,,,
s2_4i,,,
s2_4j,,,
s2_4k,,,
s2_4l,,,
s2_4m,,,
s2_4n,,,
s2_4o,,,
s2_4p,,,
s2_4q,,,
s2_5,,,
s2_6a,,,
s2_6b,,,
s2_6c,,,
s2_6d,,,
s2_6e,,,
s2_7a,,,
s2_7b,,,
s2_7c,,,
s2_7d,,,
s2_7e,,,
s2_8a_1,"My youngest child :  ""Difficulty adapting to remote learning""",1.0,True
s2_8a_1,"My youngest child :  ""Difficulty adapting to remote learning""",0.0,False
s2_8a_2,"My youngest child :  ""Limited quality or quantity of remote lessons""",1.0,True
s2_8a_2,"My youngest child :  ""Limited quality or quantity of remote lessons""",0.0,False
s2_8a_3,"My youngest child :  ""Lack of device or internet connection for accessing remote learning""",1.0,True
s2_8a_3,"My youngest child :  ""Lack of device or internet connection for accessing remote learning""",0.0,False
s2_8a_4,"My youngest child :  ""No suitable place in the home to learn""",1.0,True
s2_8a_4,"My youngest child :  ""No suitable place in the home to learn""",0.0,False
s2_8a_0,"My youngest child :  ""Not applicable"" ",1.0,True
s2_8a_0,"My youngest child :  ""Not applicable"" ",0.0,False
s2_8a_99,"My youngest child :  ""Prefer not to answer""",1.0,True
s2_8a_99,"My youngest child :  ""Prefer not to answer""",0.0,False
s2_8b_1,"My second youngest child :  ""Difficulty adapting to remote learning""",1.0,True
s2_8b_1,"My second youngest child :  ""Difficulty adapting to remote learning""",0.0,False
s2_8b_2,"My second youngest child :  ""Limited quality or quantity of remote lessons""",1.0,True
s2_8b_2,"My second youngest child :  ""Limited quality or quantity of remote lessons""",0.0,False
s2_8b_3,"My second youngest child :  ""Lack of device or internet connection for accessing remote learning""",1.0,True
s2_8b_3,"My second youngest child :  ""Lack of device or internet connection for accessing remote learning""",0.0,False
s2_8b_4,"My second youngest child :  ""No suitable place in the home to learn""",1.0,True
s2_8b_4,"My second youngest child :  ""No suitable place in the home to learn""",0.0,False
s2_8b_0,"My second youngest child :  ""Not applicable""",1.0,True
s2_8b_0,"My second youngest child :  ""Not applicable""",0.0,False
s2_8b_99,"My second youngest child :  ""Prefer not to answer""",1.0,True
s2_8b_99,"My second youngest child :  ""Prefer not to answer""",0.0,False
s2_8c_1,"My third youngest child :  ""Difficulty adapting to remote learning""",1.0,True
s2_8c_1,"My third youngest child :  ""Difficulty adapting to remote learning""",0.0,False
s2_8c_2,"My third youngest child :  ""Limited quality or quantity of remote lessons""",1.0,True
s2_8c_2,"My third youngest child :  ""Limited quality or quantity of remote lessons""",0.0,False
s2_8c_3,"My third youngest child :  ""Lack of device or internet connection for accessing remote learning""",1.0,True
s2_8c_3,"My third youngest child :  ""Lack of device or internet connection for accessing remote learning""",0.0,False
s2_8c_4,"My third youngest child :  ""No suitable place in the home to learn""",1.0,True
s2_8c_4,"My third youngest child :  ""No suitable place in the home to learn""",0.0,False
s2_8c_0,"My third youngest child :  ""Not applicable""",1.0,True
s2_8c_0,"My third youngest child :  ""Not applicable""",0.0,False
s2_8c_99,"My third youngest child :  ""Prefer not to answer""",1.0,True
s2_8c_99,"My third youngest child :  ""Prefer not to answer""",0.0,False
s2_8d_1,"My fourth youngest child :  ""Difficulty adapting to remote learning""",1.0,True
s2_8d_1,"My fourth youngest child :  ""Difficulty adapting to remote learning""",0.0,False
s2_8d_2,"My fourth youngest child :  ""Limited quality or quantity of remote lessons""",1.0,True
s2_8d_2,"My fourth youngest child :  ""Limited quality or quantity of remote lessons""",0.0,False
s2_8d_3,"My fourth youngest child :  ""Lack of device or internet connection for accessing remote learning""",1.0,True
s2_8d_3,"My fourth youngest child :  ""Lack of device or internet connection for accessing remote learning""",0.0,False
s2_8d_4,"My fourth youngest child :  ""No suitable place in the home to learn""",1.0,True
s2_8d_4,"My fourth youngest child :  ""No suitable place in the home to learn""",0.0,False
s2_8d_0,"My fourth youngest child :  ""Not applicable""",1.0,True
s2_8d_0,"My fourth youngest child :  ""Not applicable""",0.0,False
s2_8d_99,"My fourth youngest child :  ""Prefer not to answer""",1.0,True
s2_8d_99,"My fourth youngest child :  ""Prefer not to answer""",0.0,False
s2_8e_1,"Any other children :  ""Difficulty adapting to remote learning""",1.0,True
s2_8e_1,"Any other children :  ""Difficulty adapting to remote learning""",0.0,False
s2_8e_2,"Any other children :  ""Limited quality or quantity of remote lessons""",1.0,True
s2_8e_2,"Any other children :  ""Limited quality or quantity of remote lessons""",0.0,False
s2_8e_3,"Any other children :  ""Lack of device or internet connection for accessing remote learning""",1.0,True
s2_8e_3,"Any other children :  ""Lack of device or internet connection for accessing remote learning""",0.0,False
s2_8e_4,"Any other children :  ""No suitable place in the home to learn""",1.0,True
s2_8e_4,"Any other children :  ""No suitable place in the home to learn""",0.0,False
s2_8e_0,"Any other children :  ""Not applicable""",1.0,True
s2_8e_0,"Any other children :  ""Not applicable""",0.0,False
s2_8e_99,"Any other children :  ""Prefer not to answer""",1.0,True
s2_8e_99,"Any other children :  ""Prefer not to answer""",0.0,False
s3_1,,,
s3_2,,,
s3_3,,,
s3_5,,,
s3_6,,,
s3_7,,,
s3_8,,,
s3_9,,,
s3_10,,,
s3_11,,,
s3_12,,,
s3_12_exceed,,,
s3_13,,,
s3_14,,,
s4_1_1,"Has your living arrangement changed because of the COVID-19 pandemic? :  ""I moved to my current address temporarily because of the COVID-19 pandemic""",1.0,True
s4_1_1,"Has your living arrangement changed because of the COVID-19 pandemic? :  ""I moved to my current address temporarily because of the COVID-19 pandemic""",0.0,False
s4_1_2,"Has your living arrangement changed because of the COVID-19 pandemic? :  ""Another adult (e.g. sibling/adult/child aged 18+/parent) has moved into my address because of the COVID-19 pandemic""",1.0,True
s4_1_2,"Has your living arrangement changed because of the COVID-19 pandemic? :  ""Another adult (e.g. sibling/adult/child aged 18+/parent) has moved into my address because of the COVID-19 pandemic""",0.0,False
s4_1_3,"Has your living arrangement changed because of the COVID-19 pandemic? :  ""Adults I live with have moved elsewhere because of the COVID-19 pandemic""",1.0,True
s4_1_3,"Has your living arrangement changed because of the COVID-19 pandemic? :  ""Adults I live with have moved elsewhere because of the COVID-19 pandemic""",0.0,False
s4_1_0,"Has your living arrangement changed because of the COVID-19 pandemic? :  ""My living arrangement has not changed""",1.0,True
s4_1_0,"Has your living arrangement changed because of the COVID-19 pandemic? :  ""My living arrangement has not changed""",0.0,False
s4_1_99,"Has your living arrangement changed because of the COVID-19 pandemic? :  ""Prefer not to answer""",1.0,True
s4_1_99,"Has your living arrangement changed because of the COVID-19 pandemic? :  ""Prefer not to answer""",0.0,False
s4_4_n1,,1.0," ""Spouse/Partner"""
s4_4_n1,,2.0," ""Child"""
s4_4_n1,,3.0," ""Grandchild"""
s4_4_n1,,4.0," ""Parent"""
s4_4_n1,,5.0," ""Mother-in-law/Father-in-law/Your partner's parent"""
s4_4_n1,,6.0," ""Twin"""
s4_4_n1,,7.0," ""Sibling (not including your twin)"""
s4_4_n1,,8.0," ""Sister-in-law/Brother-in-law/Your partner's sibling"""
s4_4_n1,,9.0," ""Friend/Housemate"""
s4_4_n1,,10.0," ""Grandparent"""
s4_4_n1,,11.0," ""unt/Uncle/Your parent's sibling"""
s4_4_n1,,12.0," ""Great-Aunt/Great-Uncle/Your grandparent's sibling"""
s4_4_n1,,13.0," ""Cousin/Other familial relation"""
s4_4_n1,,14.0," ""Other"""
s4_4_n1,,99.0," ""Prefer not to answer"""
s4_6_n1,,99.0," ""Prefer not to say"""
s4_6_n1,,1.0," ""Excellent"""
s4_6_n1,,2.0," ""Good"""
s4_6_n1,,3.0," ""Average"""
s4_6_n1,,4.0," ""Poor"""
s4_6_n1,,5.0," ""Very poor"""
s4_7_n1,,99.0," ""Prefer not to say"""
s4_7_n1,,1.0," ""Better than now"""
s4_7_n1,,2.0," ""Worse than now"""
s4_7_n1,,3.0," ""About the same as now"""
s4_8,,,
s4_9,,,
covid19survey_complete,,,
avail_from_dt,,,
