variable_name,variable_label,value_value,value_label
study_id_e,,,
q1,Do you use a computer,1.0,Yes
q1,Do you use a computer,2.0,No
q2,play games,1.0,Very often`
q2,play games,2.0,fairly often
q2,play games,3.0,rarely
q2,play games,4.0,never
q2,play games,8.0,Not applicable
q3,write and edit letters,1.0,Very often`
q3,write and edit letters,2.0,fairly often
q3,write and edit letters,3.0,rarely
q3,write and edit letters,4.0,never
q3,write and edit letters,8.0,Not applicable
q4,make films or animation,1.0,Very often`
q4,make films or animation,2.0,fairly often
q4,make films or animation,3.0,rarely
q4,make films or animation,4.0,never
q4,make films or animation,8.0,Not applicable
q5,create and manipulate images,1.0,Very often`
q5,create and manipulate images,2.0,fairly often
q5,create and manipulate images,3.0,rarely
q5,create and manipulate images,4.0,never
q5,create and manipulate images,8.0,Not applicable
q6,watch DVD / Videos,1.0,Very often`
q6,watch DVD / Videos,2.0,fairly often
q6,watch DVD / Videos,3.0,rarely
q6,watch DVD / Videos,4.0,never
q6,watch DVD / Videos,8.0,Not applicable
q7,make music,1.0,Very often`
q7,make music,2.0,fairly often
q7,make music,3.0,rarely
q7,make music,4.0,never
q7,make music,8.0,Not applicable
q8,listen to music,1.0,Very often`
q8,listen to music,2.0,fairly often
q8,listen to music,3.0,rarely
q8,listen to music,4.0,never
q8,listen to music,8.0,Not applicable
q9,fiddle around,1.0,Very often`
q9,fiddle around,2.0,fairly often
q9,fiddle around,3.0,rarely
q9,fiddle around,4.0,never
q9,fiddle around,8.0,Not applicable
q10,organise the computers files/memory,1.0,Very often`
q10,organise the computers files/memory,2.0,fairly often
q10,organise the computers files/memory,3.0,rarely
q10,organise the computers files/memory,4.0,never
q10,organise the computers files/memory,8.0,Not applicable
q11,program the computer,1.0,Very often`
q11,program the computer,2.0,fairly often
q11,program the computer,3.0,rarely
q11,program the computer,4.0,never
q11,program the computer,8.0,Not applicable
q12,learn something,1.0,Very often`
q12,learn something,2.0,fairly often
q12,learn something,3.0,rarely
q12,learn something,4.0,never
q12,learn something,8.0,Not applicable
q13,send / read emails,1.0,Very often`
q13,send / read emails,2.0,fairly often
q13,send / read emails,3.0,rarely
q13,send / read emails,4.0,never
q13,send / read emails,8.0,Not applicable
q14,make or maintain your own website,1.0,Very often`
q14,make or maintain your own website,2.0,fairly often
q14,make or maintain your own website,3.0,rarely
q14,make or maintain your own website,4.0,never
q14,make or maintain your own website,8.0,Not applicable
q15,look for products and services / gather product information,1.0,Very often`
q15,look for products and services / gather product information,2.0,fairly often
q15,look for products and services / gather product information,3.0,rarely
q15,look for products and services / gather product information,4.0,never
q15,look for products and services / gather product information,8.0,Not applicable
q16,buy goods or services online,1.0,Very often`
q16,buy goods or services online,2.0,fairly often
q16,buy goods or services online,3.0,rarely
q16,buy goods or services online,4.0,never
q16,buy goods or services online,8.0,Not applicable
q17,online banking/ management of personal finances,1.0,Very often`
q17,online banking/ management of personal finances,2.0,fairly often
q17,online banking/ management of personal finances,3.0,rarely
q17,online banking/ management of personal finances,4.0,never
q17,online banking/ management of personal finances,8.0,Not applicable
q18,look for information related to work / business / study,1.0,Very often`
q18,look for information related to work / business / study,2.0,fairly often
q18,look for information related to work / business / study,3.0,rarely
q18,look for information related to work / business / study,4.0,never
q18,look for information related to work / business / study,8.0,Not applicable
q19,download software,1.0,Very often`
q19,download software,2.0,fairly often
q19,download software,3.0,rarely
q19,download software,4.0,never
q19,download software,8.0,Not applicable
q20,participate in educational courses / lessons,1.0,Very often`
q20,participate in educational courses / lessons,2.0,fairly often
q20,participate in educational courses / lessons,3.0,rarely
q20,participate in educational courses / lessons,4.0,never
q20,participate in educational courses / lessons,8.0,Not applicable
q21,use adult entertainment,1.0,Very often`
q21,use adult entertainment,2.0,fairly often
q21,use adult entertainment,3.0,rarely
q21,use adult entertainment,4.0,never
q21,use adult entertainment,8.0,Not applicable
q22,browse / surf for no specific purpose,1.0,Very often`
q22,browse / surf for no specific purpose,2.0,fairly often
q22,browse / surf for no specific purpose,3.0,rarely
q22,browse / surf for no specific purpose,4.0,never
q22,browse / surf for no specific purpose,8.0,Not applicable
q23,use internet newsgroups bulletin boards,1.0,Very often`
q23,use internet newsgroups bulletin boards,2.0,fairly often
q23,use internet newsgroups bulletin boards,3.0,rarely
q23,use internet newsgroups bulletin boards,4.0,never
q23,use internet newsgroups bulletin boards,8.0,Not applicable
q24,been able to concentrate on whatever you are doing,1.0,better than usual
q24,been able to concentrate on whatever you are doing,2.0,same as usual
q24,been able to concentrate on whatever you are doing,3.0,less than usual
q24,been able to concentrate on whatever you are doing,4.0,much less than usual
q25,lost much sleep over worry,1.0,Not at all
q25,lost much sleep over worry,2.0,No more than usual
q25,lost much sleep over worry,3.0,Rather more than usual
q25,lost much sleep over worry,4.0,Much more than usual
q26,felt that you are playing a useful part in things,1.0,More so than usual
q26,felt that you are playing a useful part in things,2.0,No more than usual
q26,felt that you are playing a useful part in things,3.0,Rather more than usual
q26,felt that you are playing a useful part in things,4.0,Much less than usual
q27,felt capable of making decisions about things,1.0,More so than usual
q27,felt capable of making decisions about things,2.0,No more than usual
q27,felt capable of making decisions about things,3.0,Rather more than usual
q27,felt capable of making decisions about things,4.0,Much less than usual
q28,felt constantly under strain,1.0,Not at all
q28,felt constantly under strain,2.0,No more than usual
q28,felt constantly under strain,3.0,Rather more than usual
q28,felt constantly under strain,4.0,Much more than usual
q29,felt you couldn't overcome your difficulties,1.0,Not at all
q29,felt you couldn't overcome your difficulties,2.0,No more than usual
q29,felt you couldn't overcome your difficulties,3.0,Rather more than usual
q29,felt you couldn't overcome your difficulties,4.0,Much more than usual
q30,been able to enjoy your day to day activities,1.0,More so than usual
q30,been able to enjoy your day to day activities,2.0,No more than usual
q30,been able to enjoy your day to day activities,3.0,Rather more than usual
q30,been able to enjoy your day to day activities,4.0,Much less than usual
q31,been able to face up to your problems,1.0,More so than usual
q31,been able to face up to your problems,2.0,No more than usual
q31,been able to face up to your problems,3.0,Rather more than usual
q31,been able to face up to your problems,4.0,Much less than usual
q32,been feeling unhappy or depressed,1.0,Not at all
q32,been feeling unhappy or depressed,2.0,No more than usual
q32,been feeling unhappy or depressed,3.0,Rather more than usual
q32,been feeling unhappy or depressed,4.0,Much more than usual
q33,been losing confidence in yourself,1.0,Not at all
q33,been losing confidence in yourself,2.0,No more than usual
q33,been losing confidence in yourself,3.0,Rather more than usual
q33,been losing confidence in yourself,4.0,Much more than usual
q34,been thinking of yourself as a worthless person,1.0,better than usual
q34,been thinking of yourself as a worthless person,2.0,same as usual
q34,been thinking of yourself as a worthless person,3.0,less than usual
q34,been thinking of yourself as a worthless person,4.0,much less than usual
q35,been feeling reasonably happy,1.0,More so than usual
q35,been feeling reasonably happy,2.0,No more than usual
q35,been feeling reasonably happy,3.0,Rather more than usual
q35,been feeling reasonably happy,4.0,Much less than usual
q36,Are you taking any medicine or tablets for stress / anxiety,1.0,yes
q36,Are you taking any medicine or tablets for stress / anxiety,2.0,no
q37,Are you taking any medicine or tablets for depression,1.0,yes
q37,Are you taking any medicine or tablets for depression,2.0,no
q38,Do you think you have a nervious illness,1.0,yes
q38,Do you think you have a nervious illness,2.0,no
q39,At the present time,1.0,Excellent
q39,At the present time,2.0,Good
q39,At the present time,3.0,Fair
q39,At the present time,4.0,Poor
q39,At the present time,5.0,Are you completly blind
q40,How much time do you worry about your eyesight,1.0,None of the time
q40,How much time do you worry about your eyesight,2.0,A little of the same
q40,How much time do you worry about your eyesight,3.0,Some of the time
q40,How much time do you worry about your eyesight,4.0,Most of the time
q40,How much time do you worry about your eyesight,5.0,All of the time
q41,How much difficulty do you ahve reading ordinary print in newspapers,1.0,No difficulty at all
q41,How much difficulty do you ahve reading ordinary print in newspapers,2.0,A little difficulty
q41,How much difficulty do you ahve reading ordinary print in newspapers,3.0,Moderate difficulty
q41,How much difficulty do you ahve reading ordinary print in newspapers,4.0,Extreme difficulty
q41,How much difficulty do you ahve reading ordinary print in newspapers,5.0,Stopped doing because of your eyesight
q41,How much difficulty do you ahve reading ordinary print in newspapers,6.0,stopped doing this for other reasons or not interested in doing this
q42,How much difficulty do you have doing work or hobbies that require you to see well up close,1.0,No difficulty at all
q42,How much difficulty do you have doing work or hobbies that require you to see well up close,2.0,A little difficulty
q42,How much difficulty do you have doing work or hobbies that require you to see well up close,3.0,Moderate difficulty
q42,How much difficulty do you have doing work or hobbies that require you to see well up close,4.0,Extreme difficulty
q42,How much difficulty do you have doing work or hobbies that require you to see well up close,5.0,Stopped doing because of your eyesight
q42,How much difficulty do you have doing work or hobbies that require you to see well up close,6.0,stopped doing this for other reasons or not interested in doing this
q43,Because of your eyesight,1.0,No difficulty at all
q43,Because of your eyesight,2.0,A little difficulty
q43,Because of your eyesight,3.0,Moderate difficulty
q43,Because of your eyesight,4.0,Extreme difficulty
q43,Because of your eyesight,5.0,Stopped doing because of your eyesight
q43,Because of your eyesight,6.0,stopped doing this for other reasons or not interested in doing this
q44,How much difficulty do you have driving during the daytime in familiar places,1.0,No difficulty at all
q44,How much difficulty do you have driving during the daytime in familiar places,2.0,A little difficulty
q44,How much difficulty do you have driving during the daytime in familiar places,3.0,Moderate difficulty
q44,How much difficulty do you have driving during the daytime in familiar places,4.0,Extreme difficulty
q44,How much difficulty do you have driving during the daytime in familiar places,5.0,Stopped doing because of your eyesight
q44,How much difficulty do you have driving during the daytime in familiar places,6.0,stopped doing this for other reasons or not interested in doing this
q44,How much difficulty do you have driving during the daytime in familiar places,8.0,Non driver
q45,Are you limited in how long you can walk or do other activities such as house work,1.0,All of the time
q45,Are you limited in how long you can walk or do other activities such as house work,2.0,Most of the time
q45,Are you limited in how long you can walk or do other activities such as house work,3.0,some of the time
q45,Are you limited in how long you can walk or do other activities such as house work,4.0,a little of the time
q45,Are you limited in how long you can walk or do other activities such as house work,5.0,none of the time
q46,Because of your eyesight,1.0,No difficulty at all
q46,Because of your eyesight,2.0,A little difficulty
q46,Because of your eyesight,3.0,Moderate difficulty
q46,Because of your eyesight,4.0,Extreme difficulty
q46,Because of your eyesight,5.0,Stopped doing because of your eyesight
q46,Because of your eyesight,6.0,stopped doing this for other reasons or not interested in doing this
q47,Because of your eyesight,1.0,No difficulty at all
q47,Because of your eyesight,2.0,A little difficulty
q47,Because of your eyesight,3.0,Moderate difficulty
q47,Because of your eyesight,4.0,Extreme difficulty
q47,Because of your eyesight,5.0,Stopped doing because of your eyesight
q47,Because of your eyesight,6.0,stopped doing this for other reasons or not interested in doing this
q48,How often do you feel lonely,1.0,Hardly ever
q48,How often do you feel lonely,2.0,Sometimes
q48,How often do you feel lonely,3.0,Often
q49,How often do you feel you lack companionship,1.0,Hardly ever
q49,How often do you feel you lack companionship,2.0,Sometimes
q49,How often do you feel you lack companionship,3.0,Often
q50,How often do you feel isolated from others,1.0,Hardly ever
q50,How often do you feel isolated from others,2.0,Sometimes
q50,How often do you feel isolated from others,3.0,Often
q51,How often do you feel left out,1.0,Hardly ever
q51,How often do you feel left out,2.0,Sometimes
q51,How often do you feel left out,3.0,Often
q52,How often do you feel in tune with the people around you,1.0,Hardly ever
q52,How often do you feel in tune with the people around you,2.0,Sometimes
q52,How often do you feel in tune with the people around you,3.0,Often
q53,Overall in the last 30 days,1.0,None
q53,Overall in the last 30 days,2.0,Mild
q53,Overall in the last 30 days,3.0,Moderate
q53,Overall in the last 30 days,4.0,Severe
q53,Overall in the last 30 days,5.0,Extreme
q54,In the last 30 days,1.0,None
q54,In the last 30 days,2.0,Mild
q54,In the last 30 days,3.0,Moderate
q54,In the last 30 days,4.0,Severe
q54,In the last 30 days,5.0,Extreme
q55,Overall,1.0,None
q55,Overall,2.0,Mild
q55,Overall,3.0,Moderate
q55,Overall,4.0,Severe
q55,Overall,5.0,Extreme
q56,Overall,1.0,None
q56,Overall,2.0,Mild
q56,Overall,3.0,Moderate
q56,Overall,4.0,Severe
q56,Overall,5.0,Extreme
q57,Overall,1.0,None
q57,Overall,2.0,Mild
q57,Overall,3.0,Moderate
q57,Overall,4.0,Severe
q57,Overall,5.0,Extreme
q58,Overall,1.0,None
q58,Overall,2.0,Mild
q58,Overall,3.0,Moderate
q58,Overall,4.0,Severe
q58,Overall,5.0,Extreme
q59,How much are you limited in the kind of amount of activity or work that you can do due to an impairment or health problem,1.0,None
q59,How much are you limited in the kind of amount of activity or work that you can do due to an impairment or health problem,2.0,Mild
q59,How much are you limited in the kind of amount of activity or work that you can do due to an impairment or health problem,3.0,Moderate
q59,How much are you limited in the kind of amount of activity or work that you can do due to an impairment or health problem,4.0,Severe
q59,How much are you limited in the kind of amount of activity or work that you can do due to an impairment or health problem,5.0,Extreme
q60,How much is **** limited in the kind or amount of work s/he could do,1.0,Not limited
q60,How much is **** limited in the kind or amount of work s/he could do,2.0,Mildly
q60,How much is **** limited in the kind or amount of work s/he could do,3.0,Moderately
q60,How much is **** limited in the kind or amount of work s/he could do,4.0,Severely
q60,How much is **** limited in the kind or amount of work s/he could do,5.0,Extremely
q61,How much is **** limited in the kind or amount of work s/he could do,1.0,Not limited
q61,How much is **** limited in the kind or amount of work s/he could do,2.0,Mildly
q61,How much is **** limited in the kind or amount of work s/he could do,3.0,Moderately
q61,How much is **** limited in the kind or amount of work s/he could do,4.0,Severely
q61,How much is **** limited in the kind or amount of work s/he could do,5.0,Extremely
q62,How much is **** limited in the kind or amount of work s/he could do,1.0,Not limited
q62,How much is **** limited in the kind or amount of work s/he could do,2.0,Mildly
q62,How much is **** limited in the kind or amount of work s/he could do,3.0,Moderately
q62,How much is **** limited in the kind or amount of work s/he could do,4.0,Severely
q62,How much is **** limited in the kind or amount of work s/he could do,5.0,Extremely
q63,How much is **** limited in the kind or amount of work s/he could do,1.0,Not limited
q63,How much is **** limited in the kind or amount of work s/he could do,2.0,Mildly
q63,How much is **** limited in the kind or amount of work s/he could do,3.0,Moderately
q63,How much is **** limited in the kind or amount of work s/he could do,4.0,Severely
q63,How much is **** limited in the kind or amount of work s/he could do,5.0,Extremely
q64,How much is **** limited in the kind or amount of work s/he could do,1.0,Not limited
q64,How much is **** limited in the kind or amount of work s/he could do,2.0,Mildly
q64,How much is **** limited in the kind or amount of work s/he could do,3.0,Moderately
q64,How much is **** limited in the kind or amount of work s/he could do,4.0,Severely
q64,How much is **** limited in the kind or amount of work s/he could do,5.0,Extremely
q65,How much is **** limited in the kind or amount of work s/he could do,1.0,Not limited
q65,How much is **** limited in the kind or amount of work s/he could do,2.0,Mildly
q65,How much is **** limited in the kind or amount of work s/he could do,3.0,Moderately
q65,How much is **** limited in the kind or amount of work s/he could do,4.0,Severely
q65,How much is **** limited in the kind or amount of work s/he could do,5.0,Extremely
q66,How much is **** limited in the kind or amount of work s/he could do,1.0,Not limited
q66,How much is **** limited in the kind or amount of work s/he could do,2.0,Mildly
q66,How much is **** limited in the kind or amount of work s/he could do,3.0,Moderately
q66,How much is **** limited in the kind or amount of work s/he could do,4.0,Severely
q66,How much is **** limited in the kind or amount of work s/he could do,5.0,Extremely
q67,How much is **** limited in the kind or amount of work s/he could do,1.0,Not limited
q67,How much is **** limited in the kind or amount of work s/he could do,2.0,Mildly
q67,How much is **** limited in the kind or amount of work s/he could do,3.0,Moderately
q67,How much is **** limited in the kind or amount of work s/he could do,4.0,Severely
q67,How much is **** limited in the kind or amount of work s/he could do,5.0,Extremely
q68,How much is **** limited in the kind or amount of work s/he could do,1.0,Not limited
q68,How much is **** limited in the kind or amount of work s/he could do,2.0,Mildly
q68,How much is **** limited in the kind or amount of work s/he could do,3.0,Moderately
q68,How much is **** limited in the kind or amount of work s/he could do,4.0,Severely
q68,How much is **** limited in the kind or amount of work s/he could do,5.0,Extremely
q69a,A close friend was killed,1.0,yes
q69a,A close friend was killed,2.0,no
q69b,A close relative was killed,1.0,yes
q69b,A close relative was killed,2.0,no
q69c,Someone that you knew personally was killed,1.0,yes
q69c,Someone that you knew personally was killed,2.0,no
q69d,No close friend or relative was killed,1.0,yes
q69d,No close friend or relative was killed,2.0,no
q70a,I was physically injured,1.0,yes
q70a,I was physically injured,2.0,no
q70b,A close friend was physically injured,1.0,yes
q70b,A close friend was physically injured,2.0,no
q70c,A close relative was physically injured,1.0,yes
q70c,A close relative was physically injured,2.0,no
q70d,Someone else you know personally was physically injured,1.0,yes
q70d,Someone else you know personally was physically injured,2.0,no
q71a,A bomb explosion,1.0,yes
q71a,A bomb explosion,2.0,no
q71b,A murder,1.0,yes
q71b,A murder,2.0,no
q71c,Gunfire,1.0,yes
q71c,Gunfire,2.0,no
q71d,Rioting,1.0,yes
q71d,Rioting,2.0,no
q71g,Someone being assaulted,1.0,yes
q71g,Someone being assaulted,2.0,no
q71h,Other serious violence,1.0,yes
q71h,Other serious violence,2.0,no
q72,Have you or anyone you know spent time in prison because of the troubles?,1.0,yes
q72,Have you or anyone you know spent time in prison because of the troubles?,2.0,no
q72,Have you or anyone you know spent time in prison because of the troubles?,3.0,Do not wish to say
q73a,Yourself,1.0,yes
q73a,Yourself,2.0,no
q73a,Yourself,8.0,
q73b,Close friends,1.0,yes
q73b,Close friends,2.0,no
q73b,Close friends,8.0,
q73c,Close relatives,1.0,yes
q73c,Close relatives,2.0,no
q73c,Close relatives,8.0,
q73d,Other relatives,1.0,yes
q73d,Other relatives,2.0,no
q73d,Other relatives,8.0,
q73e,Others,1.0,yes
q73e,Others,2.0,no
q73e,Others,8.0,
q74,Did you ever have your house searched by the police or army,1.0,yes
q74,Did you ever have your house searched by the police or army,2.0,no
q75,How many times was your house searched,88.0,
q76,Did you ever have to move house due to attack,1.0,yes
q76,Did you ever have to move house due to attack,2.0,no
q77,Did you ever have to leave a job because of an attack,1.0,yes
q77,Did you ever have to leave a job because of an attack,2.0,no
q78,Thinking of the worst thing that happened to you because of the Troubles,1.0,1969-1973
q78,Thinking of the worst thing that happened to you because of the Troubles,2.0,1974-1978
q78,Thinking of the worst thing that happened to you because of the Troubles,3.0,1979-1983
q78,Thinking of the worst thing that happened to you because of the Troubles,4.0,1984-1988
q78,Thinking of the worst thing that happened to you because of the Troubles,5.0,1989-1993
q78,Thinking of the worst thing that happened to you because of the Troubles,6.0,1994-1998
q78,Thinking of the worst thing that happened to you because of the Troubles,7.0,After 1998
q78,Thinking of the worst thing that happened to you because of the Troubles,8.0,
q79a,Seek help from your GP,1.0,yes
q79a,Seek help from your GP,2.0,no
q79a,Seek help from your GP,8.0,
q79b,Join a support group,1.0,yes
q79b,Join a support group,2.0,no
q79b,Join a support group,8.0,
q79c,Go to a counsellor or other mental health professional,1.0,yes
q79c,Go to a counsellor or other mental health professional,2.0,no
q79c,Go to a counsellor or other mental health professional,8.0,
q79d,Join a campaign,1.0,yes
q79d,Join a campaign,2.0,no
q79d,Join a campaign,8.0,
q79e,Other,1.0,yes
q79e,Other,2.0,no
q79e,Other,8.0,
q80,How much was the community you live in affected by the Troubles,1.0,None
q80,How much was the community you live in affected by the Troubles,2.0,A little bit
q80,How much was the community you live in affected by the Troubles,3.0,A moderate amount
q80,How much was the community you live in affected by the Troubles,4.0,Quite a bit
q80,How much was the community you live in affected by the Troubles,5.0,An extreme amount
q81,In general,1.0,None
q81,In general,2.0,A little bit
q81,In general,3.0,A moderate amount
q81,In general,4.0,Quite a bit
q81,In general,5.0,An extreme amount
q82a,Have you ever experienced a tramatic event?,1.0,Yes
q82a,Have you ever experienced a tramatic event?,2.0,No
q82a,Have you ever experienced a tramatic event?,3.0,Do not wish to say
q82btraumaday,Have you ever experienced a traumatic event - Day,88.0,
q82btraumamonth,Have you ever experienced a traumatic event - Month,88.0,
q82btraumayear,Have you ever experienced a traumatic event - Year,8888.0,
q83a,Repeated,0.0,Not at all
q83a,Repeated,1.0,A little bit
q83a,Repeated,2.0,Moderately
q83a,Repeated,3.0,Quite a bit
q83a,Repeated,4.0,Extremely
q83a,Repeated,8.0,
q83b,Repeated,0.0,Not at all
q83b,Repeated,1.0,A little bit
q83b,Repeated,2.0,Moderately
q83b,Repeated,3.0,Quite a bit
q83b,Repeated,4.0,Extremely
q83b,Repeated,8.0,
q83c,Suddenly acting or feeling as if a stressful experience were happening again,0.0,Not at all
q83c,Suddenly acting or feeling as if a stressful experience were happening again,1.0,A little bit
q83c,Suddenly acting or feeling as if a stressful experience were happening again,2.0,Moderately
q83c,Suddenly acting or feeling as if a stressful experience were happening again,3.0,Quite a bit
q83c,Suddenly acting or feeling as if a stressful experience were happening again,4.0,Extremely
q83c,Suddenly acting or feeling as if a stressful experience were happening again,8.0,
q83d,Feeling very upset when something reminded you of a stressful experience from the past,0.0,Not at all
q83d,Feeling very upset when something reminded you of a stressful experience from the past,1.0,A little bit
q83d,Feeling very upset when something reminded you of a stressful experience from the past,2.0,Moderately
q83d,Feeling very upset when something reminded you of a stressful experience from the past,3.0,Quite a bit
q83d,Feeling very upset when something reminded you of a stressful experience from the past,4.0,Extremely
q83d,Feeling very upset when something reminded you of a stressful experience from the past,8.0,
q83e,Having physical reactions when something reminded you of a stressful experience from the past,0.0,Not at all
q83e,Having physical reactions when something reminded you of a stressful experience from the past,1.0,A little bit
q83e,Having physical reactions when something reminded you of a stressful experience from the past,2.0,Moderately
q83e,Having physical reactions when something reminded you of a stressful experience from the past,3.0,Quite a bit
q83e,Having physical reactions when something reminded you of a stressful experience from the past,4.0,Extremely
q83e,Having physical reactions when something reminded you of a stressful experience from the past,8.0,
q83f,Avoid thinking about or talking about a stressful experience from the past or avoid having feelings related to it,0.0,Not at all
q83f,Avoid thinking about or talking about a stressful experience from the past or avoid having feelings related to it,1.0,A little bit
q83f,Avoid thinking about or talking about a stressful experience from the past or avoid having feelings related to it,2.0,Moderately
q83f,Avoid thinking about or talking about a stressful experience from the past or avoid having feelings related to it,3.0,Quite a bit
q83f,Avoid thinking about or talking about a stressful experience from the past or avoid having feelings related to it,4.0,Extremely
q83f,Avoid thinking about or talking about a stressful experience from the past or avoid having feelings related to it,8.0,
q83g,Avoid activities or situations because they remind you of a stressful experience from the past,0.0,Not at all
q83g,Avoid activities or situations because they remind you of a stressful experience from the past,1.0,A little bit
q83g,Avoid activities or situations because they remind you of a stressful experience from the past,2.0,Moderately
q83g,Avoid activities or situations because they remind you of a stressful experience from the past,3.0,Quite a bit
q83g,Avoid activities or situations because they remind you of a stressful experience from the past,4.0,Extremely
q83g,Avoid activities or situations because they remind you of a stressful experience from the past,8.0,
q83h,Trouble remembering important parts of a stressful experience from the past,0.0,Not at all
q83h,Trouble remembering important parts of a stressful experience from the past,1.0,A little bit
q83h,Trouble remembering important parts of a stressful experience from the past,2.0,Moderately
q83h,Trouble remembering important parts of a stressful experience from the past,3.0,Quite a bit
q83h,Trouble remembering important parts of a stressful experience from the past,4.0,Extremely
q83h,Trouble remembering important parts of a stressful experience from the past,8.0,
q83i,Loss of interest in things that you used to enjoy,0.0,Not at all
q83i,Loss of interest in things that you used to enjoy,1.0,A little bit
q83i,Loss of interest in things that you used to enjoy,2.0,Moderately
q83i,Loss of interest in things that you used to enjoy,3.0,Quite a bit
q83i,Loss of interest in things that you used to enjoy,4.0,Extremely
q83i,Loss of interest in things that you used to enjoy,8.0,
q83j,Feeling distant or cut off from other people,0.0,Not at all
q83j,Feeling distant or cut off from other people,1.0,A little bit
q83j,Feeling distant or cut off from other people,2.0,Moderately
q83j,Feeling distant or cut off from other people,3.0,Quite a bit
q83j,Feeling distant or cut off from other people,4.0,Extremely
q83j,Feeling distant or cut off from other people,8.0,
q83k,Feeling emotionally numb or being unable to have loving feelings for those close to you,0.0,Not at all
q83k,Feeling emotionally numb or being unable to have loving feelings for those close to you,1.0,A little bit
q83k,Feeling emotionally numb or being unable to have loving feelings for those close to you,2.0,Moderately
q83k,Feeling emotionally numb or being unable to have loving feelings for those close to you,3.0,Quite a bit
q83k,Feeling emotionally numb or being unable to have loving feelings for those close to you,4.0,Extremely
q83k,Feeling emotionally numb or being unable to have loving feelings for those close to you,8.0,
q83l,Feeling as if your future will somehow be cut short,0.0,Not at all
q83l,Feeling as if your future will somehow be cut short,1.0,A little bit
q83l,Feeling as if your future will somehow be cut short,2.0,Moderately
q83l,Feeling as if your future will somehow be cut short,3.0,Quite a bit
q83l,Feeling as if your future will somehow be cut short,4.0,Extremely
q83l,Feeling as if your future will somehow be cut short,8.0,
q83m,Trouble falling or staying asleep,0.0,Not at all
q83m,Trouble falling or staying asleep,1.0,A little bit
q83m,Trouble falling or staying asleep,2.0,Moderately
q83m,Trouble falling or staying asleep,3.0,Quite a bit
q83m,Trouble falling or staying asleep,4.0,Extremely
q83m,Trouble falling or staying asleep,8.0,
q83n,Feeling irritable or having angry outbursts,0.0,Not at all
q83n,Feeling irritable or having angry outbursts,1.0,A little bit
q83n,Feeling irritable or having angry outbursts,2.0,Moderately
q83n,Feeling irritable or having angry outbursts,3.0,Quite a bit
q83n,Feeling irritable or having angry outbursts,4.0,Extremely
q83n,Feeling irritable or having angry outbursts,8.0,
q83o,Having difficulty concentrating,0.0,Not at all
q83o,Having difficulty concentrating,1.0,A little bit
q83o,Having difficulty concentrating,2.0,Moderately
q83o,Having difficulty concentrating,3.0,Quite a bit
q83o,Having difficulty concentrating,4.0,Extremely
q83o,Having difficulty concentrating,8.0,
q83p,Being super alert or watchful on guard,0.0,Not at all
q83p,Being super alert or watchful on guard,1.0,A little bit
q83p,Being super alert or watchful on guard,2.0,Moderately
q83p,Being super alert or watchful on guard,3.0,Quite a bit
q83p,Being super alert or watchful on guard,4.0,Extremely
q83p,Being super alert or watchful on guard,8.0,
q83q,Feeling jumpy or easily startled,0.0,Not at all
q83q,Feeling jumpy or easily startled,1.0,A little bit
q83q,Feeling jumpy or easily startled,2.0,Moderately
q83q,Feeling jumpy or easily startled,3.0,Quite a bit
q83q,Feeling jumpy or easily startled,4.0,Extremely
q83q,Feeling jumpy or easily startled,8.0,
q84,Which form of transport have you used most often in the last 4 weeks apart from journey to and from work,1.0,Car/Motor vehicle
q84,Which form of transport have you used most often in the last 4 weeks apart from journey to and from work,2.0,Walk
q84,Which form of transport have you used most often in the last 4 weeks apart from journey to and from work,3.0,Public Transport
q84,Which form of transport have you used most often in the last 4 weeks apart from journey to and from work,4.0,Cycle
q85,On a weekday before 6pm,0.0,None
q85,On a weekday before 6pm,1.0,Less than 1 hour a day
q85,On a weekday before 6pm,2.0,1 to 2 hours a day
q85,On a weekday before 6pm,3.0,2-3 hours a day
q85,On a weekday before 6pm,4.0,3-4 hours a day
q85,On a weekday before 6pm,5.0,More than 4 hours a day
q85,On a weekday before 6pm,8.0,
q86,On a weekday after 6pm,0.0,None
q86,On a weekday after 6pm,1.0,Less than 1 hour a day
q86,On a weekday after 6pm,2.0,1 to 2 hours a day
q86,On a weekday after 6pm,3.0,2-3 hours a day
q86,On a weekday after 6pm,4.0,3-4 hours a day
q86,On a weekday after 6pm,5.0,More than 4 hours a day
q86,On a weekday after 6pm,8.0,
q87,On a weekend day before 6pm,0.0,None
q87,On a weekend day before 6pm,1.0,Less than 1 hour a day
q87,On a weekend day before 6pm,2.0,1 to 2 hours a day
q87,On a weekend day before 6pm,3.0,2-3 hours a day
q87,On a weekend day before 6pm,4.0,3-4 hours a day
q87,On a weekend day before 6pm,5.0,More than 4 hours a day
q87,On a weekend day before 6pm,8.0,
q88,On a weekend day after 6pm,0.0,None
q88,On a weekend day after 6pm,1.0,Less than 1 hour a day
q88,On a weekend day after 6pm,2.0,1 to 2 hours a day
q88,On a weekend day after 6pm,3.0,2-3 hours a day
q88,On a weekend day after 6pm,4.0,3-4 hours a day
q88,On a weekend day after 6pm,5.0,More than 4 hours a day
q88,On a weekend day after 6pm,8.0,
q89,On a weekday,0.0,None
q89,On a weekday,1.0,Less than 1 hour a day
q89,On a weekday,2.0,1 to 2 hours a day
q89,On a weekday,3.0,2-3 hours a day
q89,On a weekday,4.0,3-4 hours a day
q89,On a weekday,5.0,More than 4 hours a day
q89,On a weekday,8.0,
q90,On a weekend day,0.0,None
q90,On a weekend day,1.0,Less than 1 hour a day
q90,On a weekend day,2.0,1 to 2 hours a day
q90,On a weekend day,3.0,2-3 hours a day
q90,On a weekend day,4.0,3-4 hours a day
q90,On a weekend day,5.0,More than 4 hours a day
q90,On a weekend day,8.0,
q91,Have you been in employment or done regular,1.0,yes
q91,Have you been in employment or done regular,2.0,no
q92a,During the last 4 weeks how many hours did you do per week (4 weeks),88.0,
q92b,During the last 4 weeks how many hours did you do per week (3 weeks),88.0,
q92c,During the last 4 weeks how many hours did you do per week (2 weeks),88.0,
q92d,During the last 4 weeks how many hours did you do per week (1 weeks),88.0,
q93,Which option best corresponds with your occupation in the last 4 weeks,1.0,sedentary occupation
q93,Which option best corresponds with your occupation in the last 4 weeks,2.0,standing occupation
q93,Which option best corresponds with your occupation in the last 4 weeks,3.0,manual work
q93,Which option best corresponds with your occupation in the last 4 weeks,4.0,Heavy manual work
q93,Which option best corresponds with your occupation in the last 4 weeks,8.0,
q94distance_km,Travel to and from work in the last 4 weeks - km (888 means non-applicable),888.0,
q95,How many times a week did you travel from your home to your main work,88.0,
q97,By car / motor vehicle,1.0,more so than usual
q97,By car / motor vehicle,2.0,same as usual
q97,By car / motor vehicle,3.0,less so than usual
q97,By car / motor vehicle,4.0,much less than usual
q97,By car / motor vehicle,8.0,
q98,By works or public transport,1.0,more so than usual
q98,By works or public transport,2.0,same as usual
q98,By works or public transport,3.0,less so than usual
q98,By works or public transport,4.0,much less than usual
q98,By works or public transport,8.0,
q99,By bicyle,1.0,more so than usual
q99,By bicyle,2.0,same as usual
q99,By bicyle,3.0,less so than usual
q99,By bicyle,4.0,much less than usual
q99,By bicyle,8.0,
q100,Walking,1.0,more so than usual
q100,Walking,2.0,same as usual
q100,Walking,3.0,less so than usual
q100,Walking,4.0,much less than usual
q100,Walking,8.0,
q103a,swimming - competitive,0.0,None
q103a,swimming - competitive,1.0,Once in the last 4 weeks
q103a,swimming - competitive,2.0,2-3 times in the last 4 weeks
q103a,swimming - competitive,3.0,once a week
q103a,swimming - competitive,4.0,2-3 times a week
q103a,swimming - competitive,5.0,4-5 times a week
q103a,swimming - competitive,6.0,everyday
q103b,hours,88.0,
q103c,minutes,88.0,
q104a,swimming - leisurely,0.0,None
q104a,swimming - leisurely,1.0,Once in the last 4 weeks
q104a,swimming - leisurely,2.0,2-3 times in the last 4 weeks
q104a,swimming - leisurely,3.0,once a week
q104a,swimming - leisurely,4.0,2-3 times a week
q104a,swimming - leisurely,5.0,4-5 times a week
q104a,swimming - leisurely,6.0,everyday
q104b,hours,88.0,
q104c,minutes,88.0,
q105a,backpacking  or mountain climbing,0.0,None
q105a,backpacking  or mountain climbing,1.0,Once in the last 4 weeks
q105a,backpacking  or mountain climbing,2.0,2-3 times in the last 4 weeks
q105a,backpacking  or mountain climbing,3.0,once a week
q105a,backpacking  or mountain climbing,4.0,2-3 times a week
q105a,backpacking  or mountain climbing,5.0,4-5 times a week
q105a,backpacking  or mountain climbing,6.0,everyday
q105b,hours,88.0,
q105c,minutes,88.0,
q106a,walking for pleasure,0.0,None
q106a,walking for pleasure,1.0,Once in the last 4 weeks
q106a,walking for pleasure,2.0,2-3 times in the last 4 weeks
q106a,walking for pleasure,3.0,once a week
q106a,walking for pleasure,4.0,2-3 times a week
q106a,walking for pleasure,5.0,4-5 times a week
q106a,walking for pleasure,6.0,everyday
q106b,hours,88.0,
q106c,minutes,88.0,
q107a,racing or rough terrain cycling,0.0,None
q107a,racing or rough terrain cycling,1.0,Once in the last 4 weeks
q107a,racing or rough terrain cycling,2.0,2-3 times in the last 4 weeks
q107a,racing or rough terrain cycling,3.0,once a week
q107a,racing or rough terrain cycling,4.0,2-3 times a week
q107a,racing or rough terrain cycling,5.0,4-5 times a week
q107a,racing or rough terrain cycling,6.0,everyday
q107b,hours,88.0,
q107c,minutes,88.0,
q108a,cycling for pleasure,0.0,None
q108a,cycling for pleasure,1.0,Once in the last 4 weeks
q108a,cycling for pleasure,2.0,2-3 times in the last 4 weeks
q108a,cycling for pleasure,3.0,once a week
q108a,cycling for pleasure,4.0,2-3 times a week
q108a,cycling for pleasure,5.0,4-5 times a week
q108a,cycling for pleasure,6.0,everyday
q108b,hours,88.0,
q108c,minutes,88.0,
q109a,mowing the lawn,0.0,None
q109a,mowing the lawn,1.0,Once in the last 4 weeks
q109a,mowing the lawn,2.0,2-3 times in the last 4 weeks
q109a,mowing the lawn,3.0,once a week
q109a,mowing the lawn,4.0,2-3 times a week
q109a,mowing the lawn,5.0,4-5 times a week
q109a,mowing the lawn,6.0,everyday
q109b,hours,88.0,
q109c,minutes,88.0,
q110a,watering the lawn or garden,0.0,None
q110a,watering the lawn or garden,1.0,Once in the last 4 weeks
q110a,watering the lawn or garden,2.0,2-3 times in the last 4 weeks
q110a,watering the lawn or garden,3.0,once a week
q110a,watering the lawn or garden,4.0,2-3 times a week
q110a,watering the lawn or garden,5.0,4-5 times a week
q110a,watering the lawn or garden,6.0,everyday
q110b,hours,88.0,
q110c,minutes,88.0,
q111a,digging,0.0,None
q111a,digging,1.0,Once in the last 4 weeks
q111a,digging,2.0,2-3 times in the last 4 weeks
q111a,digging,3.0,once a week
q111a,digging,4.0,2-3 times a week
q111a,digging,5.0,4-5 times a week
q111a,digging,6.0,everyday
q111b,hours,88.0,
q111c,minutes,88.0,
q112a,weeding or pruning,0.0,None
q112a,weeding or pruning,1.0,Once in the last 4 weeks
q112a,weeding or pruning,2.0,2-3 times in the last 4 weeks
q112a,weeding or pruning,3.0,once a week
q112a,weeding or pruning,4.0,2-3 times a week
q112a,weeding or pruning,5.0,4-5 times a week
q112a,weeding or pruning,6.0,everyday
q112b,hours,88.0,
q112c,minutes,88.0,
q113a,DIY,0.0,None
q113a,DIY,1.0,Once in the last 4 weeks
q113a,DIY,2.0,2-3 times in the last 4 weeks
q113a,DIY,3.0,once a week
q113a,DIY,4.0,2-3 times a week
q113a,DIY,5.0,4-5 times a week
q113a,DIY,6.0,everyday
q113b,hours,88.0,
q113c,minutes,88.0,
q114a,high impact aerobics or step aerobics,0.0,None
q114a,high impact aerobics or step aerobics,1.0,Once in the last 4 weeks
q114a,high impact aerobics or step aerobics,2.0,2-3 times in the last 4 weeks
q114a,high impact aerobics or step aerobics,3.0,once a week
q114a,high impact aerobics or step aerobics,4.0,2-3 times a week
q114a,high impact aerobics or step aerobics,5.0,4-5 times a week
q114a,high impact aerobics or step aerobics,6.0,everyday
q114b,hours,88.0,
q114c,minutes,88.0,
q115a,other types of aerobics,0.0,None
q115a,other types of aerobics,1.0,Once in the last 4 weeks
q115a,other types of aerobics,2.0,2-3 times in the last 4 weeks
q115a,other types of aerobics,3.0,once a week
q115a,other types of aerobics,4.0,2-3 times a week
q115a,other types of aerobics,5.0,4-5 times a week
q115a,other types of aerobics,6.0,everyday
q115b,hours,88.0,
q115c,minutes,88.0,
q116a,exercise with weights,0.0,None
q116a,exercise with weights,1.0,Once in the last 4 weeks
q116a,exercise with weights,2.0,2-3 times in the last 4 weeks
q116a,exercise with weights,3.0,once a week
q116a,exercise with weights,4.0,2-3 times a week
q116a,exercise with weights,5.0,4-5 times a week
q116a,exercise with weights,6.0,everyday
q116b,hours,88.0,
q116c,minutes,88.0,
q117a,conditioning exercises,0.0,None
q117a,conditioning exercises,1.0,Once in the last 4 weeks
q117a,conditioning exercises,2.0,2-3 times in the last 4 weeks
q117a,conditioning exercises,3.0,once a week
q117a,conditioning exercises,4.0,2-3 times a week
q117a,conditioning exercises,5.0,4-5 times a week
q117a,conditioning exercises,6.0,everyday
q117b,hours,88.0,
q117c,minutes,88.0,
q118a,floor exercises,0.0,None
q118a,floor exercises,1.0,Once in the last 4 weeks
q118a,floor exercises,2.0,2-3 times in the last 4 weeks
q118a,floor exercises,3.0,once a week
q118a,floor exercises,4.0,2-3 times a week
q118a,floor exercises,5.0,4-5 times a week
q118a,floor exercises,6.0,everyday
q118b,hours,88.0,
q118c,minutes,88.0,
q119a,dancing,0.0,None
q119a,dancing,1.0,Once in the last 4 weeks
q119a,dancing,2.0,2-3 times in the last 4 weeks
q119a,dancing,3.0,once a week
q119a,dancing,4.0,2-3 times a week
q119a,dancing,5.0,4-5 times a week
q119a,dancing,6.0,everyday
q119b,hours,88.0,
q119c,minutes,88.0,
q120a,competitive running,0.0,None
q120a,competitive running,1.0,Once in the last 4 weeks
q120a,competitive running,2.0,2-3 times in the last 4 weeks
q120a,competitive running,3.0,once a week
q120a,competitive running,4.0,2-3 times a week
q120a,competitive running,5.0,4-5 times a week
q120a,competitive running,6.0,everyday
q120b,hours,88.0,
q120c,minutes,88.0,
q121a,jogging,0.0,None
q121a,jogging,1.0,Once in the last 4 weeks
q121a,jogging,2.0,2-3 times in the last 4 weeks
q121a,jogging,3.0,once a week
q121a,jogging,4.0,2-3 times a week
q121a,jogging,5.0,4-5 times a week
q121a,jogging,6.0,everyday
q121b,hours,88.0,
q121c,minutes,88.0,
q122a,bowling,0.0,None
q122a,bowling,1.0,Once in the last 4 weeks
q122a,bowling,2.0,2-3 times in the last 4 weeks
q122a,bowling,3.0,once a week
q122a,bowling,4.0,2-3 times a week
q122a,bowling,5.0,4-5 times a week
q122a,bowling,6.0,everyday
q122b,hours,88.0,
q122c,minutes,88.0,
q123a,tennis or badminton,0.0,None
q123a,tennis or badminton,1.0,Once in the last 4 weeks
q123a,tennis or badminton,2.0,2-3 times in the last 4 weeks
q123a,tennis or badminton,3.0,once a week
q123a,tennis or badminton,4.0,2-3 times a week
q123a,tennis or badminton,5.0,4-5 times a week
q123a,tennis or badminton,6.0,everyday
q123b,hours,88.0,
q123c,minutes,88.0,
q124a,squash,0.0,None
q124a,squash,1.0,Once in the last 4 weeks
q124a,squash,2.0,2-3 times in the last 4 weeks
q124a,squash,3.0,once a week
q124a,squash,4.0,2-3 times a week
q124a,squash,5.0,4-5 times a week
q124a,squash,6.0,everyday
q124b,hours,88.0,
q124c,minutes,88.0,
q125a,table tennis,0.0,None
q125a,table tennis,1.0,Once in the last 4 weeks
q125a,table tennis,2.0,2-3 times in the last 4 weeks
q125a,table tennis,3.0,once a week
q125a,table tennis,4.0,2-3 times a week
q125a,table tennis,5.0,4-5 times a week
q125a,table tennis,6.0,everyday
q125b,hours,88.0,
q125c,minutes,88.0,
q126a,golf,0.0,None
q126a,golf,1.0,Once in the last 4 weeks
q126a,golf,2.0,2-3 times in the last 4 weeks
q126a,golf,3.0,once a week
q126a,golf,4.0,2-3 times a week
q126a,golf,5.0,4-5 times a week
q126a,golf,6.0,everyday
q126b,hours,88.0,
q126c,minutes,88.0,
q127a,football,0.0,None
q127a,football,1.0,Once in the last 4 weeks
q127a,football,2.0,2-3 times in the last 4 weeks
q127a,football,3.0,once a week
q127a,football,4.0,2-3 times a week
q127a,football,5.0,4-5 times a week
q127a,football,6.0,everyday
q127b,hours,88.0,
q127c,minutes,88.0,
q128a,cricket,0.0,None
q128a,cricket,1.0,Once in the last 4 weeks
q128a,cricket,2.0,2-3 times in the last 4 weeks
q128a,cricket,3.0,once a week
q128a,cricket,4.0,2-3 times a week
q128a,cricket,5.0,4-5 times a week
q128a,cricket,6.0,everyday
q128b,hours,88.0,
q128c,minutes,88.0,
q129a,rowing,0.0,None
q129a,rowing,1.0,Once in the last 4 weeks
q129a,rowing,2.0,2-3 times in the last 4 weeks
q129a,rowing,3.0,once a week
q129a,rowing,4.0,2-3 times a week
q129a,rowing,5.0,4-5 times a week
q129a,rowing,6.0,everyday
q129b,hours,88.0,
q129c,minutes,88.0,
q130a,netball,0.0,None
q130a,netball,1.0,Once in the last 4 weeks
q130a,netball,2.0,2-3 times in the last 4 weeks
q130a,netball,3.0,once a week
q130a,netball,4.0,2-3 times a week
q130a,netball,5.0,4-5 times a week
q130a,netball,6.0,everyday
q130b,hours,88.0,
q130c,minutes,88.0,
q131a,fishing,0.0,None
q131a,fishing,1.0,Once in the last 4 weeks
q131a,fishing,2.0,2-3 times in the last 4 weeks
q131a,fishing,3.0,once a week
q131a,fishing,4.0,2-3 times a week
q131a,fishing,5.0,4-5 times a week
q131a,fishing,6.0,everyday
q131b,hours,88.0,
q131c,minutes,88.0,
q132a,snooker,0.0,None
q132a,snooker,1.0,Once in the last 4 weeks
q132a,snooker,2.0,2-3 times in the last 4 weeks
q132a,snooker,3.0,once a week
q132a,snooker,4.0,2-3 times a week
q132a,snooker,5.0,4-5 times a week
q132a,snooker,6.0,everyday
q132b,hours,88.0,
q132c,minutes,88.0,
q133a,musical instrument playing or singing,0.0,None
q133a,musical instrument playing or singing,1.0,Once in the last 4 weeks
q133a,musical instrument playing or singing,2.0,2-3 times in the last 4 weeks
q133a,musical instrument playing or singing,3.0,once a week
q133a,musical instrument playing or singing,4.0,2-3 times a week
q133a,musical instrument playing or singing,5.0,4-5 times a week
q133a,musical instrument playing or singing,6.0,everyday
q133b,hours,88.0,
q133c,minutes,88.0,
q134a,ice-skating,0.0,None
q134a,ice-skating,1.0,Once in the last 4 weeks
q134a,ice-skating,2.0,2-3 times in the last 4 weeks
q134a,ice-skating,3.0,once a week
q134a,ice-skating,4.0,2-3 times a week
q134a,ice-skating,5.0,4-5 times a week
q134a,ice-skating,6.0,everyday
q134b,hours,88.0,
q134c,minutes,88.0,
q135a,sailing,0.0,None
q135a,sailing,1.0,Once in the last 4 weeks
q135a,sailing,2.0,2-3 times in the last 4 weeks
q135a,sailing,3.0,once a week
q135a,sailing,4.0,2-3 times a week
q135a,sailing,5.0,4-5 times a week
q135a,sailing,6.0,everyday
q135b,hours,88.0,
q135c,minutes,88.0,
q136a,martial arts,0.0,None
q136a,martial arts,1.0,Once in the last 4 weeks
q136a,martial arts,2.0,2-3 times in the last 4 weeks
q136a,martial arts,3.0,once a week
q136a,martial arts,4.0,2-3 times a week
q136a,martial arts,5.0,4-5 times a week
q136a,martial arts,6.0,everyday
q136b,hours,88.0,
q136c,minutes,88.0,
q137,How do you see yourself: are you generally a person that is fully prepared to take risks or do you try to avoid taking risks? 0=unwilling to take risks 10=fully prepared to take risks,,
q138,Are you a person that is fully prepared to take financial risks or do you try to avoid taking financial risks? 0=unwilling to take risks 10=fully prepared to take risks,,
q139,Which risk?,1.0,income A 1500 per month for the rest of your life
q139,Which risk?,2.0,income B 50-50 chance of 3000 ans a 50 50 chance of 1000 per month for the rest of your life
q140,Which risk?,1.0,"income A certainly give you Â£1,500 per month for the rest of your life"
q140,Which risk?,2.0,"Income B 50-50 chanceof 3,000 and a 50-50 chance of Â£1,200"
q141,Which risk?,1.0,"Income A, which will certainly give you a Â£1,500 per month for the rest of your life"
q141,Which risk?,2.0,"Income B, which will give you a 50-50 chance of Â£3,000 and a 50-50 chance of Â£1,300 per month for the rest of your life"
q142,Which risk?,1.0,"Â£1,500"
q142,Which risk?,2.0,"Â£1,506 a month from now"
q143,Which risk?,1.0,"Â£1,500"
q143,Which risk?,2.0,"Â£1,512 a month from now"
q144,Which risk?,1.0,"Â£1,500"
q144,Which risk?,2.0,"Â£1,518"
q145,Which risk?,1.0,"Â£1,500"
q145,Which risk?,2.0,"Â£1,524"
q146,Which risk?,1.0,"Â£1,500"
q146,Which risk?,2.0,"Â£1,536"
q147,Which risk?,1.0,"Â£1,500"
q147,Which risk?,2.0,"Â£1,548"
q148,Which risk?,1.0,"Â£1,500"
q148,Which risk?,2.0,"Â£1,596"
q149,Generally speaking,,
q150,Do you think most people would try to take advantage of you if they got a chance,,
q151,In uncertain times,,
q152,If something can go wrong for me,,
q153,You are always optimistic about your future,,
q154,I am not a worrier,1.0,strongly agree
q154,I am not a worrier,2.0,agree
q154,I am not a worrier,3.0,neutral
q154,I am not a worrier,4.0,disagree
q154,I am not a worrier,5.0,strongly disagree
q155,I like to have a lot of people around me,1.0,strongly agree
q155,I like to have a lot of people around me,2.0,agree
q155,I like to have a lot of people around me,3.0,neutral
q155,I like to have a lot of people around me,4.0,disagree
q155,I like to have a lot of people around me,5.0,strongly disagree
q156,I enjoy concentrating on a fantasy or a daydream and exploring all its possibilities letting it grow and develop,1.0,strongly agree
q156,I enjoy concentrating on a fantasy or a daydream and exploring all its possibilities letting it grow and develop,2.0,agree
q156,I enjoy concentrating on a fantasy or a daydream and exploring all its possibilities letting it grow and develop,3.0,neutral
q156,I enjoy concentrating on a fantasy or a daydream and exploring all its possibilities letting it grow and develop,4.0,disagree
q156,I enjoy concentrating on a fantasy or a daydream and exploring all its possibilities letting it grow and develop,5.0,strongly disagree
q157,I try to be courteous to everyone I meet,1.0,strongly agree
q157,I try to be courteous to everyone I meet,2.0,agree
q157,I try to be courteous to everyone I meet,3.0,neutral
q157,I try to be courteous to everyone I meet,4.0,disagree
q157,I try to be courteous to everyone I meet,5.0,strongly disagree
q158,I keep my belonging neat and clean,1.0,strongly agree
q158,I keep my belonging neat and clean,2.0,agree
q158,I keep my belonging neat and clean,3.0,neutral
q158,I keep my belonging neat and clean,4.0,disagree
q158,I keep my belonging neat and clean,5.0,strongly disagree
q159,At times I feel bitter and resentful,1.0,strongly agree
q159,At times I feel bitter and resentful,2.0,agree
q159,At times I feel bitter and resentful,3.0,neutral
q159,At times I feel bitter and resentful,4.0,disagree
q159,At times I feel bitter and resentful,5.0,strongly disagree
q160,I laugh easily,1.0,strongly agree
q160,I laugh easily,2.0,agree
q160,I laugh easily,3.0,neutral
q160,I laugh easily,4.0,disagree
q160,I laugh easily,5.0,strongly disagree
q161,I think its interesting to learn and develop new hobbies,1.0,strongly agree
q161,I think its interesting to learn and develop new hobbies,2.0,agree
q161,I think its interesting to learn and develop new hobbies,3.0,neutral
q161,I think its interesting to learn and develop new hobbies,4.0,disagree
q161,I think its interesting to learn and develop new hobbies,5.0,strongly disagree
q162,At times I bully or flatter people into doing what I want them to,1.0,strongly agree
q162,At times I bully or flatter people into doing what I want them to,2.0,agree
q162,At times I bully or flatter people into doing what I want them to,3.0,neutral
q162,At times I bully or flatter people into doing what I want them to,4.0,disagree
q162,At times I bully or flatter people into doing what I want them to,5.0,strongly disagree
q163,I'm pretty good about pacing myself so as to get things done on time,1.0,strongly agree
q163,I'm pretty good about pacing myself so as to get things done on time,2.0,agree
q163,I'm pretty good about pacing myself so as to get things done on time,3.0,neutral
q163,I'm pretty good about pacing myself so as to get things done on time,4.0,disagree
q163,I'm pretty good about pacing myself so as to get things done on time,5.0,strongly disagree
q164,When I'm under a great deal of stress,1.0,strongly agree
q164,When I'm under a great deal of stress,2.0,agree
q164,When I'm under a great deal of stress,3.0,neutral
q164,When I'm under a great deal of stress,4.0,disagree
q164,When I'm under a great deal of stress,5.0,strongly disagree
q165,I prefer jobs that let me work alone without being bothered by other people,1.0,strongly agree
q165,I prefer jobs that let me work alone without being bothered by other people,2.0,agree
q165,I prefer jobs that let me work alone without being bothered by other people,3.0,neutral
q165,I prefer jobs that let me work alone without being bothered by other people,4.0,disagree
q165,I prefer jobs that let me work alone without being bothered by other people,5.0,strongly disagree
q166,I am intrigued by patterns i find in art and nature,1.0,strongly agree
q166,I am intrigued by patterns i find in art and nature,2.0,agree
q166,I am intrigued by patterns i find in art and nature,3.0,neutral
q166,I am intrigued by patterns i find in art and nature,4.0,disagree
q166,I am intrigued by patterns i find in art and nature,5.0,strongly disagree
q167,Some people think I'm selfish egotistical,1.0,strongly agree
q167,Some people think I'm selfish egotistical,2.0,agree
q167,Some people think I'm selfish egotistical,3.0,neutral
q167,Some people think I'm selfish egotistical,4.0,disagree
q167,Some people think I'm selfish egotistical,5.0,strongly disagree
q168,I often come into situations without being fully prepared,1.0,strongly agree
q168,I often come into situations without being fully prepared,2.0,agree
q168,I often come into situations without being fully prepared,3.0,neutral
q168,I often come into situations without being fully prepared,4.0,disagree
q168,I often come into situations without being fully prepared,5.0,strongly disagree
q169,I rarely feel lonely and blue,1.0,strongly agree
q169,I rarely feel lonely and blue,2.0,agree
q169,I rarely feel lonely and blue,3.0,neutral
q169,I rarely feel lonely and blue,4.0,disagree
q169,I rarely feel lonely and blue,5.0,strongly disagree
q170,I really enjoy talking to people,1.0,strongly agree
q170,I really enjoy talking to people,2.0,agree
q170,I really enjoy talking to people,3.0,neutral
q170,I really enjoy talking to people,4.0,disagree
q170,I really enjoy talking to people,5.0,strongly disagree
q171,I believe letting students hear controversial speakers can only confuse and mislead them,1.0,strongly agree
q171,I believe letting students hear controversial speakers can only confuse and mislead them,2.0,agree
q171,I believe letting students hear controversial speakers can only confuse and mislead them,3.0,neutral
q171,I believe letting students hear controversial speakers can only confuse and mislead them,4.0,disagree
q171,I believe letting students hear controversial speakers can only confuse and mislead them,5.0,strongly disagree
q172,If someone starts a fight,1.0,strongly agree
q172,If someone starts a fight,2.0,agree
q172,If someone starts a fight,3.0,neutral
q172,If someone starts a fight,4.0,disagree
q172,If someone starts a fight,5.0,strongly disagree
q173,I try to perform all the tasks assigned to be conscientious,1.0,strongly agree
q173,I try to perform all the tasks assigned to be conscientious,2.0,agree
q173,I try to perform all the tasks assigned to be conscientious,3.0,neutral
q173,I try to perform all the tasks assigned to be conscientious,4.0,disagree
q173,I try to perform all the tasks assigned to be conscientious,5.0,strongly disagree
q174,I often feel tense and jittery,1.0,strongly agree
q174,I often feel tense and jittery,2.0,agree
q174,I often feel tense and jittery,3.0,neutral
q174,I often feel tense and jittery,4.0,disagree
q174,I often feel tense and jittery,5.0,strongly disagree
q175,I like to be where the action is,1.0,strongly agree
q175,I like to be where the action is,2.0,agree
q175,I like to be where the action is,3.0,neutral
q175,I like to be where the action is,4.0,disagree
q175,I like to be where the action is,5.0,strongly disagree
q176,Poetry has little or no effect on me,1.0,strongly agree
q176,Poetry has little or no effect on me,2.0,agree
q176,Poetry has little or no effect on me,3.0,neutral
q176,Poetry has little or no effect on me,4.0,disagree
q176,Poetry has little or no effect on me,5.0,strongly disagree
q177,I'm better than most people and I know,1.0,strongly agree
q177,I'm better than most people and I know,2.0,agree
q177,I'm better than most people and I know,3.0,neutral
q177,I'm better than most people and I know,4.0,disagree
q177,I'm better than most people and I know,5.0,strongly disagree
q178,I have a clear set of goals and work towards them in an orderly fashion,1.0,strongly agree
q178,I have a clear set of goals and work towards them in an orderly fashion,2.0,agree
q178,I have a clear set of goals and work towards them in an orderly fashion,3.0,neutral
q178,I have a clear set of goals and work towards them in an orderly fashion,4.0,disagree
q178,I have a clear set of goals and work towards them in an orderly fashion,5.0,strongly disagree
q179,Sometimes I feel completely,1.0,strongly agree
q179,Sometimes I feel completely,2.0,agree
q179,Sometimes I feel completely,3.0,neutral
q179,Sometimes I feel completely,4.0,disagree
q179,Sometimes I feel completely,5.0,strongly disagree
q180,I shy away from crowds of people,1.0,strongly agree
q180,I shy away from crowds of people,2.0,agree
q180,I shy away from crowds of people,3.0,neutral
q180,I shy away from crowds of people,4.0,disagree
q180,I shy away from crowds of people,5.0,strongly disagree
q181,I would have difficulty just letting my mind wander without control or guidance,1.0,strongly agree
q181,I would have difficulty just letting my mind wander without control or guidance,2.0,agree
q181,I would have difficulty just letting my mind wander without control or guidance,3.0,neutral
q181,I would have difficulty just letting my mind wander without control or guidance,4.0,disagree
q181,I would have difficulty just letting my mind wander without control or guidance,5.0,strongly disagree
q182,When I have been insulted I just try to forgive and forget,1.0,strongly agree
q182,When I have been insulted I just try to forgive and forget,2.0,agree
q182,When I have been insulted I just try to forgive and forget,3.0,neutral
q182,When I have been insulted I just try to forgive and forget,4.0,disagree
q182,When I have been insulted I just try to forgive and forget,5.0,strongly disagree
q183,I waste a lot of time before settling down to work,1.0,strongly agree
q183,I waste a lot of time before settling down to work,2.0,agree
q183,I waste a lot of time before settling down to work,3.0,neutral
q183,I waste a lot of time before settling down to work,4.0,disagree
q183,I waste a lot of time before settling down to work,5.0,strongly disagree
q184,I rarely feel fearful or anxious,1.0,strongly agree
q184,I rarely feel fearful or anxious,2.0,agree
q184,I rarely feel fearful or anxious,3.0,neutral
q184,I rarely feel fearful or anxious,4.0,disagree
q184,I rarely feel fearful or anxious,5.0,strongly disagree
q185,I often feel as if I'm bursting with energy,1.0,strongly agree
q185,I often feel as if I'm bursting with energy,2.0,agree
q185,I often feel as if I'm bursting with energy,3.0,neutral
q185,I often feel as if I'm bursting with energy,4.0,disagree
q185,I often feel as if I'm bursting with energy,5.0,strongly disagree
q186,I seldom notice the moods or feelings that different environments produce,1.0,strongly agree
q186,I seldom notice the moods or feelings that different environments produce,2.0,agree
q186,I seldom notice the moods or feelings that different environments produce,3.0,neutral
q186,I seldom notice the moods or feelings that different environments produce,4.0,disagree
q186,I seldom notice the moods or feelings that different environments produce,5.0,strongly disagree
q187,I tend to assume the best about people,1.0,strongly agree
q187,I tend to assume the best about people,2.0,agree
q187,I tend to assume the best about people,3.0,neutral
q187,I tend to assume the best about people,4.0,disagree
q187,I tend to assume the best about people,5.0,strongly disagree
q188,I work hard to accomplish my goals,1.0,strongly agree
q188,I work hard to accomplish my goals,2.0,agree
q188,I work hard to accomplish my goals,3.0,neutral
q188,I work hard to accomplish my goals,4.0,disagree
q188,I work hard to accomplish my goals,5.0,strongly disagree
q189,I often get angry at the way people treat me,1.0,strongly agree
q189,I often get angry at the way people treat me,2.0,agree
q189,I often get angry at the way people treat me,3.0,neutral
q189,I often get angry at the way people treat me,4.0,disagree
q189,I often get angry at the way people treat me,5.0,strongly disagree
q190,I am a cheerful,1.0,strongly agree
q190,I am a cheerful,2.0,agree
q190,I am a cheerful,3.0,neutral
q190,I am a cheerful,4.0,disagree
q190,I am a cheerful,5.0,strongly disagree
q191,I experience a wide range of emotions and feelings,1.0,strongly agree
q191,I experience a wide range of emotions and feelings,2.0,agree
q191,I experience a wide range of emotions and feelings,3.0,neutral
q191,I experience a wide range of emotions and feelings,4.0,disagree
q191,I experience a wide range of emotions and feelings,5.0,strongly disagree
q192,Some people think of me as cold and calculating,1.0,strongly agree
q192,Some people think of me as cold and calculating,2.0,agree
q192,Some people think of me as cold and calculating,3.0,neutral
q192,Some people think of me as cold and calculating,4.0,disagree
q192,Some people think of me as cold and calculating,5.0,strongly disagree
q193,When I make a commitment I can always be counted on to follow through,1.0,strongly agree
q193,When I make a commitment I can always be counted on to follow through,2.0,agree
q193,When I make a commitment I can always be counted on to follow through,3.0,neutral
q193,When I make a commitment I can always be counted on to follow through,4.0,disagree
q193,When I make a commitment I can always be counted on to follow through,5.0,strongly disagree
q194,Too often,1.0,strongly agree
q194,Too often,2.0,agree
q194,Too often,3.0,neutral
q194,Too often,4.0,disagree
q194,Too often,5.0,strongly disagree
q195,I don't get much pleasure from chatting with people,1.0,strongly agree
q195,I don't get much pleasure from chatting with people,2.0,agree
q195,I don't get much pleasure from chatting with people,3.0,neutral
q195,I don't get much pleasure from chatting with people,4.0,disagree
q195,I don't get much pleasure from chatting with people,5.0,strongly disagree
q196,Sometimes when I am reading poetry or looking at a work of art,1.0,strongly agree
q196,Sometimes when I am reading poetry or looking at a work of art,2.0,agree
q196,Sometimes when I am reading poetry or looking at a work of art,3.0,neutral
q196,Sometimes when I am reading poetry or looking at a work of art,4.0,disagree
q196,Sometimes when I am reading poetry or looking at a work of art,5.0,strongly disagree
q197,I have no sympathy for beggars,1.0,strongly agree
q197,I have no sympathy for beggars,2.0,agree
q197,I have no sympathy for beggars,3.0,neutral
q197,I have no sympathy for beggars,4.0,disagree
q197,I have no sympathy for beggars,5.0,strongly disagree
q198,Sometimes I'm not as dependable or reliable as I should be,1.0,strongly agree
q198,Sometimes I'm not as dependable or reliable as I should be,2.0,agree
q198,Sometimes I'm not as dependable or reliable as I should be,3.0,neutral
q198,Sometimes I'm not as dependable or reliable as I should be,4.0,disagree
q198,Sometimes I'm not as dependable or reliable as I should be,5.0,strongly disagree
q199,I am seldom sad or depressed,1.0,strongly agree
q199,I am seldom sad or depressed,2.0,agree
q199,I am seldom sad or depressed,3.0,neutral
q199,I am seldom sad or depressed,4.0,disagree
q199,I am seldom sad or depressed,5.0,strongly disagree
q200,My life is fast-paced,1.0,strongly agree
q200,My life is fast-paced,2.0,agree
q200,My life is fast-paced,3.0,neutral
q200,My life is fast-paced,4.0,disagree
q200,My life is fast-paced,5.0,strongly disagree
q201,I have little interest in speculating on the nature of the universe or the human condition,1.0,strongly agree
q201,I have little interest in speculating on the nature of the universe or the human condition,2.0,agree
q201,I have little interest in speculating on the nature of the universe or the human condition,3.0,neutral
q201,I have little interest in speculating on the nature of the universe or the human condition,4.0,disagree
q201,I have little interest in speculating on the nature of the universe or the human condition,5.0,strongly disagree
q202,I generally try to be thoughtful and considerate,1.0,strongly agree
q202,I generally try to be thoughtful and considerate,2.0,agree
q202,I generally try to be thoughtful and considerate,3.0,neutral
q202,I generally try to be thoughtful and considerate,4.0,disagree
q202,I generally try to be thoughtful and considerate,5.0,strongly disagree
q203,I am a productive person who always gets the job done,1.0,strongly agree
q203,I am a productive person who always gets the job done,2.0,agree
q203,I am a productive person who always gets the job done,3.0,neutral
q203,I am a productive person who always gets the job done,4.0,disagree
q203,I am a productive person who always gets the job done,5.0,strongly disagree
q204,I often feel helpless and want someone else to solve my problems,1.0,strongly agree
q204,I often feel helpless and want someone else to solve my problems,2.0,agree
q204,I often feel helpless and want someone else to solve my problems,3.0,neutral
q204,I often feel helpless and want someone else to solve my problems,4.0,disagree
q204,I often feel helpless and want someone else to solve my problems,5.0,strongly disagree
q205,I am a very active person,1.0,strongly agree
q205,I am a very active person,2.0,agree
q205,I am a very active person,3.0,neutral
q205,I am a very active person,4.0,disagree
q205,I am a very active person,5.0,strongly disagree
q206,I have a lot of intellectual curiosity,1.0,strongly agree
q206,I have a lot of intellectual curiosity,2.0,agree
q206,I have a lot of intellectual curiosity,3.0,neutral
q206,I have a lot of intellectual curiosity,4.0,disagree
q206,I have a lot of intellectual curiosity,5.0,strongly disagree
q207,If I don't like people I let them know it,1.0,strongly agree
q207,If I don't like people I let them know it,2.0,agree
q207,If I don't like people I let them know it,3.0,neutral
q207,If I don't like people I let them know it,4.0,disagree
q207,If I don't like people I let them know it,5.0,strongly disagree
q208,I never seem to get organised,1.0,strongly agree
q208,I never seem to get organised,2.0,agree
q208,I never seem to get organised,3.0,neutral
q208,I never seem to get organised,4.0,disagree
q208,I never seem to get organised,5.0,strongly disagree
q209,At times I have been so ashamed I just want to hide,1.0,strongly agree
q209,At times I have been so ashamed I just want to hide,2.0,agree
q209,At times I have been so ashamed I just want to hide,3.0,neutral
q209,At times I have been so ashamed I just want to hide,4.0,disagree
q209,At times I have been so ashamed I just want to hide,5.0,strongly disagree
q210,I would rather go on my own than be a leader of others,1.0,strongly agree
q210,I would rather go on my own than be a leader of others,2.0,agree
q210,I would rather go on my own than be a leader of others,3.0,neutral
q210,I would rather go on my own than be a leader of others,4.0,disagree
q210,I would rather go on my own than be a leader of others,5.0,strongly disagree
q211,I often enjoy playing with theories or abstract ideas,1.0,strongly agree
q211,I often enjoy playing with theories or abstract ideas,2.0,agree
q211,I often enjoy playing with theories or abstract ideas,3.0,neutral
q211,I often enjoy playing with theories or abstract ideas,4.0,disagree
q211,I often enjoy playing with theories or abstract ideas,5.0,strongly disagree
q212,If necessary,1.0,strongly agree
q212,If necessary,2.0,agree
q212,If necessary,3.0,neutral
q212,If necessary,4.0,disagree
q212,If necessary,5.0,strongly disagree
q213,I strive for excellence in everything I do,1.0,strongly agree
q213,I strive for excellence in everything I do,2.0,agree
q213,I strive for excellence in everything I do,3.0,neutral
q213,I strive for excellence in everything I do,4.0,disagree
q213,I strive for excellence in everything I do,5.0,strongly disagree
avail_from_dt,,,
