variable_name,variable_label,value_value,value_label
study_id_e,,,
w8relid,sortkey: previous partner identifier,,
w8relpast,Whether lived with anyone else as a couple for one month or more,-9.0,Refused
w8relpast,Whether lived with anyone else as a couple for one month or more,-8.0,Don't know
w8relpast,Whether lived with anyone else as a couple for one month or more,-1.0,Not applicable
w8relpast,Whether lived with anyone else as a couple for one month or more,1.0,Yes
w8relpast,Whether lived with anyone else as a couple for one month or more,2.0,No
w8multepis,Previous live in partner same person or different,-9.0,Refused
w8multepis,Previous live in partner same person or different,-8.0,Don't know
w8multepis,Previous live in partner same person or different,-1.0,Not applicable
w8multepis,Previous live in partner same person or different,1.0,Same person
w8multepis,Previous live in partner same person or different,2.0,Someone different
w8opsex,Previous partnerâ€™s sex,-9.0,Refused
w8opsex,Previous partnerâ€™s sex,-8.0,Don't know
w8opsex,Previous partnerâ€™s sex,-1.0,Not applicable
w8opsex,Previous partnerâ€™s sex,1.0,Male
w8opsex,Previous partnerâ€™s sex,2.0,Female
w8opdobm,Previous partnerâ€™s month of birth,-9.0,Refused
w8opdobm,Previous partnerâ€™s month of birth,-8.0,Don't know
w8opdobm,Previous partnerâ€™s month of birth,-1.0,Not applicable
w8opdobm,Previous partnerâ€™s month of birth,1.0,January
w8opdobm,Previous partnerâ€™s month of birth,2.0,February
w8opdobm,Previous partnerâ€™s month of birth,3.0,March
w8opdobm,Previous partnerâ€™s month of birth,4.0,April
w8opdobm,Previous partnerâ€™s month of birth,5.0,May
w8opdobm,Previous partnerâ€™s month of birth,6.0,June
w8opdobm,Previous partnerâ€™s month of birth,7.0,July
w8opdobm,Previous partnerâ€™s month of birth,8.0,August
w8opdobm,Previous partnerâ€™s month of birth,9.0,September
w8opdobm,Previous partnerâ€™s month of birth,10.0,October
w8opdobm,Previous partnerâ€™s month of birth,11.0,November
w8opdobm,Previous partnerâ€™s month of birth,12.0,December
w8opdoby,Previous partnerâ€™s year of birth,-9.0,Refused
w8opdoby,Previous partnerâ€™s year of birth,-8.0,Don't know
w8opdoby,Previous partnerâ€™s year of birth,-1.0,Not applicable
w8opage,Previous partnerâ€™s age last birthday,-9.0,Refused
w8opage,Previous partnerâ€™s age last birthday,-8.0,Don't know
w8opage,Previous partnerâ€™s age last birthday,-1.0,Not applicable
w8opms,Relationship status with previous partner,-9.0,Refused
w8opms,Relationship status with previous partner,-8.0,Don't know
w8opms,Relationship status with previous partner,-1.0,Not applicable
w8opms,Relationship status with previous partner,1.0,Yes got married
w8opms,Relationship status with previous partner,2.0,Yes got married (same sex)
w8opms,Relationship status with previous partner,3.0,Formed legally recognised CP
w8opms,Relationship status with previous partner,4.0,Did not get married
w8crhowend,Reason for end of living together,-9.0,Refused
w8crhowend,Reason for end of living together,-8.0,Don't know
w8crhowend,Reason for end of living together,-1.0,Not applicable
w8crhowend,Reason for end of living together,1.0,Your relationship ended/you separated
w8crhowend,Reason for end of living together,2.0,Living together not suitable; rel contd
w8crhowend,Reason for end of living together,3.0,Your partner died
w8crdivor,Whether got divorced/ended CP,-9.0,Refused
w8crdivor,Whether got divorced/ended CP,-8.0,Don't know
w8crdivor,Whether got divorced/ended CP,-1.0,Not applicable
w8crdivor,Whether got divorced/ended CP,1.0,Yes
w8crdivor,Whether got divorced/ended CP,2.0,No
w8oplivebm,Month started living together with previous partner,-9.0,Refused
w8oplivebm,Month started living together with previous partner,-8.0,Don't know
w8oplivebm,Month started living together with previous partner,-1.0,Not applicable
w8oplivebm,Month started living together with previous partner,1.0,January
w8oplivebm,Month started living together with previous partner,2.0,February
w8oplivebm,Month started living together with previous partner,3.0,March
w8oplivebm,Month started living together with previous partner,4.0,April
w8oplivebm,Month started living together with previous partner,5.0,May
w8oplivebm,Month started living together with previous partner,6.0,June
w8oplivebm,Month started living together with previous partner,7.0,July
w8oplivebm,Month started living together with previous partner,8.0,August
w8oplivebm,Month started living together with previous partner,9.0,September
w8oplivebm,Month started living together with previous partner,10.0,October
w8oplivebm,Month started living together with previous partner,11.0,November
w8oplivebm,Month started living together with previous partner,12.0,December
w8opliveby,Year started living together with previous partner,-9.0,Refused
w8opliveby,Year started living together with previous partner,-8.0,Don't know
w8opliveby,Year started living together with previous partner,-1.0,Not applicable
w8opliveem,Month stopped living with previous partner / partner died,-9.0,Refused
w8opliveem,Month stopped living with previous partner / partner died,-8.0,Don't know
w8opliveem,Month stopped living with previous partner / partner died,-1.0,Not applicable
w8opliveem,Month stopped living with previous partner / partner died,1.0,January
w8opliveem,Month stopped living with previous partner / partner died,2.0,February
w8opliveem,Month stopped living with previous partner / partner died,3.0,March
w8opliveem,Month stopped living with previous partner / partner died,4.0,April
w8opliveem,Month stopped living with previous partner / partner died,5.0,May
w8opliveem,Month stopped living with previous partner / partner died,6.0,June
w8opliveem,Month stopped living with previous partner / partner died,7.0,July
w8opliveem,Month stopped living with previous partner / partner died,8.0,August
w8opliveem,Month stopped living with previous partner / partner died,9.0,September
w8opliveem,Month stopped living with previous partner / partner died,10.0,October
w8opliveem,Month stopped living with previous partner / partner died,11.0,November
w8opliveem,Month stopped living with previous partner / partner died,12.0,December
w8opliveey,Year stopped living with previous partner / partner died,-9.0,Refused
w8opliveey,Year stopped living with previous partner / partner died,-8.0,Don't know
w8opliveey,Year stopped living with previous partner / partner died,-1.0,Not applicable
w8opwhenmam,Month married/civil partnership with previous partner,-9.0,Refused
w8opwhenmam,Month married/civil partnership with previous partner,-8.0,Don't know
w8opwhenmam,Month married/civil partnership with previous partner,-1.0,Not applicable
w8opwhenmam,Month married/civil partnership with previous partner,1.0,January
w8opwhenmam,Month married/civil partnership with previous partner,2.0,February
w8opwhenmam,Month married/civil partnership with previous partner,3.0,March
w8opwhenmam,Month married/civil partnership with previous partner,4.0,April
w8opwhenmam,Month married/civil partnership with previous partner,5.0,May
w8opwhenmam,Month married/civil partnership with previous partner,6.0,June
w8opwhenmam,Month married/civil partnership with previous partner,7.0,July
w8opwhenmam,Month married/civil partnership with previous partner,8.0,August
w8opwhenmam,Month married/civil partnership with previous partner,9.0,September
w8opwhenmam,Month married/civil partnership with previous partner,10.0,October
w8opwhenmam,Month married/civil partnership with previous partner,11.0,November
w8opwhenmam,Month married/civil partnership with previous partner,12.0,December
w8opwhenmay,Year married/civil partnership with previous partner,-9.0,Refused
w8opwhenmay,Year married/civil partnership with previous partner,-8.0,Don't know
w8opwhenmay,Year married/civil partnership with previous partner,-1.0,Not applicable
w8crdivwhm,Month divorced/ended civil partnership with previous partner,-9.0,Refused
w8crdivwhm,Month divorced/ended civil partnership with previous partner,-8.0,Don't know
w8crdivwhm,Month divorced/ended civil partnership with previous partner,-1.0,Not applicable
w8crdivwhm,Month divorced/ended civil partnership with previous partner,1.0,January
w8crdivwhm,Month divorced/ended civil partnership with previous partner,2.0,February
w8crdivwhm,Month divorced/ended civil partnership with previous partner,3.0,March
w8crdivwhm,Month divorced/ended civil partnership with previous partner,4.0,April
w8crdivwhm,Month divorced/ended civil partnership with previous partner,5.0,May
w8crdivwhm,Month divorced/ended civil partnership with previous partner,6.0,June
w8crdivwhm,Month divorced/ended civil partnership with previous partner,7.0,July
w8crdivwhm,Month divorced/ended civil partnership with previous partner,8.0,August
w8crdivwhm,Month divorced/ended civil partnership with previous partner,9.0,September
w8crdivwhm,Month divorced/ended civil partnership with previous partner,10.0,October
w8crdivwhm,Month divorced/ended civil partnership with previous partner,11.0,November
w8crdivwhm,Month divorced/ended civil partnership with previous partner,12.0,December
w8crdivwhy,Year divorced/ended civil partnership with previous partner,-9.0,Refused
w8crdivwhy,Year divorced/ended civil partnership with previous partner,-8.0,Don't know
w8crdivwhy,Year divorced/ended civil partnership with previous partner,-1.0,Not applicable
v3,None,,
avail_from_dt,,,
