variable_name,variable_label,value_value,value_label
study_id_e,,,
w8outcome,Derived: Outcome code (6 category),-1.0,Not applicable (Not issued to CLS)
w8outcome,Derived: Outcome code (6 category),1.0,Productive
w8outcome,Derived: Outcome code (6 category),2.0,Refusal
w8outcome,Derived: Outcome code (6 category),3.0,Other unproductive
w8outcome,Derived: Outcome code (6 category),4.0,Ineligible
w8outcome,Derived: Outcome code (6 category),5.0,Untraced
w8outcome,Derived: Outcome code (6 category),6.0,No contact
v3,None,,
avail_from_dt,,,
