variable_name,variable_label,value_value,value_label
study_id_e,,,
w8chid,sortkey: child identifier,,
w8nchsex,Childâ€™s sex,-9.0,Refused
w8nchsex,Childâ€™s sex,-8.0,Don't know
w8nchsex,Childâ€™s sex,-1.0,Not applicable
w8nchsex,Childâ€™s sex,1.0,Male
w8nchsex,Childâ€™s sex,2.0,Female
w8nchdobm,Childâ€™s month of birth,-9.0,Refused
w8nchdobm,Childâ€™s month of birth,-8.0,Don't know
w8nchdobm,Childâ€™s month of birth,-1.0,Not applicable
w8nchdobm,Childâ€™s month of birth,1.0,January
w8nchdobm,Childâ€™s month of birth,2.0,February
w8nchdobm,Childâ€™s month of birth,3.0,March
w8nchdobm,Childâ€™s month of birth,4.0,April
w8nchdobm,Childâ€™s month of birth,5.0,May
w8nchdobm,Childâ€™s month of birth,6.0,June
w8nchdobm,Childâ€™s month of birth,7.0,July
w8nchdobm,Childâ€™s month of birth,8.0,August
w8nchdobm,Childâ€™s month of birth,9.0,September
w8nchdobm,Childâ€™s month of birth,10.0,October
w8nchdobm,Childâ€™s month of birth,11.0,November
w8nchdobm,Childâ€™s month of birth,12.0,December
w8nchdoby,Childâ€™s year of birth,-9.0,Refused
w8nchdoby,Childâ€™s year of birth,-8.0,Don't know
w8nchdoby,Childâ€™s year of birth,-1.0,Not applicable
w8nchrage,Child's age last birthday,-9.0,Refused
w8nchrage,Child's age last birthday,-8.0,Don't know
w8nchrage,Child's age last birthday,-1.0,Not applicable
w8dnchrage,DV: Age of own children,-9.0,Refused
w8dnchrage,DV: Age of own children,-8.0,Insufficient information
w8dnchrage,DV: Age of own children,-1.0,Not applicable
w8nchrel,Child's relationship to respondent,-9.0,Refused
w8nchrel,Child's relationship to respondent,-8.0,Don't know
w8nchrel,Child's relationship to respondent,-1.0,Not applicable
w8nchrel,Child's relationship to respondent,1.0,My own (biological) child
w8nchrel,Child's relationship to respondent,2.0,Adopted child
w8nchrel,Child's relationship to respondent,3.0,Child of current/prev. spouse/partner
w8nchrel,Child's relationship to respondent,4.0,Fostered child
w8nchrel,Child's relationship to respondent,5.0,Other
w8nchrelp,Whether cohabiting partnerâ€™s child,-9.0,Refused
w8nchrelp,Whether cohabiting partnerâ€™s child,-8.0,Don't know
w8nchrelp,Whether cohabiting partnerâ€™s child,-1.0,Not applicable
w8nchrelp,Whether cohabiting partnerâ€™s child,1.0,Yes
w8nchrelp,Whether cohabiting partnerâ€™s child,2.0,No
w8parname,Whether previous partnerâ€™s child,-9.0,Refused
w8parname,Whether previous partnerâ€™s child,-8.0,Don't know
w8parname,Whether previous partnerâ€™s child,-1.0,Not applicable
w8parname,Whether previous partnerâ€™s child,1.0,PrevRelNo 1
w8parname,Whether previous partnerâ€™s child,2.0,PrevRelNo 2
w8parname,Whether previous partnerâ€™s child,3.0,PrevRelNo 3
w8parname,Whether previous partnerâ€™s child,11.0,None of these
w8pardobm,Childâ€™s parentâ€™s month of birth,-9.0,Refused
w8pardobm,Childâ€™s parentâ€™s month of birth,-8.0,Don't know
w8pardobm,Childâ€™s parentâ€™s month of birth,-1.0,Not applicable
w8pardobm,Childâ€™s parentâ€™s month of birth,1.0,January
w8pardobm,Childâ€™s parentâ€™s month of birth,2.0,February
w8pardobm,Childâ€™s parentâ€™s month of birth,3.0,March
w8pardobm,Childâ€™s parentâ€™s month of birth,4.0,April
w8pardobm,Childâ€™s parentâ€™s month of birth,5.0,May
w8pardobm,Childâ€™s parentâ€™s month of birth,6.0,June
w8pardobm,Childâ€™s parentâ€™s month of birth,7.0,July
w8pardobm,Childâ€™s parentâ€™s month of birth,8.0,August
w8pardobm,Childâ€™s parentâ€™s month of birth,9.0,September
w8pardobm,Childâ€™s parentâ€™s month of birth,10.0,October
w8pardobm,Childâ€™s parentâ€™s month of birth,11.0,November
w8pardobm,Childâ€™s parentâ€™s month of birth,12.0,December
w8pardoby,Childâ€™s parentâ€™s year of birth,-9.0,Refused
w8pardoby,Childâ€™s parentâ€™s year of birth,-8.0,Don't know
w8pardoby,Childâ€™s parentâ€™s year of birth,-1.0,Not applicable
w8parage,Childâ€™s parentâ€™s age,-9.0,Refused
w8parage,Childâ€™s parentâ€™s age,-8.0,Don't know
w8parage,Childâ€™s parentâ€™s age,-1.0,Not applicable
w8dparage,DV: Age of biological parent,-9.0,Refused
w8dparage,DV: Age of biological parent,-8.0,Insufficient information
w8dparage,DV: Age of biological parent,-1.0,Not applicable
w8nchpres,Whether child lives with respondent,-9.0,Refused
w8nchpres,Whether child lives with respondent,-8.0,Don't know
w8nchpres,Whether child lives with respondent,-1.0,Not applicable
w8nchpres,Whether child lives with respondent,1.0,Yes â€“ all of the time
w8nchpres,Whether child lives with respondent,2.0,Yes â€“ some of the time (shared custody)
w8nchpres,Whether child lives with respondent,3.0,No
w8nchevlv,Whether child has ever lived with respondent,-9.0,Refused
w8nchevlv,Whether child has ever lived with respondent,-8.0,Don't know
w8nchevlv,Whether child has ever lived with respondent,-1.0,Not applicable
w8nchevlv,Whether child has ever lived with respondent,1.0,Yes
w8nchevlv,Whether child has ever lived with respondent,2.0,No
w8chdlive,Who child lives with,-9.0,Refused
w8chdlive,Who child lives with,-8.0,Don't know
w8chdlive,Who child lives with,-1.0,Not applicable
w8chdlive,Who child lives with,1.0,With biological mother/father
w8chdlive,Who child lives with,2.0,With step mother/father
w8chdlive,Who child lives with,3.0,With adoptive parents
w8chdlive,Who child lives with,4.0,With other relatives
w8chdlive,Who child lives with,5.0,In local authority care
w8chdlive,Who child lives with,6.0,In foster care
w8chdlive,Who child lives with,7.0,In a hostel
w8chdlive,Who child lives with,8.0,Other
w8chdlive,Who child lives with,9.0,Child has died
w8abchg91,Frequency of contact with child,-9.0,Refused
w8abchg91,Frequency of contact with child,-8.0,Don't know
w8abchg91,Frequency of contact with child,-1.0,Not applicable
w8abchg91,Frequency of contact with child,1.0,Three or more times a week
w8abchg91,Frequency of contact with child,2.0,Once or twice a week
w8abchg91,Frequency of contact with child,3.0,Once or twice a month
w8abchg91,Frequency of contact with child,4.0,Every few months
w8abchg91,Frequency of contact with child,5.0,Once or twice a year
w8abchg91,Frequency of contact with child,6.0,Less than once a year
w8abchg91,Frequency of contact with child,7.0,Never
w8copa,Whether child has contact with absent parent,-9.0,Refused
w8copa,Whether child has contact with absent parent,-8.0,Don't know
w8copa,Whether child has contact with absent parent,-1.0,Not applicable
w8copa,Whether child has contact with absent parent,1.0,Yes
w8copa,Whether child has contact with absent parent,2.0,No
w8copa,Whether child has contact with absent parent,3.0,Parent has died
w8copa,Whether child has contact with absent parent,4.0,Parent lives in household
w8seof,Frequency of contact of child with absent parent,-9.0,Refused
w8seof,Frequency of contact of child with absent parent,-8.0,Don't know
w8seof,Frequency of contact of child with absent parent,-1.0,Not applicable
w8seof,Frequency of contact of child with absent parent,1.0,Three or more times a week
w8seof,Frequency of contact of child with absent parent,2.0,Once or twice a week
w8seof,Frequency of contact of child with absent parent,3.0,Once or twice a month
w8seof,Frequency of contact of child with absent parent,4.0,Every few months
w8seof,Frequency of contact of child with absent parent,5.0,Once or twice a year
w8seof,Frequency of contact of child with absent parent,6.0,Less than once a year
w8seof,Frequency of contact of child with absent parent,7.0,Never
v3,None,,
avail_from_dt,,,
