variable_name,variable_label,value_value,value_label
study_id_e,,,
w8benid,sortkey: benefit payment identifier,1.0,Jobseekers allowance
w8benid,sortkey: benefit payment identifier,2.0,Income Support
w8benid,sortkey: benefit payment identifier,3.0,Incapacity Benefit
w8benid,sortkey: benefit payment identifier,4.0,Employment and Support Allowance
w8benid,sortkey: benefit payment identifier,5.0,Severe Disablement Allowance
w8benid,sortkey: benefit payment identifier,6.0,Carer's Allowance
w8benid,sortkey: benefit payment identifier,7.0,Disability Living Allowance/PIP
w8benid,sortkey: benefit payment identifier,8.0,Return to work credit
w8benid,sortkey: benefit payment identifier,9.0,Attendance Allowance
w8benid,sortkey: benefit payment identifier,10.0,Industrial Injury Disablement Benefit
w8benid,sortkey: benefit payment identifier,11.0,War Disablement Pension
w8benid,sortkey: benefit payment identifier,12.0,Sickness and Accident Insurance
w8benid,sortkey: benefit payment identifier,13.0,Other disability related payment
w8benid,sortkey: benefit payment identifier,14.0,NI Pension or State Retirement Pension
w8benid,sortkey: benefit payment identifier,15.0,Pension from a previous employer
w8benid,sortkey: benefit payment identifier,16.0,Pension from spouse's previous employer
w8benid,sortkey: benefit payment identifier,17.0,Pension Credit
w8benid,sortkey: benefit payment identifier,18.0,Private pension or annuity
w8benid,sortkey: benefit payment identifier,19.0,Widow's or War Widow's Pension
w8benid,sortkey: benefit payment identifier,20.0,Widowed Mother/Parent/Bereavement Allow
w8benid,sortkey: benefit payment identifier,21.0,Child Benefit
w8benid,sortkey: benefit payment identifier,22.0,Working Tax Credit
w8benid,sortkey: benefit payment identifier,23.0,Child Tax Credit
w8benid,sortkey: benefit payment identifier,24.0,Foster/Guardian allowance
w8benid,sortkey: benefit payment identifier,25.0,Maternity allowance
w8benid,sortkey: benefit payment identifier,26.0,In-work Credit for Lone Parents
w8benid,sortkey: benefit payment identifier,27.0,Statutory Maternity/Paternity/Adopt pay
w8benid,sortkey: benefit payment identifier,28.0,Housing benefit
w8benid,sortkey: benefit payment identifier,29.0,Council tax benefit
w8benid,sortkey: benefit payment identifier,30.0,Other state benefit
w8bena,Amount of last payment respondent and spouse/partner received,-9.0,Refused
w8bena,Amount of last payment respondent and spouse/partner received,-8.0,Don't know
w8bena,Amount of last payment respondent and spouse/partner received,-1.0,Not applicable
w8benp2,Period covered by last payment respondent and spouse/partner received,-9.0,Refused
w8benp2,Period covered by last payment respondent and spouse/partner received,-8.0,Don't know
w8benp2,Period covered by last payment respondent and spouse/partner received,-1.0,Not applicable
w8benp2,Period covered by last payment respondent and spouse/partner received,1.0,One week
w8benp2,Period covered by last payment respondent and spouse/partner received,2.0,Calendar month
w8benp2,Period covered by last payment respondent and spouse/partner received,3.0,One year
w8benp2,Period covered by last payment respondent and spouse/partner received,4.0,Other period â€“ please specify
w8bena3,Other period covered by last payment respondent and spouse/partner received,-9.0,Refused
w8bena3,Other period covered by last payment respondent and spouse/partner received,-8.0,Don't know
w8bena3,Other period covered by last payment respondent and spouse/partner received,-1.0,Not applicable
w8bena3,Other period covered by last payment respondent and spouse/partner received,1.0,One week
w8bena3,Other period covered by last payment respondent and spouse/partner received,2.0,Two weeks
w8bena3,Other period covered by last payment respondent and spouse/partner received,3.0,Three weeks
w8bena3,Other period covered by last payment respondent and spouse/partner received,4.0,Four weeks
w8bena3,Other period covered by last payment respondent and spouse/partner received,5.0,Calendar month
w8bena3,Other period covered by last payment respondent and spouse/partner received,6.0,Two calendar months
w8bena3,Other period covered by last payment respondent and spouse/partner received,7.0,Eight times a year
w8bena3,Other period covered by last payment respondent and spouse/partner received,8.0,Nine times a year
w8bena3,Other period covered by last payment respondent and spouse/partner received,9.0,Ten times a year
w8bena3,Other period covered by last payment respondent and spouse/partner received,10.0,Three months/13 weeks
w8bena3,Other period covered by last payment respondent and spouse/partner received,11.0,Six months/26 weeks
w8bena3,Other period covered by last payment respondent and spouse/partner received,12.0,One year/12 months/52 weeks
w8bena3,Other period covered by last payment respondent and spouse/partner received,13.0,Less than one week
w8bena3,Other period covered by last payment respondent and spouse/partner received,14.0,One off/lump sum
w8bena3,Other period covered by last payment respondent and spouse/partner received,15.0,Other period
w8benw,DV: Weekly benefit payments,-9.0,Refused
w8benw,DV: Weekly benefit payments,-8.0,Insufficient information
w8benw,DV: Weekly benefit payments,-1.0,Not applicable
v3,None,,
avail_from_dt,,,
