variable_name,variable_label,value_value,value_label
study_id_e,,,
samppsu,Admin: PSU Identfier for Analysis,-91.0,Not applicable
sampstratum,Admin: Sampling Stratum identifier for Analysis,-91.0,Not applicable
w5finwt_cross,Weight: W5 cross-sectional weight including boost respondents,,
w5mode,Admin: Interview mode,1.0, CATI
w5mode,Admin: Interview mode,2.0,CAPI
w5mode,Admin: Interview mode,3.0,WEB
w5intmonth,Admin: Interview month,1.0, January
w5intmonth,Admin: Interview month,2.0,February
w5intmonth,Admin: Interview month,3.0,March
w5intmonth,Admin: Interview month,4.0,April
w5intmonth,Admin: Interview month,5.0,May
w5intmonth,Admin: Interview month,6.0,June
w5intmonth,Admin: Interview month,7.0,July
w5intmonth,Admin: Interview month,8.0,August
w5intmonth,Admin: Interview month,9.0,September
w5intmonth,Admin: Interview month,10.0,October
w5intmonth,Admin: Interview month,11.0,November
w5intmonth,Admin: Interview month,12.0,December
w5intyear,Admin: Interview year,,
w5sameaddhh,YP: Whether still lives at same address as previous interview,-999.0, Missing household information
w5sameaddhh,YP: Whether still lives at same address as previous interview,-92.0,Refused
w5sameaddhh,YP: Whether still lives at same address as previous interview,-91.0,Not applicable
w5sameaddhh,YP: Whether still lives at same address as previous interview,-1.0,Don't know
w5sameaddhh,YP: Whether still lives at same address as previous interview,1.0,Yes
w5sameaddhh,YP: Whether still lives at same address as previous interview,2.0,No
w5sameaddhh,YP: Whether still lives at same address as previous interview,3.0,Yes- but error in some of the details
w5sameaddhh,YP: Whether still lives at same address as previous interview,4.0,Not to be asked HH Grid
w5anystayhh,YP: Whether still living with any of the same people as at last interview,-999.0, Missing household information
w5anystayhh,YP: Whether still living with any of the same people as at last interview,-92.0,Refused
w5anystayhh,YP: Whether still living with any of the same people as at last interview,-91.0,Not applicable
w5anystayhh,YP: Whether still living with any of the same people as at last interview,-1.0,Don't know
w5anystayhh,YP: Whether still living with any of the same people as at last interview,1.0,Yes
w5anystayhh,YP: Whether still living with any of the same people as at last interview,2.0,No
w5hhnumhh,YP: Number of people normally living at address,-999.0, Missing household information
w5hhnumhh,YP: Number of people normally living at address,-92.0,Refused
w5hhnumhh,YP: Number of people normally living at address,-91.0,Not applicable
w5hhnumhh,YP: Number of people normally living at address,-1.0,Don't know
w5hous12hh,YP: Type of tenure,-999.0, Missing household information
w5hous12hh,YP: Type of tenure,-92.0,Refused
w5hous12hh,YP: Type of tenure,-91.0,Not applicable
w5hous12hh,YP: Type of tenure,-1.0,Don't know
w5hous12hh,YP: Type of tenure,1.0,Owned
w5hous12hh,YP: Type of tenure,2.0,Rented
w5hous12hh,YP: Type of tenure,3.0,Something else
w5hous12hh,YP: Type of tenure,6.0,Not to be asked HH Grid
w5hous12bhh,YP: Tenure of owned house,-999.0, Missing household information
w5hous12bhh,YP: Tenure of owned house,-92.0,Refused
w5hous12bhh,YP: Tenure of owned house,-91.0,Not applicable
w5hous12bhh,YP: Tenure of owned house,-1.0,Don't know
w5hous12bhh,YP: Tenure of owned house,1.0,Owned outright
w5hous12bhh,YP: Tenure of owned house,2.0,Being bought on a mortgage/ bank loan
w5hous12bhh,YP: Tenure of owned house,3.0,Shared ownership (owns and rents the property)
w5hous12bhh,YP: Tenure of owned house,4.0,Some other arrangement
w5hous12chh,YP: Tenure of rented house,-999.0, Missing household information
w5hous12chh,YP: Tenure of rented house,-92.0,Refused
w5hous12chh,YP: Tenure of rented house,-91.0,Not applicable
w5hous12chh,YP: Tenure of rented house,-1.0,Don't know
w5hous12chh,YP: Tenure of rented house,1.0,Rented from a Council or New town
w5hous12chh,YP: Tenure of rented house,2.0,Rented from a Housing Association
w5hous12chh,YP: Tenure of rented house,3.0,Rented privately
w5hous12chh,YP: Tenure of rented house,4.0,Rent free
w5hous12chh,YP: Tenure of rented house,5.0,Some other arrangement
w5incarhh,YP: Whether YP lives in any of the following types of accommodation,-91.0, Not applicable
w5incarhh,YP: Whether YP lives in any of the following types of accommodation,-1.0,Don't Know
w5incarhh,YP: Whether YP lives in any of the following types of accommodation,1.0,Armed Forces' residential accommodation
w5incarhh,YP: Whether YP lives in any of the following types of accommodation,2.0,A college or other educational residential accommodation
w5incarhh,YP: Whether YP lives in any of the following types of accommodation,3.0,NHS residential accommodation
w5incarhh,YP: Whether YP lives in any of the following types of accommodation,4.0,Other employer's residential accommodation (NOT an ordinary flat or house owned by employer)
w5incarhh,YP: Whether YP lives in any of the following types of accommodation,5.0,"A hotel, boarding house or hostel"
w5incarhh,YP: Whether YP lives in any of the following types of accommodation,6.0,"Any other kind of communal establishment (eg. prisons, hospital etc)"
w5incarhh,YP: Whether YP lives in any of the following types of accommodation,8.0,None of these
w5femployyp,YP: Whether father/mother's partner is employed,-92.0, Refused
w5femployyp,YP: Whether father/mother's partner is employed,-91.0,Not applicable
w5femployyp,YP: Whether father/mother's partner is employed,-1.0,Don't know
w5femployyp,YP: Whether father/mother's partner is employed,1.0,Yes
w5femployyp,YP: Whether father/mother's partner is employed,2.0,No
w5fempstatyp,YP: Whether father/mother's partner is employee or self-employed,-92.0, Refused
w5fempstatyp,YP: Whether father/mother's partner is employee or self-employed,-91.0,Not applicable
w5fempstatyp,YP: Whether father/mother's partner is employee or self-employed,-1.0,Don't know
w5fempstatyp,YP: Whether father/mother's partner is employee or self-employed,1.0,Employee
w5fempstatyp,YP: Whether father/mother's partner is employee or self-employed,2.0,Self-employed
w5fsuperyp,YP: Whether father/mothers partner formal resp. for supervis. work of other employees,-92.0, Refused
w5fsuperyp,YP: Whether father/mothers partner formal resp. for supervis. work of other employees,-91.0,Not applicable
w5fsuperyp,YP: Whether father/mothers partner formal resp. for supervis. work of other employees,-1.0,Don't know
w5fsuperyp,YP: Whether father/mothers partner formal resp. for supervis. work of other employees,1.0,Yes
w5fsuperyp,YP: Whether father/mothers partner formal resp. for supervis. work of other employees,2.0,No
w5fmanyyp,YP: Number of employees at father's/mother's partner's place of work,-92.0, Refused
w5fmanyyp,YP: Number of employees at father's/mother's partner's place of work,-91.0,Not applicable
w5fmanyyp,YP: Number of employees at father's/mother's partner's place of work,-1.0,Don't know
w5fmanyyp,YP: Number of employees at father's/mother's partner's place of work,1.0,1 to 24
w5fmanyyp,YP: Number of employees at father's/mother's partner's place of work,2.0,25 to 499
w5fmanyyp,YP: Number of employees at father's/mother's partner's place of work,3.0,500 or more
w5fmany2yp,YP: Whether more or less than 25 employees at father's/mother's partner's place of work,-92.0, Refused
w5fmany2yp,YP: Whether more or less than 25 employees at father's/mother's partner's place of work,-91.0,Not applicable
w5fmany2yp,YP: Whether more or less than 25 employees at father's/mother's partner's place of work,-1.0,Don't know
w5fmany2yp,YP: Whether more or less than 25 employees at father's/mother's partner's place of work,1.0,Fewer than 25
w5fmany2yp,YP: Whether more or less than 25 employees at father's/mother's partner's place of work,2.0,More than 25
w5fselfyp,YP: Whether father/mother's partner works alone or with employees,-92.0, Refused
w5fselfyp,YP: Whether father/mother's partner works alone or with employees,-91.0,Not applicable
w5fselfyp,YP: Whether father/mother's partner works alone or with employees,-1.0,Don't know
w5fselfyp,YP: Whether father/mother's partner works alone or with employees,1.0,"On own/ with partner(s), but no employees"
w5fselfyp,YP: Whether father/mother's partner works alone or with employees,2.0,With employees
w5fmanysyp,YP: Number of people father/mother's partner employs,-92.0, Refused
w5fmanysyp,YP: Number of people father/mother's partner employs,-91.0,Not applicable
w5fmanysyp,YP: Number of people father/mother's partner employs,-1.0,Don't know
w5fmanysyp,YP: Number of people father/mother's partner employs,1.0,None
w5fmanysyp,YP: Number of people father/mother's partner employs,2.0,1 to 24
w5fmanysyp,YP: Number of people father/mother's partner employs,3.0,25 to 499
w5fmanys2yp,YP: Whether fewer or more than 25 employees in father's/mother's partner's employment,-92.0, Refused
w5fmanys2yp,YP: Whether fewer or more than 25 employees in father's/mother's partner's employment,-91.0,Not applicable
w5fmanys2yp,YP: Whether fewer or more than 25 employees in father's/mother's partner's employment,-1.0,Don't know
w5fmanys2yp,YP: Whether fewer or more than 25 employees in father's/mother's partner's employment,1.0,Fewer than 25
w5fmanys2yp,YP: Whether fewer or more than 25 employees in father's/mother's partner's employment,2.0,More than 25
w5socdad,Admin: Father's SOC code (2 digits),-95.0,Unable to code
w5socdad,Admin: Father's SOC code (2 digits),-91.0,Not applicable
w5sicdad,Admin: Father's SIC code (2 digits),-95.0,Unable to code
w5sicdad,Admin: Father's SIC code (2 digits),-91.0,Not applicable
w5memployyp,YP: Whether mother/ father's partner is employed,-92.0, Refused
w5memployyp,YP: Whether mother/ father's partner is employed,-91.0,Not applicable
w5memployyp,YP: Whether mother/ father's partner is employed,-1.0,Don't know
w5memployyp,YP: Whether mother/ father's partner is employed,1.0,Yes
w5memployyp,YP: Whether mother/ father's partner is employed,2.0,No
w5mempstatyp,YP: Whether mother/father's partner is employed or self-employed,-92.0, Refused
w5mempstatyp,YP: Whether mother/father's partner is employed or self-employed,-91.0,Not applicable
w5mempstatyp,YP: Whether mother/father's partner is employed or self-employed,-1.0,Don't know
w5mempstatyp,YP: Whether mother/father's partner is employed or self-employed,1.0,Employee
w5mempstatyp,YP: Whether mother/father's partner is employed or self-employed,2.0,Self-employed
w5msuperyp,YP: Whether mother/fathers partner formal resp. for supervis. work of other employees,-92.0, Refused
w5msuperyp,YP: Whether mother/fathers partner formal resp. for supervis. work of other employees,-91.0,Not applicable
w5msuperyp,YP: Whether mother/fathers partner formal resp. for supervis. work of other employees,-1.0,Don't know
w5msuperyp,YP: Whether mother/fathers partner formal resp. for supervis. work of other employees,1.0,Yes
w5msuperyp,YP: Whether mother/fathers partner formal resp. for supervis. work of other employees,2.0,No
w5mmanyyp,YP: Number of employees at mother's/father's partner's place of work,-92.0, Refused
w5mmanyyp,YP: Number of employees at mother's/father's partner's place of work,-91.0,Not applicable
w5mmanyyp,YP: Number of employees at mother's/father's partner's place of work,-1.0,Don't know
w5mmanyyp,YP: Number of employees at mother's/father's partner's place of work,1.0,1 to 24
w5mmanyyp,YP: Number of employees at mother's/father's partner's place of work,2.0,25 to 499
w5mmanyyp,YP: Number of employees at mother's/father's partner's place of work,3.0,500 or more
w5mmany2yp,YP: Whether fewer or more than 25 employees at mothers/fathers partner,-92.0, Refused
w5mmany2yp,YP: Whether fewer or more than 25 employees at mothers/fathers partner,-91.0,Not applicable
w5mmany2yp,YP: Whether fewer or more than 25 employees at mothers/fathers partner,-1.0,Don't know
w5mmany2yp,YP: Whether fewer or more than 25 employees at mothers/fathers partner,1.0,Fewer than 25
w5mmany2yp,YP: Whether fewer or more than 25 employees at mothers/fathers partner,2.0,More than 25
w5mselfyp,YP: Whether mother/father's partner work alone or with employees,-92.0, Refused
w5mselfyp,YP: Whether mother/father's partner work alone or with employees,-91.0,Not applicable
w5mselfyp,YP: Whether mother/father's partner work alone or with employees,-1.0,Don't know
w5mselfyp,YP: Whether mother/father's partner work alone or with employees,1.0,"On own/ with partner(s), but no employees"
w5mselfyp,YP: Whether mother/father's partner work alone or with employees,2.0,With employees
w5mmanysyp,YP: Number of people mother/father's partner employs,-92.0, Refused
w5mmanysyp,YP: Number of people mother/father's partner employs,-91.0,Not applicable
w5mmanysyp,YP: Number of people mother/father's partner employs,-1.0,Don't know
w5mmanysyp,YP: Number of people mother/father's partner employs,1.0,None
w5mmanysyp,YP: Number of people mother/father's partner employs,2.0,1 to 24
w5mmanysyp,YP: Number of people mother/father's partner employs,3.0,25 to 499
w5mmanys2yp,YP: Whether mother/father's partner employs fewer than or more than 25 employees,-92.0, Refused
w5mmanys2yp,YP: Whether mother/father's partner employs fewer than or more than 25 employees,-91.0,Not applicable
w5mmanys2yp,YP: Whether mother/father's partner employs fewer than or more than 25 employees,-1.0,Don't know
w5mmanys2yp,YP: Whether mother/father's partner employs fewer than or more than 25 employees,1.0,Fewer than 25
w5mmanys2yp,YP: Whether mother/father's partner employs fewer than or more than 25 employees,2.0,More than 25
w5socmum,Admin: Mother's SOC code (2 digits),-95.0,Unable to code
w5socmum,Admin: Mother's SOC code (2 digits),-91.0,Not applicable
w5sicmum,Admin: Mother's SIC code (2 digits),-95.0,Unable to code
w5sicmum,Admin: Mother's SIC code (2 digits),-91.0,Not applicable
w5mopres,DV: Indicates mothers/father's partners present in the household at W5,-999.0,Household information missing
w5mopres,DV: Indicates mothers/father's partners present in the household at W5,-98.0,Mother not present at wave 5
w5mopres,DV: Indicates mothers/father's partners present in the household at W5,-94.0,Insufficient information
w5mopres,DV: Indicates mothers/father's partners present in the household at W5,-91.0,Not applicable
w5mopres,DV: Indicates mothers/father's partners present in the household at W5,1.0,Mother present at W5
w5mopres,DV: Indicates mothers/father's partners present in the household at W5,2.0,Father's partner present at W5
w5fapres,DV: Indicates fathers/mother's partners present in the household at W5,-999.0,Household information missing
w5fapres,DV: Indicates fathers/mother's partners present in the household at W5,-98.0,Father not present at wave 5
w5fapres,DV: Indicates fathers/mother's partners present in the household at W5,-94.0,Insufficient information
w5fapres,DV: Indicates fathers/mother's partners present in the household at W5,-91.0,Not applicable
w5fapres,DV: Indicates fathers/mother's partners present in the household at W5,1.0,Father present at W5
w5fapres,DV: Indicates fathers/mother's partners present in the household at W5,2.0,Mother's partner present at W5
w5agebd5mum,DV: Age of YP's mother (5 year bands),-999.0,Household information missing
w5agebd5mum,DV: Age of YP's mother (5 year bands),-94.0,Insufficient information
w5agebd5mum,DV: Age of YP's mother (5 year bands),-93.0,New at Wave 5 - unable to derive age
w5agebd5mum,DV: Age of YP's mother (5 year bands),-91.0,Not applicable
w5agebd5mum,DV: Age of YP's mother (5 year bands),-1.0,Don't know
w5agebd5mum,DV: Age of YP's mother (5 year bands),1.0,16 - 24
w5agebd5mum,DV: Age of YP's mother (5 year bands),2.0,25 - 29
w5agebd5mum,DV: Age of YP's mother (5 year bands),3.0,30 - 34
w5agebd5mum,DV: Age of YP's mother (5 year bands),4.0,35 - 39
w5agebd5mum,DV: Age of YP's mother (5 year bands),5.0,40 - 44
w5agebd5mum,DV: Age of YP's mother (5 year bands),6.0,45 - 49
w5agebd5mum,DV: Age of YP's mother (5 year bands),7.0,50 - 54
w5agebd5mum,DV: Age of YP's mother (5 year bands),8.0,55 - 59
w5agebd5mum,DV: Age of YP's mother (5 year bands),9.0,60 - 64
w5agebd5mum,DV: Age of YP's mother (5 year bands),10.0,65 - 70
w5agebd5mum,DV: Age of YP's mother (5 year bands),11.0,70+
w5agebd5dad,DV: Age of YP's father (5 year bands),-999.0,Household information missing
w5agebd5dad,DV: Age of YP's father (5 year bands),-94.0,Insufficient information
w5agebd5dad,DV: Age of YP's father (5 year bands),-93.0,New at Wave 5 - unable to derive age
w5agebd5dad,DV: Age of YP's father (5 year bands),-91.0,Not applicable
w5agebd5dad,DV: Age of YP's father (5 year bands),-1.0,Don't know
w5agebd5dad,DV: Age of YP's father (5 year bands),1.0,16 - 24
w5agebd5dad,DV: Age of YP's father (5 year bands),2.0,25 - 29
w5agebd5dad,DV: Age of YP's father (5 year bands),3.0,30 - 34
w5agebd5dad,DV: Age of YP's father (5 year bands),4.0,35 - 39
w5agebd5dad,DV: Age of YP's father (5 year bands),5.0,40 - 44
w5agebd5dad,DV: Age of YP's father (5 year bands),6.0,45 - 49
w5agebd5dad,DV: Age of YP's father (5 year bands),7.0,50 - 54
w5agebd5dad,DV: Age of YP's father (5 year bands),8.0,55 - 59
w5agebd5dad,DV: Age of YP's father (5 year bands),9.0,60 - 64
w5agebd5dad,DV: Age of YP's father (5 year bands),10.0,65 - 70
w5agebd5dad,DV: Age of YP's father (5 year bands),11.0,70+
w5agebd10mum,DV: Age of YP's mother (10 year bands),-999.0,Household information missing
w5agebd10mum,DV: Age of YP's mother (10 year bands),-91.0,Not applicable
w5agebd10mum,DV: Age of YP's mother (10 year bands),1.0,16 - 34
w5agebd10mum,DV: Age of YP's mother (10 year bands),2.0,35 - 44
w5agebd10mum,DV: Age of YP's mother (10 year bands),3.0,45 - 54
w5agebd10mum,DV: Age of YP's mother (10 year bands),4.0,55 - 64
w5agebd10mum,DV: Age of YP's mother (10 year bands),5.0,65+
w5agebd10dad,DV: Age of YP's father (10 year bands),-999.0,Household information missing
w5agebd10dad,DV: Age of YP's father (10 year bands),-91.0,Not applicable
w5agebd10dad,DV: Age of YP's father (10 year bands),1.0,16 - 34
w5agebd10dad,DV: Age of YP's father (10 year bands),2.0,35 - 44
w5agebd10dad,DV: Age of YP's father (10 year bands),3.0,45 - 54
w5agebd10dad,DV: Age of YP's father (10 year bands),4.0,55 - 64
w5agebd10dad,DV: Age of YP's father (10 year bands),5.0,65+
w5wrkagemum,DV: Whether mother is of working age,-999.0,Household information missing
w5wrkagemum,DV: Whether mother is of working age,-94.0,Insufficient information
w5wrkagemum,DV: Whether mother is of working age,-91.0,Not applicable
w5wrkagemum,DV: Whether mother is of working age,0.0,No
w5wrkagemum,DV: Whether mother is of working age,1.0,Yes
w5wrkagedad,DV: Whether father is of working age,-999.0,Household information missing
w5wrkagedad,DV: Whether father is of working age,-94.0,Insufficient information
w5wrkagedad,DV: Whether father is of working age,-91.0,Not applicable
w5wrkagedad,DV: Whether father is of working age,0.0,No
w5wrkagedad,DV: Whether father is of working age,1.0,Yes
w5empsmum,DV: *Employment status of mother/father's partner,-98.0,Mother/father's partner not present
w5empsmum,DV: *Employment status of mother/father's partner,-94.0,Insufficient information
w5empsmum,DV: *Employment status of mother/father's partner,-1.0,Don't know
w5empsmum,DV: *Employment status of mother/father's partner,0.0,Not employed
w5empsmum,DV: *Employment status of mother/father's partner,1.0,Employed
w5empsmum,DV: *Employment status of mother/father's partner,2.0,Self-employed
w5empsmum,DV: *Employment status of mother/father's partner,3.0,"Employed, status unknown"
w5empsdad,DV: *Employment status of father/mother's partner,-98.0,Father/mother's partner not present
w5empsdad,DV: *Employment status of father/mother's partner,-94.0,Insufficient information
w5empsdad,DV: *Employment status of father/mother's partner,-1.0,Don't know
w5empsdad,DV: *Employment status of father/mother's partner,0.0,Not employed
w5empsdad,DV: *Employment status of father/mother's partner,1.0,Employed
w5empsdad,DV: *Employment status of father/mother's partner,2.0,Self-employed
w5empsdad,DV: *Employment status of father/mother's partner,3.0,"Employed, status unknown"
w5cempszmum,DV: Current employment status/size of organisation for mother/father's partner,-98.0,Mother/father's partner not present
w5cempszmum,DV: Current employment status/size of organisation for mother/father's partner,-94.0,Insufficient Information
w5cempszmum,DV: Current employment status/size of organisation for mother/father's partner,-91.0,Not applicable - not currently working
w5cempszmum,DV: Current employment status/size of organisation for mother/father's partner,1.0,Employers - Large Organisations
w5cempszmum,DV: Current employment status/size of organisation for mother/father's partner,2.0,Employers - Small Organisations
w5cempszmum,DV: Current employment status/size of organisation for mother/father's partner,3.0,Self Employed - no employees
w5cempszmum,DV: Current employment status/size of organisation for mother/father's partner,4.0,Managers - Large Organisations
w5cempszmum,DV: Current employment status/size of organisation for mother/father's partner,5.0,Managers - Small Organisations
w5cempszmum,DV: Current employment status/size of organisation for mother/father's partner,6.0,Supervisors
w5cempszmum,DV: Current employment status/size of organisation for mother/father's partner,7.0,Other Employees
w5cempszdad,DV: Current employment status/size of organisation for father/mother's partner,-98.0,Father/mother's partner not present
w5cempszdad,DV: Current employment status/size of organisation for father/mother's partner,-94.0,Insufficient Information
w5cempszdad,DV: Current employment status/size of organisation for father/mother's partner,-91.0,Not applicable - not currently working
w5cempszdad,DV: Current employment status/size of organisation for father/mother's partner,1.0,Employers - Large Organisations
w5cempszdad,DV: Current employment status/size of organisation for father/mother's partner,2.0,Employers - Small Organisations
w5cempszdad,DV: Current employment status/size of organisation for father/mother's partner,3.0,Self Employed - no employees
w5cempszdad,DV: Current employment status/size of organisation for father/mother's partner,4.0,Managers - Large Organisations
w5cempszdad,DV: Current employment status/size of organisation for father/mother's partner,5.0,Managers - Small Organisations
w5cempszdad,DV: Current employment status/size of organisation for father/mother's partner,6.0,Supervisors
w5cempszdad,DV: Current employment status/size of organisation for father/mother's partner,7.0,Other Employees
w5cnsseccatmum,DV: Mother/father's partner's current NS-SEC operational category,-98.0,Mother/father's partner not present
w5cnsseccatmum,DV: Mother/father's partner's current NS-SEC operational category,1.0,Employers in large organisations
w5cnsseccatmum,DV: Mother/father's partner's current NS-SEC operational category,2.0,Higher managerial occupations
w5cnsseccatmum,DV: Mother/father's partner's current NS-SEC operational category,3.1,Higher professional traditional employee
w5cnsseccatmum,DV: Mother/father's partner's current NS-SEC operational category,3.2,Higher professional new employee
w5cnsseccatmum,DV: Mother/father's partner's current NS-SEC operational category,3.3,Higher professional traditional self employed
w5cnsseccatmum,DV: Mother/father's partner's current NS-SEC operational category,3.4,Higher professional new self employed
w5cnsseccatmum,DV: Mother/father's partner's current NS-SEC operational category,4.1,Lower professional traditional employee
w5cnsseccatmum,DV: Mother/father's partner's current NS-SEC operational category,4.2,Lower professional new employee
w5cnsseccatmum,DV: Mother/father's partner's current NS-SEC operational category,4.3,Lower professional traditional self employed
w5cnsseccatmum,DV: Mother/father's partner's current NS-SEC operational category,4.4,Lower professional new self employed
w5cnsseccatmum,DV: Mother/father's partner's current NS-SEC operational category,5.0,Lower managerial occupations
w5cnsseccatmum,DV: Mother/father's partner's current NS-SEC operational category,6.0,Higher supervisory occupations
w5cnsseccatmum,DV: Mother/father's partner's current NS-SEC operational category,7.1,Intermediate clerical and administrative
w5cnsseccatmum,DV: Mother/father's partner's current NS-SEC operational category,7.2,Intermediate sales and service
w5cnsseccatmum,DV: Mother/father's partner's current NS-SEC operational category,7.3,Intermediate technical and auxiliary
w5cnsseccatmum,DV: Mother/father's partner's current NS-SEC operational category,7.4,Intermediate engineering
w5cnsseccatmum,DV: Mother/father's partner's current NS-SEC operational category,8.1,Employers in small orgs non-professional
w5cnsseccatmum,DV: Mother/father's partner's current NS-SEC operational category,8.2,Employers in small orgs agriculture
w5cnsseccatmum,DV: Mother/father's partner's current NS-SEC operational category,9.1,Own account workers non professional
w5cnsseccatmum,DV: Mother/father's partner's current NS-SEC operational category,9.2,Own account workers agriculture
w5cnsseccatmum,DV: Mother/father's partner's current NS-SEC operational category,10.0,Lower supervisory occupations
w5cnsseccatmum,DV: Mother/father's partner's current NS-SEC operational category,11.1,Lower technical craft
w5cnsseccatmum,DV: Mother/father's partner's current NS-SEC operational category,11.2,Lower technical process operative
w5cnsseccatmum,DV: Mother/father's partner's current NS-SEC operational category,12.1,Semi routine sales
w5cnsseccatmum,DV: Mother/father's partner's current NS-SEC operational category,12.2,Semi routine services
w5cnsseccatmum,DV: Mother/father's partner's current NS-SEC operational category,12.3,Semi routine technical
w5cnsseccatmum,DV: Mother/father's partner's current NS-SEC operational category,12.4,Semi routine operative
w5cnsseccatmum,DV: Mother/father's partner's current NS-SEC operational category,12.5,Semi routine agricultural
w5cnsseccatmum,DV: Mother/father's partner's current NS-SEC operational category,12.6,Semi routine clerical
w5cnsseccatmum,DV: Mother/father's partner's current NS-SEC operational category,12.7,Semi routine childcare
w5cnsseccatmum,DV: Mother/father's partner's current NS-SEC operational category,13.1,Routine sales and service
w5cnsseccatmum,DV: Mother/father's partner's current NS-SEC operational category,13.2,Routine production
w5cnsseccatmum,DV: Mother/father's partner's current NS-SEC operational category,13.3,Routine technical
w5cnsseccatmum,DV: Mother/father's partner's current NS-SEC operational category,13.4,Routine operative
w5cnsseccatmum,DV: Mother/father's partner's current NS-SEC operational category,13.5,Routine agricultural
w5cnsseccatmum,DV: Mother/father's partner's current NS-SEC operational category,14.1,Never worked
w5cnsseccatmum,DV: Mother/father's partner's current NS-SEC operational category,14.2,Long-term unemployed
w5cnsseccatmum,DV: Mother/father's partner's current NS-SEC operational category,14.3,Not currently working
w5cnsseccatmum,DV: Mother/father's partner's current NS-SEC operational category,15.0,Full-time students
w5cnsseccatmum,DV: Mother/father's partner's current NS-SEC operational category,16.0,Not classified or inadequately stated
w5cnsseccatmum,DV: Mother/father's partner's current NS-SEC operational category,17.0,Not classifiable for other reasons
w5cnsseccatdad,DV: Father/mother's partner's current NS-SEC operational category,-98.0,Father/mother's partner not present
w5cnsseccatdad,DV: Father/mother's partner's current NS-SEC operational category,1.0,Employers in large organisations
w5cnsseccatdad,DV: Father/mother's partner's current NS-SEC operational category,2.0,Higher managerial occupations
w5cnsseccatdad,DV: Father/mother's partner's current NS-SEC operational category,3.1,Higher professional traditional employee
w5cnsseccatdad,DV: Father/mother's partner's current NS-SEC operational category,3.2,Higher professional new employee
w5cnsseccatdad,DV: Father/mother's partner's current NS-SEC operational category,3.3,Higher professional traditional self employed
w5cnsseccatdad,DV: Father/mother's partner's current NS-SEC operational category,3.4,Higher professional new self employed
w5cnsseccatdad,DV: Father/mother's partner's current NS-SEC operational category,4.1,Lower professional traditional employee
w5cnsseccatdad,DV: Father/mother's partner's current NS-SEC operational category,4.2,Lower professional new employee
w5cnsseccatdad,DV: Father/mother's partner's current NS-SEC operational category,4.3,Lower professional traditional self employed
w5cnsseccatdad,DV: Father/mother's partner's current NS-SEC operational category,4.4,Lower professional new self employed
w5cnsseccatdad,DV: Father/mother's partner's current NS-SEC operational category,5.0,Lower managerial occupations
w5cnsseccatdad,DV: Father/mother's partner's current NS-SEC operational category,6.0,Higher supervisory occupations
w5cnsseccatdad,DV: Father/mother's partner's current NS-SEC operational category,7.1,Intermediate clerical and administrative
w5cnsseccatdad,DV: Father/mother's partner's current NS-SEC operational category,7.2,Intermediate sales and service
w5cnsseccatdad,DV: Father/mother's partner's current NS-SEC operational category,7.3,Intermediate technical and auxiliary
w5cnsseccatdad,DV: Father/mother's partner's current NS-SEC operational category,7.4,Intermediate engineering
w5cnsseccatdad,DV: Father/mother's partner's current NS-SEC operational category,8.1,Employers in small orgs non-professional
w5cnsseccatdad,DV: Father/mother's partner's current NS-SEC operational category,8.2,Employers in small orgs agriculture
w5cnsseccatdad,DV: Father/mother's partner's current NS-SEC operational category,9.1,Own account workers non professional
w5cnsseccatdad,DV: Father/mother's partner's current NS-SEC operational category,9.2,Own account workers agriculture
w5cnsseccatdad,DV: Father/mother's partner's current NS-SEC operational category,10.0,Lower supervisory occupations
w5cnsseccatdad,DV: Father/mother's partner's current NS-SEC operational category,11.1,Lower technical craft
w5cnsseccatdad,DV: Father/mother's partner's current NS-SEC operational category,11.2,Lower technical process operative
w5cnsseccatdad,DV: Father/mother's partner's current NS-SEC operational category,12.1,Semi routine sales
w5cnsseccatdad,DV: Father/mother's partner's current NS-SEC operational category,12.2,Semi routine services
w5cnsseccatdad,DV: Father/mother's partner's current NS-SEC operational category,12.3,Semi routine technical
w5cnsseccatdad,DV: Father/mother's partner's current NS-SEC operational category,12.4,Semi routine operative
w5cnsseccatdad,DV: Father/mother's partner's current NS-SEC operational category,12.5,Semi routine agricultural
w5cnsseccatdad,DV: Father/mother's partner's current NS-SEC operational category,12.6,Semi routine clerical
w5cnsseccatdad,DV: Father/mother's partner's current NS-SEC operational category,12.7,Semi routine childcare
w5cnsseccatdad,DV: Father/mother's partner's current NS-SEC operational category,13.1,Routine sales and service
w5cnsseccatdad,DV: Father/mother's partner's current NS-SEC operational category,13.2,Routine production
w5cnsseccatdad,DV: Father/mother's partner's current NS-SEC operational category,13.3,Routine technical
w5cnsseccatdad,DV: Father/mother's partner's current NS-SEC operational category,13.4,Routine operative
w5cnsseccatdad,DV: Father/mother's partner's current NS-SEC operational category,13.5,Routine agricultural
w5cnsseccatdad,DV: Father/mother's partner's current NS-SEC operational category,14.1,Never worked
w5cnsseccatdad,DV: Father/mother's partner's current NS-SEC operational category,14.2,Long-term unemployed
w5cnsseccatdad,DV: Father/mother's partner's current NS-SEC operational category,14.3,Not currently working
w5cnsseccatdad,DV: Father/mother's partner's current NS-SEC operational category,15.0,Full-time students
w5cnsseccatdad,DV: Father/mother's partner's current NS-SEC operational category,16.0,Not classified or inadequately stated
w5cnsseccatdad,DV: Father/mother's partner's current NS-SEC operational category,17.0,Not classifiable for other reasons
w5cnssecmum,DV: Mother/father's partner current NS-SEC class,-98.0,Mother/father's partner not present
w5cnssecmum,DV: Mother/father's partner current NS-SEC class,-94.0,Insufficient information
w5cnssecmum,DV: Mother/father's partner current NS-SEC class,-91.0,Not applicable
w5cnssecmum,DV: Mother/father's partner current NS-SEC class,1.0,Higher Managerial and professional occupations
w5cnssecmum,DV: Mother/father's partner current NS-SEC class,2.0,Lower managerial and professional occupations
w5cnssecmum,DV: Mother/father's partner current NS-SEC class,3.0,Intermediate occupations
w5cnssecmum,DV: Mother/father's partner current NS-SEC class,4.0,Small employers and own account workers
w5cnssecmum,DV: Mother/father's partner current NS-SEC class,5.0,Lower supervisory and technical occupations
w5cnssecmum,DV: Mother/father's partner current NS-SEC class,6.0,Semi-routine occupations
w5cnssecmum,DV: Mother/father's partner current NS-SEC class,7.0,Routine occupations
w5cnssecmum,DV: Mother/father's partner current NS-SEC class,8.0,Not currently working
w5cnssecdad,DV: Father/mother's partner's current NS-SEC class,-98.0,Father/mother's partner not present
w5cnssecdad,DV: Father/mother's partner's current NS-SEC class,-94.0,Insufficient information
w5cnssecdad,DV: Father/mother's partner's current NS-SEC class,-91.0,Not applicable
w5cnssecdad,DV: Father/mother's partner's current NS-SEC class,1.0,Higher Managerial and professional occupations
w5cnssecdad,DV: Father/mother's partner's current NS-SEC class,2.0,Lower managerial and professional occupations
w5cnssecdad,DV: Father/mother's partner's current NS-SEC class,3.0,Intermediate occupations
w5cnssecdad,DV: Father/mother's partner's current NS-SEC class,4.0,Small employers and own account workers
w5cnssecdad,DV: Father/mother's partner's current NS-SEC class,5.0,Lower supervisory and technical occupations
w5cnssecdad,DV: Father/mother's partner's current NS-SEC class,6.0,Semi-routine occupations
w5cnssecdad,DV: Father/mother's partner's current NS-SEC class,7.0,Routine occupations
w5cnssecdad,DV: Father/mother's partner's current NS-SEC class,8.0,Not currently working
v3,None,,
avail_from_dt,,,
