variable_name,variable_label,value_value,value_label
study_id_e,,,
w8qmafi,How managing financially these days,-9.0,Refused
w8qmafi,How managing financially these days,-8.0,Don't know
w8qmafi,How managing financially these days,-1.0,Not applicable
w8qmafi,How managing financially these days,1.0,Living comfortably
w8qmafi,How managing financially these days,2.0,Doing alright
w8qmafi,How managing financially these days,3.0,Just about getting by
w8qmafi,How managing financially these days,4.0,Finding it quite difficult
w8qmafi,How managing financially these days,5.0,Finding it very difficult
w8numrooms,Number of rooms in current home,-9.0,Refused
w8numrooms,Number of rooms in current home,-8.0,Don't know
w8numrooms,Number of rooms in current home,-1.0,Not applicable
w8jobdosoccode,SOC 2010 code,-9.0,Refused
w8jobdosoccode,SOC 2010 code,-8.0,Don't know
w8jobdosoccode,SOC 2010 code,-1.0,Not applicable
w8anychpres,DV: Whether any children live in the household â€“ all or some of the time,-9.0,Refused
w8anychpres,DV: Whether any children live in the household â€“ all or some of the time,-8.0,Insufficient information
w8anychpres,DV: Whether any children live in the household â€“ all or some of the time,-1.0,Not applicable
w8anychpres,DV: Whether any children live in the household â€“ all or some of the time,0.0,No
w8anychpres,DV: Whether any children live in the household â€“ all or some of the time,1.0,Yes
w1ethgrpyp,DV: Young person's ethnic group (grouped),-999.0,Missing - household data lost
w1ethgrpyp,DV: Young person's ethnic group (grouped),-94.0,Insufficient information
w1ethgrpyp,DV: Young person's ethnic group (grouped),-92.0,Refused
w1ethgrpyp,DV: Young person's ethnic group (grouped),-91.0,Not applicable
w1ethgrpyp,DV: Young person's ethnic group (grouped),-1.0,Don't know
w1ethgrpyp,DV: Young person's ethnic group (grouped),1.0,White
w1ethgrpyp,DV: Young person's ethnic group (grouped),2.0,Mixed
w1ethgrpyp,DV: Young person's ethnic group (grouped),3.0,Indian
w1ethgrpyp,DV: Young person's ethnic group (grouped),4.0,Pakistani
w1ethgrpyp,DV: Young person's ethnic group (grouped),5.0,Bangladeshi
w1ethgrpyp,DV: Young person's ethnic group (grouped),6.0,Black Caribbean
w1ethgrpyp,DV: Young person's ethnic group (grouped),7.0,Black African
w1ethgrpyp,DV: Young person's ethnic group (grouped),8.0,Other
w1nssecmum,DV: Mother's NS-SEC class,-999.0,Missing - household data lost
w1nssecmum,DV: Mother's NS-SEC class,-99.0,Mother not interviewed
w1nssecmum,DV: Mother's NS-SEC class,-98.0,Mother not present
w1nssecmum,DV: Mother's NS-SEC class,-94.0,Insufficient information
w1nssecmum,DV: Mother's NS-SEC class,-92.0,Refused
w1nssecmum,DV: Mother's NS-SEC class,-91.0,Not applicable
w1nssecmum,DV: Mother's NS-SEC class,1.0,Higher Managerial and professional occupations
w1nssecmum,DV: Mother's NS-SEC class,2.0,Lower managerial and professional occupations
w1nssecmum,DV: Mother's NS-SEC class,3.0,Intermediate occupations
w1nssecmum,DV: Mother's NS-SEC class,4.0,Small employers and own account workers
w1nssecmum,DV: Mother's NS-SEC class,5.0,Lower supervisory and technical occupations
w1nssecmum,DV: Mother's NS-SEC class,6.0,Semi-routine occupations
w1nssecmum,DV: Mother's NS-SEC class,7.0,Routine occupations
w1nssecmum,DV: Mother's NS-SEC class,8.0,Never worked/long term unemployed
w1nssecdad,DV: Father's NS-SEC class,-999.0,Missing - household data lost
w1nssecdad,DV: Father's NS-SEC class,-99.0,Father not interviewed
w1nssecdad,DV: Father's NS-SEC class,-98.0,Father not present
w1nssecdad,DV: Father's NS-SEC class,-94.0,Insufficient information
w1nssecdad,DV: Father's NS-SEC class,-92.0,Refused
w1nssecdad,DV: Father's NS-SEC class,-91.0,Not applicable
w1nssecdad,DV: Father's NS-SEC class,1.0,Higher Managerial and professional occupations
w1nssecdad,DV: Father's NS-SEC class,2.0,Lower managerial and professional occupations
w1nssecdad,DV: Father's NS-SEC class,3.0,Intermediate occupations
w1nssecdad,DV: Father's NS-SEC class,4.0,Small employers and own account workers
w1nssecdad,DV: Father's NS-SEC class,5.0,Lower supervisory and technical occupations
w1nssecdad,DV: Father's NS-SEC class,6.0,Semi-routine occupations
w1nssecdad,DV: Father's NS-SEC class,7.0,Routine occupations
w1nssecdad,DV: Father's NS-SEC class,8.0,Never worked/long term unemployed
w1hiqualgmum,DV: Mother's highest qualification (grouped),-999.0,Missing - household data lost
w1hiqualgmum,DV: Mother's highest qualification (grouped),-99.0,Mother not interviewed
w1hiqualgmum,DV: Mother's highest qualification (grouped),-98.0,Mother not present
w1hiqualgmum,DV: Mother's highest qualification (grouped),-94.0,Insufficient information
w1hiqualgmum,DV: Mother's highest qualification (grouped),-92.0,Refused
w1hiqualgmum,DV: Mother's highest qualification (grouped),-91.0,Not applicable
w1hiqualgmum,DV: Mother's highest qualification (grouped),-1.0,Don't know
w1hiqualgmum,DV: Mother's highest qualification (grouped),1.0,Degree or equivalent
w1hiqualgmum,DV: Mother's highest qualification (grouped),2.0,Higher education below degree level
w1hiqualgmum,DV: Mother's highest qualification (grouped),3.0,GCE A Level or equiv
w1hiqualgmum,DV: Mother's highest qualification (grouped),4.0,GCSE grades A-C or equiv
w1hiqualgmum,DV: Mother's highest qualification (grouped),5.0,Qualifications at level 1 and below
w1hiqualgmum,DV: Mother's highest qualification (grouped),6.0,Other qualifications
w1hiqualgmum,DV: Mother's highest qualification (grouped),7.0,No qualification
w1hiqualgdad,DV: Father's highest qualification (grouped),-999.0,Missing - household data lost
w1hiqualgdad,DV: Father's highest qualification (grouped),-99.0,Father not interviewed
w1hiqualgdad,DV: Father's highest qualification (grouped),-98.0,Father not present
w1hiqualgdad,DV: Father's highest qualification (grouped),-94.0,Insufficient information
w1hiqualgdad,DV: Father's highest qualification (grouped),-92.0,Refused
w1hiqualgdad,DV: Father's highest qualification (grouped),-91.0,Not applicable
w1hiqualgdad,DV: Father's highest qualification (grouped),-1.0,Don't know
w1hiqualgdad,DV: Father's highest qualification (grouped),1.0,Degree or equivalent
w1hiqualgdad,DV: Father's highest qualification (grouped),2.0,Higher education below degree level
w1hiqualgdad,DV: Father's highest qualification (grouped),3.0,GCE A Level or equiv
w1hiqualgdad,DV: Father's highest qualification (grouped),4.0,GCSE grades A-C or equiv
w1hiqualgdad,DV: Father's highest qualification (grouped),5.0,Qualifications at level 1 and below
w1hiqualgdad,DV: Father's highest qualification (grouped),6.0,Other qualifications
w1hiqualgdad,DV: Father's highest qualification (grouped),7.0,No qualification
w8bdatm,Month of birth,-9.0,Refused
w8bdatm,Month of birth,-8.0,Don't know
w8bdatm,Month of birth,-1.0,Not applicable
w8bdatm,Month of birth,1.0,January
w8bdatm,Month of birth,2.0,February
w8bdatm,Month of birth,3.0,March
w8bdatm,Month of birth,4.0,April
w8bdatm,Month of birth,5.0,May
w8bdatm,Month of birth,6.0,June
w8bdatm,Month of birth,7.0,July
w8bdatm,Month of birth,8.0,August
w8bdatm,Month of birth,9.0,September
w8bdatm,Month of birth,10.0,October
w8bdatm,Month of birth,11.0,November
w8bdatm,Month of birth,12.0,December
w8bdaty,Year of birth,-9.0,Refused
w8bdaty,Year of birth,-8.0,Don't know
w8bdaty,Year of birth,-1.0,Not applicable
w8intmth,Date of interview: month,-9.0,Refused
w8intmth,Date of interview: month,-8.0,Don't know
w8intmth,Date of interview: month,-1.0,Not applicable
w8intmth,Date of interview: month,1.0,January
w8intmth,Date of interview: month,2.0,February
w8intmth,Date of interview: month,3.0,March
w8intmth,Date of interview: month,4.0,April
w8intmth,Date of interview: month,5.0,May
w8intmth,Date of interview: month,6.0,June
w8intmth,Date of interview: month,7.0,July
w8intmth,Date of interview: month,8.0,August
w8intmth,Date of interview: month,9.0,September
w8intmth,Date of interview: month,10.0,October
w8intmth,Date of interview: month,11.0,November
w8intmth,Date of interview: month,12.0,December
w8intyear,Date of interview: year,-9.0,Refused
w8intyear,Date of interview: year,-8.0,Don't know
w8intyear,Date of interview: year,-1.0,Not applicable
w8dhanvqh,DV: Highest NVQ level from an academic qualification to 2015,-9.0,Refused
w8dhanvqh,DV: Highest NVQ level from an academic qualification to 2015,-8.0,Insufficient information
w8dhanvqh,DV: Highest NVQ level from an academic qualification to 2015,-1.0,Not applicable
w8dhanvqh,DV: Highest NVQ level from an academic qualification to 2015,1.0,NVQ Level 1
w8dhanvqh,DV: Highest NVQ level from an academic qualification to 2015,2.0,NVQ Level 2
w8dhanvqh,DV: Highest NVQ level from an academic qualification to 2015,3.0,NVQ Level 3
w8dhanvqh,DV: Highest NVQ level from an academic qualification to 2015,4.0,NVQ Level 4
w8dhanvqh,DV: Highest NVQ level from an academic qualification to 2015,5.0,NVQ Level 5
w8dhanvqh,DV: Highest NVQ level from an academic qualification to 2015,95.0,Other academic qualification
w8dhanvqh,DV: Highest NVQ level from an academic qualification to 2015,96.0,None of these qualifications
w8dnssec8,DV: NS-SEC (2010) 7 (Analytic classes),-9.0,Refused
w8dnssec8,DV: NS-SEC (2010) 7 (Analytic classes),-8.0,Insufficient information
w8dnssec8,DV: NS-SEC (2010) 7 (Analytic classes),-1.0,Not applicable
w8dnssec8,DV: NS-SEC (2010) 7 (Analytic classes),1.0,"Higher managerial, admin & professional"
w8dnssec8,DV: NS-SEC (2010) 7 (Analytic classes),2.0,"Lower managerial, admin & professional"
w8dnssec8,DV: NS-SEC (2010) 7 (Analytic classes),3.0,Intermediate occupations
w8dnssec8,DV: NS-SEC (2010) 7 (Analytic classes),4.0,Small employers and own account
w8dnssec8,DV: NS-SEC (2010) 7 (Analytic classes),5.0,Lower supervisory and technical
w8dnssec8,DV: NS-SEC (2010) 7 (Analytic classes),6.0,Semi-routine occupations
w8dnssec8,DV: NS-SEC (2010) 7 (Analytic classes),7.0,Routine occupations
w8dnssec5,DV: NS-SEC (2010) 5 (Analytic classes),-9.0,Refused
w8dnssec5,DV: NS-SEC (2010) 5 (Analytic classes),-8.0,Insufficient information
w8dnssec5,DV: NS-SEC (2010) 5 (Analytic classes),-1.0,Not applicable
w8dnssec5,DV: NS-SEC (2010) 5 (Analytic classes),1.0,"Higher managerial, admin & professional"
w8dnssec5,DV: NS-SEC (2010) 5 (Analytic classes),2.0,Intermediate occupations
w8dnssec5,DV: NS-SEC (2010) 5 (Analytic classes),3.0,Small employers and own account
w8dnssec5,DV: NS-SEC (2010) 5 (Analytic classes),4.0,Lower supervisory and technical
w8dnssec5,DV: NS-SEC (2010) 5 (Analytic classes),5.0,Semi-routine and routine occupations
w8dactivityc,DV: Current activity of CM - backcoded,-9.0,Refused
w8dactivityc,DV: Current activity of CM - backcoded,-8.0,Insufficient information
w8dactivityc,DV: Current activity of CM - backcoded,-1.0,Not applicable
w8dactivityc,DV: Current activity of CM - backcoded,1.0,Employee - in paid work
w8dactivityc,DV: Current activity of CM - backcoded,2.0,Self employed
w8dactivityc,DV: Current activity of CM - backcoded,3.0,In unpaid/voluntary work
w8dactivityc,DV: Current activity of CM - backcoded,4.0,Unemployed
w8dactivityc,DV: Current activity of CM - backcoded,5.0,Education: School/college/university
w8dactivityc,DV: Current activity of CM - backcoded,6.0,Apprenticeship
w8dactivityc,DV: Current activity of CM - backcoded,7.0,On gov't scheme for employment training
w8dactivityc,DV: Current activity of CM - backcoded,8.0,Sick or disabled
w8dactivityc,DV: Current activity of CM - backcoded,9.0,Looking after home or family
w8dactivityc,DV: Current activity of CM - backcoded,10.0,Something else
w8dwrk,DV: Whether CM currently employed - backcoded,-9.0,Refused
w8dwrk,DV: Whether CM currently employed - backcoded,-8.0,Insufficient information
w8dwrk,DV: Whether CM currently employed - backcoded,-1.0,Not applicable
w8dwrk,DV: Whether CM currently employed - backcoded,1.0,Currently employed
w8dwrk,DV: Whether CM currently employed - backcoded,2.0,Not currently employed
w8dincb,DV: Banded weekly income,-1.0,Not applicable
w8dincb,DV: Banded weekly income,1.0,less than 25
w8dincb,DV: Banded weekly income,2.0,25 to 50
w8dincb,DV: Banded weekly income,3.0,50 to 90
w8dincb,DV: Banded weekly income,4.0,90 to 140
w8dincb,DV: Banded weekly income,5.0,140 to 240
w8dincb,DV: Banded weekly income,6.0,240 to 300
w8dincb,DV: Banded weekly income,7.0,300 to 350
w8dincb,DV: Banded weekly income,8.0,350 to 400
w8dincb,DV: Banded weekly income,9.0,400 to 500
w8dincb,DV: Banded weekly income,10.0,500 to 600
w8dincb,DV: Banded weekly income,11.0,600 to 700
w8dincb,DV: Banded weekly income,12.0,700 to 800
w8dincb,DV: Banded weekly income,13.0,800 to 900
w8dincb,DV: Banded weekly income,14.0,900 to 1200
w8dincb,DV: Banded weekly income,15.0,1200 to 1400
w8dincb,DV: Banded weekly income,16.0,more than 1400
w8tenure,Tenure,-9.0,Refused
w8tenure,Tenure,-8.0,Don't know
w8tenure,Tenure,-1.0,Not applicable
w8tenure,Tenure,1.0,Own â€“ outright
w8tenure,Tenure,2.0,Own â€“ buying with help of mortg or loan
w8tenure,Tenure,3.0,Part rent/mortgage (shared/equity own)
w8tenure,Tenure,4.0,Rent inc Housing Ben/Lcl Housing Allow
w8tenure,Tenure,5.0,Rent-free inc rels/friend exc squatting
w8tenure,Tenure,6.0,Squatting
w8tenure,Tenure,7.0,Other arrangement inc board to parents
w8numpar,DV: Number of parents lived with,-9.0,Refused
w8numpar,DV: Number of parents lived with,-8.0,Insufficient information
w8numpar,DV: Number of parents lived with,-1.0,Not applicable
w8nrany,Currently cohabiting,-9.0,Refused
w8nrany,Currently cohabiting,-8.0,Don't know
w8nrany,Currently cohabiting,-1.0,Not applicable
w8nrany,Currently cohabiting,1.0,Yes
w8nrany,Currently cohabiting,2.0,No
w8pels,Other adults or children who live here all or some of the time,-9.0,Refused
w8pels,Other adults or children who live here all or some of the time,-8.0,Don't know
w8pels,Other adults or children who live here all or some of the time,-1.0,Not applicable
w8pels,Other adults or children who live here all or some of the time,1.0,Yes
w8pels,Other adults or children who live here all or some of the time,2.0,No
w8dohmany,Number of others who live here all or some of the time,-9.0,Refused
w8dohmany,Number of others who live here all or some of the time,-8.0,Don't know
w8dohmany,Number of others who live here all or some of the time,-1.0,Not applicable
w8crnowma,Relationship status,-9.0,Refused
w8crnowma,Relationship status,-8.0,Don't know
w8crnowma,Relationship status,-1.0,Not applicable
w8crnowma,Relationship status,1.0,Spouse
w8crnowma,Relationship status,2.0,Civil partner
w8crnowma,Relationship status,3.0,Cohabiting partner
w8activityc,Main current activity,-9.0,Refused
w8activityc,Main current activity,-8.0,Don't know
w8activityc,Main current activity,-1.0,Not applicable
w8activityc,Main current activity,1.0,Employee - in paid work
w8activityc,Main current activity,2.0,Self employed
w8activityc,Main current activity,3.0,In unpaid/voluntary work
w8activityc,Main current activity,4.0,Unemployed
w8activityc,Main current activity,5.0,Education: School/college/university
w8activityc,Main current activity,6.0,Apprenticeship
w8activityc,Main current activity,7.0,On gov't scheme for employment training
w8activityc,Main current activity,8.0,Sick or disabled
w8activityc,Main current activity,9.0,Looking after home or family
w8activityc,Main current activity,10.0,Something else
w8activityc,Main current activity,11.0,Maternity leave
w8activityc,Main current activity,12.0,Travelling
w8activityc,Main current activity,13.0,Employed but status unclear
w8activityc,Main current activity,95.0,Other
w8activityc,Main current activity,96.0,Vague/irrelevant answer
w8dhsize,DV: Number of people currently living in household (inc CM),-9.0,Refused
w8dhsize,DV: Number of people currently living in household (inc CM),-8.0,Insufficient information
w8dhsize,DV: Number of people currently living in household (inc CM),-1.0,Not applicable
avail_from_dt,,,
