variable_name,variable_label,value_value,value_label
study_id_e,,,
samppsu,Sampling: School (primary sampling unit),,
sampstratum,Sampling: Stratum,,
w2finwt,Weight: W2 final weight (w1 final weight * w2 non-response weight),,
w2intmonthmp,Admin: MP month of interview,,
w2intyearmp,Admin: MP year of interview,,
w2intmonthsp,Admin: SP month of interview,,
w2intyearsp,Admin: SP year of interview,,
w2parevemp,MP: Whether self or partner have been to any parents' evenings or similar events at school,-998.0,Interviewer missed question
w2parevemp,MP: Whether self or partner have been to any parents' evenings or similar events at school,-997.0,Script error
w2parevemp,MP: Whether self or partner have been to any parents' evenings or similar events at school,-995.0, Missing history section data - unexplained
w2parevemp,MP: Whether self or partner have been to any parents' evenings or similar events at school,-99.0,MP not interviewed
w2parevemp,MP: Whether self or partner have been to any parents' evenings or similar events at school,-92.0,Refused
w2parevemp,MP: Whether self or partner have been to any parents' evenings or similar events at school,-91.0,Not applicable
w2parevemp,MP: Whether self or partner have been to any parents' evenings or similar events at school,-1.0,Don't Know
w2parevemp,MP: Whether self or partner have been to any parents' evenings or similar events at school,1.0,Yes - respondent and partner/ husband/ wife have gone
w2parevemp,MP: Whether self or partner have been to any parents' evenings or similar events at school,2.0,Yes - respondent went alone
w2parevemp,MP: Whether self or partner have been to any parents' evenings or similar events at school,3.0,Yes - respondent's partner/ husband/ wife went alone
w2parevemp,MP: Whether self or partner have been to any parents' evenings or similar events at school,4.0,Yes - Respondent and EX-partner/husband/wife have gone
w2parevemp,MP: Whether self or partner have been to any parents' evenings or similar events at school,5.0,Yes - Respondent's EX-partner/husband/wife went alone
w2parevemp,MP: Whether self or partner have been to any parents' evenings or similar events at school,6.0,No - nobody has been
w2tmeetfmp,MP: Whether had any specially arranged meetings with teachers about YP's schooling,-998.0,Interviewer missed question
w2tmeetfmp,MP: Whether had any specially arranged meetings with teachers about YP's schooling,-997.0,Script error
w2tmeetfmp,MP: Whether had any specially arranged meetings with teachers about YP's schooling,-995.0, Missing history section data - unexplained
w2tmeetfmp,MP: Whether had any specially arranged meetings with teachers about YP's schooling,-99.0,MP not interviewed
w2tmeetfmp,MP: Whether had any specially arranged meetings with teachers about YP's schooling,-92.0,Refused
w2tmeetfmp,MP: Whether had any specially arranged meetings with teachers about YP's schooling,-91.0,Not applicable
w2tmeetfmp,MP: Whether had any specially arranged meetings with teachers about YP's schooling,-1.0,Don't Know
w2tmeetfmp,MP: Whether had any specially arranged meetings with teachers about YP's schooling,1.0,Yes
w2tmeetfmp,MP: Whether had any specially arranged meetings with teachers about YP's schooling,2.0,No
w2tspeakmp,MP: How often speak to YP's teachers about schooling,-998.0,Interviewer missed question
w2tspeakmp,MP: How often speak to YP's teachers about schooling,-997.0,Script error
w2tspeakmp,MP: How often speak to YP's teachers about schooling,-995.0, Missing history section data - unexplained
w2tspeakmp,MP: How often speak to YP's teachers about schooling,-99.0,MP not interviewed
w2tspeakmp,MP: How often speak to YP's teachers about schooling,-92.0,Refused
w2tspeakmp,MP: How often speak to YP's teachers about schooling,-91.0,Not applicable
w2tspeakmp,MP: How often speak to YP's teachers about schooling,-1.0,Don't Know
w2tspeakmp,MP: How often speak to YP's teachers about schooling,1.0,At least once a week
w2tspeakmp,MP: How often speak to YP's teachers about schooling,2.0,Every two or three weeks
w2tspeakmp,MP: How often speak to YP's teachers about schooling,3.0,At least once a term
w2tspeakmp,MP: How often speak to YP's teachers about schooling,4.0,Less often than once a term
w2tspeakmp,MP: How often speak to YP's teachers about schooling,5.0,Never
w2schlifmp,MP: How  involved does MP personally feel in YP's school life,-998.0,Interviewer missed question
w2schlifmp,MP: How  involved does MP personally feel in YP's school life,-997.0,Script error
w2schlifmp,MP: How  involved does MP personally feel in YP's school life,-995.0, Missing history section data - unexplained
w2schlifmp,MP: How  involved does MP personally feel in YP's school life,-99.0,MP not interviewed
w2schlifmp,MP: How  involved does MP personally feel in YP's school life,-92.0,Refused
w2schlifmp,MP: How  involved does MP personally feel in YP's school life,-91.0,Not applicable
w2schlifmp,MP: How  involved does MP personally feel in YP's school life,-1.0,Don't Know
w2schlifmp,MP: How  involved does MP personally feel in YP's school life,1.0,Very involved
w2schlifmp,MP: How  involved does MP personally feel in YP's school life,2.0,Fairly involved
w2schlifmp,MP: How  involved does MP personally feel in YP's school life,3.0,Not very involved
w2schlifmp,MP: How  involved does MP personally feel in YP's school life,4.0,or Not at all involved?
w2vocs1mp,MP: Whether MP talked to YP about YP doing vocational subjects,-998.0,Interviewer missed question
w2vocs1mp,MP: Whether MP talked to YP about YP doing vocational subjects,-997.0,Script error
w2vocs1mp,MP: Whether MP talked to YP about YP doing vocational subjects,-995.0, Missing history section data - unexplained
w2vocs1mp,MP: Whether MP talked to YP about YP doing vocational subjects,-99.0,MP not interviewed
w2vocs1mp,MP: Whether MP talked to YP about YP doing vocational subjects,-92.0,Refused
w2vocs1mp,MP: Whether MP talked to YP about YP doing vocational subjects,-91.0,Not applicable
w2vocs1mp,MP: Whether MP talked to YP about YP doing vocational subjects,-1.0,Don't Know
w2vocs1mp,MP: Whether MP talked to YP about YP doing vocational subjects,1.0,Yes
w2vocs1mp,MP: Whether MP talked to YP about YP doing vocational subjects,2.0,No
w2vocs2mp,MP: Whether MP talked to teachers about YP doing vocational subjects,-998.0,Interviewer missed question
w2vocs2mp,MP: Whether MP talked to teachers about YP doing vocational subjects,-997.0,Script error
w2vocs2mp,MP: Whether MP talked to teachers about YP doing vocational subjects,-995.0, Missing history section data - unexplained
w2vocs2mp,MP: Whether MP talked to teachers about YP doing vocational subjects,-99.0,MP not interviewed
w2vocs2mp,MP: Whether MP talked to teachers about YP doing vocational subjects,-92.0,Refused
w2vocs2mp,MP: Whether MP talked to teachers about YP doing vocational subjects,-91.0,Not applicable
w2vocs2mp,MP: Whether MP talked to teachers about YP doing vocational subjects,-1.0,Don't Know
w2vocs2mp,MP: Whether MP talked to teachers about YP doing vocational subjects,1.0,Yes
w2vocs2mp,MP: Whether MP talked to teachers about YP doing vocational subjects,2.0,No
w2extrtu1mp,MP: Whether in the last twelve months MP has paid for private classes in subjects also taught at YP's school,-998.0,Interviewer missed question
w2extrtu1mp,MP: Whether in the last twelve months MP has paid for private classes in subjects also taught at YP's school,-997.0,Script error
w2extrtu1mp,MP: Whether in the last twelve months MP has paid for private classes in subjects also taught at YP's school,-995.0, Missing history section data - unexplained
w2extrtu1mp,MP: Whether in the last twelve months MP has paid for private classes in subjects also taught at YP's school,-99.0,MP not interviewed
w2extrtu1mp,MP: Whether in the last twelve months MP has paid for private classes in subjects also taught at YP's school,-92.0,Refused
w2extrtu1mp,MP: Whether in the last twelve months MP has paid for private classes in subjects also taught at YP's school,-91.0,Not applicable
w2extrtu1mp,MP: Whether in the last twelve months MP has paid for private classes in subjects also taught at YP's school,-1.0,Don't Know
w2extrtu1mp,MP: Whether in the last twelve months MP has paid for private classes in subjects also taught at YP's school,1.0,Yes
w2extrtu1mp,MP: Whether in the last twelve months MP has paid for private classes in subjects also taught at YP's school,2.0,No
w2extrtu2mp0a,MP: Which private lessons/ classes paid for (covered at school) - Maths,-998.0,Interviewer missed question
w2extrtu2mp0a,MP: Which private lessons/ classes paid for (covered at school) - Maths,-997.0,Script error
w2extrtu2mp0a,MP: Which private lessons/ classes paid for (covered at school) - Maths,-995.0, Missing history section data - unexplained
w2extrtu2mp0a,MP: Which private lessons/ classes paid for (covered at school) - Maths,-99.0,MP not interviewed
w2extrtu2mp0a,MP: Which private lessons/ classes paid for (covered at school) - Maths,-92.0,Refused
w2extrtu2mp0a,MP: Which private lessons/ classes paid for (covered at school) - Maths,-91.0,Not applicable
w2extrtu2mp0a,MP: Which private lessons/ classes paid for (covered at school) - Maths,-1.0,Don't Know
w2extrtu2mp0a,MP: Which private lessons/ classes paid for (covered at school) - Maths,0.0,Not mentioned
w2extrtu2mp0a,MP: Which private lessons/ classes paid for (covered at school) - Maths,1.0,Mentioned
w2extrtu2mp0b,MP: Which private lessons/ classes paid for (covered at school) - English,-998.0,Interviewer missed question
w2extrtu2mp0b,MP: Which private lessons/ classes paid for (covered at school) - English,-997.0,Script error
w2extrtu2mp0b,MP: Which private lessons/ classes paid for (covered at school) - English,-995.0, Missing history section data - unexplained
w2extrtu2mp0b,MP: Which private lessons/ classes paid for (covered at school) - English,-99.0,MP not interviewed
w2extrtu2mp0b,MP: Which private lessons/ classes paid for (covered at school) - English,-92.0,Refused
w2extrtu2mp0b,MP: Which private lessons/ classes paid for (covered at school) - English,-91.0,Not applicable
w2extrtu2mp0b,MP: Which private lessons/ classes paid for (covered at school) - English,-1.0,Don't Know
w2extrtu2mp0b,MP: Which private lessons/ classes paid for (covered at school) - English,0.0,Not mentioned
w2extrtu2mp0b,MP: Which private lessons/ classes paid for (covered at school) - English,1.0,Mentioned
w2extrtu2mp0c,MP: Which private lessons/ classes paid for (covered at school) - Languages,-998.0,Interviewer missed question
w2extrtu2mp0c,MP: Which private lessons/ classes paid for (covered at school) - Languages,-997.0,Script error
w2extrtu2mp0c,MP: Which private lessons/ classes paid for (covered at school) - Languages,-995.0, Missing history section data - unexplained
w2extrtu2mp0c,MP: Which private lessons/ classes paid for (covered at school) - Languages,-99.0,MP not interviewed
w2extrtu2mp0c,MP: Which private lessons/ classes paid for (covered at school) - Languages,-92.0,Refused
w2extrtu2mp0c,MP: Which private lessons/ classes paid for (covered at school) - Languages,-91.0,Not applicable
w2extrtu2mp0c,MP: Which private lessons/ classes paid for (covered at school) - Languages,-1.0,Don't Know
w2extrtu2mp0c,MP: Which private lessons/ classes paid for (covered at school) - Languages,0.0,Not mentioned
w2extrtu2mp0c,MP: Which private lessons/ classes paid for (covered at school) - Languages,1.0,Mentioned
w2extrtu2mp0d,MP: Which private lessons/ classes paid for (covered at school) - Science,-998.0,Interviewer missed question
w2extrtu2mp0d,MP: Which private lessons/ classes paid for (covered at school) - Science,-997.0,Script error
w2extrtu2mp0d,MP: Which private lessons/ classes paid for (covered at school) - Science,-995.0, Missing history section data - unexplained
w2extrtu2mp0d,MP: Which private lessons/ classes paid for (covered at school) - Science,-99.0,MP not interviewed
w2extrtu2mp0d,MP: Which private lessons/ classes paid for (covered at school) - Science,-92.0,Refused
w2extrtu2mp0d,MP: Which private lessons/ classes paid for (covered at school) - Science,-91.0,Not applicable
w2extrtu2mp0d,MP: Which private lessons/ classes paid for (covered at school) - Science,-1.0,Don't Know
w2extrtu2mp0d,MP: Which private lessons/ classes paid for (covered at school) - Science,0.0,Not mentioned
w2extrtu2mp0d,MP: Which private lessons/ classes paid for (covered at school) - Science,1.0,Mentioned
w2extrtu2mp0e,MP: Which private lessons/ classes paid for (covered at school) - Music,-998.0,Interviewer missed question
w2extrtu2mp0e,MP: Which private lessons/ classes paid for (covered at school) - Music,-997.0,Script error
w2extrtu2mp0e,MP: Which private lessons/ classes paid for (covered at school) - Music,-995.0, Missing history section data - unexplained
w2extrtu2mp0e,MP: Which private lessons/ classes paid for (covered at school) - Music,-99.0,MP not interviewed
w2extrtu2mp0e,MP: Which private lessons/ classes paid for (covered at school) - Music,-92.0,Refused
w2extrtu2mp0e,MP: Which private lessons/ classes paid for (covered at school) - Music,-91.0,Not applicable
w2extrtu2mp0e,MP: Which private lessons/ classes paid for (covered at school) - Music,-1.0,Don't Know
w2extrtu2mp0e,MP: Which private lessons/ classes paid for (covered at school) - Music,0.0,Not mentioned
w2extrtu2mp0e,MP: Which private lessons/ classes paid for (covered at school) - Music,1.0,Mentioned
w2extrtu2mp0f,MP: Which private lessons/ classes paid for (covered at school) - Dance,-998.0,Interviewer missed question
w2extrtu2mp0f,MP: Which private lessons/ classes paid for (covered at school) - Dance,-997.0,Script error
w2extrtu2mp0f,MP: Which private lessons/ classes paid for (covered at school) - Dance,-995.0, Missing history section data - unexplained
w2extrtu2mp0f,MP: Which private lessons/ classes paid for (covered at school) - Dance,-99.0,MP not interviewed
w2extrtu2mp0f,MP: Which private lessons/ classes paid for (covered at school) - Dance,-92.0,Refused
w2extrtu2mp0f,MP: Which private lessons/ classes paid for (covered at school) - Dance,-91.0,Not applicable
w2extrtu2mp0f,MP: Which private lessons/ classes paid for (covered at school) - Dance,-1.0,Don't Know
w2extrtu2mp0f,MP: Which private lessons/ classes paid for (covered at school) - Dance,0.0,Not mentioned
w2extrtu2mp0f,MP: Which private lessons/ classes paid for (covered at school) - Dance,1.0,Mentioned
w2extrtu2mp0g,MP: Which private lessons/ classes paid for (covered at school) - Drama,-998.0,Interviewer missed question
w2extrtu2mp0g,MP: Which private lessons/ classes paid for (covered at school) - Drama,-997.0,Script error
w2extrtu2mp0g,MP: Which private lessons/ classes paid for (covered at school) - Drama,-995.0, Missing history section data - unexplained
w2extrtu2mp0g,MP: Which private lessons/ classes paid for (covered at school) - Drama,-99.0,MP not interviewed
w2extrtu2mp0g,MP: Which private lessons/ classes paid for (covered at school) - Drama,-92.0,Refused
w2extrtu2mp0g,MP: Which private lessons/ classes paid for (covered at school) - Drama,-91.0,Not applicable
w2extrtu2mp0g,MP: Which private lessons/ classes paid for (covered at school) - Drama,-1.0,Don't Know
w2extrtu2mp0g,MP: Which private lessons/ classes paid for (covered at school) - Drama,0.0,Not mentioned
w2extrtu2mp0g,MP: Which private lessons/ classes paid for (covered at school) - Drama,1.0,Mentioned
w2extrtu2mp0h,MP: Which private lessons/ classes paid for (covered at school) - Religious activity,-998.0,Interviewer missed question
w2extrtu2mp0h,MP: Which private lessons/ classes paid for (covered at school) - Religious activity,-997.0,Script error
w2extrtu2mp0h,MP: Which private lessons/ classes paid for (covered at school) - Religious activity,-995.0, Missing history section data - unexplained
w2extrtu2mp0h,MP: Which private lessons/ classes paid for (covered at school) - Religious activity,-99.0,MP not interviewed
w2extrtu2mp0h,MP: Which private lessons/ classes paid for (covered at school) - Religious activity,-92.0,Refused
w2extrtu2mp0h,MP: Which private lessons/ classes paid for (covered at school) - Religious activity,-91.0,Not applicable
w2extrtu2mp0h,MP: Which private lessons/ classes paid for (covered at school) - Religious activity,-1.0,Don't Know
w2extrtu2mp0h,MP: Which private lessons/ classes paid for (covered at school) - Religious activity,0.0,Not mentioned
w2extrtu2mp0h,MP: Which private lessons/ classes paid for (covered at school) - Religious activity,1.0,Mentioned
w2extrtu2mp0i,MP: Which private lessons/ classes paid for (covered at school) - Sport,-998.0,Interviewer missed question
w2extrtu2mp0i,MP: Which private lessons/ classes paid for (covered at school) - Sport,-997.0,Script error
w2extrtu2mp0i,MP: Which private lessons/ classes paid for (covered at school) - Sport,-995.0, Missing history section data - unexplained
w2extrtu2mp0i,MP: Which private lessons/ classes paid for (covered at school) - Sport,-99.0,MP not interviewed
w2extrtu2mp0i,MP: Which private lessons/ classes paid for (covered at school) - Sport,-92.0,Refused
w2extrtu2mp0i,MP: Which private lessons/ classes paid for (covered at school) - Sport,-91.0,Not applicable
w2extrtu2mp0i,MP: Which private lessons/ classes paid for (covered at school) - Sport,-1.0,Don't Know
w2extrtu2mp0i,MP: Which private lessons/ classes paid for (covered at school) - Sport,0.0,Not mentioned
w2extrtu2mp0i,MP: Which private lessons/ classes paid for (covered at school) - Sport,1.0,Mentioned
w2extrtu2mp0j,MP: Which private lessons/ classes paid for (covered at school) - Horse riding,-998.0,Interviewer missed question
w2extrtu2mp0j,MP: Which private lessons/ classes paid for (covered at school) - Horse riding,-997.0,Script error
w2extrtu2mp0j,MP: Which private lessons/ classes paid for (covered at school) - Horse riding,-995.0, Missing history section data - unexplained
w2extrtu2mp0j,MP: Which private lessons/ classes paid for (covered at school) - Horse riding,-99.0,MP not interviewed
w2extrtu2mp0j,MP: Which private lessons/ classes paid for (covered at school) - Horse riding,-92.0,Refused
w2extrtu2mp0j,MP: Which private lessons/ classes paid for (covered at school) - Horse riding,-91.0,Not applicable
w2extrtu2mp0j,MP: Which private lessons/ classes paid for (covered at school) - Horse riding,-1.0,Don't Know
w2extrtu2mp0j,MP: Which private lessons/ classes paid for (covered at school) - Horse riding,0.0,Not mentioned
w2extrtu2mp0j,MP: Which private lessons/ classes paid for (covered at school) - Horse riding,1.0,Mentioned
w2extrtu2mp0k,MP: Which private lessons/ classes paid for (covered at school) - Other,-998.0,Interviewer missed question
w2extrtu2mp0k,MP: Which private lessons/ classes paid for (covered at school) - Other,-997.0,Script error
w2extrtu2mp0k,MP: Which private lessons/ classes paid for (covered at school) - Other,-995.0, Missing history section data - unexplained
w2extrtu2mp0k,MP: Which private lessons/ classes paid for (covered at school) - Other,-99.0,MP not interviewed
w2extrtu2mp0k,MP: Which private lessons/ classes paid for (covered at school) - Other,-92.0,Refused
w2extrtu2mp0k,MP: Which private lessons/ classes paid for (covered at school) - Other,-91.0,Not applicable
w2extrtu2mp0k,MP: Which private lessons/ classes paid for (covered at school) - Other,-1.0,Don't Know
w2extrtu2mp0k,MP: Which private lessons/ classes paid for (covered at school) - Other,0.0,Not mentioned
w2extrtu2mp0k,MP: Which private lessons/ classes paid for (covered at school) - Other,1.0,Mentioned
w2extrtu3mp,MP: Frequency of additional private lessons over last 12 months,-998.0,Interviewer missed question
w2extrtu3mp,MP: Frequency of additional private lessons over last 12 months,-997.0,Script error
w2extrtu3mp,MP: Frequency of additional private lessons over last 12 months,-995.0, Missing history section data - unexplained
w2extrtu3mp,MP: Frequency of additional private lessons over last 12 months,-99.0,MP not interviewed
w2extrtu3mp,MP: Frequency of additional private lessons over last 12 months,-92.0,Refused
w2extrtu3mp,MP: Frequency of additional private lessons over last 12 months,-91.0,Not applicable
w2extrtu3mp,MP: Frequency of additional private lessons over last 12 months,-1.0,Don't Know
w2extrtu3mp,MP: Frequency of additional private lessons over last 12 months,1.0,Three or four times a week or more
w2extrtu3mp,MP: Frequency of additional private lessons over last 12 months,2.0,Twice a week
w2extrtu3mp,MP: Frequency of additional private lessons over last 12 months,3.0,Once a week
w2extrtu3mp,MP: Frequency of additional private lessons over last 12 months,4.0,Less than once a week?
w2extrtu3mp,MP: Frequency of additional private lessons over last 12 months,5.0,Once only (code only if mentioned spontaneously)
w2extrtu4mp,MP: Whether paid for any private lessons in supplementary subjects,-998.0,Interviewer missed question
w2extrtu4mp,MP: Whether paid for any private lessons in supplementary subjects,-997.0,Script error
w2extrtu4mp,MP: Whether paid for any private lessons in supplementary subjects,-995.0, Missing history section data - unexplained
w2extrtu4mp,MP: Whether paid for any private lessons in supplementary subjects,-99.0,MP not interviewed
w2extrtu4mp,MP: Whether paid for any private lessons in supplementary subjects,-92.0,Refused
w2extrtu4mp,MP: Whether paid for any private lessons in supplementary subjects,-91.0,Not applicable
w2extrtu4mp,MP: Whether paid for any private lessons in supplementary subjects,-1.0,Don't Know
w2extrtu4mp,MP: Whether paid for any private lessons in supplementary subjects,1.0,Yes
w2extrtu4mp,MP: Whether paid for any private lessons in supplementary subjects,2.0,No
w2extrtu5mp0a,MP: Which private lessons/ classes paid for (NOT covered at school) - Music,-998.0,Interviewer missed question
w2extrtu5mp0a,MP: Which private lessons/ classes paid for (NOT covered at school) - Music,-997.0,Script error
w2extrtu5mp0a,MP: Which private lessons/ classes paid for (NOT covered at school) - Music,-995.0, Missing history section data - unexplained
w2extrtu5mp0a,MP: Which private lessons/ classes paid for (NOT covered at school) - Music,-99.0,MP not interviewed
w2extrtu5mp0a,MP: Which private lessons/ classes paid for (NOT covered at school) - Music,-92.0,Refused
w2extrtu5mp0a,MP: Which private lessons/ classes paid for (NOT covered at school) - Music,-91.0,Not applicable
w2extrtu5mp0a,MP: Which private lessons/ classes paid for (NOT covered at school) - Music,-1.0,Don't Know
w2extrtu5mp0a,MP: Which private lessons/ classes paid for (NOT covered at school) - Music,0.0,Not mentioned
w2extrtu5mp0a,MP: Which private lessons/ classes paid for (NOT covered at school) - Music,1.0,Mentioned
w2extrtu5mp0b,MP: Which private lessons/ classes paid for (NOT covered at school) - Dance,-998.0,Interviewer missed question
w2extrtu5mp0b,MP: Which private lessons/ classes paid for (NOT covered at school) - Dance,-997.0,Script error
w2extrtu5mp0b,MP: Which private lessons/ classes paid for (NOT covered at school) - Dance,-995.0, Missing history section data - unexplained
w2extrtu5mp0b,MP: Which private lessons/ classes paid for (NOT covered at school) - Dance,-99.0,MP not interviewed
w2extrtu5mp0b,MP: Which private lessons/ classes paid for (NOT covered at school) - Dance,-92.0,Refused
w2extrtu5mp0b,MP: Which private lessons/ classes paid for (NOT covered at school) - Dance,-91.0,Not applicable
w2extrtu5mp0b,MP: Which private lessons/ classes paid for (NOT covered at school) - Dance,-1.0,Don't Know
w2extrtu5mp0b,MP: Which private lessons/ classes paid for (NOT covered at school) - Dance,0.0,Not mentioned
w2extrtu5mp0b,MP: Which private lessons/ classes paid for (NOT covered at school) - Dance,1.0,Mentioned
w2extrtu5mp0c,MP: Which private lessons/ classes paid for (NOT covered at school) - Languages,-998.0,Interviewer missed question
w2extrtu5mp0c,MP: Which private lessons/ classes paid for (NOT covered at school) - Languages,-997.0,Script error
w2extrtu5mp0c,MP: Which private lessons/ classes paid for (NOT covered at school) - Languages,-995.0, Missing history section data - unexplained
w2extrtu5mp0c,MP: Which private lessons/ classes paid for (NOT covered at school) - Languages,-99.0,MP not interviewed
w2extrtu5mp0c,MP: Which private lessons/ classes paid for (NOT covered at school) - Languages,-92.0,Refused
w2extrtu5mp0c,MP: Which private lessons/ classes paid for (NOT covered at school) - Languages,-91.0,Not applicable
w2extrtu5mp0c,MP: Which private lessons/ classes paid for (NOT covered at school) - Languages,-1.0,Don't Know
w2extrtu5mp0c,MP: Which private lessons/ classes paid for (NOT covered at school) - Languages,0.0,Not mentioned
w2extrtu5mp0c,MP: Which private lessons/ classes paid for (NOT covered at school) - Languages,1.0,Mentioned
w2extrtu5mp0d,MP: Which private lessons/ classes paid for (NOT covered at school) - Speech and/or drama,-998.0,Interviewer missed question
w2extrtu5mp0d,MP: Which private lessons/ classes paid for (NOT covered at school) - Speech and/or drama,-997.0,Script error
w2extrtu5mp0d,MP: Which private lessons/ classes paid for (NOT covered at school) - Speech and/or drama,-995.0, Missing history section data - unexplained
w2extrtu5mp0d,MP: Which private lessons/ classes paid for (NOT covered at school) - Speech and/or drama,-99.0,MP not interviewed
w2extrtu5mp0d,MP: Which private lessons/ classes paid for (NOT covered at school) - Speech and/or drama,-92.0,Refused
w2extrtu5mp0d,MP: Which private lessons/ classes paid for (NOT covered at school) - Speech and/or drama,-91.0,Not applicable
w2extrtu5mp0d,MP: Which private lessons/ classes paid for (NOT covered at school) - Speech and/or drama,-1.0,Don't Know
w2extrtu5mp0d,MP: Which private lessons/ classes paid for (NOT covered at school) - Speech and/or drama,0.0,Not mentioned
w2extrtu5mp0d,MP: Which private lessons/ classes paid for (NOT covered at school) - Speech and/or drama,1.0,Mentioned
w2extrtu5mp0e,MP: Which private lessons/ classes paid for (NOT covered at school) - Religious activity,-998.0,Interviewer missed question
w2extrtu5mp0e,MP: Which private lessons/ classes paid for (NOT covered at school) - Religious activity,-997.0,Script error
w2extrtu5mp0e,MP: Which private lessons/ classes paid for (NOT covered at school) - Religious activity,-995.0, Missing history section data - unexplained
w2extrtu5mp0e,MP: Which private lessons/ classes paid for (NOT covered at school) - Religious activity,-99.0,MP not interviewed
w2extrtu5mp0e,MP: Which private lessons/ classes paid for (NOT covered at school) - Religious activity,-92.0,Refused
w2extrtu5mp0e,MP: Which private lessons/ classes paid for (NOT covered at school) - Religious activity,-91.0,Not applicable
w2extrtu5mp0e,MP: Which private lessons/ classes paid for (NOT covered at school) - Religious activity,-1.0,Don't Know
w2extrtu5mp0e,MP: Which private lessons/ classes paid for (NOT covered at school) - Religious activity,0.0,Not mentioned
w2extrtu5mp0e,MP: Which private lessons/ classes paid for (NOT covered at school) - Religious activity,1.0,Mentioned
w2extrtu5mp0f,MP: Which private lessons/ classes paid for (NOT covered at school) - Sport,-92.0,Refused
w2extrtu5mp0f,MP: Which private lessons/ classes paid for (NOT covered at school) - Sport,-91.0,Not applicable
w2extrtu5mp0f,MP: Which private lessons/ classes paid for (NOT covered at school) - Sport,-1.0,Don't Know
w2extrtu5mp0f,MP: Which private lessons/ classes paid for (NOT covered at school) - Sport,0.0,Not mentioned
w2extrtu5mp0f,MP: Which private lessons/ classes paid for (NOT covered at school) - Sport,1.0,Mentioned
w2extrtu5mp0f,MP: Which private lessons/ classes paid for (NOT covered at school) - Sport,-998.0,Interviewer missed question
w2extrtu5mp0f,MP: Which private lessons/ classes paid for (NOT covered at school) - Sport,-997.0,Script error
w2extrtu5mp0f,MP: Which private lessons/ classes paid for (NOT covered at school) - Sport,-995.0, Missing history section data - unexplained
w2extrtu5mp0f,MP: Which private lessons/ classes paid for (NOT covered at school) - Sport,-99.0,MP not interviewed
w2extrtu5mp0g,MP: Which private lessons/ classes paid for (NOT covered at school) - Maths,-998.0,Interviewer missed question
w2extrtu5mp0g,MP: Which private lessons/ classes paid for (NOT covered at school) - Maths,-997.0,Script error
w2extrtu5mp0g,MP: Which private lessons/ classes paid for (NOT covered at school) - Maths,-995.0, Missing history section data - unexplained
w2extrtu5mp0g,MP: Which private lessons/ classes paid for (NOT covered at school) - Maths,-99.0,MP not interviewed
w2extrtu5mp0g,MP: Which private lessons/ classes paid for (NOT covered at school) - Maths,-92.0,Refused
w2extrtu5mp0g,MP: Which private lessons/ classes paid for (NOT covered at school) - Maths,-91.0,Not applicable
w2extrtu5mp0g,MP: Which private lessons/ classes paid for (NOT covered at school) - Maths,-1.0,Don't Know
w2extrtu5mp0g,MP: Which private lessons/ classes paid for (NOT covered at school) - Maths,0.0,Not mentioned
w2extrtu5mp0g,MP: Which private lessons/ classes paid for (NOT covered at school) - Maths,1.0,Mentioned
w2extrtu5mp0h,MP: Which private lessons/ classes paid for (NOT covered at school) - English,-998.0,Interviewer missed question
w2extrtu5mp0h,MP: Which private lessons/ classes paid for (NOT covered at school) - English,-997.0,Script error
w2extrtu5mp0h,MP: Which private lessons/ classes paid for (NOT covered at school) - English,-995.0, Missing history section data - unexplained
w2extrtu5mp0h,MP: Which private lessons/ classes paid for (NOT covered at school) - English,-99.0,MP not interviewed
w2extrtu5mp0h,MP: Which private lessons/ classes paid for (NOT covered at school) - English,-92.0,Refused
w2extrtu5mp0h,MP: Which private lessons/ classes paid for (NOT covered at school) - English,-91.0,Not applicable
w2extrtu5mp0h,MP: Which private lessons/ classes paid for (NOT covered at school) - English,-1.0,Don't Know
w2extrtu5mp0h,MP: Which private lessons/ classes paid for (NOT covered at school) - English,0.0,Not mentioned
w2extrtu5mp0h,MP: Which private lessons/ classes paid for (NOT covered at school) - English,1.0,Mentioned
w2extrtu5mp0i,MP: Which private lessons/ classes paid for (NOT covered at school) - Science,-998.0,Interviewer missed question
w2extrtu5mp0i,MP: Which private lessons/ classes paid for (NOT covered at school) - Science,-997.0,Script error
w2extrtu5mp0i,MP: Which private lessons/ classes paid for (NOT covered at school) - Science,-995.0, Missing history section data - unexplained
w2extrtu5mp0i,MP: Which private lessons/ classes paid for (NOT covered at school) - Science,-99.0,MP not interviewed
w2extrtu5mp0i,MP: Which private lessons/ classes paid for (NOT covered at school) - Science,-92.0,Refused
w2extrtu5mp0i,MP: Which private lessons/ classes paid for (NOT covered at school) - Science,-91.0,Not applicable
w2extrtu5mp0i,MP: Which private lessons/ classes paid for (NOT covered at school) - Science,-1.0,Don't Know
w2extrtu5mp0i,MP: Which private lessons/ classes paid for (NOT covered at school) - Science,0.0,Not mentioned
w2extrtu5mp0i,MP: Which private lessons/ classes paid for (NOT covered at school) - Science,1.0,Mentioned
w2extrtu5mp0j,MP: Which private lessons/ classes paid for (NOT covered at school) - Horse riding,-998.0,Interviewer missed question
w2extrtu5mp0j,MP: Which private lessons/ classes paid for (NOT covered at school) - Horse riding,-997.0,Script error
w2extrtu5mp0j,MP: Which private lessons/ classes paid for (NOT covered at school) - Horse riding,-995.0, Missing history section data - unexplained
w2extrtu5mp0j,MP: Which private lessons/ classes paid for (NOT covered at school) - Horse riding,-99.0,MP not interviewed
w2extrtu5mp0j,MP: Which private lessons/ classes paid for (NOT covered at school) - Horse riding,-92.0,Refused
w2extrtu5mp0j,MP: Which private lessons/ classes paid for (NOT covered at school) - Horse riding,-91.0,Not applicable
w2extrtu5mp0j,MP: Which private lessons/ classes paid for (NOT covered at school) - Horse riding,-1.0,Don't Know
w2extrtu5mp0j,MP: Which private lessons/ classes paid for (NOT covered at school) - Horse riding,0.0,Not mentioned
w2extrtu5mp0j,MP: Which private lessons/ classes paid for (NOT covered at school) - Horse riding,1.0,Mentioned
w2extrtu5mp0k,MP: Which private lessons/ classes paid for (NOT covered at school) - Other,-998.0,Interviewer missed question
w2extrtu5mp0k,MP: Which private lessons/ classes paid for (NOT covered at school) - Other,-997.0,Script error
w2extrtu5mp0k,MP: Which private lessons/ classes paid for (NOT covered at school) - Other,-995.0, Missing history section data - unexplained
w2extrtu5mp0k,MP: Which private lessons/ classes paid for (NOT covered at school) - Other,-99.0,MP not interviewed
w2extrtu5mp0k,MP: Which private lessons/ classes paid for (NOT covered at school) - Other,-92.0,Refused
w2extrtu5mp0k,MP: Which private lessons/ classes paid for (NOT covered at school) - Other,-91.0,Not applicable
w2extrtu5mp0k,MP: Which private lessons/ classes paid for (NOT covered at school) - Other,-1.0,Don't Know
w2extrtu5mp0k,MP: Which private lessons/ classes paid for (NOT covered at school) - Other,0.0,Not mentioned
w2extrtu5mp0k,MP: Which private lessons/ classes paid for (NOT covered at school) - Other,1.0,Mentioned
w2extrtu6mp,MP: How often does YP go to supplementary lessons or classes over the last 12 months,-998.0,Interviewer missed question
w2extrtu6mp,MP: How often does YP go to supplementary lessons or classes over the last 12 months,-997.0,Script error
w2extrtu6mp,MP: How often does YP go to supplementary lessons or classes over the last 12 months,-995.0, Missing history section data - unexplained
w2extrtu6mp,MP: How often does YP go to supplementary lessons or classes over the last 12 months,-99.0,MP not interviewed
w2extrtu6mp,MP: How often does YP go to supplementary lessons or classes over the last 12 months,-92.0,Refused
w2extrtu6mp,MP: How often does YP go to supplementary lessons or classes over the last 12 months,-91.0,Not applicable
w2extrtu6mp,MP: How often does YP go to supplementary lessons or classes over the last 12 months,-1.0,Don't Know
w2extrtu6mp,MP: How often does YP go to supplementary lessons or classes over the last 12 months,1.0,Three or four times a week or more
w2extrtu6mp,MP: How often does YP go to supplementary lessons or classes over the last 12 months,2.0,Twice a week
w2extrtu6mp,MP: How often does YP go to supplementary lessons or classes over the last 12 months,3.0,Once a week
w2extrtu6mp,MP: How often does YP go to supplementary lessons or classes over the last 12 months,4.0,Less than once a week?
w2extrtu6mp,MP: How often does YP go to supplementary lessons or classes over the last 12 months,5.0,Once only (code only if mentioned spontaneously)
w2parasp2mp,MP: What would like YP to do when reach school leaving age,-998.0,Interviewer missed question
w2parasp2mp,MP: What would like YP to do when reach school leaving age,-997.0,Script error
w2parasp2mp,MP: What would like YP to do when reach school leaving age,-995.0, Missing history section data - unexplained
w2parasp2mp,MP: What would like YP to do when reach school leaving age,-99.0,MP not interviewed
w2parasp2mp,MP: What would like YP to do when reach school leaving age,-92.0,Refused
w2parasp2mp,MP: What would like YP to do when reach school leaving age,-91.0,Not applicable
w2parasp2mp,MP: What would like YP to do when reach school leaving age,-1.0,Don't Know
w2parasp2mp,MP: What would like YP to do when reach school leaving age,1.0,Continue in full time education
w2parasp2mp,MP: What would like YP to do when reach school leaving age,2.0,Start learning a trade / Get a place on a training course
w2parasp2mp,MP: What would like YP to do when reach school leaving age,3.0,Start an apprenticeship
w2parasp2mp,MP: What would like YP to do when reach school leaving age,4.0,Get a full-time paid job (either as an employee or self-empl
w2parasp2mp,MP: What would like YP to do when reach school leaving age,5.0,Something else?
w2parasp1mp,MP: What think YP will do when reaches school leaving age,-998.0,Interviewer missed question
w2parasp1mp,MP: What think YP will do when reaches school leaving age,-997.0,Script error
w2parasp1mp,MP: What think YP will do when reaches school leaving age,-995.0, Missing history section data - unexplained
w2parasp1mp,MP: What think YP will do when reaches school leaving age,-99.0,MP not interviewed
w2parasp1mp,MP: What think YP will do when reaches school leaving age,-92.0,Refused
w2parasp1mp,MP: What think YP will do when reaches school leaving age,-91.0,Not applicable
w2parasp1mp,MP: What think YP will do when reaches school leaving age,-1.0,Don't Know
w2parasp1mp,MP: What think YP will do when reaches school leaving age,1.0,Continue in full time education
w2parasp1mp,MP: What think YP will do when reaches school leaving age,2.0,Start learning a trade / Get a place on a training course
w2parasp1mp,MP: What think YP will do when reaches school leaving age,3.0,Start an apprenticeship
w2parasp1mp,MP: What think YP will do when reaches school leaving age,4.0,Get a full-time paid job (either as an employee or self-empl
w2parasp1mp,MP: What think YP will do when reaches school leaving age,5.0,Something else?
w2jobdiscmp,MP: Whether talked to YP about YP staying on in full-time education,-998.0,Interviewer missed question
w2jobdiscmp,MP: Whether talked to YP about YP staying on in full-time education,-997.0,Script error
w2jobdiscmp,MP: Whether talked to YP about YP staying on in full-time education,-995.0, Missing history section data - unexplained
w2jobdiscmp,MP: Whether talked to YP about YP staying on in full-time education,-99.0,MP not interviewed
w2jobdiscmp,MP: Whether talked to YP about YP staying on in full-time education,-92.0,Refused
w2jobdiscmp,MP: Whether talked to YP about YP staying on in full-time education,-91.0,Not applicable
w2jobdiscmp,MP: Whether talked to YP about YP staying on in full-time education,-1.0,Don't Know
w2jobdiscmp,MP: Whether talked to YP about YP staying on in full-time education,1.0,Yes
w2jobdiscmp,MP: Whether talked to YP about YP staying on in full-time education,2.0,No
w2awaremamp,MP: Whether MP aware of EMA before interview,-998.0,Interviewer missed question
w2awaremamp,MP: Whether MP aware of EMA before interview,-997.0,Script error
w2awaremamp,MP: Whether MP aware of EMA before interview,-995.0, Missing history section data - unexplained
w2awaremamp,MP: Whether MP aware of EMA before interview,-99.0,MP not interviewed
w2awaremamp,MP: Whether MP aware of EMA before interview,-92.0,Refused
w2awaremamp,MP: Whether MP aware of EMA before interview,-91.0,Not applicable
w2awaremamp,MP: Whether MP aware of EMA before interview,-1.0,Don't Know
w2awaremamp,MP: Whether MP aware of EMA before interview,1.0,Yes
w2awaremamp,MP: Whether MP aware of EMA before interview,2.0,No
w2emagetmp,MP: Whether think YP would be eligible for EMA if stayed on in education,-998.0,Interviewer missed question
w2emagetmp,MP: Whether think YP would be eligible for EMA if stayed on in education,-997.0,Script error
w2emagetmp,MP: Whether think YP would be eligible for EMA if stayed on in education,-995.0, Missing history section data - unexplained
w2emagetmp,MP: Whether think YP would be eligible for EMA if stayed on in education,-99.0,MP not interviewed
w2emagetmp,MP: Whether think YP would be eligible for EMA if stayed on in education,-92.0,Refused
w2emagetmp,MP: Whether think YP would be eligible for EMA if stayed on in education,-91.0,Not applicable
w2emagetmp,MP: Whether think YP would be eligible for EMA if stayed on in education,-1.0,Don't Know
w2emagetmp,MP: Whether think YP would be eligible for EMA if stayed on in education,1.0,Yes
w2emagetmp,MP: Whether think YP would be eligible for EMA if stayed on in education,2.0,No
w2emaynotmp0a,MP: Why think YP would not be eligible for EMA - Household income too high,-998.0,Interviewer missed question
w2emaynotmp0a,MP: Why think YP would not be eligible for EMA - Household income too high,-997.0,Script error
w2emaynotmp0a,MP: Why think YP would not be eligible for EMA - Household income too high,-995.0, Missing history section data - unexplained
w2emaynotmp0a,MP: Why think YP would not be eligible for EMA - Household income too high,-99.0,MP not interviewed
w2emaynotmp0a,MP: Why think YP would not be eligible for EMA - Household income too high,-92.0,Refused
w2emaynotmp0a,MP: Why think YP would not be eligible for EMA - Household income too high,-91.0,Not applicable
w2emaynotmp0a,MP: Why think YP would not be eligible for EMA - Household income too high,-1.0,Don't Know
w2emaynotmp0a,MP: Why think YP would not be eligible for EMA - Household income too high,0.0,Not mentioned
w2emaynotmp0a,MP: Why think YP would not be eligible for EMA - Household income too high,1.0,Mentioned
w2emaynotmp0b,MP: Why think YP would not be eligible for EMA - YP will be doing A levels,-998.0,Interviewer missed question
w2emaynotmp0b,MP: Why think YP would not be eligible for EMA - YP will be doing A levels,-997.0,Script error
w2emaynotmp0b,MP: Why think YP would not be eligible for EMA - YP will be doing A levels,-995.0, Missing history section data - unexplained
w2emaynotmp0b,MP: Why think YP would not be eligible for EMA - YP will be doing A levels,-99.0,MP not interviewed
w2emaynotmp0b,MP: Why think YP would not be eligible for EMA - YP will be doing A levels,-92.0,Refused
w2emaynotmp0b,MP: Why think YP would not be eligible for EMA - YP will be doing A levels,-91.0,Not applicable
w2emaynotmp0b,MP: Why think YP would not be eligible for EMA - YP will be doing A levels,-1.0,Don't Know
w2emaynotmp0b,MP: Why think YP would not be eligible for EMA - YP will be doing A levels,0.0,Not mentioned
w2emaynotmp0b,MP: Why think YP would not be eligible for EMA - YP will be doing A levels,1.0,Mentioned
w2emaynotmp0c,MP: Why think YP would not be eligible for EMA - YP will be doing vocational courses,-998.0,Interviewer missed question
w2emaynotmp0c,MP: Why think YP would not be eligible for EMA - YP will be doing vocational courses,-997.0,Script error
w2emaynotmp0c,MP: Why think YP would not be eligible for EMA - YP will be doing vocational courses,-995.0, Missing history section data - unexplained
w2emaynotmp0c,MP: Why think YP would not be eligible for EMA - YP will be doing vocational courses,-99.0,MP not interviewed
w2emaynotmp0c,MP: Why think YP would not be eligible for EMA - YP will be doing vocational courses,-92.0,Refused
w2emaynotmp0c,MP: Why think YP would not be eligible for EMA - YP will be doing vocational courses,-91.0,Not applicable
w2emaynotmp0c,MP: Why think YP would not be eligible for EMA - YP will be doing vocational courses,-1.0,Don't Know
w2emaynotmp0c,MP: Why think YP would not be eligible for EMA - YP will be doing vocational courses,0.0,Not mentioned
w2emaynotmp0c,MP: Why think YP would not be eligible for EMA - YP will be doing vocational courses,1.0,Mentioned
w2emaynotmp0d,MP: Why think YP would not be eligible for EMA - Existing household benefits,-998.0,Interviewer missed question
w2emaynotmp0d,MP: Why think YP would not be eligible for EMA - Existing household benefits,-997.0,Script error
w2emaynotmp0d,MP: Why think YP would not be eligible for EMA - Existing household benefits,-995.0, Missing history section data - unexplained
w2emaynotmp0d,MP: Why think YP would not be eligible for EMA - Existing household benefits,-99.0,MP not interviewed
w2emaynotmp0d,MP: Why think YP would not be eligible for EMA - Existing household benefits,-92.0,Refused
w2emaynotmp0d,MP: Why think YP would not be eligible for EMA - Existing household benefits,-91.0,Not applicable
w2emaynotmp0d,MP: Why think YP would not be eligible for EMA - Existing household benefits,-1.0,Don't Know
w2emaynotmp0d,MP: Why think YP would not be eligible for EMA - Existing household benefits,0.0,Not mentioned
w2emaynotmp0d,MP: Why think YP would not be eligible for EMA - Existing household benefits,1.0,Mentioned
w2emaynotmp0e,MP: Why think YP would not be eligible for EMA - Other,-998.0,Interviewer missed question
w2emaynotmp0e,MP: Why think YP would not be eligible for EMA - Other,-997.0,Script error
w2emaynotmp0e,MP: Why think YP would not be eligible for EMA - Other,-995.0, Missing history section data - unexplained
w2emaynotmp0e,MP: Why think YP would not be eligible for EMA - Other,-99.0,MP not interviewed
w2emaynotmp0e,MP: Why think YP would not be eligible for EMA - Other,-92.0,Refused
w2emaynotmp0e,MP: Why think YP would not be eligible for EMA - Other,-91.0,Not applicable
w2emaynotmp0e,MP: Why think YP would not be eligible for EMA - Other,-1.0,Don't Know
w2emaynotmp0e,MP: Why think YP would not be eligible for EMA - Other,0.0,Not mentioned
w2emaynotmp0e,MP: Why think YP would not be eligible for EMA - Other,1.0,Mentioned
w2emaynotmp0f,MP: Why think YP would not be eligible for EMA - Don't know,-998.0,Interviewer missed question
w2emaynotmp0f,MP: Why think YP would not be eligible for EMA - Don't know,-997.0,Script error
w2emaynotmp0f,MP: Why think YP would not be eligible for EMA - Don't know,-995.0, Missing history section data - unexplained
w2emaynotmp0f,MP: Why think YP would not be eligible for EMA - Don't know,-99.0,MP not interviewed
w2emaynotmp0f,MP: Why think YP would not be eligible for EMA - Don't know,-92.0,Refused
w2emaynotmp0f,MP: Why think YP would not be eligible for EMA - Don't know,-91.0,Not applicable
w2emaynotmp0f,MP: Why think YP would not be eligible for EMA - Don't know,-1.0,Don't Know
w2emaynotmp0f,MP: Why think YP would not be eligible for EMA - Don't know,0.0,Not mentioned
w2emaynotmp0f,MP: Why think YP would not be eligible for EMA - Don't know,1.0,Mentioned
w2emaynotmp0g,MP: Why think YP would not be eligible for EMA - Refused,-998.0,Interviewer missed question
w2emaynotmp0g,MP: Why think YP would not be eligible for EMA - Refused,-997.0,Script error
w2emaynotmp0g,MP: Why think YP would not be eligible for EMA - Refused,-995.0, Missing history section data - unexplained
w2emaynotmp0g,MP: Why think YP would not be eligible for EMA - Refused,-99.0,MP not interviewed
w2emaynotmp0g,MP: Why think YP would not be eligible for EMA - Refused,-92.0,Refused
w2emaynotmp0g,MP: Why think YP would not be eligible for EMA - Refused,-91.0,Not applicable
w2emaynotmp0g,MP: Why think YP would not be eligible for EMA - Refused,-1.0,Don't Know
w2emaynotmp0g,MP: Why think YP would not be eligible for EMA - Refused,0.0,Not mentioned
w2emaynotmp0g,MP: Why think YP would not be eligible for EMA - Refused,1.0,Mentioned
w2fefinmp0a,MP: How YP's expenses would be paid if stayed on in education - EMA,-998.0,Interviewer missed question
w2fefinmp0a,MP: How YP's expenses would be paid if stayed on in education - EMA,-997.0,Script error
w2fefinmp0a,MP: How YP's expenses would be paid if stayed on in education - EMA,-995.0, Missing history section data - unexplained
w2fefinmp0a,MP: How YP's expenses would be paid if stayed on in education - EMA,-99.0,MP not interviewed
w2fefinmp0a,MP: How YP's expenses would be paid if stayed on in education - EMA,-92.0,Refused
w2fefinmp0a,MP: How YP's expenses would be paid if stayed on in education - EMA,-91.0,Not applicable
w2fefinmp0a,MP: How YP's expenses would be paid if stayed on in education - EMA,-1.0,Don't Know
w2fefinmp0a,MP: How YP's expenses would be paid if stayed on in education - EMA,0.0,Not mentioned
w2fefinmp0a,MP: How YP's expenses would be paid if stayed on in education - EMA,1.0,Mentioned
w2fefinmp0b,MP: How YP's expenses would be paid if stayed on in education - YP get job or work part time,-998.0,Interviewer missed question
w2fefinmp0b,MP: How YP's expenses would be paid if stayed on in education - YP get job or work part time,-997.0,Script error
w2fefinmp0b,MP: How YP's expenses would be paid if stayed on in education - YP get job or work part time,-995.0, Missing history section data - unexplained
w2fefinmp0b,MP: How YP's expenses would be paid if stayed on in education - YP get job or work part time,-99.0,MP not interviewed
w2fefinmp0b,MP: How YP's expenses would be paid if stayed on in education - YP get job or work part time,-92.0,Refused
w2fefinmp0b,MP: How YP's expenses would be paid if stayed on in education - YP get job or work part time,-91.0,Not applicable
w2fefinmp0b,MP: How YP's expenses would be paid if stayed on in education - YP get job or work part time,-1.0,Don't Know
w2fefinmp0b,MP: How YP's expenses would be paid if stayed on in education - YP get job or work part time,0.0,Not mentioned
w2fefinmp0b,MP: How YP's expenses would be paid if stayed on in education - YP get job or work part time,1.0,Mentioned
w2fefinmp0c,MP: How YP's expenses would be paid if stayed on in education - Parent(s) will support or give money,-998.0,Interviewer missed question
w2fefinmp0c,MP: How YP's expenses would be paid if stayed on in education - Parent(s) will support or give money,-997.0,Script error
w2fefinmp0c,MP: How YP's expenses would be paid if stayed on in education - Parent(s) will support or give money,-995.0, Missing history section data - unexplained
w2fefinmp0c,MP: How YP's expenses would be paid if stayed on in education - Parent(s) will support or give money,-99.0,MP not interviewed
w2fefinmp0c,MP: How YP's expenses would be paid if stayed on in education - Parent(s) will support or give money,-92.0,Refused
w2fefinmp0c,MP: How YP's expenses would be paid if stayed on in education - Parent(s) will support or give money,-91.0,Not applicable
w2fefinmp0c,MP: How YP's expenses would be paid if stayed on in education - Parent(s) will support or give money,-1.0,Don't Know
w2fefinmp0c,MP: How YP's expenses would be paid if stayed on in education - Parent(s) will support or give money,0.0,Not mentioned
w2fefinmp0c,MP: How YP's expenses would be paid if stayed on in education - Parent(s) will support or give money,1.0,Mentioned
w2fefinmp0d,MP: How YP's expenses would be paid if stayed on in education - Other relative(s) will support or give money,-998.0,Interviewer missed question
w2fefinmp0d,MP: How YP's expenses would be paid if stayed on in education - Other relative(s) will support or give money,-997.0,Script error
w2fefinmp0d,MP: How YP's expenses would be paid if stayed on in education - Other relative(s) will support or give money,-995.0, Missing history section data - unexplained
w2fefinmp0d,MP: How YP's expenses would be paid if stayed on in education - Other relative(s) will support or give money,-99.0,MP not interviewed
w2fefinmp0d,MP: How YP's expenses would be paid if stayed on in education - Other relative(s) will support or give money,-92.0,Refused
w2fefinmp0d,MP: How YP's expenses would be paid if stayed on in education - Other relative(s) will support or give money,-91.0,Not applicable
w2fefinmp0d,MP: How YP's expenses would be paid if stayed on in education - Other relative(s) will support or give money,-1.0,Don't Know
w2fefinmp0d,MP: How YP's expenses would be paid if stayed on in education - Other relative(s) will support or give money,0.0,Not mentioned
w2fefinmp0d,MP: How YP's expenses would be paid if stayed on in education - Other relative(s) will support or give money,1.0,Mentioned
w2fefinmp0e,MP: How YP's expenses would be paid if stayed on in education - Some other means,-998.0,Interviewer missed question
w2fefinmp0e,MP: How YP's expenses would be paid if stayed on in education - Some other means,-997.0,Script error
w2fefinmp0e,MP: How YP's expenses would be paid if stayed on in education - Some other means,-995.0, Missing history section data - unexplained
w2fefinmp0e,MP: How YP's expenses would be paid if stayed on in education - Some other means,-99.0,MP not interviewed
w2fefinmp0e,MP: How YP's expenses would be paid if stayed on in education - Some other means,-92.0,Refused
w2fefinmp0e,MP: How YP's expenses would be paid if stayed on in education - Some other means,-91.0,Not applicable
w2fefinmp0e,MP: How YP's expenses would be paid if stayed on in education - Some other means,-1.0,Don't Know
w2fefinmp0e,MP: How YP's expenses would be paid if stayed on in education - Some other means,0.0,Not mentioned
w2fefinmp0e,MP: How YP's expenses would be paid if stayed on in education - Some other means,1.0,Mentioned
w2fefinmp0f,MP: How YP's expenses would be paid if stayed on in education - YP definitely won't stay on (UNPROMPTED),-998.0,Interviewer missed question
w2fefinmp0f,MP: How YP's expenses would be paid if stayed on in education - YP definitely won't stay on (UNPROMPTED),-997.0,Script error
w2fefinmp0f,MP: How YP's expenses would be paid if stayed on in education - YP definitely won't stay on (UNPROMPTED),-995.0, Missing history section data - unexplained
w2fefinmp0f,MP: How YP's expenses would be paid if stayed on in education - YP definitely won't stay on (UNPROMPTED),-99.0,MP not interviewed
w2fefinmp0f,MP: How YP's expenses would be paid if stayed on in education - YP definitely won't stay on (UNPROMPTED),-92.0,Refused
w2fefinmp0f,MP: How YP's expenses would be paid if stayed on in education - YP definitely won't stay on (UNPROMPTED),-91.0,Not applicable
w2fefinmp0f,MP: How YP's expenses would be paid if stayed on in education - YP definitely won't stay on (UNPROMPTED),-1.0,Don't Know
w2fefinmp0f,MP: How YP's expenses would be paid if stayed on in education - YP definitely won't stay on (UNPROMPTED),0.0,Not mentioned
w2fefinmp0f,MP: How YP's expenses would be paid if stayed on in education - YP definitely won't stay on (UNPROMPTED),1.0,Mentioned
w2fefinmp0g,MP: How YP's expenses would be paid if stayed on in education - Don't know,-998.0,Interviewer missed question
w2fefinmp0g,MP: How YP's expenses would be paid if stayed on in education - Don't know,-997.0,Script error
w2fefinmp0g,MP: How YP's expenses would be paid if stayed on in education - Don't know,-995.0, Missing history section data - unexplained
w2fefinmp0g,MP: How YP's expenses would be paid if stayed on in education - Don't know,-99.0,MP not interviewed
w2fefinmp0g,MP: How YP's expenses would be paid if stayed on in education - Don't know,-92.0,Refused
w2fefinmp0g,MP: How YP's expenses would be paid if stayed on in education - Don't know,-91.0,Not applicable
w2fefinmp0g,MP: How YP's expenses would be paid if stayed on in education - Don't know,-1.0,Don't Know
w2fefinmp0g,MP: How YP's expenses would be paid if stayed on in education - Don't know,0.0,Not mentioned
w2fefinmp0g,MP: How YP's expenses would be paid if stayed on in education - Don't know,1.0,Mentioned
w2fefn2mp0a,MP: What likely to do to help keep YP in education - Save money now specifically for education,-997.0,Script error
w2fefn2mp0a,MP: What likely to do to help keep YP in education - Save money now specifically for education,-995.0, Missing history section data - unexplained
w2fefn2mp0a,MP: What likely to do to help keep YP in education - Save money now specifically for education,-99.0,MP not interviewed
w2fefn2mp0a,MP: What likely to do to help keep YP in education - Save money now specifically for education,-92.0,Refused
w2fefn2mp0a,MP: What likely to do to help keep YP in education - Save money now specifically for education,-91.0,Not applicable
w2fefn2mp0a,MP: What likely to do to help keep YP in education - Save money now specifically for education,-1.0,Don't Know
w2fefn2mp0a,MP: What likely to do to help keep YP in education - Save money now specifically for education,0.0,Not mentioned
w2fefn2mp0a,MP: What likely to do to help keep YP in education - Save money now specifically for education,1.0,Mentioned
w2fefn2mp0a,MP: What likely to do to help keep YP in education - Save money now specifically for education,-998.0,Interviewer missed question
w2fefn2mp0b,MP: What likely to do to help keep YP in education - Give money from existing savings,-998.0,Interviewer missed question
w2fefn2mp0b,MP: What likely to do to help keep YP in education - Give money from existing savings,-997.0,Script error
w2fefn2mp0b,MP: What likely to do to help keep YP in education - Give money from existing savings,-995.0, Missing history section data - unexplained
w2fefn2mp0b,MP: What likely to do to help keep YP in education - Give money from existing savings,-99.0,MP not interviewed
w2fefn2mp0b,MP: What likely to do to help keep YP in education - Give money from existing savings,-92.0,Refused
w2fefn2mp0b,MP: What likely to do to help keep YP in education - Give money from existing savings,-91.0,Not applicable
w2fefn2mp0b,MP: What likely to do to help keep YP in education - Give money from existing savings,-1.0,Don't Know
w2fefn2mp0b,MP: What likely to do to help keep YP in education - Give money from existing savings,0.0,Not mentioned
w2fefn2mp0b,MP: What likely to do to help keep YP in education - Give money from existing savings,1.0,Mentioned
w2fefn2mp0c,MP: What likely to do to help keep YP in education - Support out of wages or earnings,-998.0,Interviewer missed question
w2fefn2mp0c,MP: What likely to do to help keep YP in education - Support out of wages or earnings,-997.0,Script error
w2fefn2mp0c,MP: What likely to do to help keep YP in education - Support out of wages or earnings,-995.0, Missing history section data - unexplained
w2fefn2mp0c,MP: What likely to do to help keep YP in education - Support out of wages or earnings,-99.0,MP not interviewed
w2fefn2mp0c,MP: What likely to do to help keep YP in education - Support out of wages or earnings,-92.0,Refused
w2fefn2mp0c,MP: What likely to do to help keep YP in education - Support out of wages or earnings,-91.0,Not applicable
w2fefn2mp0c,MP: What likely to do to help keep YP in education - Support out of wages or earnings,-1.0,Don't Know
w2fefn2mp0c,MP: What likely to do to help keep YP in education - Support out of wages or earnings,0.0,Not mentioned
w2fefn2mp0c,MP: What likely to do to help keep YP in education - Support out of wages or earnings,1.0,Mentioned
w2fefn2mp0d,MP: What likely to do to help keep YP in education - Take out loan or remortgage,-998.0,Interviewer missed question
w2fefn2mp0d,MP: What likely to do to help keep YP in education - Take out loan or remortgage,-997.0,Script error
w2fefn2mp0d,MP: What likely to do to help keep YP in education - Take out loan or remortgage,-995.0, Missing history section data - unexplained
w2fefn2mp0d,MP: What likely to do to help keep YP in education - Take out loan or remortgage,-99.0,MP not interviewed
w2fefn2mp0d,MP: What likely to do to help keep YP in education - Take out loan or remortgage,-92.0,Refused
w2fefn2mp0d,MP: What likely to do to help keep YP in education - Take out loan or remortgage,-91.0,Not applicable
w2fefn2mp0d,MP: What likely to do to help keep YP in education - Take out loan or remortgage,-1.0,Don't Know
w2fefn2mp0d,MP: What likely to do to help keep YP in education - Take out loan or remortgage,0.0,Not mentioned
w2fefn2mp0d,MP: What likely to do to help keep YP in education - Take out loan or remortgage,1.0,Mentioned
w2fefn2mp0e,MP: What likely to do to help keep YP in education - Pay school or college fees,-998.0,Interviewer missed question
w2fefn2mp0e,MP: What likely to do to help keep YP in education - Pay school or college fees,-997.0,Script error
w2fefn2mp0e,MP: What likely to do to help keep YP in education - Pay school or college fees,-995.0, Missing history section data - unexplained
w2fefn2mp0e,MP: What likely to do to help keep YP in education - Pay school or college fees,-99.0,MP not interviewed
w2fefn2mp0e,MP: What likely to do to help keep YP in education - Pay school or college fees,-92.0,Refused
w2fefn2mp0e,MP: What likely to do to help keep YP in education - Pay school or college fees,-91.0,Not applicable
w2fefn2mp0e,MP: What likely to do to help keep YP in education - Pay school or college fees,-1.0,Don't Know
w2fefn2mp0e,MP: What likely to do to help keep YP in education - Pay school or college fees,0.0,Not mentioned
w2fefn2mp0e,MP: What likely to do to help keep YP in education - Pay school or college fees,1.0,Mentioned
w2fefn2mp0f,MP: What likely to do to help keep YP in education - Help with accommodation (eg. Let YP stay rent-free),-998.0,Interviewer missed question
w2fefn2mp0f,MP: What likely to do to help keep YP in education - Help with accommodation (eg. Let YP stay rent-free),-997.0,Script error
w2fefn2mp0f,MP: What likely to do to help keep YP in education - Help with accommodation (eg. Let YP stay rent-free),-995.0, Missing history section data - unexplained
w2fefn2mp0f,MP: What likely to do to help keep YP in education - Help with accommodation (eg. Let YP stay rent-free),-99.0,MP not interviewed
w2fefn2mp0f,MP: What likely to do to help keep YP in education - Help with accommodation (eg. Let YP stay rent-free),-92.0,Refused
w2fefn2mp0f,MP: What likely to do to help keep YP in education - Help with accommodation (eg. Let YP stay rent-free),-91.0,Not applicable
w2fefn2mp0f,MP: What likely to do to help keep YP in education - Help with accommodation (eg. Let YP stay rent-free),-1.0,Don't Know
w2fefn2mp0f,MP: What likely to do to help keep YP in education - Help with accommodation (eg. Let YP stay rent-free),0.0,Not mentioned
w2fefn2mp0f,MP: What likely to do to help keep YP in education - Help with accommodation (eg. Let YP stay rent-free),1.0,Mentioned
w2fefn2mp0g,MP: What likely to do to help keep YP in education - Borrow money from other relatives or friends,-998.0,Interviewer missed question
w2fefn2mp0g,MP: What likely to do to help keep YP in education - Borrow money from other relatives or friends,-997.0,Script error
w2fefn2mp0g,MP: What likely to do to help keep YP in education - Borrow money from other relatives or friends,-995.0, Missing history section data - unexplained
w2fefn2mp0g,MP: What likely to do to help keep YP in education - Borrow money from other relatives or friends,-99.0,MP not interviewed
w2fefn2mp0g,MP: What likely to do to help keep YP in education - Borrow money from other relatives or friends,-92.0,Refused
w2fefn2mp0g,MP: What likely to do to help keep YP in education - Borrow money from other relatives or friends,-91.0,Not applicable
w2fefn2mp0g,MP: What likely to do to help keep YP in education - Borrow money from other relatives or friends,-1.0,Don't Know
w2fefn2mp0g,MP: What likely to do to help keep YP in education - Borrow money from other relatives or friends,0.0,Not mentioned
w2fefn2mp0g,MP: What likely to do to help keep YP in education - Borrow money from other relatives or friends,1.0,Mentioned
w2fefn2mp0h,MP: What likely to do to help keep YP in education - Help in other ways,-998.0,Interviewer missed question
w2fefn2mp0h,MP: What likely to do to help keep YP in education - Help in other ways,-997.0,Script error
w2fefn2mp0h,MP: What likely to do to help keep YP in education - Help in other ways,-995.0, Missing history section data - unexplained
w2fefn2mp0h,MP: What likely to do to help keep YP in education - Help in other ways,-99.0,MP not interviewed
w2fefn2mp0h,MP: What likely to do to help keep YP in education - Help in other ways,-92.0,Refused
w2fefn2mp0h,MP: What likely to do to help keep YP in education - Help in other ways,-91.0,Not applicable
w2fefn2mp0h,MP: What likely to do to help keep YP in education - Help in other ways,-1.0,Don't Know
w2fefn2mp0h,MP: What likely to do to help keep YP in education - Help in other ways,0.0,Not mentioned
w2fefn2mp0h,MP: What likely to do to help keep YP in education - Help in other ways,1.0,Mentioned
w2fefn2mp0i,MP: What likely to do to help keep YP in education - YP definitely won't stay on (UNPROMPTED),-998.0,Interviewer missed question
w2fefn2mp0i,MP: What likely to do to help keep YP in education - YP definitely won't stay on (UNPROMPTED),-997.0,Script error
w2fefn2mp0i,MP: What likely to do to help keep YP in education - YP definitely won't stay on (UNPROMPTED),-995.0, Missing history section data - unexplained
w2fefn2mp0i,MP: What likely to do to help keep YP in education - YP definitely won't stay on (UNPROMPTED),-99.0,MP not interviewed
w2fefn2mp0i,MP: What likely to do to help keep YP in education - YP definitely won't stay on (UNPROMPTED),-92.0,Refused
w2fefn2mp0i,MP: What likely to do to help keep YP in education - YP definitely won't stay on (UNPROMPTED),-91.0,Not applicable
w2fefn2mp0i,MP: What likely to do to help keep YP in education - YP definitely won't stay on (UNPROMPTED),-1.0,Don't Know
w2fefn2mp0i,MP: What likely to do to help keep YP in education - YP definitely won't stay on (UNPROMPTED),0.0,Not mentioned
w2fefn2mp0i,MP: What likely to do to help keep YP in education - YP definitely won't stay on (UNPROMPTED),1.0,Mentioned
w2fefn2mp0k,MP: What likely to do to help keep YP in education - No answer,-998.0,Interviewer missed question
w2fefn2mp0k,MP: What likely to do to help keep YP in education - No answer,-997.0,Script error
w2fefn2mp0k,MP: What likely to do to help keep YP in education - No answer,-995.0, Missing history section data - unexplained
w2fefn2mp0k,MP: What likely to do to help keep YP in education - No answer,-99.0,MP not interviewed
w2fefn2mp0k,MP: What likely to do to help keep YP in education - No answer,-92.0,Refused
w2fefn2mp0k,MP: What likely to do to help keep YP in education - No answer,-91.0,Not applicable
w2fefn2mp0k,MP: What likely to do to help keep YP in education - No answer,-1.0,Don't Know
w2fefn2mp0k,MP: What likely to do to help keep YP in education - No answer,0.0,Not mentioned
w2fefn2mp0k,MP: What likely to do to help keep YP in education - No answer,1.0,Mentioned
w2fefn2mp0j,MP: What likely to do to help keep YP in education - Don' t know,-998.0,Interviewer missed question
w2fefn2mp0j,MP: What likely to do to help keep YP in education - Don' t know,-997.0,Script error
w2fefn2mp0j,MP: What likely to do to help keep YP in education - Don' t know,-995.0, Missing history section data - unexplained
w2fefn2mp0j,MP: What likely to do to help keep YP in education - Don' t know,-99.0,MP not interviewed
w2fefn2mp0j,MP: What likely to do to help keep YP in education - Don' t know,-92.0,Refused
w2fefn2mp0j,MP: What likely to do to help keep YP in education - Don' t know,-91.0,Not applicable
w2fefn2mp0j,MP: What likely to do to help keep YP in education - Don' t know,-1.0,Don't Know
w2fefn2mp0j,MP: What likely to do to help keep YP in education - Don' t know,0.0,Not mentioned
w2fefn2mp0j,MP: What likely to do to help keep YP in education - Don' t know,1.0,Mentioned
w2ppresmp0a,Admin: Who else present during main parent individual interview - Noone else,-998.0,Interviewer missed question
w2ppresmp0a,Admin: Who else present during main parent individual interview - Noone else,-997.0,Script error
w2ppresmp0a,Admin: Who else present during main parent individual interview - Noone else,-995.0, Missing history section data - unexplained
w2ppresmp0a,Admin: Who else present during main parent individual interview - Noone else,-99.0,MP not interviewed
w2ppresmp0a,Admin: Who else present during main parent individual interview - Noone else,-92.0,Refused
w2ppresmp0a,Admin: Who else present during main parent individual interview - Noone else,-91.0,Not applicable
w2ppresmp0a,Admin: Who else present during main parent individual interview - Noone else,-1.0,Don't Know
w2ppresmp0a,Admin: Who else present during main parent individual interview - Noone else,0.0,Not mentioned
w2ppresmp0a,Admin: Who else present during main parent individual interview - Noone else,1.0,Mentioned
w2ppresmp0b,Admin: Who else present during main parent individual interview - Respondent's partner/spouse,-998.0,Interviewer missed question
w2ppresmp0b,Admin: Who else present during main parent individual interview - Respondent's partner/spouse,-997.0,Script error
w2ppresmp0b,Admin: Who else present during main parent individual interview - Respondent's partner/spouse,-995.0, Missing history section data - unexplained
w2ppresmp0b,Admin: Who else present during main parent individual interview - Respondent's partner/spouse,-99.0,MP not interviewed
w2ppresmp0b,Admin: Who else present during main parent individual interview - Respondent's partner/spouse,-92.0,Refused
w2ppresmp0b,Admin: Who else present during main parent individual interview - Respondent's partner/spouse,-91.0,Not applicable
w2ppresmp0b,Admin: Who else present during main parent individual interview - Respondent's partner/spouse,-1.0,Don't Know
w2ppresmp0b,Admin: Who else present during main parent individual interview - Respondent's partner/spouse,0.0,Not mentioned
w2ppresmp0b,Admin: Who else present during main parent individual interview - Respondent's partner/spouse,1.0,Mentioned
w2ppresmp0c,Admin: Who else present during main parent individual interview - Sampled YP,-998.0,Interviewer missed question
w2ppresmp0c,Admin: Who else present during main parent individual interview - Sampled YP,-997.0,Script error
w2ppresmp0c,Admin: Who else present during main parent individual interview - Sampled YP,-995.0, Missing history section data - unexplained
w2ppresmp0c,Admin: Who else present during main parent individual interview - Sampled YP,-99.0,MP not interviewed
w2ppresmp0c,Admin: Who else present during main parent individual interview - Sampled YP,-92.0,Refused
w2ppresmp0c,Admin: Who else present during main parent individual interview - Sampled YP,-91.0,Not applicable
w2ppresmp0c,Admin: Who else present during main parent individual interview - Sampled YP,-1.0,Don't Know
w2ppresmp0c,Admin: Who else present during main parent individual interview - Sampled YP,0.0,Not mentioned
w2ppresmp0c,Admin: Who else present during main parent individual interview - Sampled YP,1.0,Mentioned
w2ppresmp0d,Admin: Who else present during main parent individual interview - Other adult resident,-998.0,Interviewer missed question
w2ppresmp0d,Admin: Who else present during main parent individual interview - Other adult resident,-997.0,Script error
w2ppresmp0d,Admin: Who else present during main parent individual interview - Other adult resident,-995.0, Missing history section data - unexplained
w2ppresmp0d,Admin: Who else present during main parent individual interview - Other adult resident,-99.0,MP not interviewed
w2ppresmp0d,Admin: Who else present during main parent individual interview - Other adult resident,-92.0,Refused
w2ppresmp0d,Admin: Who else present during main parent individual interview - Other adult resident,-91.0,Not applicable
w2ppresmp0d,Admin: Who else present during main parent individual interview - Other adult resident,-1.0,Don't Know
w2ppresmp0d,Admin: Who else present during main parent individual interview - Other adult resident,0.0,Not mentioned
w2ppresmp0d,Admin: Who else present during main parent individual interview - Other adult resident,1.0,Mentioned
w2ppresmp0e,Admin: Who else present during main parent individual interview - Other YP resident,-998.0,Interviewer missed question
w2ppresmp0e,Admin: Who else present during main parent individual interview - Other YP resident,-997.0,Script error
w2ppresmp0e,Admin: Who else present during main parent individual interview - Other YP resident,-995.0, Missing history section data - unexplained
w2ppresmp0e,Admin: Who else present during main parent individual interview - Other YP resident,-99.0,MP not interviewed
w2ppresmp0e,Admin: Who else present during main parent individual interview - Other YP resident,-92.0,Refused
w2ppresmp0e,Admin: Who else present during main parent individual interview - Other YP resident,-91.0,Not applicable
w2ppresmp0e,Admin: Who else present during main parent individual interview - Other YP resident,-1.0,Don't Know
w2ppresmp0e,Admin: Who else present during main parent individual interview - Other YP resident,0.0,Not mentioned
w2ppresmp0e,Admin: Who else present during main parent individual interview - Other YP resident,1.0,Mentioned
w2ppresmp0f,Admin: Who else present during main parent individual interview - Other non-resident,-998.0,Interviewer missed question
w2ppresmp0f,Admin: Who else present during main parent individual interview - Other non-resident,-997.0,Script error
w2ppresmp0f,Admin: Who else present during main parent individual interview - Other non-resident,-995.0, Missing history section data - unexplained
w2ppresmp0f,Admin: Who else present during main parent individual interview - Other non-resident,-99.0,MP not interviewed
w2ppresmp0f,Admin: Who else present during main parent individual interview - Other non-resident,-92.0,Refused
w2ppresmp0f,Admin: Who else present during main parent individual interview - Other non-resident,-91.0,Not applicable
w2ppresmp0f,Admin: Who else present during main parent individual interview - Other non-resident,-1.0,Don't Know
w2ppresmp0f,Admin: Who else present during main parent individual interview - Other non-resident,0.0,Not mentioned
w2ppresmp0f,Admin: Who else present during main parent individual interview - Other non-resident,1.0,Mentioned
w2mainres,HH: Position Main parent,2.0,Person 2
w2mainres,HH: Position Main parent,3.0,Person 3
w2secores,HH: Position Second parent,2.0,Person 2
w2secores,HH: Position Second parent,3.0,Person 3
w2secores,HH: Position Second parent,4.0,Person 4
v3,None,,
avail_from_dt,,,
