variable_name,variable_label,value_value,value_label
study_id_e,,,
samppsu,Sampling: School (primary sampling unit),,
sampstratum,Sampling: Stratum,,
w2tow3nrwt,Weight: Non-response weight from Wave 2 to Wave 3,,
w3finwt,Weight: W3 final weight (w2 final weight * w3 non-response weight),,
w3mainres,HH: Main parent position,-999.0,HH grid missing
w3mainres,HH: Main parent position,-997.0,Script error
w3mainres,HH: Main parent position,-99.0,
w3mainres,HH: Main parent position,-92.0,Refused
w3mainres,HH: Main parent position,-91.0,Not applicable
w3mainres,HH: Main parent position,1.0,Person 1
w3mainres,HH: Main parent position,2.0,Person 2
w3mainres,HH: Main parent position,3.0,Person 3
w3mainres,HH: Main parent position,4.0,Person 4
w3mainres,HH: Main parent position,5.0,Person 5
w3mainres,HH: Main parent position,6.0,Person 6
w3mainres,HH: Main parent position,7.0,Person 7
w3mainres,HH: Main parent position,8.0,Person 8
w3mainres,HH: Main parent position,9.0,Person 9
w3mainres,HH: Main parent position,10.0,Person 10
w3mainres,HH: Main parent position,11.0,Person 11
w3mainres,HH: Main parent position,12.0,Person 12
w3mainres,HH: Main parent position,13.0,Person 13
w3mainres,HH: Main parent position,14.0,Person 14
w3mainres,HH: Main parent position,15.0,Person 15
w3mainres,HH: Main parent position,16.0,Person 16
w3mainres,HH: Main parent position,17.0,Person 17
w3mainres,HH: Main parent position,18.0,Person 18
w3mainres,HH: Main parent position,19.0,Non household member
w3secores,HH: Second parent position,-999.0,HH grid missing
w3secores,HH: Second parent position,-997.0,script error
w3secores,HH: Second parent position,-99.0,
w3secores,HH: Second parent position,-98.0,No SP present
w3secores,HH: Second parent position,-92.0,Refused
w3secores,HH: Second parent position,-91.0,Not applicable
w3secores,HH: Second parent position,1.0,Person 1
w3secores,HH: Second parent position,2.0,Person 2
w3secores,HH: Second parent position,3.0,Person 3
w3secores,HH: Second parent position,4.0,Person 4
w3secores,HH: Second parent position,5.0,Person 5
w3secores,HH: Second parent position,6.0,Person 6
w3secores,HH: Second parent position,7.0,Person 7
w3secores,HH: Second parent position,8.0,Person 8
w3secores,HH: Second parent position,9.0,Person 9
w3secores,HH: Second parent position,10.0,Person 10
w3secores,HH: Second parent position,11.0,Person 11
w3secores,HH: Second parent position,12.0,Person 12
w3secores,HH: Second parent position,13.0,Person 13
w3secores,HH: Second parent position,14.0,Person 14
w3secores,HH: Second parent position,15.0,Person 15
w3secores,HH: Second parent position,16.0,Person 16
w3secores,HH: Second parent position,17.0,Person 17
w3secores,HH: Second parent position,18.0,Person 18
w3secores,HH: Second parent position,19.0,Non household member
w3secores,HH: Second parent position,20.0,No answer
w3intmnthmp,MP- month of interview,-99.0,MP not interviewed
w3intyearmp,MP- year of interview,-99.0,MP not interviewed
w3parevemp,MP: Whether self or partner have been to any parents' evenings or similar events at school,-99.0,MP not interviewed
w3parevemp,MP: Whether self or partner have been to any parents' evenings or similar events at school,-92.0,Refused
w3parevemp,MP: Whether self or partner have been to any parents' evenings or similar events at school,-91.0,Not applicable
w3parevemp,MP: Whether self or partner have been to any parents' evenings or similar events at school,-1.0,Don't know
w3parevemp,MP: Whether self or partner have been to any parents' evenings or similar events at school,1.0,Yes - respondent and partner/ husband/ wife have gone
w3parevemp,MP: Whether self or partner have been to any parents' evenings or similar events at school,2.0,Yes - respondent went alone
w3parevemp,MP: Whether self or partner have been to any parents' evenings or similar events at school,3.0,Yes - respondent's partner/ husband/ wife went alone
w3parevemp,MP: Whether self or partner have been to any parents' evenings or similar events at school,4.0,Yes - Respondent and EX-partner/husband/wife have gone
w3parevemp,MP: Whether self or partner have been to any parents' evenings or similar events at school,5.0,Yes - Respondent's EX-partner/husband/wife went alone
w3parevemp,MP: Whether self or partner have been to any parents' evenings or similar events at school,6.0,No - nobody has been
w3tmeetfmp,MP: Whether had any specially arranged meetings with teachers about YP's schooling,-99.0,MP not interviewed
w3tmeetfmp,MP: Whether had any specially arranged meetings with teachers about YP's schooling,-92.0,Refused
w3tmeetfmp,MP: Whether had any specially arranged meetings with teachers about YP's schooling,-91.0,Not applicable
w3tmeetfmp,MP: Whether had any specially arranged meetings with teachers about YP's schooling,-1.0,Don't know
w3tmeetfmp,MP: Whether had any specially arranged meetings with teachers about YP's schooling,1.0,Yes
w3tmeetfmp,MP: Whether had any specially arranged meetings with teachers about YP's schooling,2.0,No
w3tspeakmp,MP: How often speak to YP's teachers about schooling,-99.0,MP not interviewed
w3tspeakmp,MP: How often speak to YP's teachers about schooling,-92.0,Refused
w3tspeakmp,MP: How often speak to YP's teachers about schooling,-91.0,Not applicable
w3tspeakmp,MP: How often speak to YP's teachers about schooling,-1.0,Don't know
w3tspeakmp,MP: How often speak to YP's teachers about schooling,1.0,At least once a week
w3tspeakmp,MP: How often speak to YP's teachers about schooling,2.0,Every two or three weeks
w3tspeakmp,MP: How often speak to YP's teachers about schooling,3.0,At least once a term
w3tspeakmp,MP: How often speak to YP's teachers about schooling,4.0,Less often than once a term
w3tspeakmp,MP: How often speak to YP's teachers about schooling,5.0,Never
w3tspeak2mp,MP: Whether talked to teachers about what YP might do after Year 11,-99.0,MP not interviewed
w3tspeak2mp,MP: Whether talked to teachers about what YP might do after Year 11,-92.0,Refused
w3tspeak2mp,MP: Whether talked to teachers about what YP might do after Year 11,-91.0,Not applicable
w3tspeak2mp,MP: Whether talked to teachers about what YP might do after Year 11,-1.0,Don't know
w3tspeak2mp,MP: Whether talked to teachers about what YP might do after Year 11,1.0,Yes
w3tspeak2mp,MP: Whether talked to teachers about what YP might do after Year 11,2.0,No
w3tstaymp,MP: Whether talked to teachers about YP staying on in education after Year 11,-99.0,MP not interviewed
w3tstaymp,MP: Whether talked to teachers about YP staying on in education after Year 11,-91.0,Not applicable
w3tstaymp,MP: Whether talked to teachers about YP staying on in education after Year 11,-1.0,Don't know
w3tstaymp,MP: Whether talked to teachers about YP staying on in education after Year 11,1.0,Yes
w3tstaymp,MP: Whether talked to teachers about YP staying on in education after Year 11,2.0,No
w3tstaydefmp,MP: Whether teacher though YP should stay on in education after Year 11,-99.0,MP not interviewed
w3tstaydefmp,MP: Whether teacher though YP should stay on in education after Year 11,-92.0,Refused
w3tstaydefmp,MP: Whether teacher though YP should stay on in education after Year 11,-91.0,Not applicable
w3tstaydefmp,MP: Whether teacher though YP should stay on in education after Year 11,-1.0,Don't know
w3tstaydefmp,MP: Whether teacher though YP should stay on in education after Year 11,1.0,Yes
w3tstaydefmp,MP: Whether teacher though YP should stay on in education after Year 11,2.0,No
w3tappmp,MP: Whether talked to teachers about YP applying for a training place/apprenticeship after the end of Year 11,-99.0,MP not interviewed
w3tappmp,MP: Whether talked to teachers about YP applying for a training place/apprenticeship after the end of Year 11,-92.0,Refused
w3tappmp,MP: Whether talked to teachers about YP applying for a training place/apprenticeship after the end of Year 11,-91.0,Not applicable
w3tappmp,MP: Whether talked to teachers about YP applying for a training place/apprenticeship after the end of Year 11,-1.0,Don't know
w3tappmp,MP: Whether talked to teachers about YP applying for a training place/apprenticeship after the end of Year 11,1.0,Yes
w3tappmp,MP: Whether talked to teachers about YP applying for a training place/apprenticeship after the end of Year 11,2.0,No
w3tappdefmp,MP: Whether teacher thought YP should apply for a training place/apprenticeship after the end of Year 11,-99.0,MP not interviewed
w3tappdefmp,MP: Whether teacher thought YP should apply for a training place/apprenticeship after the end of Year 11,-92.0,Refused
w3tappdefmp,MP: Whether teacher thought YP should apply for a training place/apprenticeship after the end of Year 11,-91.0,Not applicable
w3tappdefmp,MP: Whether teacher thought YP should apply for a training place/apprenticeship after the end of Year 11,-1.0,Don't know
w3tappdefmp,MP: Whether teacher thought YP should apply for a training place/apprenticeship after the end of Year 11,1.0,Yes
w3tappdefmp,MP: Whether teacher thought YP should apply for a training place/apprenticeship after the end of Year 11,2.0,No
w3schlifmp,MP: How  involved does MP personally feel in YP's school life,-99.0,MP not interviewed
w3schlifmp,MP: How  involved does MP personally feel in YP's school life,-92.0,Refused
w3schlifmp,MP: How  involved does MP personally feel in YP's school life,-91.0,Not applicable
w3schlifmp,MP: How  involved does MP personally feel in YP's school life,-1.0,Don't know
w3schlifmp,MP: How  involved does MP personally feel in YP's school life,1.0,Very involved
w3schlifmp,MP: How  involved does MP personally feel in YP's school life,2.0,Fairly involved
w3schlifmp,MP: How  involved does MP personally feel in YP's school life,3.0,Not very involved
w3schlifmp,MP: How  involved does MP personally feel in YP's school life,4.0,Not at all involved
w3extrtu1mp,MP: Whether in the last twelve months MP has paid for private classes in subjects also taught at YP's school,-99.0,MP not interviewed
w3extrtu1mp,MP: Whether in the last twelve months MP has paid for private classes in subjects also taught at YP's school,-92.0,Refused
w3extrtu1mp,MP: Whether in the last twelve months MP has paid for private classes in subjects also taught at YP's school,-91.0,Not applicable
w3extrtu1mp,MP: Whether in the last twelve months MP has paid for private classes in subjects also taught at YP's school,-1.0,Don't know
w3extrtu1mp,MP: Whether in the last twelve months MP has paid for private classes in subjects also taught at YP's school,1.0,Yes
w3extrtu1mp,MP: Whether in the last twelve months MP has paid for private classes in subjects also taught at YP's school,2.0,No
w3extrtu2mp0a,MP: Which private lessons/ classes paid for (covered at school) - Maths,-99.0,MP not interviewed
w3extrtu2mp0a,MP: Which private lessons/ classes paid for (covered at school) - Maths,-92.0,Refused
w3extrtu2mp0a,MP: Which private lessons/ classes paid for (covered at school) - Maths,-91.0,Not applicable
w3extrtu2mp0a,MP: Which private lessons/ classes paid for (covered at school) - Maths,0.0,Not mentioned
w3extrtu2mp0a,MP: Which private lessons/ classes paid for (covered at school) - Maths,1.0,Mentioned
w3extrtu2mp0b,MP: Which private lessons/ classes paid for (covered at school) - English,-99.0,MP not interviewed
w3extrtu2mp0b,MP: Which private lessons/ classes paid for (covered at school) - English,-92.0,Refused
w3extrtu2mp0b,MP: Which private lessons/ classes paid for (covered at school) - English,-91.0,Not applicable
w3extrtu2mp0b,MP: Which private lessons/ classes paid for (covered at school) - English,0.0,Not mentioned
w3extrtu2mp0b,MP: Which private lessons/ classes paid for (covered at school) - English,1.0,Mentioned
w3extrtu2mp0c,MP: Which private lessons/ classes paid for (covered at school) - Languages,-99.0,MP not interviewed
w3extrtu2mp0c,MP: Which private lessons/ classes paid for (covered at school) - Languages,-92.0,Refused
w3extrtu2mp0c,MP: Which private lessons/ classes paid for (covered at school) - Languages,-91.0,Not applicable
w3extrtu2mp0c,MP: Which private lessons/ classes paid for (covered at school) - Languages,0.0,Not mentioned
w3extrtu2mp0c,MP: Which private lessons/ classes paid for (covered at school) - Languages,1.0,Mentioned
w3extrtu2mp0d,MP: Which private lessons/ classes paid for (covered at school) - Science,-99.0,MP not interviewed
w3extrtu2mp0d,MP: Which private lessons/ classes paid for (covered at school) - Science,-92.0,Refused
w3extrtu2mp0d,MP: Which private lessons/ classes paid for (covered at school) - Science,-91.0,Not applicable
w3extrtu2mp0d,MP: Which private lessons/ classes paid for (covered at school) - Science,0.0,Not mentioned
w3extrtu2mp0d,MP: Which private lessons/ classes paid for (covered at school) - Science,1.0,Mentioned
w3extrtu2mp0e,MP: Which private lessons/ classes paid for (covered at school) - Music,-99.0,MP not interviewed
w3extrtu2mp0e,MP: Which private lessons/ classes paid for (covered at school) - Music,-92.0,Refused
w3extrtu2mp0e,MP: Which private lessons/ classes paid for (covered at school) - Music,-91.0,Not applicable
w3extrtu2mp0e,MP: Which private lessons/ classes paid for (covered at school) - Music,0.0,Not mentioned
w3extrtu2mp0e,MP: Which private lessons/ classes paid for (covered at school) - Music,1.0,Mentioned
w3extrtu2mp0f,MP: Which private lessons/ classes paid for (covered at school) - Dance,-99.0,MP not interviewed
w3extrtu2mp0f,MP: Which private lessons/ classes paid for (covered at school) - Dance,-92.0,Refused
w3extrtu2mp0f,MP: Which private lessons/ classes paid for (covered at school) - Dance,-91.0,Not applicable
w3extrtu2mp0f,MP: Which private lessons/ classes paid for (covered at school) - Dance,0.0,Not mentioned
w3extrtu2mp0f,MP: Which private lessons/ classes paid for (covered at school) - Dance,1.0,Mentioned
w3extrtu2mp0g,MP: Which private lessons/ classes paid for (covered at school) - Drama,-99.0,MP not interviewed
w3extrtu2mp0g,MP: Which private lessons/ classes paid for (covered at school) - Drama,-92.0,Refused
w3extrtu2mp0g,MP: Which private lessons/ classes paid for (covered at school) - Drama,-91.0,Not applicable
w3extrtu2mp0g,MP: Which private lessons/ classes paid for (covered at school) - Drama,0.0,Not mentioned
w3extrtu2mp0g,MP: Which private lessons/ classes paid for (covered at school) - Drama,1.0,Mentioned
w3extrtu2mp0h,MP: Which private lessons/ classes paid for (covered at school) - Religious activity,-99.0,MP not interviewed
w3extrtu2mp0h,MP: Which private lessons/ classes paid for (covered at school) - Religious activity,-92.0,Refused
w3extrtu2mp0h,MP: Which private lessons/ classes paid for (covered at school) - Religious activity,-91.0,Not applicable
w3extrtu2mp0h,MP: Which private lessons/ classes paid for (covered at school) - Religious activity,0.0,Not mentioned
w3extrtu2mp0h,MP: Which private lessons/ classes paid for (covered at school) - Religious activity,1.0,Mentioned
w3extrtu2mp0i,MP: Which private lessons/ classes paid for (covered at school) - Sport,-99.0,MP not interviewed
w3extrtu2mp0i,MP: Which private lessons/ classes paid for (covered at school) - Sport,-92.0,Refused
w3extrtu2mp0i,MP: Which private lessons/ classes paid for (covered at school) - Sport,-91.0,Not applicable
w3extrtu2mp0i,MP: Which private lessons/ classes paid for (covered at school) - Sport,0.0,Not mentioned
w3extrtu2mp0i,MP: Which private lessons/ classes paid for (covered at school) - Sport,1.0,Mentioned
w3extrtu2mp0j,MP: Which private lessons/ classes paid for (covered at school) - Horse riding,-99.0,MP not interviewed
w3extrtu2mp0j,MP: Which private lessons/ classes paid for (covered at school) - Horse riding,-92.0,Refused
w3extrtu2mp0j,MP: Which private lessons/ classes paid for (covered at school) - Horse riding,-91.0,Not applicable
w3extrtu2mp0j,MP: Which private lessons/ classes paid for (covered at school) - Horse riding,0.0,Not mentioned
w3extrtu2mp0j,MP: Which private lessons/ classes paid for (covered at school) - Horse riding,1.0,Mentioned
w3extrtu2mp0k,MP: Which private lessons/ classes paid for (covered at school) - Other answers,-99.0,MP not interviewed
w3extrtu2mp0k,MP: Which private lessons/ classes paid for (covered at school) - Other answers,-92.0,Refused
w3extrtu2mp0k,MP: Which private lessons/ classes paid for (covered at school) - Other answers,-91.0,Not applicable
w3extrtu2mp0k,MP: Which private lessons/ classes paid for (covered at school) - Other answers,0.0,Not mentioned
w3extrtu2mp0k,MP: Which private lessons/ classes paid for (covered at school) - Other answers,1.0,Mentioned
w3extrtu2mp0l,MP: Which private lessons/ classes paid for (covered at school) - Don't know,-99.0,MP not interviewed
w3extrtu2mp0l,MP: Which private lessons/ classes paid for (covered at school) - Don't know,-92.0,Refused
w3extrtu2mp0l,MP: Which private lessons/ classes paid for (covered at school) - Don't know,-91.0,Not applicable
w3extrtu2mp0l,MP: Which private lessons/ classes paid for (covered at school) - Don't know,0.0,Not mentioned
w3extrtu2mp0l,MP: Which private lessons/ classes paid for (covered at school) - Don't know,1.0,Mentioned
w3extrtu3mp,MP: Frequency of additional private lessons for YP over last 12 months,-99.0,MP not interviewed
w3extrtu3mp,MP: Frequency of additional private lessons for YP over last 12 months,-92.0,Refused
w3extrtu3mp,MP: Frequency of additional private lessons for YP over last 12 months,-91.0,Not applicable
w3extrtu3mp,MP: Frequency of additional private lessons for YP over last 12 months,-1.0,Don't know
w3extrtu3mp,MP: Frequency of additional private lessons for YP over last 12 months,1.0,Three or four times a week or more
w3extrtu3mp,MP: Frequency of additional private lessons for YP over last 12 months,2.0,Twice a week
w3extrtu3mp,MP: Frequency of additional private lessons for YP over last 12 months,3.0,Once a week
w3extrtu3mp,MP: Frequency of additional private lessons for YP over last 12 months,4.0,Less than once a week
w3extrtu3mp,MP: Frequency of additional private lessons for YP over last 12 months,5.0,Once only
w3extrtu4mp,MP: Whether paid for any private lessons in supplementary subjects for YP,-99.0,MP not interviewed
w3extrtu4mp,MP: Whether paid for any private lessons in supplementary subjects for YP,-92.0,Refused
w3extrtu4mp,MP: Whether paid for any private lessons in supplementary subjects for YP,-91.0,Not applicable
w3extrtu4mp,MP: Whether paid for any private lessons in supplementary subjects for YP,-1.0,Don't know
w3extrtu4mp,MP: Whether paid for any private lessons in supplementary subjects for YP,1.0,Yes
w3extrtu4mp,MP: Whether paid for any private lessons in supplementary subjects for YP,2.0,No
w3extrtu5mp0a,MP: Which private lessons/ classes paid for (NOT covered at school) - Music,-99.0,MP not interviewed
w3extrtu5mp0a,MP: Which private lessons/ classes paid for (NOT covered at school) - Music,-92.0,Refused
w3extrtu5mp0a,MP: Which private lessons/ classes paid for (NOT covered at school) - Music,-91.0,Not applicable
w3extrtu5mp0a,MP: Which private lessons/ classes paid for (NOT covered at school) - Music,0.0,Not mentioned
w3extrtu5mp0a,MP: Which private lessons/ classes paid for (NOT covered at school) - Music,1.0,Mentioned
w3extrtu5mp0b,MP: Which private lessons/ classes paid for (NOT covered at school) - Dance,-99.0,MP not interviewed
w3extrtu5mp0b,MP: Which private lessons/ classes paid for (NOT covered at school) - Dance,-92.0,Refused
w3extrtu5mp0b,MP: Which private lessons/ classes paid for (NOT covered at school) - Dance,-91.0,Not applicable
w3extrtu5mp0b,MP: Which private lessons/ classes paid for (NOT covered at school) - Dance,0.0,Not mentioned
w3extrtu5mp0b,MP: Which private lessons/ classes paid for (NOT covered at school) - Dance,1.0,Mentioned
w3extrtu5mp0c,MP: Which private lessons/ classes paid for (NOT covered at school) - Languages,-99.0,MP not interviewed
w3extrtu5mp0c,MP: Which private lessons/ classes paid for (NOT covered at school) - Languages,-92.0,Refused
w3extrtu5mp0c,MP: Which private lessons/ classes paid for (NOT covered at school) - Languages,-91.0,Not applicable
w3extrtu5mp0c,MP: Which private lessons/ classes paid for (NOT covered at school) - Languages,0.0,Not mentioned
w3extrtu5mp0c,MP: Which private lessons/ classes paid for (NOT covered at school) - Languages,1.0,Mentioned
w3extrtu5mp0d,MP: Which private lessons/ classes paid for (NOT covered at school) - Speech and/or drama,-99.0,MP not interviewed
w3extrtu5mp0d,MP: Which private lessons/ classes paid for (NOT covered at school) - Speech and/or drama,-92.0,Refused
w3extrtu5mp0d,MP: Which private lessons/ classes paid for (NOT covered at school) - Speech and/or drama,-91.0,Not applicable
w3extrtu5mp0d,MP: Which private lessons/ classes paid for (NOT covered at school) - Speech and/or drama,0.0,Not mentioned
w3extrtu5mp0d,MP: Which private lessons/ classes paid for (NOT covered at school) - Speech and/or drama,1.0,Mentioned
w3extrtu5mp0e,MP: Which private lessons/ classes paid for (NOT covered at school) - Religious activity,-99.0,MP not interviewed
w3extrtu5mp0e,MP: Which private lessons/ classes paid for (NOT covered at school) - Religious activity,-92.0,Refused
w3extrtu5mp0e,MP: Which private lessons/ classes paid for (NOT covered at school) - Religious activity,-91.0,Not applicable
w3extrtu5mp0e,MP: Which private lessons/ classes paid for (NOT covered at school) - Religious activity,0.0,Not mentioned
w3extrtu5mp0e,MP: Which private lessons/ classes paid for (NOT covered at school) - Religious activity,1.0,Mentioned
w3extrtu5mp0f,MP: Which private lessons/ classes paid for (NOT covered at school) - Sport,-99.0,MP not interviewed
w3extrtu5mp0f,MP: Which private lessons/ classes paid for (NOT covered at school) - Sport,-92.0,Refused
w3extrtu5mp0f,MP: Which private lessons/ classes paid for (NOT covered at school) - Sport,-91.0,Not applicable
w3extrtu5mp0f,MP: Which private lessons/ classes paid for (NOT covered at school) - Sport,0.0,Not mentioned
w3extrtu5mp0f,MP: Which private lessons/ classes paid for (NOT covered at school) - Sport,1.0,Mentioned
w3extrtu5mp0g,MP: Which private lessons/ classes paid for (NOT covered at school) - Maths,-99.0,MP not interviewed
w3extrtu5mp0g,MP: Which private lessons/ classes paid for (NOT covered at school) - Maths,-92.0,Refused
w3extrtu5mp0g,MP: Which private lessons/ classes paid for (NOT covered at school) - Maths,-91.0,Not applicable
w3extrtu5mp0g,MP: Which private lessons/ classes paid for (NOT covered at school) - Maths,0.0,Not mentioned
w3extrtu5mp0g,MP: Which private lessons/ classes paid for (NOT covered at school) - Maths,1.0,Mentioned
w3extrtu5mp0h,MP: Which private lessons/ classes paid for (NOT covered at school) - English,-99.0,MP not interviewed
w3extrtu5mp0h,MP: Which private lessons/ classes paid for (NOT covered at school) - English,-92.0,Refused
w3extrtu5mp0h,MP: Which private lessons/ classes paid for (NOT covered at school) - English,-91.0,Not applicable
w3extrtu5mp0h,MP: Which private lessons/ classes paid for (NOT covered at school) - English,0.0,Not mentioned
w3extrtu5mp0h,MP: Which private lessons/ classes paid for (NOT covered at school) - English,1.0,Mentioned
w3extrtu5mp0i,MP: Which private lessons/ classes paid for (NOT covered at school) - Science,-99.0,MP not interviewed
w3extrtu5mp0i,MP: Which private lessons/ classes paid for (NOT covered at school) - Science,-92.0,Refused
w3extrtu5mp0i,MP: Which private lessons/ classes paid for (NOT covered at school) - Science,-91.0,Not applicable
w3extrtu5mp0i,MP: Which private lessons/ classes paid for (NOT covered at school) - Science,0.0,Not mentioned
w3extrtu5mp0i,MP: Which private lessons/ classes paid for (NOT covered at school) - Science,1.0,Mentioned
w3extrtu5mp0j,MP: Which private lessons/ classes paid for (NOT covered at school) - Horse riding,-99.0,MP not interviewed
w3extrtu5mp0j,MP: Which private lessons/ classes paid for (NOT covered at school) - Horse riding,-92.0,Refused
w3extrtu5mp0j,MP: Which private lessons/ classes paid for (NOT covered at school) - Horse riding,-91.0,Not applicable
w3extrtu5mp0j,MP: Which private lessons/ classes paid for (NOT covered at school) - Horse riding,0.0,Not mentioned
w3extrtu5mp0j,MP: Which private lessons/ classes paid for (NOT covered at school) - Horse riding,1.0,Mentioned
w3extrtu5mp0k,MP: Which private lessons/ classes paid for (NOT covered at school) - Other answers,-99.0,MP not interviewed
w3extrtu5mp0k,MP: Which private lessons/ classes paid for (NOT covered at school) - Other answers,-92.0,Refused
w3extrtu5mp0k,MP: Which private lessons/ classes paid for (NOT covered at school) - Other answers,-91.0,Not applicable
w3extrtu5mp0k,MP: Which private lessons/ classes paid for (NOT covered at school) - Other answers,0.0,Not mentioned
w3extrtu5mp0k,MP: Which private lessons/ classes paid for (NOT covered at school) - Other answers,1.0,Mentioned
w3extrtu6mp,MP: How often does YP go to supplementary lessons or classes over the last 12 months,-99.0,MP not interviewed
w3extrtu6mp,MP: How often does YP go to supplementary lessons or classes over the last 12 months,-92.0,Refused
w3extrtu6mp,MP: How often does YP go to supplementary lessons or classes over the last 12 months,-91.0,Not applicable
w3extrtu6mp,MP: How often does YP go to supplementary lessons or classes over the last 12 months,-1.0,Don't know
w3extrtu6mp,MP: How often does YP go to supplementary lessons or classes over the last 12 months,1.0,Three or four times a week or more
w3extrtu6mp,MP: How often does YP go to supplementary lessons or classes over the last 12 months,2.0,Twice a week
w3extrtu6mp,MP: How often does YP go to supplementary lessons or classes over the last 12 months,3.0,Once a week
w3extrtu6mp,MP: How often does YP go to supplementary lessons or classes over the last 12 months,4.0,Less than once a week?
w3extrtu6mp,MP: How often does YP go to supplementary lessons or classes over the last 12 months,5.0,Once only
w3tranaftmp,MP: What transition plan suggests YP should do after Year 11,-997.0,Script error
w3tranaftmp,MP: What transition plan suggests YP should do after Year 11,-99.0,MP not interviewed
w3tranaftmp,MP: What transition plan suggests YP should do after Year 11,-92.0,Refused
w3tranaftmp,MP: What transition plan suggests YP should do after Year 11,-91.0,Not applicable
w3tranaftmp,MP: What transition plan suggests YP should do after Year 11,-1.0,Don't know
w3tranaftmp,MP: What transition plan suggests YP should do after Year 11,1.0,Stay on in full time education
w3tranaftmp,MP: What transition plan suggests YP should do after Year 11,2.0,Leave full time education
w3tranaftmp,MP: What transition plan suggests YP should do after Year 11,3.0,Does not currently have a transition plan
w3transtamp0a,MP: Will this be so that YP can do A levels/ AS levels/A2S,-99.0,MP not interviewed
w3transtamp0a,MP: Will this be so that YP can do A levels/ AS levels/A2S,-92.0,Refused
w3transtamp0a,MP: Will this be so that YP can do A levels/ AS levels/A2S,-91.0,Not applicable
w3transtamp0a,MP: Will this be so that YP can do A levels/ AS levels/A2S,0.0,Not mentioned
w3transtamp0a,MP: Will this be so that YP can do A levels/ AS levels/A2S,1.0,Mentioned
w3transtamp0b,MP: Will this be so that YP can do NVQs,-99.0,MP not interviewed
w3transtamp0b,MP: Will this be so that YP can do NVQs,-92.0,Refused
w3transtamp0b,MP: Will this be so that YP can do NVQs,-91.0,Not applicable
w3transtamp0b,MP: Will this be so that YP can do NVQs,0.0,Not mentioned
w3transtamp0b,MP: Will this be so that YP can do NVQs,1.0,Mentioned
w3transtamp0c,MP: Don't know,-99.0,MP not interviewed
w3transtamp0c,MP: Don't know,-92.0,Refused
w3transtamp0c,MP: Don't know,-91.0,Not applicable
w3transtamp0c,MP: Don't know,0.0,Not mentioned
w3transtamp0c,MP: Don't know,1.0,Mentioned
w3transtamp0d,MP: Other answers,-99.0,MP not interviewed
w3transtamp0d,MP: Other answers,-92.0,Refused
w3transtamp0d,MP: Other answers,-91.0,Not applicable
w3transtamp0d,MP: Other answers,0.0,Not mentioned
w3transtamp0d,MP: Other answers,1.0,Mentioned
w3tranleamp,MP: What transition plan suggest YP should do when they leave school after Year 11,-99.0,MP not interviewed
w3tranleamp,MP: What transition plan suggest YP should do when they leave school after Year 11,-92.0,Refused
w3tranleamp,MP: What transition plan suggest YP should do when they leave school after Year 11,-91.0,Not applicable
w3tranleamp,MP: What transition plan suggest YP should do when they leave school after Year 11,1.0,Don't know
w3parasp2mp,MP: What would like YP to do when reach school leaving age,-99.0,MP not interviewed
w3parasp2mp,MP: What would like YP to do when reach school leaving age,-92.0,Refused
w3parasp2mp,MP: What would like YP to do when reach school leaving age,-91.0,Not applicable
w3parasp2mp,MP: What would like YP to do when reach school leaving age,-1.0,Don't know
w3parasp2mp,MP: What would like YP to do when reach school leaving age,1.0,Continue in full time education
w3parasp2mp,MP: What would like YP to do when reach school leaving age,2.0,Start learning a trade / Get a place on a training course
w3parasp2mp,MP: What would like YP to do when reach school leaving age,3.0,Start an apprenticeship
w3parasp2mp,MP: What would like YP to do when reach school leaving age,4.0,Get a full-time paid job (either as an employee or self-empl
w3parasp2mp,MP: What would like YP to do when reach school leaving age,5.0,Something else
w3parasp1mp,MP: What think YP will do when reaches school leaving age,-99.0,MP not interviewed
w3parasp1mp,MP: What think YP will do when reaches school leaving age,-92.0,Refused
w3parasp1mp,MP: What think YP will do when reaches school leaving age,-91.0,Not applicable
w3parasp1mp,MP: What think YP will do when reaches school leaving age,-1.0,Don't know
w3parasp1mp,MP: What think YP will do when reaches school leaving age,1.0,Continue in full time education
w3parasp1mp,MP: What think YP will do when reaches school leaving age,2.0,Start learning a trade / Get a place on a training course
w3parasp1mp,MP: What think YP will do when reaches school leaving age,3.0,Start an apprenticeship
w3parasp1mp,MP: What think YP will do when reaches school leaving age,4.0,Get a full-time paid job (either as an employee or self-empl
w3parasp1mp,MP: What think YP will do when reaches school leaving age,5.0,Something else
w3jobdiscmp,MP: Whether talked to YP about YP staying on in full-time education,-99.0,MP not interviewed
w3jobdiscmp,MP: Whether talked to YP about YP staying on in full-time education,-92.0,Refused
w3jobdiscmp,MP: Whether talked to YP about YP staying on in full-time education,-91.0,Not applicable
w3jobdiscmp,MP: Whether talked to YP about YP staying on in full-time education,-1.0,Don't know
w3jobdiscmp,MP: Whether talked to YP about YP staying on in full-time education,1.0,Yes
w3jobdiscmp,MP: Whether talked to YP about YP staying on in full-time education,2.0,No
w3awaremamp,MP: Whether aware of EMA before interview,-997.0,Script error
w3awaremamp,MP: Whether aware of EMA before interview,-99.0,MP not interviewed
w3awaremamp,MP: Whether aware of EMA before interview,-92.0,Refused
w3awaremamp,MP: Whether aware of EMA before interview,-91.0,Not applicable
w3awaremamp,MP: Whether aware of EMA before interview,-1.0,Don't know
w3awaremamp,MP: Whether aware of EMA before interview,1.0,Yes
w3awaremamp,MP: Whether aware of EMA before interview,2.0,No
w3emaappmp,MP: Whether YP has applied for an EMA,-99.0,MP not interviewed
w3emaappmp,MP: Whether YP has applied for an EMA,-92.0,Refused
w3emaappmp,MP: Whether YP has applied for an EMA,-91.0,Not applicable
w3emaappmp,MP: Whether YP has applied for an EMA,-1.0,Don't know
w3emaappmp,MP: Whether YP has applied for an EMA,1.0,Yes
w3emaappmp,MP: Whether YP has applied for an EMA,2.0,No
w3emagomp,MP: Whether YP will apply for an EMA,-99.0,MP not interviewed
w3emagomp,MP: Whether YP will apply for an EMA,-92.0,Refused
w3emagomp,MP: Whether YP will apply for an EMA,-91.0,Not applicable
w3emagomp,MP: Whether YP will apply for an EMA,-1.0,Don't know
w3emagomp,MP: Whether YP will apply for an EMA,1.0,Yes
w3emagomp,MP: Whether YP will apply for an EMA,2.0,No
w3emasucmp,MP: Whether EMA application was sucessful,-99.0,MP not interviewed
w3emasucmp,MP: Whether EMA application was sucessful,-92.0,Refused
w3emasucmp,MP: Whether EMA application was sucessful,-91.0,Not applicable
w3emasucmp,MP: Whether EMA application was sucessful,-1.0,Don't know
w3emasucmp,MP: Whether EMA application was sucessful,1.0,Yes
w3emasucmp,MP: Whether EMA application was sucessful,2.0,No
w3emasucmp,MP: Whether EMA application was sucessful,3.0,Waiting to hear
w3fefinmp0a,MP: How YP's expenses would be paid if stayed on in education - EMA,-997.0,Script error
w3fefinmp0a,MP: How YP's expenses would be paid if stayed on in education - EMA,-99.0,MP not interviewed
w3fefinmp0a,MP: How YP's expenses would be paid if stayed on in education - EMA,-92.0,Refused
w3fefinmp0a,MP: How YP's expenses would be paid if stayed on in education - EMA,-91.0,Not applicable
w3fefinmp0a,MP: How YP's expenses would be paid if stayed on in education - EMA,0.0,Not mentioned
w3fefinmp0a,MP: How YP's expenses would be paid if stayed on in education - EMA,1.0,Mentioned
w3fefinmp0b,MP: How YP's expenses would be paid if stayed on in education - YP get job or work part time,-997.0,Script error
w3fefinmp0b,MP: How YP's expenses would be paid if stayed on in education - YP get job or work part time,-99.0,MP not interviewed
w3fefinmp0b,MP: How YP's expenses would be paid if stayed on in education - YP get job or work part time,-92.0,Refused
w3fefinmp0b,MP: How YP's expenses would be paid if stayed on in education - YP get job or work part time,-91.0,Not applicable
w3fefinmp0b,MP: How YP's expenses would be paid if stayed on in education - YP get job or work part time,0.0,Not mentioned
w3fefinmp0b,MP: How YP's expenses would be paid if stayed on in education - YP get job or work part time,1.0,Mentioned
w3fefinmp0c,MP: How YP's expenses would be paid if stayed on in education - Parent(s) will support or give money,-997.0,Script error
w3fefinmp0c,MP: How YP's expenses would be paid if stayed on in education - Parent(s) will support or give money,-99.0,MP not interviewed
w3fefinmp0c,MP: How YP's expenses would be paid if stayed on in education - Parent(s) will support or give money,-92.0,Refused
w3fefinmp0c,MP: How YP's expenses would be paid if stayed on in education - Parent(s) will support or give money,-91.0,Not applicable
w3fefinmp0c,MP: How YP's expenses would be paid if stayed on in education - Parent(s) will support or give money,0.0,Not mentioned
w3fefinmp0c,MP: How YP's expenses would be paid if stayed on in education - Parent(s) will support or give money,1.0,Mentioned
w3fefinmp0d,MP: How YP's expenses would be paid if stayed on in education - Other relative(s) will support or give money,-997.0,Script error
w3fefinmp0d,MP: How YP's expenses would be paid if stayed on in education - Other relative(s) will support or give money,-99.0,MP not interviewed
w3fefinmp0d,MP: How YP's expenses would be paid if stayed on in education - Other relative(s) will support or give money,-92.0,Refused
w3fefinmp0d,MP: How YP's expenses would be paid if stayed on in education - Other relative(s) will support or give money,-91.0,Not applicable
w3fefinmp0d,MP: How YP's expenses would be paid if stayed on in education - Other relative(s) will support or give money,0.0,Not mentioned
w3fefinmp0d,MP: How YP's expenses would be paid if stayed on in education - Other relative(s) will support or give money,1.0,Mentioned
w3fefinmp0e,MP: How YP's expenses would be paid if stayed on in education - Some other means,-997.0,Script error
w3fefinmp0e,MP: How YP's expenses would be paid if stayed on in education - Some other means,-99.0,MP not interviewed
w3fefinmp0e,MP: How YP's expenses would be paid if stayed on in education - Some other means,-92.0,Refused
w3fefinmp0e,MP: How YP's expenses would be paid if stayed on in education - Some other means,-91.0,Not applicable
w3fefinmp0e,MP: How YP's expenses would be paid if stayed on in education - Some other means,0.0,Not mentioned
w3fefinmp0e,MP: How YP's expenses would be paid if stayed on in education - Some other means,1.0,Mentioned
w3fefinmp0f,MP: How YP's expenses would be paid if stayed on in education - YP definitely won't stay on (UNPROMPTED),-997.0,Script error
w3fefinmp0f,MP: How YP's expenses would be paid if stayed on in education - YP definitely won't stay on (UNPROMPTED),-99.0,MP not interviewed
w3fefinmp0f,MP: How YP's expenses would be paid if stayed on in education - YP definitely won't stay on (UNPROMPTED),-92.0,Refused
w3fefinmp0f,MP: How YP's expenses would be paid if stayed on in education - YP definitely won't stay on (UNPROMPTED),-91.0,Not applicable
w3fefinmp0f,MP: How YP's expenses would be paid if stayed on in education - YP definitely won't stay on (UNPROMPTED),0.0,Not mentioned
w3fefinmp0f,MP: How YP's expenses would be paid if stayed on in education - YP definitely won't stay on (UNPROMPTED),1.0,Mentioned
w3fefinmp0g,MP: How YP's expenses would be paid if stayed on in education - Don't know,-997.0,Script error
w3fefinmp0g,MP: How YP's expenses would be paid if stayed on in education - Don't know,-99.0,MP not interviewed
w3fefinmp0g,MP: How YP's expenses would be paid if stayed on in education - Don't know,-92.0,Refused
w3fefinmp0g,MP: How YP's expenses would be paid if stayed on in education - Don't know,-91.0,Not applicable
w3fefinmp0g,MP: How YP's expenses would be paid if stayed on in education - Don't know,0.0,Not mentioned
w3fefinmp0g,MP: How YP's expenses would be paid if stayed on in education - Don't know,1.0,Mentioned
w3fefn2mp0a,MP: What likely to do to help keep YP in education - Save money now specifically for education,-99.0,MP not interviewed
w3fefn2mp0a,MP: What likely to do to help keep YP in education - Save money now specifically for education,-92.0,Refused
w3fefn2mp0a,MP: What likely to do to help keep YP in education - Save money now specifically for education,-91.0,Not applicable
w3fefn2mp0a,MP: What likely to do to help keep YP in education - Save money now specifically for education,0.0,Not mentioned
w3fefn2mp0a,MP: What likely to do to help keep YP in education - Save money now specifically for education,1.0,Mentioned
w3fefn2mp0b,MP: What likely to do to help keep YP in education - Give money from existing savings,-99.0,MP not interviewed
w3fefn2mp0b,MP: What likely to do to help keep YP in education - Give money from existing savings,-92.0,Refused
w3fefn2mp0b,MP: What likely to do to help keep YP in education - Give money from existing savings,-91.0,Not applicable
w3fefn2mp0b,MP: What likely to do to help keep YP in education - Give money from existing savings,0.0,Not mentioned
w3fefn2mp0b,MP: What likely to do to help keep YP in education - Give money from existing savings,1.0,Mentioned
w3fefn2mp0c,MP: What likely to do to help keep YP in education - Support out of wages or earnings,-99.0,MP not interviewed
w3fefn2mp0c,MP: What likely to do to help keep YP in education - Support out of wages or earnings,-92.0,Refused
w3fefn2mp0c,MP: What likely to do to help keep YP in education - Support out of wages or earnings,-91.0,Not applicable
w3fefn2mp0c,MP: What likely to do to help keep YP in education - Support out of wages or earnings,0.0,Not mentioned
w3fefn2mp0c,MP: What likely to do to help keep YP in education - Support out of wages or earnings,1.0,Mentioned
w3fefn2mp0d,MP: What likely to do to help keep YP in education - Take out loan or remortgage,-99.0,MP not interviewed
w3fefn2mp0d,MP: What likely to do to help keep YP in education - Take out loan or remortgage,-92.0,Refused
w3fefn2mp0d,MP: What likely to do to help keep YP in education - Take out loan or remortgage,-91.0,Not applicable
w3fefn2mp0d,MP: What likely to do to help keep YP in education - Take out loan or remortgage,0.0,Not mentioned
w3fefn2mp0d,MP: What likely to do to help keep YP in education - Take out loan or remortgage,1.0,Mentioned
w3fefn2mp0e,MP: What likely to do to help keep YP in education - Pay school or college fees,-99.0,MP not interviewed
w3fefn2mp0e,MP: What likely to do to help keep YP in education - Pay school or college fees,-92.0,Refused
w3fefn2mp0e,MP: What likely to do to help keep YP in education - Pay school or college fees,-91.0,Not applicable
w3fefn2mp0e,MP: What likely to do to help keep YP in education - Pay school or college fees,0.0,Not mentioned
w3fefn2mp0e,MP: What likely to do to help keep YP in education - Pay school or college fees,1.0,Mentioned
w3fefn2mp0f,MP: What likely to do to help keep YP in education - Help with accommodation (eg. Let YP stay rent-free),-99.0,MP not interviewed
w3fefn2mp0f,MP: What likely to do to help keep YP in education - Help with accommodation (eg. Let YP stay rent-free),-92.0,Refused
w3fefn2mp0f,MP: What likely to do to help keep YP in education - Help with accommodation (eg. Let YP stay rent-free),-91.0,Not applicable
w3fefn2mp0f,MP: What likely to do to help keep YP in education - Help with accommodation (eg. Let YP stay rent-free),0.0,Not mentioned
w3fefn2mp0f,MP: What likely to do to help keep YP in education - Help with accommodation (eg. Let YP stay rent-free),1.0,Mentioned
w3fefn2mp0g,MP: What likely to do to help keep YP in education - Borrow money from other relatives or friends,-99.0,MP not interviewed
w3fefn2mp0g,MP: What likely to do to help keep YP in education - Borrow money from other relatives or friends,-92.0,Refused
w3fefn2mp0g,MP: What likely to do to help keep YP in education - Borrow money from other relatives or friends,-91.0,Not applicable
w3fefn2mp0g,MP: What likely to do to help keep YP in education - Borrow money from other relatives or friends,0.0,Not mentioned
w3fefn2mp0g,MP: What likely to do to help keep YP in education - Borrow money from other relatives or friends,1.0,Mentioned
w3fefn2mp0h,MP: What likely to do to help keep YP in education - Help in other ways,-99.0,MP not interviewed
w3fefn2mp0h,MP: What likely to do to help keep YP in education - Help in other ways,-92.0,Refused
w3fefn2mp0h,MP: What likely to do to help keep YP in education - Help in other ways,-91.0,Not applicable
w3fefn2mp0h,MP: What likely to do to help keep YP in education - Help in other ways,0.0,Not mentioned
w3fefn2mp0h,MP: What likely to do to help keep YP in education - Help in other ways,1.0,Mentioned
w3fefn2mp0i,MP: What likely to do to help keep YP in education - YP definitely won't stay on (UNPROMPTED),-99.0,MP not interviewed
w3fefn2mp0i,MP: What likely to do to help keep YP in education - YP definitely won't stay on (UNPROMPTED),-92.0,Refused
w3fefn2mp0i,MP: What likely to do to help keep YP in education - YP definitely won't stay on (UNPROMPTED),-91.0,Not applicable
w3fefn2mp0i,MP: What likely to do to help keep YP in education - YP definitely won't stay on (UNPROMPTED),0.0,Not mentioned
w3fefn2mp0i,MP: What likely to do to help keep YP in education - YP definitely won't stay on (UNPROMPTED),1.0,Mentioned
w3fefn2mp0j,MP: What likely to do to help keep YP in education - Don' t know,-92.0,Refused
w3fefn2mp0j,MP: What likely to do to help keep YP in education - Don' t know,-91.0,Not applicable
w3fefn2mp0j,MP: What likely to do to help keep YP in education - Don' t know,0.0,Not mentioned
w3fefn2mp0j,MP: What likely to do to help keep YP in education - Don' t know,1.0,Mentioned
w3fefn2mp0j,MP: What likely to do to help keep YP in education - Don' t know,-99.0,MP not interviewed
w3fefn2mp0k,MP: What likely to do to help keep YP in education - None of these,-99.0,MP not interviewed
w3fefn2mp0k,MP: What likely to do to help keep YP in education - None of these,-92.0,Refused
w3fefn2mp0k,MP: What likely to do to help keep YP in education - None of these,-91.0,Not applicable
w3fefn2mp0k,MP: What likely to do to help keep YP in education - None of these,0.0,Not mentioned
w3fefn2mp0k,MP: What likely to do to help keep YP in education - None of these,1.0,Mentioned
v3,None,,
avail_from_dt,,,
