variable_name,variable_label,value_value,value_label
study_id_e,,,
hhid,sortkey: HH Identifier,-91.0,Not applicable
w7mode,Interview Methodology,-91.0,Not applicable
w7mode,Interview Methodology,1.0,CAPI
w7mode,Interview Methodology,2.0,CATI
w7mode,Interview Methodology,3.0,CAWI
w7qsamead,Whether still live at same address as last time,-91.0,Not applicable
w7qsamead,Whether still live at same address as last time,1.0,Yes
w7qsamead,Whether still live at same address as last time,2.0,No
w7qsamead,Whether still live at same address as last time,3.0,Yes- but errors in some of the address
w7qanysta,Whether there is anyone living with them who was also living with them last ti,-999.0,Skipped grid
w7qanysta,Whether there is anyone living with them who was also living with them last ti,-91.0,Not applicable
w7qanysta,Whether there is anyone living with them who was also living with them last ti,-1.0,Don't know
w7qanysta,Whether there is anyone living with them who was also living with them last ti,1.0,Yes
w7qanysta,Whether there is anyone living with them who was also living with them last ti,2.0,No
w7incar,Whether live in any of the following,-91.0,Not applicable
w7incar,Whether live in any of the following,1.0,A college or other educational resident
w7incar,Whether live in any of the following,2.0,A private house you are sharing with ot
w7incar,Whether live in any of the following,3.0,Armed Forces' residential accommodation
w7incar,Whether live in any of the following,4.0,NHS residential accommodation
w7incar,Whether live in any of the following,5.0,Other employer's residential accommodat
w7incar,Whether live in any of the following,6.0,"A hotel, boarding house or hostel"
w7incar,Whether live in any of the following,7.0,Any other kind of communal establishmen
w7incar,Whether live in any of the following,8.0,"No, none of these"
w7liverelat,Whether live with relatives,-91.0,Not applicable
w7liverelat,Whether live with relatives,1.0,Yes
w7liverelat,Whether live with relatives,2.0,No
w7shgint,Status of Household Member,-92.0,Refused
w7shgint,Status of Household Member,-91.0,Not applicable
w7shgint,Status of Household Member,0.0,Not present - left previous wave
w7shgint,Status of Household Member,1.0,Present
w7shgint,Status of Household Member,2.0,Present - New at current wave
w7shgint,Status of Household Member,3.0,Not present - left current wave
w7shgint,Status of Household Member,4.0,Young person
w7shgint,Status of Household Member,5.0,Skipped grid
w7shgint,Status of Household Member,6.0,Grid questions not asked
w7sex,Sex,-92.0,Refused
w7sex,Sex,-91.0,Not applicable
w7sex,Sex,1.0,Male
w7sex,Sex,2.0,Female
w7relation,Relationship to respondent,-92.0,Refused
w7relation,Relationship to respondent,-91.0,Not applicable
w7relation,Relationship to respondent,-1.0,Don't know
w7relation,Relationship to respondent,1.0,Parent â€“ Including step/adoptive/foster
w7relation,Relationship to respondent,2.0,Brother or sister â€“ Including step/adop
w7relation,Relationship to respondent,3.0,Your own partner/husband/wife
w7relation,Relationship to respondent,4.0,Your own son or daughter
w7relation,Relationship to respondent,5.0,Your parentâ€™s partner or spouse
w7relation,Relationship to respondent,6.0,Another kind of relative â€“ including in
w7relation,Relationship to respondent,7.0,Someone not related to you
v3,None,,
avail_from_dt,,,
