variable_name,variable_label,value_value,value_label
study_id_e,,,
w4hhid,Admin: Household ID,-999.0,Household grid missing
w4boost,Admin: Whether this is a boost case,-999.0,Household grid missing
w4boost,Admin: Whether this is a boost case,-91.0,Not applicable
w4boost,Admin: Whether this is a boost case,1.0,Yes
w4boost,Admin: Whether this is a boost case,2.0,No
w4intmonth,Admin: Month of W4 interview,-999.0,Missing information
w4intmonth,Admin: Month of W4 interview,6.0,June
w4intmonth,Admin: Month of W4 interview,7.0,July
w4intmonth,Admin: Month of W4 interview,8.0,August
w4intmonth,Admin: Month of W4 interview,9.0,September
w4intmonth,Admin: Month of W4 interview,10.0,October
w4intyear,Admin: Year of W4 interview,-999.0,Missing information
w4shgint,HH: Is this person still living here with young person,-999.0,Household grid missing
w4shgint,HH: Is this person still living here with young person,-92.0,Refused
w4shgint,HH: Is this person still living here with young person,-91.0,Not applicable
w4shgint,HH: Is this person still living here with young person,-1.0,Don't know
w4shgint,HH: Is this person still living here with young person,1.0,Yes
w4shgint,HH: Is this person still living here with young person,2.0,No
w4shgint,HH: Is this person still living here with young person,3.0,Other household member name recorded incorrectly at wave 1
w4shgint,HH: Is this person still living here with young person,4.0,Refusal
w4shgint,HH: Is this person still living here with young person,9.0,Household member left but not in W4 CAPI sample
w4mainres,HH: Main parent position,-999.0,Household grid missing
w4mainres,HH: Main parent position,-997.0,Script error
w4mainres,HH: Main parent position,-92.0,Refused
w4mainres,HH: Main parent position,-91.0,Not applicable
w4mainres,HH: Main parent position,-1.0,Don't know
w4mainres,HH: Main parent position,1.0,Household member number 1
w4mainres,HH: Main parent position,2.0,Household member number 2
w4mainres,HH: Main parent position,3.0,Household member number 3
w4mainres,HH: Main parent position,4.0,Household member number 4
w4mainres,HH: Main parent position,5.0,Household member number 5
w4mainres,HH: Main parent position,6.0,Household member number 6
w4mainres,HH: Main parent position,7.0,Household member number 7
w4mainres,HH: Main parent position,8.0,Household member number 8
w4mainres,HH: Main parent position,9.0,Household member number 9
w4mainres,HH: Main parent position,10.0,Household member number 10
w4mainres,HH: Main parent position,11.0,Household member number 11
w4mainres,HH: Main parent position,12.0,Household member number 12
w4mainres,HH: Main parent position,13.0,Household member number 13
w4mainres,HH: Main parent position,14.0,Household member number 14
w4mainres,HH: Main parent position,15.0,Household member number 15
w4mainres,HH: Main parent position,16.0,Household member number 16
w4mainres,HH: Main parent position,17.0,Household member number 17
w4mainres,HH: Main parent position,18.0,Household member number 18
w4mainres,HH: Main parent position,19.0,Household member number 19
w4mainres,HH: Main parent position,20.0,Household member number 20
w4mainres,HH: Main parent position,21.0,Non household member
w4secores,HH: Second parent position,-999.0,Household grid missing
w4secores,HH: Second parent position,-997.0,Script error
w4secores,HH: Second parent position,-92.0,Refused
w4secores,HH: Second parent position,-91.0,Not applicable
w4secores,HH: Second parent position,-1.0,Don't know
w4secores,HH: Second parent position,1.0,Household member number 1
w4secores,HH: Second parent position,2.0,Household member number 2
w4secores,HH: Second parent position,3.0,Household member number 3
w4secores,HH: Second parent position,4.0,Household member number 4
w4secores,HH: Second parent position,5.0,Household member number 5
w4secores,HH: Second parent position,6.0,Household member number 6
w4secores,HH: Second parent position,7.0,Household member number 7
w4secores,HH: Second parent position,8.0,Household member number 8
w4secores,HH: Second parent position,9.0,Household member number 9
w4secores,HH: Second parent position,10.0,Household member number 10
w4secores,HH: Second parent position,11.0,Household member number 11
w4secores,HH: Second parent position,12.0,Household member number 12
w4secores,HH: Second parent position,13.0,Household member number 13
w4secores,HH: Second parent position,14.0,Household member number 14
w4secores,HH: Second parent position,15.0,Household member number 15
w4secores,HH: Second parent position,16.0,Household member number 16
w4secores,HH: Second parent position,17.0,Household member number 17
w4secores,HH: Second parent position,18.0,Household member number 18
w4secores,HH: Second parent position,19.0,Household member number 19
w4secores,HH: Second parent position,20.0,Household member number 20
w4secores,HH: Second parent position,21.0,Non household member
w4secores,HH: Second parent position,22.0,No answer
w4ylft,HH: Why household member no longer lives here with young person,-999.0,Household grid missing
w4ylft,HH: Why household member no longer lives here with young person,-92.0,Refused
w4ylft,HH: Why household member no longer lives here with young person,-91.0,Not applicable
w4ylft,HH: Why household member no longer lives here with young person,-1.0,Don't know
w4ylft,HH: Why household member no longer lives here with young person,1.0,Deceased
w4ylft,HH: Why household member no longer lives here with young person,2.0,Separated
w4ylft,HH: Why household member no longer lives here with young person,3.0,Divorced
w4ylft,HH: Why household member no longer lives here with young person,4.0,Moved away for education
w4ylft,HH: Why household member no longer lives here with young person,5.0,Moved away for work
w4ylft,HH: Why household member no longer lives here with young person,6.0,Was in the household on a temporary basis
w4ylft,HH: Why household member no longer lives here with young person,7.0,Young person has moved away
w4ylft,HH: Why household member no longer lives here with young person,8.0,Other
w4ylft,HH: Why household member no longer lives here with young person,9.0,No answer
w4ylft,HH: Why household member no longer lives here with young person,10.0,Don't know
w4ylft,HH: Why household member no longer lives here with young person,11.0,Refusal
w4nrsdoin,HH: What person is currently doing,-999.0,Household grid missing
w4nrsdoin,HH: What person is currently doing,-92.0,Refused
w4nrsdoin,HH: What person is currently doing,-91.0,Not applicable
w4nrsdoin,HH: What person is currently doing,-1.0,Don't know
w4nrsdoin,HH: What person is currently doing,1.0,Doing paid work for 30 or more hours a week
w4nrsdoin,HH: What person is currently doing,2.0,Doing paid work for fewer than 30 hours a week
w4nrsdoin,HH: What person is currently doing,3.0,Unemployed/Looking for a job
w4nrsdoin,HH: What person is currently doing,4.0,On a training course or scheme
w4nrsdoin,HH: What person is currently doing,5.0,In full-time education/at school
w4nrsdoin,HH: What person is currently doing,6.0,Looking after the family/household
w4nrsdoin,HH: What person is currently doing,7.0,Retired from work altogether
w4nrsdoin,HH: What person is currently doing,8.0,Sick/disabled
w4nrsdoin,HH: What person is currently doing,9.0,Other
w4nrsdoin,HH: What person is currently doing,10.0,No Answer
w4nrsdoin,HH: What person is currently doing,11.0,Don't know/DK
w4nrssage,HH: Age sibling left education,-999.0,Household grid missing
w4nrssage,HH: Age sibling left education,-92.0,Refused
w4nrssage,HH: Age sibling left education,-91.0,Not applicable
w4nrssage,HH: Age sibling left education,-1.0,Don't know
w4nrsstyp,HH: What sort of school or college sibling is at now,-999.0,Household grid missing
w4nrsstyp,HH: What sort of school or college sibling is at now,-92.0,Refused
w4nrsstyp,HH: What sort of school or college sibling is at now,-91.0,Not applicable
w4nrsstyp,HH: What sort of school or college sibling is at now,-1.0,Don't know
w4nrsstyp,HH: What sort of school or college sibling is at now,1.0,School
w4nrsstyp,HH: What sort of school or college sibling is at now,2.0,Sixth form college
w4nrsstyp,HH: What sort of school or college sibling is at now,3.0,FE college
w4nrsstyp,HH: What sort of school or college sibling is at now,4.0,University
w4nrsstyp,HH: What sort of school or college sibling is at now,5.0,Other HE institution
w4nrsstyp,HH: What sort of school or college sibling is at now,6.0,Other
w4nrsstyp,HH: What sort of school or college sibling is at now,7.0,Don't know
w4age,DV: Age of person at Wave 4 interview date,-94.0,Insufficient information
w4sex,HH: Sex of this person,-999.0,Household grid missing
w4sex,HH: Sex of this person,-92.0,Refused
w4sex,HH: Sex of this person,-91.0,Not applicable
w4sex,HH: Sex of this person,-1.0,Don't know
w4sex,HH: Sex of this person,1.0,Male
w4sex,HH: Sex of this person,2.0,Female
w4newy,HH: Year new person started living with young person,-999.0,Household grid missing
w4newy,HH: Year new person started living with young person,-997.0,Script error
w4newy,HH: Year new person started living with young person,-92.0,Refused
w4newy,HH: Year new person started living with young person,-91.0,Not applicable
w4newy,HH: Year new person started living with young person,-1.0,Don't know
w4newy,HH: Year new person started living with young person,1.0,2004
w4newy,HH: Year new person started living with young person,2.0,2005
w4newy,HH: Year new person started living with young person,3.0,2005
w4newy,HH: Year new person started living with young person,4.0,2006
w4newy,HH: Year new person started living with young person,5.0,2007
w4newy,HH: Year new person started living with young person,6.0,Don't know
w4newy,HH: Year new person started living with young person,7.0,Refusal
w4newm,HH: Month new person started living with young person,-999.0,Household grid missing
w4newm,HH: Month new person started living with young person,-997.0,Script error
w4newm,HH: Month new person started living with young person,-92.0,Refused
w4newm,HH: Month new person started living with young person,-91.0,Not applicable
w4newm,HH: Month new person started living with young person,-1.0,Don't know
w4newm,HH: Month new person started living with young person,1.0,January
w4newm,HH: Month new person started living with young person,2.0,February
w4newm,HH: Month new person started living with young person,3.0,March
w4newm,HH: Month new person started living with young person,4.0,April
w4newm,HH: Month new person started living with young person,5.0,May
w4newm,HH: Month new person started living with young person,6.0,June
w4newm,HH: Month new person started living with young person,7.0,July
w4newm,HH: Month new person started living with young person,8.0,August
w4newm,HH: Month new person started living with young person,9.0,September
w4newm,HH: Month new person started living with young person,10.0,October
w4newm,HH: Month new person started living with young person,11.0,November
w4newm,HH: Month new person started living with young person,12.0,December
w4newm,HH: Month new person started living with young person,13.0,Don't know
w4newm,HH: Month new person started living with young person,14.0,Refusal
w4marstat,HH: Marital status of this person,-999.0,Household grid missing
w4marstat,HH: Marital status of this person,-997.0,Script error
w4marstat,HH: Marital status of this person,-92.0,Refused
w4marstat,HH: Marital status of this person,-91.0,Not applicable
w4marstat,HH: Marital status of this person,-1.0,Don't know
w4marstat,HH: Marital status of this person,1.0,"Single, that is, never married"
w4marstat,HH: Marital status of this person,2.0,Married and living with husband or wife
w4marstat,HH: Marital status of this person,3.0,A civil partner in a legally-recognised Civil Partnership
w4marstat,HH: Marital status of this person,4.0,Married and separated from husband or wife
w4marstat,HH: Marital status of this person,5.0,Divorced
w4marstat,HH: Marital status of this person,6.0,Widowed
w4marstat,HH: Marital status of this person,7.0,In a legally-recognised Civil Partnership and separated from
w4marstat,HH: Marital status of this person,8.0,Other
w4marstat,HH: Marital status of this person,9.0,Don't know
w4marstat,HH: Marital status of this person,10.0,Refused
w4livewit,HH: Whether this person living with someone in the household as a couple,-999.0,Household grid missing
w4livewit,HH: Whether this person living with someone in the household as a couple,-92.0,Refused
w4livewit,HH: Whether this person living with someone in the household as a couple,-91.0,Not applicable
w4livewit,HH: Whether this person living with someone in the household as a couple,-1.0,Don't know
w4livewit,HH: Whether this person living with someone in the household as a couple,1.0,Yes
w4livewit,HH: Whether this person living with someone in the household as a couple,2.0,No
w4livewit,HH: Whether this person living with someone in the household as a couple,3.0,(SPONTANEOUS ONLY) Same sex couple
w4livewit,HH: Whether this person living with someone in the household as a couple,4.0,Refused
w4livewit,HH: Whether this person living with someone in the household as a couple,5.0,Don't Know
w4empstat,HH: Employment status of this person,-999.0,Household grid missing
w4empstat,HH: Employment status of this person,-92.0,Refused
w4empstat,HH: Employment status of this person,-91.0,Not applicable
w4empstat,HH: Employment status of this person,-1.0,Don't know
w4empstat,HH: Employment status of this person,1.0,Doing paid work for 30 or more hours a week
w4empstat,HH: Employment status of this person,2.0,Doing paid work for fewer than 30 hours a week
w4empstat,HH: Employment status of this person,3.0,Unemployed/ Looking for a job
w4empstat,HH: Employment status of this person,4.0,On a training course or scheme
w4empstat,HH: Employment status of this person,5.0,In full-time education/ at school
w4empstat,HH: Employment status of this person,6.0,Looking after the family/ household
w4empstat,HH: Employment status of this person,7.0,Retired from work altogether
w4empstat,HH: Employment status of this person,8.0,Sick/ disabled
w4empstat,HH: Employment status of this person,9.0,No answer
w4empstat,HH: Employment status of this person,10.0,Other
w4empstat,HH: Employment status of this person,11.0,Don't know
w4empstat,HH: Employment status of this person,12.0,Refused
w4ethgrp,DV: Ethnic group of this person (grouped),-999.0,Missing household data
w4ethgrp,DV: Ethnic group of this person (grouped),-997.0,Script Error
w4ethgrp,DV: Ethnic group of this person (grouped),-996.0,No parent in household
w4ethgrp,DV: Ethnic group of this person (grouped),-98.0,MP not present
w4ethgrp,DV: Ethnic group of this person (grouped),-97.0,No parent in household
w4ethgrp,DV: Ethnic group of this person (grouped),-94.0,Insufficient information
w4ethgrp,DV: Ethnic group of this person (grouped),-92.0,Refused
w4ethgrp,DV: Ethnic group of this person (grouped),-91.0,Not applicable
w4ethgrp,DV: Ethnic group of this person (grouped),-1.0,Don't know
w4ethgrp,DV: Ethnic group of this person (grouped),1.0,White
w4ethgrp,DV: Ethnic group of this person (grouped),2.0,Mixed
w4ethgrp,DV: Ethnic group of this person (grouped),3.0,Indian
w4ethgrp,DV: Ethnic group of this person (grouped),4.0,Pakistani
w4ethgrp,DV: Ethnic group of this person (grouped),5.0,Bangladeshi
w4ethgrp,DV: Ethnic group of this person (grouped),6.0,Black Caribbean
w4ethgrp,DV: Ethnic group of this person (grouped),7.0,Black African
w4ethgrp,DV: Ethnic group of this person (grouped),8.0,Other
w4r_1,HH: Relationship to household member 1,-999.0,Household grid missing
w4r_1,HH: Relationship to household member 1,-92.0,Refused
w4r_1,HH: Relationship to household member 1,-91.0,Not applicable
w4r_1,HH: Relationship to household member 1,-1.0,Don't know
w4r_1,HH: Relationship to household member 1,1.0,Husband/ Wife
w4r_1,HH: Relationship to household member 1,2.0,Partner/ Cohabitee
w4r_1,HH: Relationship to household member 1,3.0,Natural son/ daughter
w4r_1,HH: Relationship to household member 1,4.0,Adopted son/ daughter
w4r_1,HH: Relationship to household member 1,5.0,Foster child
w4r_1,HH: Relationship to household member 1,6.0,Step-son/ Step-daughter
w4r_1,HH: Relationship to household member 1,7.0,Son-in-law/ Daughter-in-law
w4r_1,HH: Relationship to household member 1,8.0,Natural parent
w4r_1,HH: Relationship to household member 1,9.0,Adoptive parent
w4r_1,HH: Relationship to household member 1,10.0,Foster parent
w4r_1,HH: Relationship to household member 1,11.0,Step-parent
w4r_1,HH: Relationship to household member 1,12.0,Parent-in-law/ Partner's parent
w4r_1,HH: Relationship to household member 1,13.0,Natural brother/ sister
w4r_1,HH: Relationship to household member 1,14.0,Half-brother/ -sister
w4r_1,HH: Relationship to household member 1,15.0,Step-brother/ -sister
w4r_1,HH: Relationship to household member 1,16.0,Adopted brother/ sister
w4r_1,HH: Relationship to household member 1,17.0,Foster brother/ Foster sister
w4r_1,HH: Relationship to household member 1,18.0,Brother-in-law/ Sister-in-law
w4r_1,HH: Relationship to household member 1,19.0,Grandchild
w4r_1,HH: Relationship to household member 1,20.0,Grandparent
w4r_1,HH: Relationship to household member 1,21.0,Other relative
w4r_1,HH: Relationship to household member 1,22.0,Other non-relative
w4r_1,HH: Relationship to household member 1,23.0,Refused
w4r_2,HH: Relationship to household member 2,-999.0,Household grid missing
w4r_2,HH: Relationship to household member 2,-92.0,Refused
w4r_2,HH: Relationship to household member 2,-91.0,Not applicable
w4r_2,HH: Relationship to household member 2,-1.0,Don't know
w4r_2,HH: Relationship to household member 2,1.0,Husband/ Wife
w4r_2,HH: Relationship to household member 2,2.0,Partner/ Cohabitee
w4r_2,HH: Relationship to household member 2,3.0,Natural son/ daughter
w4r_2,HH: Relationship to household member 2,4.0,Adopted son/ daughter
w4r_2,HH: Relationship to household member 2,5.0,Foster child
w4r_2,HH: Relationship to household member 2,6.0,Step-son/ Step-daughter
w4r_2,HH: Relationship to household member 2,7.0,Son-in-law/ Daughter-in-law
w4r_2,HH: Relationship to household member 2,8.0,Natural parent
w4r_2,HH: Relationship to household member 2,9.0,Adoptive parent
w4r_2,HH: Relationship to household member 2,10.0,Foster parent
w4r_2,HH: Relationship to household member 2,11.0,Step-parent
w4r_2,HH: Relationship to household member 2,12.0,Parent-in-law/ Partner's parent
w4r_2,HH: Relationship to household member 2,13.0,Natural brother/ sister
w4r_2,HH: Relationship to household member 2,14.0,Half-brother/ -sister
w4r_2,HH: Relationship to household member 2,15.0,Step-brother/ -sister
w4r_2,HH: Relationship to household member 2,16.0,Adopted brother/ sister
w4r_2,HH: Relationship to household member 2,17.0,Foster brother/ Foster sister
w4r_2,HH: Relationship to household member 2,18.0,Brother-in-law/ Sister-in-law
w4r_2,HH: Relationship to household member 2,19.0,Grandchild
w4r_2,HH: Relationship to household member 2,20.0,Grandparent
w4r_2,HH: Relationship to household member 2,21.0,Other relative
w4r_2,HH: Relationship to household member 2,22.0,Other non-relative
w4r_2,HH: Relationship to household member 2,23.0,Refused
w4r_3,HH: Relationship to household member 3,-999.0,Household grid missing
w4r_3,HH: Relationship to household member 3,-92.0,Refused
w4r_3,HH: Relationship to household member 3,-91.0,Not applicable
w4r_3,HH: Relationship to household member 3,-1.0,Don't know
w4r_3,HH: Relationship to household member 3,1.0,Husband/ Wife
w4r_3,HH: Relationship to household member 3,2.0,Partner/ Cohabitee
w4r_3,HH: Relationship to household member 3,3.0,Natural son/ daughter
w4r_3,HH: Relationship to household member 3,4.0,Adopted son/ daughter
w4r_3,HH: Relationship to household member 3,5.0,Foster child
w4r_3,HH: Relationship to household member 3,6.0,Step-son/ Step-daughter
w4r_3,HH: Relationship to household member 3,7.0,Son-in-law/ Daughter-in-law
w4r_3,HH: Relationship to household member 3,8.0,Natural parent
w4r_3,HH: Relationship to household member 3,9.0,Adoptive parent
w4r_3,HH: Relationship to household member 3,10.0,Foster parent
w4r_3,HH: Relationship to household member 3,11.0,Step-parent
w4r_3,HH: Relationship to household member 3,12.0,Parent-in-law/ Partner's parent
w4r_3,HH: Relationship to household member 3,13.0,Natural brother/ sister
w4r_3,HH: Relationship to household member 3,14.0,Half-brother/ -sister
w4r_3,HH: Relationship to household member 3,15.0,Step-brother/ -sister
w4r_3,HH: Relationship to household member 3,16.0,Adopted brother/ sister
w4r_3,HH: Relationship to household member 3,17.0,Foster brother/ Foster sister
w4r_3,HH: Relationship to household member 3,18.0,Brother-in-law/ Sister-in-law
w4r_3,HH: Relationship to household member 3,19.0,Grandchild
w4r_3,HH: Relationship to household member 3,20.0,Grandparent
w4r_3,HH: Relationship to household member 3,21.0,Other relative
w4r_3,HH: Relationship to household member 3,22.0,Other non-relative
w4r_3,HH: Relationship to household member 3,23.0,Refused
w4r_4,HH: Relationship to household member 4,-999.0,Household grid missing
w4r_4,HH: Relationship to household member 4,-92.0,Refused
w4r_4,HH: Relationship to household member 4,-91.0,Not applicable
w4r_4,HH: Relationship to household member 4,-1.0,Don't know
w4r_4,HH: Relationship to household member 4,1.0,Husband/ Wife
w4r_4,HH: Relationship to household member 4,2.0,Partner/ Cohabitee
w4r_4,HH: Relationship to household member 4,3.0,Natural son/ daughter
w4r_4,HH: Relationship to household member 4,4.0,Adopted son/ daughter
w4r_4,HH: Relationship to household member 4,5.0,Foster child
w4r_4,HH: Relationship to household member 4,6.0,Step-son/ Step-daughter
w4r_4,HH: Relationship to household member 4,7.0,Son-in-law/ Daughter-in-law
w4r_4,HH: Relationship to household member 4,8.0,Natural parent
w4r_4,HH: Relationship to household member 4,9.0,Adoptive parent
w4r_4,HH: Relationship to household member 4,10.0,Foster parent
w4r_4,HH: Relationship to household member 4,11.0,Step-parent
w4r_4,HH: Relationship to household member 4,12.0,Parent-in-law/ Partner's parent
w4r_4,HH: Relationship to household member 4,13.0,Natural brother/ sister
w4r_4,HH: Relationship to household member 4,14.0,Half-brother/ -sister
w4r_4,HH: Relationship to household member 4,15.0,Step-brother/ -sister
w4r_4,HH: Relationship to household member 4,16.0,Adopted brother/ sister
w4r_4,HH: Relationship to household member 4,17.0,Foster brother/ Foster sister
w4r_4,HH: Relationship to household member 4,18.0,Brother-in-law/ Sister-in-law
w4r_4,HH: Relationship to household member 4,19.0,Grandchild
w4r_4,HH: Relationship to household member 4,20.0,Grandparent
w4r_4,HH: Relationship to household member 4,21.0,Other relative
w4r_4,HH: Relationship to household member 4,22.0,Other non-relative
w4r_4,HH: Relationship to household member 4,23.0,Refused
w4r_5,HH: Relationship to household member 5,-999.0,Household grid missing
w4r_5,HH: Relationship to household member 5,-92.0,Refused
w4r_5,HH: Relationship to household member 5,-91.0,Not applicable
w4r_5,HH: Relationship to household member 5,-1.0,Don't know
w4r_5,HH: Relationship to household member 5,1.0,Husband/ Wife
w4r_5,HH: Relationship to household member 5,2.0,Partner/ Cohabitee
w4r_5,HH: Relationship to household member 5,3.0,Natural son/ daughter
w4r_5,HH: Relationship to household member 5,4.0,Adopted son/ daughter
w4r_5,HH: Relationship to household member 5,5.0,Foster child
w4r_5,HH: Relationship to household member 5,6.0,Step-son/ Step-daughter
w4r_5,HH: Relationship to household member 5,7.0,Son-in-law/ Daughter-in-law
w4r_5,HH: Relationship to household member 5,8.0,Natural parent
w4r_5,HH: Relationship to household member 5,9.0,Adoptive parent
w4r_5,HH: Relationship to household member 5,10.0,Foster parent
w4r_5,HH: Relationship to household member 5,11.0,Step-parent
w4r_5,HH: Relationship to household member 5,12.0,Parent-in-law/ Partner's parent
w4r_5,HH: Relationship to household member 5,13.0,Natural brother/ sister
w4r_5,HH: Relationship to household member 5,14.0,Half-brother/ -sister
w4r_5,HH: Relationship to household member 5,15.0,Step-brother/ -sister
w4r_5,HH: Relationship to household member 5,16.0,Adopted brother/ sister
w4r_5,HH: Relationship to household member 5,17.0,Foster brother/ Foster sister
w4r_5,HH: Relationship to household member 5,18.0,Brother-in-law/ Sister-in-law
w4r_5,HH: Relationship to household member 5,19.0,Grandchild
w4r_5,HH: Relationship to household member 5,20.0,Grandparent
w4r_5,HH: Relationship to household member 5,21.0,Other relative
w4r_5,HH: Relationship to household member 5,22.0,Other non-relative
w4r_5,HH: Relationship to household member 5,23.0,Refused
w4r_6,HH: Relationship to household member 6,9.0,Adoptive parent
w4r_6,HH: Relationship to household member 6,10.0,Foster parent
w4r_6,HH: Relationship to household member 6,11.0,Step-parent
w4r_6,HH: Relationship to household member 6,12.0,Parent-in-law/ Partner's parent
w4r_6,HH: Relationship to household member 6,13.0,Natural brother/ sister
w4r_6,HH: Relationship to household member 6,14.0,Half-brother/ -sister
w4r_6,HH: Relationship to household member 6,15.0,Step-brother/ -sister
w4r_6,HH: Relationship to household member 6,16.0,Adopted brother/ sister
w4r_6,HH: Relationship to household member 6,17.0,Foster brother/ Foster sister
w4r_6,HH: Relationship to household member 6,18.0,Brother-in-law/ Sister-in-law
w4r_6,HH: Relationship to household member 6,19.0,Grandchild
w4r_6,HH: Relationship to household member 6,20.0,Grandparent
w4r_6,HH: Relationship to household member 6,21.0,Other relative
w4r_6,HH: Relationship to household member 6,22.0,Other non-relative
w4r_6,HH: Relationship to household member 6,23.0,Refused
w4r_6,HH: Relationship to household member 6,-999.0,Household grid missing
w4r_6,HH: Relationship to household member 6,-92.0,Refused
w4r_6,HH: Relationship to household member 6,-91.0,Not applicable
w4r_6,HH: Relationship to household member 6,-1.0,Don't know
w4r_6,HH: Relationship to household member 6,1.0,Husband/ Wife
w4r_6,HH: Relationship to household member 6,2.0,Partner/ Cohabitee
w4r_6,HH: Relationship to household member 6,3.0,Natural son/ daughter
w4r_6,HH: Relationship to household member 6,4.0,Adopted son/ daughter
w4r_6,HH: Relationship to household member 6,5.0,Foster child
w4r_6,HH: Relationship to household member 6,6.0,Step-son/ Step-daughter
w4r_6,HH: Relationship to household member 6,7.0,Son-in-law/ Daughter-in-law
w4r_6,HH: Relationship to household member 6,8.0,Natural parent
w4r_7,HH: Relationship to household member 7,-999.0,Household grid missing
w4r_7,HH: Relationship to household member 7,-92.0,Refused
w4r_7,HH: Relationship to household member 7,-91.0,Not applicable
w4r_7,HH: Relationship to household member 7,-1.0,Don't know
w4r_7,HH: Relationship to household member 7,1.0,Husband/ Wife
w4r_7,HH: Relationship to household member 7,2.0,Partner/ Cohabitee
w4r_7,HH: Relationship to household member 7,3.0,Natural son/ daughter
w4r_7,HH: Relationship to household member 7,4.0,Adopted son/ daughter
w4r_7,HH: Relationship to household member 7,5.0,Foster child
w4r_7,HH: Relationship to household member 7,6.0,Step-son/ Step-daughter
w4r_7,HH: Relationship to household member 7,7.0,Son-in-law/ Daughter-in-law
w4r_7,HH: Relationship to household member 7,8.0,Natural parent
w4r_7,HH: Relationship to household member 7,9.0,Adoptive parent
w4r_7,HH: Relationship to household member 7,10.0,Foster parent
w4r_7,HH: Relationship to household member 7,11.0,Step-parent
w4r_7,HH: Relationship to household member 7,12.0,Parent-in-law/ Partner's parent
w4r_7,HH: Relationship to household member 7,13.0,Natural brother/ sister
w4r_7,HH: Relationship to household member 7,14.0,Half-brother/ -sister
w4r_7,HH: Relationship to household member 7,15.0,Step-brother/ -sister
w4r_7,HH: Relationship to household member 7,16.0,Adopted brother/ sister
w4r_7,HH: Relationship to household member 7,17.0,Foster brother/ Foster sister
w4r_7,HH: Relationship to household member 7,18.0,Brother-in-law/ Sister-in-law
w4r_7,HH: Relationship to household member 7,19.0,Grandchild
w4r_7,HH: Relationship to household member 7,20.0,Grandparent
w4r_7,HH: Relationship to household member 7,21.0,Other relative
w4r_7,HH: Relationship to household member 7,22.0,Other non-relative
w4r_7,HH: Relationship to household member 7,23.0,Refused
w4r_8,HH: Relationship to household member 8,-999.0,Household grid missing
w4r_8,HH: Relationship to household member 8,-92.0,Refused
w4r_8,HH: Relationship to household member 8,-91.0,Not applicable
w4r_8,HH: Relationship to household member 8,-1.0,Don't know
w4r_8,HH: Relationship to household member 8,1.0,Husband/ Wife
w4r_8,HH: Relationship to household member 8,2.0,Partner/ Cohabitee
w4r_8,HH: Relationship to household member 8,3.0,Natural son/ daughter
w4r_8,HH: Relationship to household member 8,4.0,Adopted son/ daughter
w4r_8,HH: Relationship to household member 8,5.0,Foster child
w4r_8,HH: Relationship to household member 8,6.0,Step-son/ Step-daughter
w4r_8,HH: Relationship to household member 8,7.0,Son-in-law/ Daughter-in-law
w4r_8,HH: Relationship to household member 8,8.0,Natural parent
w4r_8,HH: Relationship to household member 8,9.0,Adoptive parent
w4r_8,HH: Relationship to household member 8,10.0,Foster parent
w4r_8,HH: Relationship to household member 8,11.0,Step-parent
w4r_8,HH: Relationship to household member 8,12.0,Parent-in-law/ Partner's parent
w4r_8,HH: Relationship to household member 8,13.0,Natural brother/ sister
w4r_8,HH: Relationship to household member 8,14.0,Half-brother/ -sister
w4r_8,HH: Relationship to household member 8,15.0,Step-brother/ -sister
w4r_8,HH: Relationship to household member 8,16.0,Adopted brother/ sister
w4r_8,HH: Relationship to household member 8,17.0,Foster brother/ Foster sister
w4r_8,HH: Relationship to household member 8,18.0,Brother-in-law/ Sister-in-law
w4r_8,HH: Relationship to household member 8,19.0,Grandchild
w4r_8,HH: Relationship to household member 8,20.0,Grandparent
w4r_8,HH: Relationship to household member 8,21.0,Other relative
w4r_8,HH: Relationship to household member 8,22.0,Other non-relative
w4r_8,HH: Relationship to household member 8,23.0,Refused
w4r_9,HH: Relationship to household member 9,-999.0,Household grid missing
w4r_9,HH: Relationship to household member 9,-92.0,Refused
w4r_9,HH: Relationship to household member 9,-91.0,Not applicable
w4r_9,HH: Relationship to household member 9,-1.0,Don't know
w4r_9,HH: Relationship to household member 9,1.0,Husband/ Wife
w4r_9,HH: Relationship to household member 9,2.0,Partner/ Cohabitee
w4r_9,HH: Relationship to household member 9,3.0,Natural son/ daughter
w4r_9,HH: Relationship to household member 9,4.0,Adopted son/ daughter
w4r_9,HH: Relationship to household member 9,5.0,Foster child
w4r_9,HH: Relationship to household member 9,6.0,Step-son/ Step-daughter
w4r_9,HH: Relationship to household member 9,7.0,Son-in-law/ Daughter-in-law
w4r_9,HH: Relationship to household member 9,8.0,Natural parent
w4r_9,HH: Relationship to household member 9,9.0,Adoptive parent
w4r_9,HH: Relationship to household member 9,10.0,Foster parent
w4r_9,HH: Relationship to household member 9,11.0,Step-parent
w4r_9,HH: Relationship to household member 9,12.0,Parent-in-law/ Partner's parent
w4r_9,HH: Relationship to household member 9,13.0,Natural brother/ sister
w4r_9,HH: Relationship to household member 9,14.0,Half-brother/ -sister
w4r_9,HH: Relationship to household member 9,15.0,Step-brother/ -sister
w4r_9,HH: Relationship to household member 9,16.0,Adopted brother/ sister
w4r_9,HH: Relationship to household member 9,17.0,Foster brother/ Foster sister
w4r_9,HH: Relationship to household member 9,18.0,Brother-in-law/ Sister-in-law
w4r_9,HH: Relationship to household member 9,19.0,Grandchild
w4r_9,HH: Relationship to household member 9,20.0,Grandparent
w4r_9,HH: Relationship to household member 9,21.0,Other relative
w4r_9,HH: Relationship to household member 9,22.0,Other non-relative
w4r_9,HH: Relationship to household member 9,23.0,Refused
w4r_10,HH: Relationship to household member 10,-999.0,Household grid missing
w4r_10,HH: Relationship to household member 10,-92.0,Refused
w4r_10,HH: Relationship to household member 10,-91.0,Not applicable
w4r_10,HH: Relationship to household member 10,-1.0,Don't know
w4r_10,HH: Relationship to household member 10,1.0,Husband/ Wife
w4r_10,HH: Relationship to household member 10,2.0,Partner/ Cohabitee
w4r_10,HH: Relationship to household member 10,3.0,Natural son/ daughter
w4r_10,HH: Relationship to household member 10,4.0,Adopted son/ daughter
w4r_10,HH: Relationship to household member 10,5.0,Foster child
w4r_10,HH: Relationship to household member 10,6.0,Step-son/ Step-daughter
w4r_10,HH: Relationship to household member 10,7.0,Son-in-law/ Daughter-in-law
w4r_10,HH: Relationship to household member 10,8.0,Natural parent
w4r_10,HH: Relationship to household member 10,9.0,Adoptive parent
w4r_10,HH: Relationship to household member 10,10.0,Foster parent
w4r_10,HH: Relationship to household member 10,11.0,Step-parent
w4r_10,HH: Relationship to household member 10,12.0,Parent-in-law/ Partner's parent
w4r_10,HH: Relationship to household member 10,13.0,Natural brother/ sister
w4r_10,HH: Relationship to household member 10,14.0,Half-brother/ -sister
w4r_10,HH: Relationship to household member 10,15.0,Step-brother/ -sister
w4r_10,HH: Relationship to household member 10,16.0,Adopted brother/ sister
w4r_10,HH: Relationship to household member 10,17.0,Foster brother/ Foster sister
w4r_10,HH: Relationship to household member 10,18.0,Brother-in-law/ Sister-in-law
w4r_10,HH: Relationship to household member 10,19.0,Grandchild
w4r_10,HH: Relationship to household member 10,20.0,Grandparent
w4r_10,HH: Relationship to household member 10,21.0,Other relative
w4r_10,HH: Relationship to household member 10,22.0,Other non-relative
w4r_10,HH: Relationship to household member 10,23.0,Refused
w4r_11,HH: Relationship to household member 11,-999.0,Household grid missing
w4r_11,HH: Relationship to household member 11,-92.0,Refused
w4r_11,HH: Relationship to household member 11,-91.0,Not applicable
w4r_11,HH: Relationship to household member 11,-1.0,Don't know
w4r_11,HH: Relationship to household member 11,1.0,Husband/ Wife
w4r_11,HH: Relationship to household member 11,2.0,Partner/ Cohabitee
w4r_11,HH: Relationship to household member 11,3.0,Natural son/ daughter
w4r_11,HH: Relationship to household member 11,4.0,Adopted son/ daughter
w4r_11,HH: Relationship to household member 11,5.0,Foster child
w4r_11,HH: Relationship to household member 11,6.0,Step-son/ Step-daughter
w4r_11,HH: Relationship to household member 11,7.0,Son-in-law/ Daughter-in-law
w4r_11,HH: Relationship to household member 11,8.0,Natural parent
w4r_11,HH: Relationship to household member 11,9.0,Adoptive parent
w4r_11,HH: Relationship to household member 11,10.0,Foster parent
w4r_11,HH: Relationship to household member 11,11.0,Step-parent
w4r_11,HH: Relationship to household member 11,12.0,Parent-in-law/ Partner's parent
w4r_11,HH: Relationship to household member 11,13.0,Natural brother/ sister
w4r_11,HH: Relationship to household member 11,14.0,Half-brother/ -sister
w4r_11,HH: Relationship to household member 11,15.0,Step-brother/ -sister
w4r_11,HH: Relationship to household member 11,16.0,Adopted brother/ sister
w4r_11,HH: Relationship to household member 11,17.0,Foster brother/ Foster sister
w4r_11,HH: Relationship to household member 11,18.0,Brother-in-law/ Sister-in-law
w4r_11,HH: Relationship to household member 11,19.0,Grandchild
w4r_11,HH: Relationship to household member 11,20.0,Grandparent
w4r_11,HH: Relationship to household member 11,21.0,Other relative
w4r_11,HH: Relationship to household member 11,22.0,Other non-relative
w4r_11,HH: Relationship to household member 11,23.0,Refused
w4r_12,HH: Relationship to household member 12,-999.0,Household grid missing
w4r_12,HH: Relationship to household member 12,-92.0,Refused
w4r_12,HH: Relationship to household member 12,-91.0,Not applicable
w4r_12,HH: Relationship to household member 12,-1.0,Don't know
w4r_12,HH: Relationship to household member 12,1.0,Husband/ Wife
w4r_12,HH: Relationship to household member 12,2.0,Partner/ Cohabitee
w4r_12,HH: Relationship to household member 12,3.0,Natural son/ daughter
w4r_12,HH: Relationship to household member 12,4.0,Adopted son/ daughter
w4r_12,HH: Relationship to household member 12,5.0,Foster child
w4r_12,HH: Relationship to household member 12,6.0,Step-son/ Step-daughter
w4r_12,HH: Relationship to household member 12,7.0,Son-in-law/ Daughter-in-law
w4r_12,HH: Relationship to household member 12,8.0,Natural parent
w4r_12,HH: Relationship to household member 12,9.0,Adoptive parent
w4r_12,HH: Relationship to household member 12,10.0,Foster parent
w4r_12,HH: Relationship to household member 12,11.0,Step-parent
w4r_12,HH: Relationship to household member 12,12.0,Parent-in-law/ Partner's parent
w4r_12,HH: Relationship to household member 12,13.0,Natural brother/ sister
w4r_12,HH: Relationship to household member 12,14.0,Half-brother/ -sister
w4r_12,HH: Relationship to household member 12,15.0,Step-brother/ -sister
w4r_12,HH: Relationship to household member 12,16.0,Adopted brother/ sister
w4r_12,HH: Relationship to household member 12,17.0,Foster brother/ Foster sister
w4r_12,HH: Relationship to household member 12,18.0,Brother-in-law/ Sister-in-law
w4r_12,HH: Relationship to household member 12,19.0,Grandchild
w4r_12,HH: Relationship to household member 12,20.0,Grandparent
w4r_12,HH: Relationship to household member 12,21.0,Other relative
w4r_12,HH: Relationship to household member 12,22.0,Other non-relative
w4r_12,HH: Relationship to household member 12,23.0,Refused
w4r_13,HH: Relationship to household member 13,2.0,Partner/ Cohabitee
w4r_13,HH: Relationship to household member 13,3.0,Natural son/ daughter
w4r_13,HH: Relationship to household member 13,4.0,Adopted son/ daughter
w4r_13,HH: Relationship to household member 13,5.0,Foster child
w4r_13,HH: Relationship to household member 13,6.0,Step-son/ Step-daughter
w4r_13,HH: Relationship to household member 13,7.0,Son-in-law/ Daughter-in-law
w4r_13,HH: Relationship to household member 13,8.0,Natural parent
w4r_13,HH: Relationship to household member 13,9.0,Adoptive parent
w4r_13,HH: Relationship to household member 13,10.0,Foster parent
w4r_13,HH: Relationship to household member 13,11.0,Step-parent
w4r_13,HH: Relationship to household member 13,12.0,Parent-in-law/ Partner's parent
w4r_13,HH: Relationship to household member 13,13.0,Natural brother/ sister
w4r_13,HH: Relationship to household member 13,14.0,Half-brother/ -sister
w4r_13,HH: Relationship to household member 13,15.0,Step-brother/ -sister
w4r_13,HH: Relationship to household member 13,16.0,Adopted brother/ sister
w4r_13,HH: Relationship to household member 13,17.0,Foster brother/ Foster sister
w4r_13,HH: Relationship to household member 13,18.0,Brother-in-law/ Sister-in-law
w4r_13,HH: Relationship to household member 13,19.0,Grandchild
w4r_13,HH: Relationship to household member 13,20.0,Grandparent
w4r_13,HH: Relationship to household member 13,21.0,Other relative
w4r_13,HH: Relationship to household member 13,22.0,Other non-relative
w4r_13,HH: Relationship to household member 13,23.0,Refused
w4r_13,HH: Relationship to household member 13,-999.0,Household grid missing
w4r_13,HH: Relationship to household member 13,-92.0,Refused
w4r_13,HH: Relationship to household member 13,-91.0,Not applicable
w4r_13,HH: Relationship to household member 13,-1.0,Don't know
w4r_13,HH: Relationship to household member 13,1.0,Husband/ Wife
w4r_14,HH: Relationship to household member 14,-999.0,Household grid missing
w4r_14,HH: Relationship to household member 14,-92.0,Refused
w4r_14,HH: Relationship to household member 14,-91.0,Not applicable
w4r_14,HH: Relationship to household member 14,-1.0,Don't know
w4r_14,HH: Relationship to household member 14,1.0,Husband/ Wife
w4r_14,HH: Relationship to household member 14,2.0,Partner/ Cohabitee
w4r_14,HH: Relationship to household member 14,3.0,Natural son/ daughter
w4r_14,HH: Relationship to household member 14,4.0,Adopted son/ daughter
w4r_14,HH: Relationship to household member 14,5.0,Foster child
w4r_14,HH: Relationship to household member 14,6.0,Step-son/ Step-daughter
w4r_14,HH: Relationship to household member 14,7.0,Son-in-law/ Daughter-in-law
w4r_14,HH: Relationship to household member 14,8.0,Natural parent
w4r_14,HH: Relationship to household member 14,9.0,Adoptive parent
w4r_14,HH: Relationship to household member 14,10.0,Foster parent
w4r_14,HH: Relationship to household member 14,11.0,Step-parent
w4r_14,HH: Relationship to household member 14,12.0,Parent-in-law/ Partner's parent
w4r_14,HH: Relationship to household member 14,13.0,Natural brother/ sister
w4r_14,HH: Relationship to household member 14,14.0,Half-brother/ -sister
w4r_14,HH: Relationship to household member 14,15.0,Step-brother/ -sister
w4r_14,HH: Relationship to household member 14,16.0,Adopted brother/ sister
w4r_14,HH: Relationship to household member 14,17.0,Foster brother/ Foster sister
w4r_14,HH: Relationship to household member 14,18.0,Brother-in-law/ Sister-in-law
w4r_14,HH: Relationship to household member 14,19.0,Grandchild
w4r_14,HH: Relationship to household member 14,20.0,Grandparent
w4r_14,HH: Relationship to household member 14,21.0,Other relative
w4r_14,HH: Relationship to household member 14,22.0,Other non-relative
w4r_14,HH: Relationship to household member 14,23.0,Refused
w4r_15,HH: Relationship to household member 15,-999.0,Household grid missing
w4r_15,HH: Relationship to household member 15,-92.0,Refused
w4r_15,HH: Relationship to household member 15,-91.0,Not applicable
w4r_15,HH: Relationship to household member 15,-1.0,Don't know
w4r_15,HH: Relationship to household member 15,1.0,Husband/ Wife
w4r_15,HH: Relationship to household member 15,2.0,Partner/ Cohabitee
w4r_15,HH: Relationship to household member 15,3.0,Natural son/ daughter
w4r_15,HH: Relationship to household member 15,4.0,Adopted son/ daughter
w4r_15,HH: Relationship to household member 15,5.0,Foster child
w4r_15,HH: Relationship to household member 15,6.0,Step-son/ Step-daughter
w4r_15,HH: Relationship to household member 15,7.0,Son-in-law/ Daughter-in-law
w4r_15,HH: Relationship to household member 15,8.0,Natural parent
w4r_15,HH: Relationship to household member 15,9.0,Adoptive parent
w4r_15,HH: Relationship to household member 15,10.0,Foster parent
w4r_15,HH: Relationship to household member 15,11.0,Step-parent
w4r_15,HH: Relationship to household member 15,12.0,Parent-in-law/ Partner's parent
w4r_15,HH: Relationship to household member 15,13.0,Natural brother/ sister
w4r_15,HH: Relationship to household member 15,14.0,Half-brother/ -sister
w4r_15,HH: Relationship to household member 15,15.0,Step-brother/ -sister
w4r_15,HH: Relationship to household member 15,16.0,Adopted brother/ sister
w4r_15,HH: Relationship to household member 15,17.0,Foster brother/ Foster sister
w4r_15,HH: Relationship to household member 15,18.0,Brother-in-law/ Sister-in-law
w4r_15,HH: Relationship to household member 15,19.0,Grandchild
w4r_15,HH: Relationship to household member 15,20.0,Grandparent
w4r_15,HH: Relationship to household member 15,21.0,Other relative
w4r_15,HH: Relationship to household member 15,22.0,Other non-relative
w4r_15,HH: Relationship to household member 15,23.0,Refused
w4r_16,HH: Relationship to household member 16,-999.0,Household grid missing
w4r_16,HH: Relationship to household member 16,-92.0,Refused
w4r_16,HH: Relationship to household member 16,-91.0,Not applicable
w4r_16,HH: Relationship to household member 16,-1.0,Don't know
w4r_16,HH: Relationship to household member 16,1.0,Husband/ Wife
w4r_16,HH: Relationship to household member 16,2.0,Partner/ Cohabitee
w4r_16,HH: Relationship to household member 16,3.0,Natural son/ daughter
w4r_16,HH: Relationship to household member 16,4.0,Adopted son/ daughter
w4r_16,HH: Relationship to household member 16,5.0,Foster child
w4r_16,HH: Relationship to household member 16,6.0,Step-son/ Step-daughter
w4r_16,HH: Relationship to household member 16,7.0,Son-in-law/ Daughter-in-law
w4r_16,HH: Relationship to household member 16,8.0,Natural parent
w4r_16,HH: Relationship to household member 16,9.0,Adoptive parent
w4r_16,HH: Relationship to household member 16,10.0,Foster parent
w4r_16,HH: Relationship to household member 16,11.0,Step-parent
w4r_16,HH: Relationship to household member 16,12.0,Parent-in-law/ Partner's parent
w4r_16,HH: Relationship to household member 16,13.0,Natural brother/ sister
w4r_16,HH: Relationship to household member 16,14.0,Half-brother/ -sister
w4r_16,HH: Relationship to household member 16,15.0,Step-brother/ -sister
w4r_16,HH: Relationship to household member 16,16.0,Adopted brother/ sister
w4r_16,HH: Relationship to household member 16,17.0,Foster brother/ Foster sister
w4r_16,HH: Relationship to household member 16,18.0,Brother-in-law/ Sister-in-law
w4r_16,HH: Relationship to household member 16,19.0,Grandchild
w4r_16,HH: Relationship to household member 16,20.0,Grandparent
w4r_16,HH: Relationship to household member 16,21.0,Other relative
w4r_16,HH: Relationship to household member 16,22.0,Other non-relative
w4r_16,HH: Relationship to household member 16,23.0,Refused
w4r_17,HH: Relationship to household member 17,-999.0,Household grid missing
w4r_17,HH: Relationship to household member 17,-92.0,Refused
w4r_17,HH: Relationship to household member 17,-91.0,Not applicable
w4r_17,HH: Relationship to household member 17,-1.0,Don't know
w4r_17,HH: Relationship to household member 17,1.0,Husband/ Wife
w4r_17,HH: Relationship to household member 17,2.0,Partner/ Cohabitee
w4r_17,HH: Relationship to household member 17,3.0,Natural son/ daughter
w4r_17,HH: Relationship to household member 17,4.0,Adopted son/ daughter
w4r_17,HH: Relationship to household member 17,5.0,Foster child
w4r_17,HH: Relationship to household member 17,6.0,Step-son/ Step-daughter
w4r_17,HH: Relationship to household member 17,7.0,Son-in-law/ Daughter-in-law
w4r_17,HH: Relationship to household member 17,8.0,Natural parent
w4r_17,HH: Relationship to household member 17,9.0,Adoptive parent
w4r_17,HH: Relationship to household member 17,10.0,Foster parent
w4r_17,HH: Relationship to household member 17,11.0,Step-parent
w4r_17,HH: Relationship to household member 17,12.0,Parent-in-law/ Partner's parent
w4r_17,HH: Relationship to household member 17,13.0,Natural brother/ sister
w4r_17,HH: Relationship to household member 17,14.0,Half-brother/ -sister
w4r_17,HH: Relationship to household member 17,15.0,Step-brother/ -sister
w4r_17,HH: Relationship to household member 17,16.0,Adopted brother/ sister
w4r_17,HH: Relationship to household member 17,17.0,Foster brother/ Foster sister
w4r_17,HH: Relationship to household member 17,18.0,Brother-in-law/ Sister-in-law
w4r_17,HH: Relationship to household member 17,19.0,Grandchild
w4r_17,HH: Relationship to household member 17,20.0,Grandparent
w4r_17,HH: Relationship to household member 17,21.0,Other relative
w4r_17,HH: Relationship to household member 17,22.0,Other non-relative
w4r_17,HH: Relationship to household member 17,23.0,Refused
w4r_18,HH: Relationship to household member 18,-999.0,Household grid missing
w4r_18,HH: Relationship to household member 18,-92.0,Refused
w4r_18,HH: Relationship to household member 18,-91.0,Not applicable
w4r_18,HH: Relationship to household member 18,-1.0,Don't know
w4r_18,HH: Relationship to household member 18,1.0,Husband/ Wife
w4r_18,HH: Relationship to household member 18,2.0,Partner/ Cohabitee
w4r_18,HH: Relationship to household member 18,3.0,Natural son/ daughter
w4r_18,HH: Relationship to household member 18,4.0,Adopted son/ daughter
w4r_18,HH: Relationship to household member 18,5.0,Foster child
w4r_18,HH: Relationship to household member 18,6.0,Step-son/ Step-daughter
w4r_18,HH: Relationship to household member 18,7.0,Son-in-law/ Daughter-in-law
w4r_18,HH: Relationship to household member 18,8.0,Natural parent
w4r_18,HH: Relationship to household member 18,9.0,Adoptive parent
w4r_18,HH: Relationship to household member 18,10.0,Foster parent
w4r_18,HH: Relationship to household member 18,11.0,Step-parent
w4r_18,HH: Relationship to household member 18,12.0,Parent-in-law/ Partner's parent
w4r_18,HH: Relationship to household member 18,13.0,Natural brother/ sister
w4r_18,HH: Relationship to household member 18,14.0,Half-brother/ -sister
w4r_18,HH: Relationship to household member 18,15.0,Step-brother/ -sister
w4r_18,HH: Relationship to household member 18,16.0,Adopted brother/ sister
w4r_18,HH: Relationship to household member 18,17.0,Foster brother/ Foster sister
w4r_18,HH: Relationship to household member 18,18.0,Brother-in-law/ Sister-in-law
w4r_18,HH: Relationship to household member 18,19.0,Grandchild
w4r_18,HH: Relationship to household member 18,20.0,Grandparent
w4r_18,HH: Relationship to household member 18,21.0,Other relative
w4r_18,HH: Relationship to household member 18,22.0,Other non-relative
w4r_18,HH: Relationship to household member 18,23.0,Refused
w4r_19,HH: Relationship to household member 19,20.0,Grandparent
w4r_19,HH: Relationship to household member 19,21.0,Other relative
w4r_19,HH: Relationship to household member 19,22.0,Other non-relative
w4r_19,HH: Relationship to household member 19,23.0,Refused
w4r_19,HH: Relationship to household member 19,-999.0,Household grid missing
w4r_19,HH: Relationship to household member 19,-92.0,Refused
w4r_19,HH: Relationship to household member 19,-91.0,Not applicable
w4r_19,HH: Relationship to household member 19,-1.0,Don't know
w4r_19,HH: Relationship to household member 19,1.0,Husband/ Wife
w4r_19,HH: Relationship to household member 19,2.0,Partner/ Cohabitee
w4r_19,HH: Relationship to household member 19,3.0,Natural son/ daughter
w4r_19,HH: Relationship to household member 19,4.0,Adopted son/ daughter
w4r_19,HH: Relationship to household member 19,5.0,Foster child
w4r_19,HH: Relationship to household member 19,6.0,Step-son/ Step-daughter
w4r_19,HH: Relationship to household member 19,7.0,Son-in-law/ Daughter-in-law
w4r_19,HH: Relationship to household member 19,8.0,Natural parent
w4r_19,HH: Relationship to household member 19,9.0,Adoptive parent
w4r_19,HH: Relationship to household member 19,10.0,Foster parent
w4r_19,HH: Relationship to household member 19,11.0,Step-parent
w4r_19,HH: Relationship to household member 19,12.0,Parent-in-law/ Partner's parent
w4r_19,HH: Relationship to household member 19,13.0,Natural brother/ sister
w4r_19,HH: Relationship to household member 19,14.0,Half-brother/ -sister
w4r_19,HH: Relationship to household member 19,15.0,Step-brother/ -sister
w4r_19,HH: Relationship to household member 19,16.0,Adopted brother/ sister
w4r_19,HH: Relationship to household member 19,17.0,Foster brother/ Foster sister
w4r_19,HH: Relationship to household member 19,18.0,Brother-in-law/ Sister-in-law
w4r_19,HH: Relationship to household member 19,19.0,Grandchild
w4r_20,HH: Relationship to household member 20,-999.0,Household grid missing
w4r_20,HH: Relationship to household member 20,-92.0,Refused
w4r_20,HH: Relationship to household member 20,-91.0,Not applicable
w4r_20,HH: Relationship to household member 20,-1.0,Don't know
w4r_20,HH: Relationship to household member 20,1.0,Husband/ Wife
w4r_20,HH: Relationship to household member 20,2.0,Partner/ Cohabitee
w4r_20,HH: Relationship to household member 20,3.0,Natural son/ daughter
w4r_20,HH: Relationship to household member 20,4.0,Adopted son/ daughter
w4r_20,HH: Relationship to household member 20,5.0,Foster child
w4r_20,HH: Relationship to household member 20,6.0,Step-son/ Step-daughter
w4r_20,HH: Relationship to household member 20,7.0,Son-in-law/ Daughter-in-law
w4r_20,HH: Relationship to household member 20,8.0,Natural parent
w4r_20,HH: Relationship to household member 20,9.0,Adoptive parent
w4r_20,HH: Relationship to household member 20,10.0,Foster parent
w4r_20,HH: Relationship to household member 20,11.0,Step-parent
w4r_20,HH: Relationship to household member 20,12.0,Parent-in-law/ Partner's parent
w4r_20,HH: Relationship to household member 20,13.0,Natural brother/ sister
w4r_20,HH: Relationship to household member 20,14.0,Half-brother/ -sister
w4r_20,HH: Relationship to household member 20,15.0,Step-brother/ -sister
w4r_20,HH: Relationship to household member 20,16.0,Adopted brother/ sister
w4r_20,HH: Relationship to household member 20,17.0,Foster brother/ Foster sister
w4r_20,HH: Relationship to household member 20,18.0,Brother-in-law/ Sister-in-law
w4r_20,HH: Relationship to household member 20,19.0,Grandchild
w4r_20,HH: Relationship to household member 20,20.0,Grandparent
w4r_20,HH: Relationship to household member 20,21.0,Other relative
w4r_20,HH: Relationship to household member 20,22.0,Other non-relative
w4r_20,HH: Relationship to household member 20,23.0,Refused
w4stypee,HH: Age sibling left education,-999.0,Household grid missing
w4stypee,HH: Age sibling left education,-98.0,No answer given
w4stypee,HH: Age sibling left education,-92.0,Refused
w4stypee,HH: Age sibling left education,-91.0,Not applicable
w4stypee,HH: Age sibling left education,-2.0,Refused
w4stypee,HH: Age sibling left education,-1.0,Don't know
w4stypee,HH: Age sibling left education,0.0,No formal education
w4stypee,HH: Age sibling left education,95.0,Still in full-time education
v3,None,,
avail_from_dt,,,
