variable_name,variable_label,value_value,value_label
study_id_e,,,
hhid,DV: Time constant person number,-999.0,Missing household information
w1hhresp,W1: Whether there is household information for this person,-994.0,Boost cases not yet in sample
w1hhresp,W1: Whether there is household information for this person,-993.0,Not yet joined household
w1hhresp,W1: Whether there is household information for this person,-94.0,Insufficient information
w1hhresp,W1: Whether there is household information for this person,0.0,No grid response in this wave
w1hhresp,W1: Whether there is household information for this person,1.0,HH grid response in this wave
w2hhresp,W2: Whether there is household information for this person,-994.0,Boost cases not yet in sample
w2hhresp,W2: Whether there is household information for this person,-993.0,Not yet joined household
w2hhresp,W2: Whether there is household information for this person,-94.0,Insufficient information
w2hhresp,W2: Whether there is household information for this person,0.0,No grid response in this wave
w2hhresp,W2: Whether there is household information for this person,1.0,HH grid response in this wave
w3hhresp,W3: Whether there is household information for this person,-994.0,Boost cases not yet in sample
w3hhresp,W3: Whether there is household information for this person,-993.0,Not yet joined household
w3hhresp,W3: Whether there is household information for this person,-94.0,Insufficient information
w3hhresp,W3: Whether there is household information for this person,0.0,No grid response in this wave
w3hhresp,W3: Whether there is household information for this person,1.0,HH grid response in this wave
w4hhresp,W4: Whether there is household information for this person,-993.0,Not yet joined household
w4hhresp,W4: Whether there is household information for this person,-94.0,Insufficient information
w4hhresp,W4: Whether there is household information for this person,0.0,No grid response in this wave
w4hhresp,W4: Whether there is household information for this person,1.0,HH grid response in this wave
w5hhresp,W5: Whether there is household information for this person,-993.0,Not yet joined household
w5hhresp,W5: Whether there is household information for this person,-94.0,Insufficient information
w5hhresp,W5: Whether there is household information for this person,0.0,No grid response in this wave
w5hhresp,W5: Whether there is household information for this person,1.0,HH grid response in this wave
w6hhresp,W6: Whether there is household information for this person,-993.0,Not yet joined household
w6hhresp,W6: Whether there is household information for this person,-94.0,Insufficient information
w6hhresp,W6: Whether there is household information for this person,0.0,No grid response in this wave
w6hhresp,W6: Whether there is household information for this person,1.0,HH grid response in this wave
hdobm,Month of birth,-999.0,Missing HH data
hdobm,Month of birth,-989.0,New member at W5 or W6 - information not available
hdobm,Month of birth,-94.0,Insufficient Info
hdobm,Month of birth,-92.0,Refused
hdobm,Month of birth,-91.0,Not Applicable
hdobm,Month of birth,-1.0,Don't know
hdoby,Year of birth,-999.0,Missing HH data
hdoby,Year of birth,-989.0,New member at W5 or W6 - information not available
hdoby,Year of birth,-94.0,Insufficient Info
hdoby,Year of birth,-92.0,Refused
hdoby,Year of birth,-91.0,Not Applicable
hdoby,Year of birth,-1.0,Don't know
sex,Sex,-999.0,Missing HH data
sex,Sex,-94.0,Insufficient information
sex,Sex,1.0,Male
sex,Sex,2.0,Female
reltoyp,Relationship of HH member to Young Person at Wave One or earliest wave entered HH,-999.0,Missing HH data
reltoyp,Relationship of HH member to Young Person at Wave One or earliest wave entered HH,-989.0,New member at W5 or W6 - information not available
reltoyp,Relationship of HH member to Young Person at Wave One or earliest wave entered HH,-94.0,Insufficient information
reltoyp,Relationship of HH member to Young Person at Wave One or earliest wave entered HH,-92.0,Refused
reltoyp,Relationship of HH member to Young Person at Wave One or earliest wave entered HH,-91.0,Not Applicable
reltoyp,Relationship of HH member to Young Person at Wave One or earliest wave entered HH,0.0,Young person
reltoyp,Relationship of HH member to Young Person at Wave One or earliest wave entered HH,1.0,Husband/ Wife
reltoyp,Relationship of HH member to Young Person at Wave One or earliest wave entered HH,2.0,Partner/ Cohabitee
reltoyp,Relationship of HH member to Young Person at Wave One or earliest wave entered HH,3.0,Natural son/ daughter
reltoyp,Relationship of HH member to Young Person at Wave One or earliest wave entered HH,4.0,Adopted son/ daughter
reltoyp,Relationship of HH member to Young Person at Wave One or earliest wave entered HH,5.0,Foster child
reltoyp,Relationship of HH member to Young Person at Wave One or earliest wave entered HH,6.0,Step-son/ Step-daughter
reltoyp,Relationship of HH member to Young Person at Wave One or earliest wave entered HH,8.0,Natural parent
reltoyp,Relationship of HH member to Young Person at Wave One or earliest wave entered HH,9.0,Adoptive parent
reltoyp,Relationship of HH member to Young Person at Wave One or earliest wave entered HH,10.0,Foster parent
reltoyp,Relationship of HH member to Young Person at Wave One or earliest wave entered HH,11.0,Step-parent
reltoyp,Relationship of HH member to Young Person at Wave One or earliest wave entered HH,12.0,Parent-in-law/ Partner's parent
reltoyp,Relationship of HH member to Young Person at Wave One or earliest wave entered HH,13.0,Natural brother/ sister
reltoyp,Relationship of HH member to Young Person at Wave One or earliest wave entered HH,14.0,Half-brother/ -sister
reltoyp,Relationship of HH member to Young Person at Wave One or earliest wave entered HH,15.0,Step-brother/ -sister
reltoyp,Relationship of HH member to Young Person at Wave One or earliest wave entered HH,16.0,Adopted brother/ sister
reltoyp,Relationship of HH member to Young Person at Wave One or earliest wave entered HH,17.0,Foster brother/ Foster sister
reltoyp,Relationship of HH member to Young Person at Wave One or earliest wave entered HH,18.0,Brother-in-law/ Sister-in-law
reltoyp,Relationship of HH member to Young Person at Wave One or earliest wave entered HH,19.0,Grandchild
reltoyp,Relationship of HH member to Young Person at Wave One or earliest wave entered HH,20.0,Grandparent
reltoyp,Relationship of HH member to Young Person at Wave One or earliest wave entered HH,21.0,Other relative
reltoyp,Relationship of HH member to Young Person at Wave One or earliest wave entered HH,22.0,Other non-relative
reltoyp2,Relationship of HH member to Young Person - new coding scheme at Wave 5 and W6,-999.0,Missing HH data
reltoyp2,Relationship of HH member to Young Person - new coding scheme at Wave 5 and W6,-94.0,Insufficient information
reltoyp2,Relationship of HH member to Young Person - new coding scheme at Wave 5 and W6,-92.0,Refused
reltoyp2,Relationship of HH member to Young Person - new coding scheme at Wave 5 and W6,-91.0,Not Applicable
reltoyp2,Relationship of HH member to Young Person - new coding scheme at Wave 5 and W6,0.0,Young person
reltoyp2,Relationship of HH member to Young Person - new coding scheme at Wave 5 and W6,1.0,"Parent, including step/adopted/foster"
reltoyp2,Relationship of HH member to Young Person - new coding scheme at Wave 5 and W6,2.0,"Sibling, including step/adopted/foster"
reltoyp2,Relationship of HH member to Young Person - new coding scheme at Wave 5 and W6,3.0,"Partner, husband/wife"
reltoyp2,Relationship of HH member to Young Person - new coding scheme at Wave 5 and W6,4.0,Child
reltoyp2,Relationship of HH member to Young Person - new coding scheme at Wave 5 and W6,5.0,Parent's partner or spouse
reltoyp2,Relationship of HH member to Young Person - new coding scheme at Wave 5 and W6,6.0,Other relative
reltoyp2,Relationship of HH member to Young Person - new coding scheme at Wave 5 and W6,7.0,Non relative
w1mainres,W1: Main parent position,-999.0,Missing household data
w1mainres,W1: Main parent position,-998.0,Interview question missed
w1mainres,W1: Main parent position,-994.0,Boost cases not yet in sample
w1mainres,W1: Main parent position,-992.0,No response in this wave
w1mainres,W1: Main parent position,-94.0,Insufficient information
w1mainres,W1: Main parent position,-91.0,Not applicable
w1secores,W1: Second parent position,-999.0,Missing household data
w1secores,W1: Second parent position,-994.0,Boost cases not yet in sample
w1secores,W1: Second parent position,-992.0,No response in this wave
w1secores,W1: Second parent position,-94.0,Insufficient information
w1secores,W1: Second parent position,-91.0,Not applicable
w1histres,W1: History respondent position,-999.0,Missing household data
w1histres,W1: History respondent position,-994.0,Boost cases not yet in sample
w1histres,W1: History respondent position,-992.0,No response in this wave
w1histres,W1: History respondent position,-94.0,Insufficient information
w1histres,W1: History respondent position,-91.0,Not applicable
w1mpint,W1: Main Parent Interview Section conducted,-994.0,Boost cases not yet in sample
w1mpint,W1: Main Parent Interview Section conducted,-992.0,No response in this wave
w1mpint,W1: Main Parent Interview Section conducted,0.0,Main Parent interview not completed
w1mpint,W1: Main Parent Interview Section conducted,1.0,Main Parent interview completed
w1spint,W1: Second Parent Interview Section conducted,-994.0,Boost cases not yet in sample
w1spint,W1: Second Parent Interview Section conducted,-992.0,No response in this wave
w1spint,W1: Second Parent Interview Section conducted,-91.0,Not applicable
w1spint,W1: Second Parent Interview Section conducted,0.0,Second Parent interview not completed
w1spint,W1: Second Parent Interview Section conducted,1.0,Second Parent interview completed
w1ypint,W1: Young Person Interview Section conducted,-994.0,Boost cases not yet in sample
w1ypint,W1: Young Person Interview Section conducted,-992.0,No response in this wave
w1ypint,W1: Young Person Interview Section conducted,0.0,Young Person interview not completed
w1ypint,W1: Young Person Interview Section conducted,1.0,Young Person interview completed
w1histint,W1: History Interview Section conducted,-994.0,Boost cases not yet in sample
w1histint,W1: History Interview Section conducted,-992.0,No response in this wave
w1histint,W1: History Interview Section conducted,-94.0,Insufficient information - no history data available
w1histint,W1: History Interview Section conducted,0.0,History interview not completed
w1histint,W1: History Interview Section conducted,1.0,History interview completed
w1histint,W1: History Interview Section conducted,2.0,History interview completed by wrong respondent
w1mother,DV: W1 Whether HH member is mother of YP,-994.0,Boost cases not yet in sample
w1mother,DV: W1 Whether HH member is mother of YP,-992.0,No response in this wave
w1mother,DV: W1 Whether HH member is mother of YP,-95.0,HH member not main/second parent
w1mother,DV: W1 Whether HH member is mother of YP,-94.0,insufficient information
w1mother,DV: W1 Whether HH member is mother of YP,-91.0,Not applicable
w1mother,DV: W1 Whether HH member is mother of YP,1.0,Natural mother
w1mother,DV: W1 Whether HH member is mother of YP,2.0,Adoptive mother
w1mother,DV: W1 Whether HH member is mother of YP,3.0,Foster mother
w1mother,DV: W1 Whether HH member is mother of YP,4.0,Step mother
w1mpmother,DV: W1 Whether main parent is mother of YP,-994.0,Boost cases not yet in sample
w1mpmother,DV: W1 Whether main parent is mother of YP,-992.0,No response in this wave
w1mpmother,DV: W1 Whether main parent is mother of YP,-95.0,HH member not main/second parent
w1mpmother,DV: W1 Whether main parent is mother of YP,-94.0,insufficient information
w1mpmother,DV: W1 Whether main parent is mother of YP,-91.0,Not applicable
w1mpmother,DV: W1 Whether main parent is mother of YP,1.0,Natural mother
w1mpmother,DV: W1 Whether main parent is mother of YP,2.0,Adoptive mother
w1mpmother,DV: W1 Whether main parent is mother of YP,3.0,Foster mother
w1mpmother,DV: W1 Whether main parent is mother of YP,4.0,Step mother
w1mpfather,DV: W1 Whether main parent is father of YP,-994.0,Boost cases not yet in sample
w1mpfather,DV: W1 Whether main parent is father of YP,-992.0,No response in this wave
w1mpfather,DV: W1 Whether main parent is father of YP,-95.0,HH member not main/second parent
w1mpfather,DV: W1 Whether main parent is father of YP,-94.0,insufficient information
w1mpfather,DV: W1 Whether main parent is father of YP,-91.0,Not applicable
w1mpfather,DV: W1 Whether main parent is father of YP,1.0,Natural father
w1mpfather,DV: W1 Whether main parent is father of YP,2.0,Adoptive father
w1mpfather,DV: W1 Whether main parent is father of YP,3.0,Foster father
w1mpfather,DV: W1 Whether main parent is father of YP,4.0,Step father
w1father,DV: W1 Whether HH member is father of YP,-994.0,Boost cases not yet in sample
w1father,DV: W1 Whether HH member is father of YP,-992.0,No response in this wave
w1father,DV: W1 Whether HH member is father of YP,-95.0,HH member not main/second parent
w1father,DV: W1 Whether HH member is father of YP,-94.0,insufficient information
w1father,DV: W1 Whether HH member is father of YP,-91.0,Not applicable
w1father,DV: W1 Whether HH member is father of YP,1.0,Natural father
w1father,DV: W1 Whether HH member is father of YP,2.0,Adoptive father
w1father,DV: W1 Whether HH member is father of YP,3.0,Foster father
w1father,DV: W1 Whether HH member is father of YP,4.0,Step father
w1spfather,DV: W1 Whether second parent is father of YP,-992.0,No response in this wave
w1spfather,DV: W1 Whether second parent is father of YP,-95.0,HH member not main/second parent
w1spfather,DV: W1 Whether second parent is father of YP,-94.0,insufficient information
w1spfather,DV: W1 Whether second parent is father of YP,-91.0,Not applicable
w1spfather,DV: W1 Whether second parent is father of YP,1.0,Natural father
w1spfather,DV: W1 Whether second parent is father of YP,2.0,Adoptive father
w1spfather,DV: W1 Whether second parent is father of YP,3.0,Foster father
w1spfather,DV: W1 Whether second parent is father of YP,4.0,Step father
w1spfather,DV: W1 Whether second parent is father of YP,-994.0,Boost cases not yet in sample
w1spmother,DV: W1 Whether second parent is mother of YP,-994.0,Boost cases not yet in sample
w1spmother,DV: W1 Whether second parent is mother of YP,-992.0,No response in this wave
w1spmother,DV: W1 Whether second parent is mother of YP,-95.0,HH member not main/second parent
w1spmother,DV: W1 Whether second parent is mother of YP,-94.0,insufficient information
w1spmother,DV: W1 Whether second parent is mother of YP,-91.0,Not applicable
w1spmother,DV: W1 Whether second parent is mother of YP,1.0,Natural mother
w1spmother,DV: W1 Whether second parent is mother of YP,2.0,Adoptive mother
w1spmother,DV: W1 Whether second parent is mother of YP,3.0,Foster mother
w1spmother,DV: W1 Whether second parent is mother of YP,4.0,Step mother
w2mainres,W2: Main parent position,-994.0,Boost cases not yet in sample
w2mainres,W2: Main parent position,-992.0,No response in this wave
w2mainres,W2: Main parent position,-94.0,Insufficient information
w2mainres,W2: Main parent position,-91.0,Not applicable
w2secores,W2: Second parent position,-994.0,Boost cases not yet in sample
w2secores,W2: Second parent position,-992.0,No response in this wave
w2secores,W2: Second parent position,-94.0,Insufficient information
w2secores,W2: Second parent position,-91.0,Not applicable
w2histres,W2: History respondent position,-994.0,Boost cases not yet in sample
w2histres,W2: History respondent position,-992.0,No response in this wave
w2histres,W2: History respondent position,-94.0,Insufficient information
w2histres,W2: History respondent position,-91.0,Not applicable
w2newmember,W2: Whether HH member is new at Wave 2,-994.0,Boost cases not yet in sample
w2newmember,W2: Whether HH member is new at Wave 2,-992.0,No response in this wave
w2newmember,W2: Whether HH member is new at Wave 2,-91.0,Not applicable
w2newmember,W2: Whether HH member is new at Wave 2,0.0,No
w2newmember,W2: Whether HH member is new at Wave 2,1.0,Yes
w2newmember,W2: Whether HH member is new at Wave 2,2.0,Not identified as new member but not in W1
w2mpint,W2: Main Parent Interview Section conducted,-994.0,Boost cases not yet in sample
w2mpint,W2: Main Parent Interview Section conducted,-992.0,No response in this wave
w2mpint,W2: Main Parent Interview Section conducted,0.0,Main Parent interview not completed
w2mpint,W2: Main Parent Interview Section conducted,1.0,Main Parent interview completed
w2spint,W2: Second Parent Interview Section conducted,-998.0,Interview missed question
w2spint,W2: Second Parent Interview Section conducted,-994.0,Boost cases not yet in sample
w2spint,W2: Second Parent Interview Section conducted,-992.0,No response in this wave
w2spint,W2: Second Parent Interview Section conducted,-91.0,Not Applicable
w2spint,W2: Second Parent Interview Section conducted,0.0,Second Parent interview not completed
w2spint,W2: Second Parent Interview Section conducted,1.0,Second Parent interview completed
w2ypint,W2: Young Person Interview Section conducted,-998.0,Interview missed question
w2ypint,W2: Young Person Interview Section conducted,-994.0,Boost cases not yet in sample
w2ypint,W2: Young Person Interview Section conducted,-992.0,No response in this wave
w2ypint,W2: Young Person Interview Section conducted,0.0,Young Person interview not completed
w2ypint,W2: Young Person Interview Section conducted,1.0,Young Person interview completed
w2histint,W2: History Interview Section conducted,-998.0,Interview missed question
w2histint,W2: History Interview Section conducted,-994.0,Boost cases not yet in sample
w2histint,W2: History Interview Section conducted,-992.0,No response in this wave
w2histint,W2: History Interview Section conducted,-94.0,Insufficient information - no history data available
w2histint,W2: History Interview Section conducted,0.0,History interview not completed
w2histint,W2: History Interview Section conducted,1.0,History interview completed
w2histint,W2: History Interview Section conducted,2.0,History Interview completed by wrong respondent
w2mother,DV: W2 Whether HH member is mother of YP,-994.0,Boost cases not yet in sample
w2mother,DV: W2 Whether HH member is mother of YP,-992.0,No response in this wave
w2mother,DV: W2 Whether HH member is mother of YP,-94.0,Insufficient information
w2mother,DV: W2 Whether HH member is mother of YP,-91.0,Not Applicable
w2mother,DV: W2 Whether HH member is mother of YP,1.0,Natural mother
w2mother,DV: W2 Whether HH member is mother of YP,2.0,Adoptive mother
w2mother,DV: W2 Whether HH member is mother of YP,3.0,Foster mother
w2mother,DV: W2 Whether HH member is mother of YP,4.0,Step mother
w2mpmother,DV: W2 Whether main parent is mother of YP,-994.0,Boost cases not yet in sample
w2mpmother,DV: W2 Whether main parent is mother of YP,-992.0,No response in this wave
w2mpmother,DV: W2 Whether main parent is mother of YP,-95.0,HH member not main/second parent
w2mpmother,DV: W2 Whether main parent is mother of YP,-94.0,Insufficient information
w2mpmother,DV: W2 Whether main parent is mother of YP,-91.0,Not Applicable
w2mpmother,DV: W2 Whether main parent is mother of YP,1.0,Natural mother
w2mpmother,DV: W2 Whether main parent is mother of YP,2.0,Adoptive mother
w2mpmother,DV: W2 Whether main parent is mother of YP,3.0,Foster mother
w2mpmother,DV: W2 Whether main parent is mother of YP,4.0,Step mother
w2mpfather,DV: W2 Whether main parent is father of YP,-994.0,Boost cases not yet in sample
w2mpfather,DV: W2 Whether main parent is father of YP,-992.0,No response in this wave
w2mpfather,DV: W2 Whether main parent is father of YP,-95.0,HH member not main/second parent
w2mpfather,DV: W2 Whether main parent is father of YP,-94.0,Insufficient information
w2mpfather,DV: W2 Whether main parent is father of YP,-91.0,Not Applicable
w2mpfather,DV: W2 Whether main parent is father of YP,1.0,Natural father
w2mpfather,DV: W2 Whether main parent is father of YP,2.0,Adoptive father
w2mpfather,DV: W2 Whether main parent is father of YP,3.0,Foster father
w2mpfather,DV: W2 Whether main parent is father of YP,4.0,Step father
w2father,DV: W2 Whether HH member is father of YP,-994.0,Boost cases not yet in sample
w2father,DV: W2 Whether HH member is father of YP,-992.0,No response in this wave
w2father,DV: W2 Whether HH member is father of YP,-94.0,Insufficient information
w2father,DV: W2 Whether HH member is father of YP,-91.0,Not Applicable
w2father,DV: W2 Whether HH member is father of YP,1.0,Natural father
w2father,DV: W2 Whether HH member is father of YP,2.0,Adoptive father
w2father,DV: W2 Whether HH member is father of YP,3.0,Foster father
w2father,DV: W2 Whether HH member is father of YP,4.0,Step father
w2spfather,DV: W2 Whether second parent is father of YP,-994.0,Boost cases not yet in sample
w2spfather,DV: W2 Whether second parent is father of YP,-992.0,No response in this wave
w2spfather,DV: W2 Whether second parent is father of YP,-95.0,HH member not main/second parent
w2spfather,DV: W2 Whether second parent is father of YP,-94.0,Insufficient information
w2spfather,DV: W2 Whether second parent is father of YP,-91.0,Not Applicable
w2spfather,DV: W2 Whether second parent is father of YP,1.0,Natural father
w2spfather,DV: W2 Whether second parent is father of YP,2.0,Adoptive father
w2spfather,DV: W2 Whether second parent is father of YP,3.0,Foster father
w2spfather,DV: W2 Whether second parent is father of YP,4.0,Step father
w2spmother,DV: W2 Whether second parent is mother of YP,-994.0,Boost cases not yet in sample
w2spmother,DV: W2 Whether second parent is mother of YP,-992.0,No response in this wave
w2spmother,DV: W2 Whether second parent is mother of YP,-95.0,HH member not main/second parent
w2spmother,DV: W2 Whether second parent is mother of YP,-94.0,Insufficient information
w2spmother,DV: W2 Whether second parent is mother of YP,-91.0,Not Applicable
w2spmother,DV: W2 Whether second parent is mother of YP,1.0,Natural mother
w2spmother,DV: W2 Whether second parent is mother of YP,2.0,Adoptive mother
w2spmother,DV: W2 Whether second parent is mother of YP,3.0,Foster mother
w2spmother,DV: W2 Whether second parent is mother of YP,4.0,Step mother
w3mainres,W3: Main parent position,-994.0,Boost cases not yet in sample
w3mainres,W3: Main parent position,-992.0,No response in this wave
w3mainres,W3: Main parent position,-91.0,Not applicable
w3secores,W3: Second parent position,-994.0,Boost cases not yet in sample
w3secores,W3: Second parent position,-992.0,No response in this wave
w3secores,W3: Second parent position,-98.0,SP not present
w3newmember,W3: Whether HH member is new at Wave 3,-994.0,Boost cases not yet in sample
w3newmember,W3: Whether HH member is new at Wave 3,-992.0,No response in this wave
w3newmember,W3: Whether HH member is new at Wave 3,0.0,No
w3newmember,W3: Whether HH member is new at Wave 3,1.0,Yes
w3newmember,W3: Whether HH member is new at Wave 3,2.0,Not identified as new member but not in earlier waves
w3mpint,W3: Main Parent Interview Section conducted,-994.0,Boost cases not yet in sample
w3mpint,W3: Main Parent Interview Section conducted,-992.0,No response in this wave
w3mpint,W3: Main Parent Interview Section conducted,0.0,Main Parent interview not completed
w3mpint,W3: Main Parent Interview Section conducted,1.0,Main Parent interview completed
nw3spint,W3: Whether interview was conducted jointly with second parent,-994.0,Boost cases not yet in sample
nw3spint,W3: Whether interview was conducted jointly with second parent,-992.0,No response in this wave
nw3spint,W3: Whether interview was conducted jointly with second parent,-98.0,SP not present
nw3spint,W3: Whether interview was conducted jointly with second parent,-91.0,Not applicable - no MP interview completed
nw3spint,W3: Whether interview was conducted jointly with second parent,0.0,Interview conducted solely by MP
nw3spint,W3: Whether interview was conducted jointly with second parent,1.0,Interview conducted jointly with MP and SP
w3ypint,W3: Young Person Interview Section conducted,-994.0,Boost cases not yet in sample
w3ypint,W3: Young Person Interview Section conducted,-992.0,No response in this wave
w3ypint,W3: Young Person Interview Section conducted,0.0,Young Person interview not completed
w3ypint,W3: Young Person Interview Section conducted,1.0,Young Person interview completed
w3mother,DV: W3 Whether HH member is mother of YP,-994.0,Boost cases not yet in sample
w3mother,DV: W3 Whether HH member is mother of YP,-992.0,No response in this wave
w3mother,DV: W3 Whether HH member is mother of YP,-95.0,HH member not main or second parent
w3mother,DV: W3 Whether HH member is mother of YP,-94.0,Insufficient information
w3mother,DV: W3 Whether HH member is mother of YP,-91.0,Not Applicable
w3mother,DV: W3 Whether HH member is mother of YP,1.0,Natural mother
w3mother,DV: W3 Whether HH member is mother of YP,2.0,Adoptive mother
w3mother,DV: W3 Whether HH member is mother of YP,3.0,Foster mother
w3mother,DV: W3 Whether HH member is mother of YP,4.0,Step mother
w3mpmother,DV: W3 Whether main parent is mother of YP,-994.0,Boost cases not yet in sample
w3mpmother,DV: W3 Whether main parent is mother of YP,-992.0,No response in this wave
w3mpmother,DV: W3 Whether main parent is mother of YP,-95.0,HH member not main or second parent
w3mpmother,DV: W3 Whether main parent is mother of YP,-94.0,Insufficient information
w3mpmother,DV: W3 Whether main parent is mother of YP,-91.0,Not Applicable
w3mpmother,DV: W3 Whether main parent is mother of YP,1.0,Natural mother
w3mpmother,DV: W3 Whether main parent is mother of YP,2.0,Adoptive mother
w3mpmother,DV: W3 Whether main parent is mother of YP,3.0,Foster mother
w3mpmother,DV: W3 Whether main parent is mother of YP,4.0,Step mother
w3mpfather,DV: W3 Whether main parent is father of YP,1.0,Natural father
w3mpfather,DV: W3 Whether main parent is father of YP,2.0,Adoptive father
w3mpfather,DV: W3 Whether main parent is father of YP,3.0,Foster father
w3mpfather,DV: W3 Whether main parent is father of YP,4.0,Step father
w3mpfather,DV: W3 Whether main parent is father of YP,-994.0,Boost cases not yet in sample
w3mpfather,DV: W3 Whether main parent is father of YP,-992.0,No response in this wave
w3mpfather,DV: W3 Whether main parent is father of YP,-95.0,HH member not main or second parent
w3mpfather,DV: W3 Whether main parent is father of YP,-94.0,Insufficient information
w3mpfather,DV: W3 Whether main parent is father of YP,-91.0,Not Applicable
w3father,DV: W3 Whether HH member is father of YP,-994.0,Boost cases not yet in sample
w3father,DV: W3 Whether HH member is father of YP,-992.0,No response in this wave
w3father,DV: W3 Whether HH member is father of YP,-95.0,HH member not main or second parent
w3father,DV: W3 Whether HH member is father of YP,-94.0,Insufficient information
w3father,DV: W3 Whether HH member is father of YP,-91.0,Not Applicable
w3father,DV: W3 Whether HH member is father of YP,1.0,Natural father
w3father,DV: W3 Whether HH member is father of YP,2.0,Adoptive father
w3father,DV: W3 Whether HH member is father of YP,3.0,Foster father
w3father,DV: W3 Whether HH member is father of YP,4.0,Step father
w3spfather,DV: W3 Whether second parent is father of YP,-994.0,Boost cases not yet in sample
w3spfather,DV: W3 Whether second parent is father of YP,-992.0,No response in this wave
w3spfather,DV: W3 Whether second parent is father of YP,-95.0,HH member not main or second parent
w3spfather,DV: W3 Whether second parent is father of YP,-94.0,Insufficient information
w3spfather,DV: W3 Whether second parent is father of YP,-91.0,Not Applicable
w3spfather,DV: W3 Whether second parent is father of YP,1.0,Natural father
w3spfather,DV: W3 Whether second parent is father of YP,2.0,Adoptive father
w3spfather,DV: W3 Whether second parent is father of YP,3.0,Foster father
w3spfather,DV: W3 Whether second parent is father of YP,4.0,Step father
w3spmother,DV: W3 Whether second parent is mother of YP,-994.0,Boost cases not yet in sample
w3spmother,DV: W3 Whether second parent is mother of YP,-992.0,No response in this wave
w3spmother,DV: W3 Whether second parent is mother of YP,-95.0,HH member not main or second parent
w3spmother,DV: W3 Whether second parent is mother of YP,-94.0,Insufficient information
w3spmother,DV: W3 Whether second parent is mother of YP,-91.0,Not Applicable
w3spmother,DV: W3 Whether second parent is mother of YP,1.0,Natural mother
w3spmother,DV: W3 Whether second parent is mother of YP,2.0,Adoptive mother
w3spmother,DV: W3 Whether second parent is mother of YP,3.0,Foster mother
w3spmother,DV: W3 Whether second parent is mother of YP,4.0,Step mother
w4mainres,W4: Main parent position,-999.0,Missing HH data
w4mainres,W4: Main parent position,-997.0,Script error
w4mainres,W4: Main parent position,-992.0,No response in this wave
w4mainres,W4: Main parent position,-91.0,Not applicable
w4secores,W4: Second parent position,-999.0,Missing HH data
w4secores,W4: Second parent position,-997.0,Script error
w4secores,W4: Second parent position,-992.0,No response in this wave
w4secores,W4: Second parent position,-91.0,Not applicable
w4newmember,W4: Whether respondent is new member of HH at Wave 4,-992.0,No response in this wave
w4newmember,W4: Whether respondent is new member of HH at Wave 4,-91.0,Not applicable
w4newmember,W4: Whether respondent is new member of HH at Wave 4,1.0,"No, Wave 4 boost case"
w4newmember,W4: Whether respondent is new member of HH at Wave 4,2.0,"Yes, new household member at Wave 4"
w4mpint,W4: Main Parent Interview Section completed,-996.0,No parent in household
w4mpint,W4: Main Parent Interview Section completed,-992.0,No response in this wave
w4mpint,W4: Main Parent Interview Section completed,0.0,Main Parent interview not completed
w4mpint,W4: Main Parent Interview Section completed,1.0,Main Parent interview completed
w4spint,W4: Second Parent Interview Section completed,-997.0,Script Error
w4spint,W4: Second Parent Interview Section completed,-992.0,No response in this wave
w4spint,W4: Second Parent Interview Section completed,-91.0,Not applicable - second parent not present in HH
w4spint,W4: Second Parent Interview Section completed,0.0,Second Parent interview not completed
w4spint,W4: Second Parent Interview Section completed,1.0,Second Parent interview completed by second parent
w4spint,W4: Second Parent Interview Section completed,2.0,Second Parent interview completed by main parent or other adult
w4spint,W4: Second Parent Interview Section completed,3.0,Second Parent interview completed by main parent with consultation from second parent
w4ypint,W4: Young Person Interview Section completed,-992.0,No response in this wave
w4ypint,W4: Young Person Interview Section completed,0.0,Young Person interview not completed
w4ypint,W4: Young Person Interview Section completed,1.0,Young Person interview completed
w4histint,W4: History Interview Section completed - boost cases only,-996.0,No parent in household
w4histint,W4: History Interview Section completed - boost cases only,-992.0,No response in this wave
w4histint,W4: History Interview Section completed - boost cases only,-91.0,Not applicable
w4histint,W4: History Interview Section completed - boost cases only,0.0,History interview not completed
w4histint,W4: History Interview Section completed - boost cases only,1.0,History interview completed
w4mother,DV: W4 Whether person is mother of YP,-999.0,Missing household data
w4mother,DV: W4 Whether person is mother of YP,-992.0,No response in this wave
w4mother,DV: W4 Whether person is mother of YP,-94.0,Insufficient information
w4mother,DV: W4 Whether person is mother of YP,-91.0,Not applicable
w4mother,DV: W4 Whether person is mother of YP,1.0,Natural mother
w4mother,DV: W4 Whether person is mother of YP,2.0,Adoptive mother
w4mother,DV: W4 Whether person is mother of YP,3.0,Foster mother
w4mother,DV: W4 Whether person is mother of YP,4.0,Step mother
w4mpmother,DV: W4 Whether MAIN PARENT is (natural,-999.0,Missing household data
w4mpmother,DV: W4 Whether MAIN PARENT is (natural,-992.0,No response in this wave
w4mpmother,DV: W4 Whether MAIN PARENT is (natural,-95.0,HH member not main or second parent
w4mpmother,DV: W4 Whether MAIN PARENT is (natural,-94.0,Insufficient information
w4mpmother,DV: W4 Whether MAIN PARENT is (natural,-91.0,Not applicable
w4mpmother,DV: W4 Whether MAIN PARENT is (natural,1.0,Natural mother
w4mpmother,DV: W4 Whether MAIN PARENT is (natural,2.0,Adoptive mother
w4mpmother,DV: W4 Whether MAIN PARENT is (natural,3.0,Foster mother
w4mpmother,DV: W4 Whether MAIN PARENT is (natural,4.0,Step mother
w4mpfather,DV: W4 Whether MAIN PARENT is (natural,-999.0,Missing household data
w4mpfather,DV: W4 Whether MAIN PARENT is (natural,-992.0,No response in this wave
w4mpfather,DV: W4 Whether MAIN PARENT is (natural,-95.0,HH member not main or second parent
w4mpfather,DV: W4 Whether MAIN PARENT is (natural,-94.0,Insufficient information
w4mpfather,DV: W4 Whether MAIN PARENT is (natural,-91.0,Not applicable
w4mpfather,DV: W4 Whether MAIN PARENT is (natural,1.0,Natural father
w4mpfather,DV: W4 Whether MAIN PARENT is (natural,2.0,Adoptive father
w4mpfather,DV: W4 Whether MAIN PARENT is (natural,3.0,Foster father
w4mpfather,DV: W4 Whether MAIN PARENT is (natural,4.0,Step father
w4father,DV: W4 Whether person is father of YP,-999.0,Missing household data
w4father,DV: W4 Whether person is father of YP,-992.0,No response in this wave
w4father,DV: W4 Whether person is father of YP,-94.0,Insufficient information
w4father,DV: W4 Whether person is father of YP,-91.0,Not applicable
w4father,DV: W4 Whether person is father of YP,1.0,Natural father
w4father,DV: W4 Whether person is father of YP,2.0,Adoptive father
w4father,DV: W4 Whether person is father of YP,3.0,Foster father
w4father,DV: W4 Whether person is father of YP,4.0,Step father
w4spfather,DV: W4 Whether SECOND PARENT is (natural,-999.0,Missing household data
w4spfather,DV: W4 Whether SECOND PARENT is (natural,-992.0,No response in this wave
w4spfather,DV: W4 Whether SECOND PARENT is (natural,-95.0,HH member not main or second parent
w4spfather,DV: W4 Whether SECOND PARENT is (natural,-94.0,Insufficient information
w4spfather,DV: W4 Whether SECOND PARENT is (natural,-91.0,Not applicable
w4spfather,DV: W4 Whether SECOND PARENT is (natural,1.0,Natural father
w4spfather,DV: W4 Whether SECOND PARENT is (natural,2.0,Adoptive father
w4spfather,DV: W4 Whether SECOND PARENT is (natural,3.0,Foster father
w4spfather,DV: W4 Whether SECOND PARENT is (natural,4.0,Step father
w4spmother,DV: W4 Whether SECOND PARENT is (natural,-999.0,Missing household data
w4spmother,DV: W4 Whether SECOND PARENT is (natural,-992.0,No response in this wave
w4spmother,DV: W4 Whether SECOND PARENT is (natural,-95.0,HH member not main or second parent
w4spmother,DV: W4 Whether SECOND PARENT is (natural,-94.0,Insufficient information
w4spmother,DV: W4 Whether SECOND PARENT is (natural,-91.0,Not applicable
w4spmother,DV: W4 Whether SECOND PARENT is (natural,1.0,Natural mother
w4spmother,DV: W4 Whether SECOND PARENT is (natural,2.0,Adoptive mother
w4spmother,DV: W4 Whether SECOND PARENT is (natural,3.0,Foster mother
w4spmother,DV: W4 Whether SECOND PARENT is (natural,4.0,Step mother
switch,DV: Whether HH member has switched positions between waves,-94.0,Insufficient information
switch,DV: Whether HH member has switched positions between waves,0.0,No
switch,DV: Whether HH member has switched positions between waves,1.0,Yes
mainint,DV: Whether MP person number has changed between waves,-992.0,No response in this wave - joined W5 or W6
mainint,DV: Whether MP person number has changed between waves,-98.0,No MP Interview
mainint,DV: Whether MP person number has changed between waves,-94.0,Insufficient information
mainint,DV: Whether MP person number has changed between waves,-91.0,Not Applicable - person switched position within household across waves
mainint,DV: Whether MP person number has changed between waves,0.0,No change in MP person number
mainint,DV: Whether MP person number has changed between waves,1.0,MP has changed between waves
secint,DV: Whether SP person number has changed between waves,-992.0,No response in this wave - joined W5 or W6
secint,DV: Whether SP person number has changed between waves,-98.0,No SP Interview
secint,DV: Whether SP person number has changed between waves,-94.0,Insufficient information
secint,DV: Whether SP person number has changed between waves,-91.0,Not Applicable - person switched position within household across waves
secint,DV: Whether SP person number has changed between waves,0.0,No change in SP person number
secint,DV: Whether SP person number has changed between waves,1.0,SP has changed between waves
hisint,DV: Whether HISTORY respondent person number has changed between waves,-994.0,New member of household at Wave four (inc boost cases)
hisint,DV: Whether HISTORY respondent person number has changed between waves,-992.0,No response in this wave - joined W5 or W6
hisint,DV: Whether HISTORY respondent person number has changed between waves,-98.0,No HISTORY Interview
hisint,DV: Whether HISTORY respondent person number has changed between waves,-94.0,Insufficient information
hisint,DV: Whether HISTORY respondent person number has changed between waves,-91.0,Not Applicable - person switched position within household across waves
hisint,DV: Whether HISTORY respondent person number has changed between waves,0.0,No change in HISTORY person number
hisint,DV: Whether HISTORY respondent person number has changed between waves,1.0,HISTORY person number has changed between waves
nouse,Admin: Flag to indicate cases that should not be used for W1 and W2 comparisons,0.0,Use
nouse,Admin: Flag to indicate cases that should not be used for W1 and W2 comparisons,1.0,Don't use
w6nouse,Admin: Flag to indicate cases that should not be used at W6 due to inconsistent details longitudinally,0.0,Use
w6nouse,Admin: Flag to indicate cases that should not be used at W6 due to inconsistent details longitudinally,1.0,Don't use
v3,None,,
avail_from_dt,,,
