variable_name,variable_label,value_value,value_label
study_id_e,,,
hhid,sortkey: HH Identifier,-999.0,Missing household information
w6mode,Admin: Interview mode,-999.0,Missing household information
w6mode,Admin: Interview mode,1.0,CAPI
w6mode,Admin: Interview mode,2.0,CATI
w6mode,Admin: Interview mode,3.0,CAWI
w6qsamead,HH: Address check,-999.0,Missing household information
w6qsamead,HH: Address check,-997.0,Script error
w6qsamead,HH: Address check,-91.0,Not applicable
w6qsamead,HH: Address check,1.0,Yes
w6qsamead,HH: Address check,2.0,No
w6qsamead,HH: Address check,3.0,Yes- but errors in some of the address
w6qanysta,HH: Whether respondent is living with some of the people they were living with,-999.0,Missing household information
w6qanysta,HH: Whether respondent is living with some of the people they were living with,-997.0,Script error
w6qanysta,HH: Whether respondent is living with some of the people they were living with,-91.0,Not applicable
w6qanysta,HH: Whether respondent is living with some of the people they were living with,1.0,Yes
w6qanysta,HH: Whether respondent is living with some of the people they were living with,2.0,No
w6qanysta,HH: Whether respondent is living with some of the people they were living with,3.0,Don't know
w6shgint,HH: Member status,-999.0,Missing household information
w6shgint,HH: Member status,-92.0,Refused
w6shgint,HH: Member status,0.0,Not present - left previous wave
w6shgint,HH: Member status,1.0,Present
w6shgint,HH: Member status,2.0,Present - new at current wave
w6shgint,HH: Member status,3.0,Not present - left current wave
w6shgint,HH: Member status,4.0,Young person
w6sex,HH: Sex,-999.0,Missing household information
w6sex,HH: Sex,-92.0,Refused
w6sex,HH: Sex,-91.0,Not applicable
w6sex,HH: Sex,1.0,Male
w6sex,HH: Sex,2.0,Female
w6relation,HH: Relationship to young person,-999.0,Missing household information
w6relation,HH: Relationship to young person,-92.0,Refused
w6relation,HH: Relationship to young person,-91.0,Not applicable
w6relation,HH: Relationship to young person,-1.0,Don't know
w6relation,HH: Relationship to young person,1.0,Parent - including step/adoptive/foster
w6relation,HH: Relationship to young person,2.0,Brother or sister - including step/adop
w6relation,HH: Relationship to young person,3.0,Partner/husband/wife
w6relation,HH: Relationship to young person,4.0,Son or daughter
w6relation,HH: Relationship to young person,5.0,Parent's partner or spouse
w6relation,HH: Relationship to young person,6.0,Another kind of relative
w6relation,HH: Relationship to young person,7.0,Someone not related
w6relation,HH: Relationship to young person,8.0,Young person (respondent)
w6nouse,Admin: Flag to indicate cases that should not be used at W6 due to inconsistencies,,
v3,None,,
avail_from_dt,,,
