variable_name,variable_label,value_value,value_label
study_id_e,,,
a2,Name of study to distinguish between Spring 2021 (Thriva) and Winter 2021/22 (Thriva #2) rounds of testing,0.0,No
a2,Name of study to distinguish between Spring 2021 (Thriva) and Winter 2021/22 (Thriva #2) rounds of testing,1.0,Yes
a2,Name of study to distinguish between Spring 2021 (Thriva) and Winter 2021/22 (Thriva #2) rounds of testing,999902.0,Unsure
a2,Name of study to distinguish between Spring 2021 (Thriva) and Winter 2021/22 (Thriva #2) rounds of testing,999906.0,Question seen but not answered
a3,SampleReceivedORTestedDate. Represents the date (DD/MM/YYYY) the laboratory performed the test ('specimen_processed_date' in raw data we received). ,0.0,No
a3,SampleReceivedORTestedDate. Represents the date (DD/MM/YYYY) the laboratory performed the test ('specimen_processed_date' in raw data we received). ,1.0,Yes
a3,SampleReceivedORTestedDate. Represents the date (DD/MM/YYYY) the laboratory performed the test ('specimen_processed_date' in raw data we received). ,999906.0,Question seen but not answered
a4,Indicates whether data is from test for anti-Nucelocapsid (Antibody_N) or anti-Spike (Antibody_S) SARS-CoV-2 antibodies,1.0,I am self-isolating due to a diagnosis of COVID-19 or possible symptoms in me or someone in my household  
a4,Indicates whether data is from test for anti-Nucelocapsid (Antibody_N) or anti-Spike (Antibody_S) SARS-CoV-2 antibodies,2.0,"I am self-isolating because I have an existing medical condition, or am categorised as high risk"
a4,Indicates whether data is from test for anti-Nucelocapsid (Antibody_N) or anti-Spike (Antibody_S) SARS-CoV-2 antibodies,3.0,"I am self-isolating because a member of my household has an existing medical condition, or is high risk  "
a4,Indicates whether data is from test for anti-Nucelocapsid (Antibody_N) or anti-Spike (Antibody_S) SARS-CoV-2 antibodies,4.0,I am self-isolating as I am worried about spreading it to others or getting ill (but I am not high risk)  
a4,Indicates whether data is from test for anti-Nucelocapsid (Antibody_N) or anti-Spike (Antibody_S) SARS-CoV-2 antibodies,999906.0,Question seen but not answered
a4,Indicates whether data is from test for anti-Nucelocapsid (Antibody_N) or anti-Spike (Antibody_S) SARS-CoV-2 antibodies,999911.0,Question is skipped legitimately
a5,"Represents the date (DD/MM/YYYY) the laboratory received the sample (accession_date' in raw data we received). Note that that ItemDate should be earlier than SampleReceivedORTestedDate. However  it is not the case for a minority of participants. For analysis  we suggest to use whichever date was earlier for each participant.,2022-03-26 22:56:51.230 TWINSUK_SEROLOGY_v0001_20220309,A6,The anti-S test range was 0.4-250 U/mL for Thriva #1 and 0.4-25000 U/mL for Thriva #2 and the positive threshold was 0.8 U/mL. The anti-N positive threshold is 1.0 COI but values should not be interpreted quantitatively. Raw data were from Roche Elecsys assays (https://diagnostics.roche.com/gb/en/products/params/elecsys-anti-sars-cov-2.html).",1.0,I am not self-isolating as I am choosing to live life as normal  
a5,"Represents the date (DD/MM/YYYY) the laboratory received the sample (accession_date' in raw data we received). Note that that ItemDate should be earlier than SampleReceivedORTestedDate. However  it is not the case for a minority of participants. For analysis  we suggest to use whichever date was earlier for each participant.,2022-03-26 22:56:51.230 TWINSUK_SEROLOGY_v0001_20220309,A6,The anti-S test range was 0.4-250 U/mL for Thriva #1 and 0.4-25000 U/mL for Thriva #2 and the positive threshold was 0.8 U/mL. The anti-N positive threshold is 1.0 COI but values should not be interpreted quantitatively. Raw data were from Roche Elecsys assays (https://diagnostics.roche.com/gb/en/products/params/elecsys-anti-sars-cov-2.html).",2.0,"I am not self-isolating, but I am social "
a5,"Represents the date (DD/MM/YYYY) the laboratory received the sample (accession_date' in raw data we received). Note that that ItemDate should be earlier than SampleReceivedORTestedDate. However  it is not the case for a minority of participants. For analysis  we suggest to use whichever date was earlier for each participant.,2022-03-26 22:56:51.230 TWINSUK_SEROLOGY_v0001_20220309,A6,The anti-S test range was 0.4-250 U/mL for Thriva #1 and 0.4-25000 U/mL for Thriva #2 and the positive threshold was 0.8 U/mL. The anti-N positive threshold is 1.0 COI but values should not be interpreted quantitatively. Raw data were from Roche Elecsys assays (https://diagnostics.roche.com/gb/en/products/params/elecsys-anti-sars-cov-2.html).",3.0,I am not self-isolating because I am a key worker  
a5,"Represents the date (DD/MM/YYYY) the laboratory received the sample (accession_date' in raw data we received). Note that that ItemDate should be earlier than SampleReceivedORTestedDate. However  it is not the case for a minority of participants. For analysis  we suggest to use whichever date was earlier for each participant.,2022-03-26 22:56:51.230 TWINSUK_SEROLOGY_v0001_20220309,A6,The anti-S test range was 0.4-250 U/mL for Thriva #1 and 0.4-25000 U/mL for Thriva #2 and the positive threshold was 0.8 U/mL. The anti-N positive threshold is 1.0 COI but values should not be interpreted quantitatively. Raw data were from Roche Elecsys assays (https://diagnostics.roche.com/gb/en/products/params/elecsys-anti-sars-cov-2.html).",4.0,I am not self-isolating because I need to help others  
a5,"Represents the date (DD/MM/YYYY) the laboratory received the sample (accession_date' in raw data we received). Note that that ItemDate should be earlier than SampleReceivedORTestedDate. However  it is not the case for a minority of participants. For analysis  we suggest to use whichever date was earlier for each participant.,2022-03-26 22:56:51.230 TWINSUK_SEROLOGY_v0001_20220309,A6,The anti-S test range was 0.4-250 U/mL for Thriva #1 and 0.4-25000 U/mL for Thriva #2 and the positive threshold was 0.8 U/mL. The anti-N positive threshold is 1.0 COI but values should not be interpreted quantitatively. Raw data were from Roche Elecsys assays (https://diagnostics.roche.com/gb/en/products/params/elecsys-anti-sars-cov-2.html).",5.0,I am not self-isolating because I've been told by authorities that I can leave self-isolation  
a5,"Represents the date (DD/MM/YYYY) the laboratory received the sample (accession_date' in raw data we received). Note that that ItemDate should be earlier than SampleReceivedORTestedDate. However  it is not the case for a minority of participants. For analysis  we suggest to use whichever date was earlier for each participant.,2022-03-26 22:56:51.230 TWINSUK_SEROLOGY_v0001_20220309,A6,The anti-S test range was 0.4-250 U/mL for Thriva #1 and 0.4-25000 U/mL for Thriva #2 and the positive threshold was 0.8 U/mL. The anti-N positive threshold is 1.0 COI but values should not be interpreted quantitatively. Raw data were from Roche Elecsys assays (https://diagnostics.roche.com/gb/en/products/params/elecsys-anti-sars-cov-2.html).",999906.0,Question seen but not answered
a5,"Represents the date (DD/MM/YYYY) the laboratory received the sample (accession_date' in raw data we received). Note that that ItemDate should be earlier than SampleReceivedORTestedDate. However  it is not the case for a minority of participants. For analysis  we suggest to use whichever date was earlier for each participant.,2022-03-26 22:56:51.230 TWINSUK_SEROLOGY_v0001_20220309,A6,The anti-S test range was 0.4-250 U/mL for Thriva #1 and 0.4-25000 U/mL for Thriva #2 and the positive threshold was 0.8 U/mL. The anti-N positive threshold is 1.0 COI but values should not be interpreted quantitatively. Raw data were from Roche Elecsys assays (https://diagnostics.roche.com/gb/en/products/params/elecsys-anti-sars-cov-2.html).",999911.0,Question is skipped legitimately
a6,,1.0,Extremely difficult
a6,,2.0,Fairly difficult
a6,,3.0,Neither easy nor difficult
a6,,4.0,Fairly easy
a6,,5.0,Extremely easy
a6,,999906.0,Question seen but not answered
a7,U/mL = Arbitrary units per millilitre. COI = Cut-off index,1.0,Extremely or Fairly poor
a7,U/mL = Arbitrary units per millilitre. COI = Cut-off index,3.0,Neither good nor poor  
a7,U/mL = Arbitrary units per millilitre. COI = Cut-off index,4.0,Fairly good  
a7,U/mL = Arbitrary units per millilitre. COI = Cut-off index,5.0,Extremely good
a7,U/mL = Arbitrary units per millilitre. COI = Cut-off index,999906.0,Question seen but not answered
a8,Result. positive/negative/void based on if Value exceeds positive threshold,1.0,Completely unconfident
a8,Result. positive/negative/void based on if Value exceeds positive threshold,2.0,Fairly unconfident
a8,Result. positive/negative/void based on if Value exceeds positive threshold,3.0,Somewhat unconfident
a8,Result. positive/negative/void based on if Value exceeds positive threshold,4.0,Neither confident nor unconfident
a8,Result. positive/negative/void based on if Value exceeds positive threshold,5.0,Somewhat confident
a8,Result. positive/negative/void based on if Value exceeds positive threshold,6.0,Fairly confident
a8,Result. positive/negative/void based on if Value exceeds positive threshold,7.0,Completely confident
a8,Result. positive/negative/void based on if Value exceeds positive threshold,999906.0,Question seen but not answered
avail_from_dt,,,
