variable_name,variable_label,value_value,value_label
study_id_e,,,
study_date,,,
a1,1. Have you had COVID-19?,,
a2,"2. In the last week, do you believe you have come into CLOSE CONTACT with somebody who has had COVID-19? E.g. Living with, hugging, shaking hands with, or spending more than 15 minutes with",,
a3,"3. Are you self-isolating? By ""self-isolating"" we mean staying at home and avoiding contact with people outside the household. If you have symptoms you may also be avoiding contact with people within your household. This is different to social distancing, whereby you may be staying at home for the most part but leaving your home for food or medicine, to go to work if it's essential, or to exercise.",,
a4,4. Choose all that apply,,
a5,5. Choose all that apply,,
a6,6. Do you find the official guidance on COVID-19 easy to understand?,,
a7,7. How would you rate your knowledge level on COVID-19?,,
a8,8. How much confidence do you have in the GOVERNMENT that they can handle COVID-19 well?,,
a9,9. How much confidence do you have in the HEALTH SERVICE to handle COVID-19 as well as it can with the resources available?,,
a10,"10. How much confidence do you have that ESSENTIALS (e.g. access to food, water, medicines, deliveries) will be maintained during COVID-19?",,
a11,11. How much confidence do you have in BUSINESS AND NON- GOVERNMENTAL ORGANISATIONS to handle COVID-19 well?,,
a12,"12. How much confidence do you have in the GENERAL PUBLIC to act responsibly in response to COVID-19 ? (E.g. Following governmental guidance, maintaining social distances)",,
a13_1,13. Have you experienced any of the following as a result of COVID-19? - Lost your job/ been unable to do paid work,,
a13_2,13. Have you experienced any of the following as a result of COVID-19? - Been put on furlough from your job (paid leave),,
a13_3,13. Have you experienced any of the following as a result of COVID-19? - Unable to pay bills,,
a13_5,13. Have you experienced any of the following as a result of COVID-19? - Unable to access sufficient food,,
a13_6,13. Have you experienced any of the following as a result of COVID-19? - Unable to access required medication,,
a13_8,13. Have you experienced any of the following as a result of COVID-19? - You lost somebody close to you to COVID-19,,
a14,"14. In the past 7 days, how many days have you been self-isolating (not leaving your home/garden)?",,
a15,"15. Is this more, less or about the same as before this period of self isolation related to COVID-19 began?",,
a16,"16. In the past 7 days, how many days have you been outside for 15 minutes or more (leaving home/garden)?",,
a17,"17. Is this more, less or about the same as before this period of self isolation related to COVID-19 began?",,
a18,"18. In the past 7 days, how many days have you had face-to-face contact with another person for 15 minutes or more (including someone you live with)?",,
a19,"19. Is this more, less or about the same as before this period of self isolation related to COVID-19 began?",,
a20,"20. In the past 7 days, how many days have you had a phone or video call with another person for 15 minutes or more?",,
a21,"21. Is this more, less or about the same as before this period of self isolation related to COVID-19 began?",,
a22,"22. Overall, in the past week, how satisfied have you been with your life?",,
a23,"23. In the past week, to what extent have you felt the things you are doing in your life are worthwhile?",,
a24,"24. On a scale of 1-5, are you interacting with people in any form (e.g. in person, over the phone, via voice chat etc.) more or less due to COVID-19 isolation? The way you interact might've changed e.g. more telephone than face-to-face, but we are interested only in the frequency of contact.",,
a25,25. Has this change been positive or negative?,,
a26_1,"26. In the past week, have any of the following aspects of your life changed? - Amount you sleep",,
a26_2,"26. In the past week, have any of the following aspects of your life changed? - Amount of physical activity/ exercise you do",,
a26_3,"26. In the past week, have any of the following aspects of your life changed? - Time spent in green spaces such as parks or gardens",,
a26_4,"26. In the past week, have any of the following aspects of your life changed? - Amount you smoke/vape",,
a26_5,"26. In the past week, have any of the following aspects of your life changed? - Amount of alcohol you drink",,
a26_6,"26. In the past week, have any of the following aspects of your life changed? - Amount of time you spend on public transport",,
a26_7,"26. In the past week, have any of the following aspects of your life changed? - Amount of time you spend in a car",,
a26_8,"26. In the past week, have any of the following aspects of your life changed? - Number of hours you work in usual workplace",,
a26_9,"26. In the past week, have any of the following aspects of your life changed? - Number of hours you work at home",,
a26_10,"26. In the past week, have any of the following aspects of your life changed? - Time spent talking to family/friends who I live with",,
a26_11,"26. In the past week, have any of the following aspects of your life changed? - Time spent talking to family/friends via phone / technology",,
a26_12,"26. In the past week, have any of the following aspects of your life changed? - Time spent digitally socialising (e.g. group chats, watching movies in groups online)",,
a26_13,"26. In the past week, have any of the following aspects of your life changed? - Time spent talking to work colleagues",,
a26_14,"26. In the past week, have any of the following aspects of your life changed? - Practising relaxation/mindfulness/meditation",,
a26_15,"26. In the past week, have any of the following aspects of your life changed? - Time spent listening to the news",,
a26_16,"26. In the past week, have any of the following aspects of your life changed? - Time spent using devices with a screen",,
a26_17,"26. In the past week, have any of the following aspects of your life changed? - Time spent doing hobbies/ things I enjoy",,
a26_18,"26. In the past week, have any of the following aspects of your life changed? - Amount of fruit you eat",,
a26_19,"26. In the past week, have any of the following aspects of your life changed? - Amount of vegetables you eat",,
a26_20,"26. In the past week, have any of the following aspects of your life changed? - Amount of meat- based food you eat",,
a26_21,"26. In the past week, have any of the following aspects of your life changed? - Number of savoury snacks and confectionery you eat",,
a26_22,"26. In the past week, have any of the following aspects of your life changed? - Amount of other fast food you eat",,
a26_23,"26. In the past week, have any of the following aspects of your life changed? - Amount of sugar sweetened drinks (including tea) you drink",,
a26_24,"26. In the past week, have any of the following aspects of your life changed? - Amount of money you've spent",,
a26_25,"26. In the past week, have any of the following aspects of your life changed? - Time spent online gaming",,
a26_26,"26. In the past week, have any of the following aspects of your life changed? - Reading or listening to books for pleasure",,
a26_27,"26. In the past week, have any of the following aspects of your life changed? - Watching/ listening to TV, movies, radio, podcasts, music, relaxation tapes",,
a26_28,"26. In the past week, have any of the following aspects of your life changed? - Using self-help resources and strategies",,
a26_29,"26. In the past week, have any of the following aspects of your life changed? - Household chores (cooking, cleaning, ironing tidying, online shopping etc)",,
a26_30,"26. In the past week, have any of the following aspects of your life changed? - Doing DIY, woodwork, metal work, model making or similar",,
a27,"27. Before current guidance to 'stay at home' (before 23rd March in the UK), on average how many days a week would you leave the house/garden?",,
a28,"28. Since current guidance to 'stay at home' (before 23rd March in the UK), on average how many days a week would you leave the house/garden?",,
a29,"29. Do you have access to internet, either through broadband or mobile data?",,
a30,30. What devices do you have access to? Tick all that apply,,
a31,31. How many people do you know who you would feel comfortable asking for help if/ when you are unable to leave the house due to COVID-19?,,
a32,"32. In the last week, how frequently have you been in contact with your twin (this can be in any form, e.g. via email, phone text message etc.)",,
a33,"33. Is this more, less or about the same as usual?",,
b34_1,34. Are you currently responsible for the care or support of any of the following INSIDE the home? - Elderly relatives or friends,,
b34_2,34. Are you currently responsible for the care or support of any of the following INSIDE the home? - People with long-term conditions or disabilities,,
b34_3,34. Are you currently responsible for the care or support of any of the following INSIDE the home? - Grandchildren,,
b34_4,34. Are you currently responsible for the care or support of any of the following INSIDE the home? - Children (under 18),,
b35_1,35. Are you currently responsible for the care or support of any of the following OUTSIDE the home? - Elderly relatives or friends,,
b35_2,35. Are you currently responsible for the care or support of any of the following OUTSIDE the home? - People with long-term conditions or disabilities,,
b35_3,35. Are you currently responsible for the care or support of any of the following OUTSIDE the home? - Grandchildren,,
b35_4,35. Are you currently responsible for the care or support of any of the following OUTSIDE the home? - Children (under 18),,
b36,36. Do you have any pets?,,
b37,37. Do you have any of the following pets?,,
b38,38. How many of your friends would you say you have a close relationship with? - Close friends,,
b39_1,39. Have you given help to someone who you haven't helped before during COVID-19?,,
b39_2,39b. Have you received help that you woudln't normally receive during COVID-19?,,
b40,"40. Usually in your life, how often do you meet up with people face to face socially, not for work?",,
b41_1,"41. Are you a member of any of these organisations, clubs or societies? - Political party, trade union or environmental groups",,
b41_2,"41. Are you a member of any of these organisations, clubs or societies? - Tenants groups, resident groups, Neighbourhood Watch",,
b41_3,"41. Are you a member of any of these organisations, clubs or societies? - Church or other religious groups",,
b41_4,"41. Are you a member of any of these organisations, clubs or societies? - Charitable associations",,
b41_5,"41. Are you a member of any of these organisations, clubs or societies? - Education, arts or music groups or evening classes",,
b41_6,"41. Are you a member of any of these organisations, clubs or societies? - Social Clubs",,
b41_7,"41. Are you a member of any of these organisations, clubs or societies? - Sports clubs, gyms, exercise classes",,
b41_8,"41. Are you a member of any of these organisations, clubs or societies? - Any other organisations, clubs or societies",,
b42,"42. Thinking about all the organisations, clubs or societies that you are a member of, how many committee meetings, if any, do you attend in a year?",,
c43,43. I feel tense or 'wound up',,
c44,44. I still enjoy the things I used to enjoy,,
c45,45. I get a sort of frightened feeling as if something awful is about to happen,,
c46,46. I can laugh and see the funny side of things,,
c47,47. Worrying thoughts go through my mind,,
c48,48. I feel cheerful,,
c49,49. I can sit at ease and feel relaxed,,
c50,50. I feel as if I am slowed down,,
c51,51. I get a sort of frightened feeling like 'butterflies' in the stomach,,
c52,52. I have lost interest in my appearance,,
c53,53. I feel restless as if I have to be on the move,,
c54,54. I look forward with enjoyment to things,,
c55,55. I get sudden feelings of panic,,
c56,56. I can enjoy a good book or radio or TV program,,
c57_1,57. How often do you feel like this NOW? - How often do you feel you lack companionship?,,
c57_2,57. How often do you feel like this NOW? - How often do you feel left out?,,
c57_3,57. How often do you feel like this NOW? - How often do you feel isolated from others?,,
c57_4,57. How often do you feel like this NOW? - How often do you feel alone?,,
c58_1,58. How often you felt like this BEFORE the COVID-19 pandemic? - How often do you feel you lack companionship?,,
c58_2,58. How often you felt like this BEFORE the COVID-19 pandemic? - How often do you feel left out?,,
c58_3,58. How often you felt like this BEFORE the COVID-19 pandemic? - How often do you feel isolated from others?,,
c58_4,58. How often you felt like this BEFORE the COVID-19 pandemic? - How often do you feel alone?,,
c59_1,59. Over the last 2 weeks HOW OFTEN have you been bothered by the following problems? - Little interest or pleasure in doing things,,
c59_2,"59. Over the last 2 weeks HOW OFTEN have you been bothered by the following problems? - Feeling down, depressed or hopeless",,
c59_3,"59. Over the last 2 weeks HOW OFTEN have you been bothered by the following problems? - Feeling nervous, anxious or on edge",,
c59_4,59. Over the last 2 weeks HOW OFTEN have you been bothered by the following problems? - Not being able to stop or control worrying,,
c60_1,"60. For the next set of statements, please respond to each item by indicating the extent you agree with the statement. - I tend to bounce back quickly after hard times",,
c60_2,"60. For the next set of statements, please respond to each item by indicating the extent you agree with the statement. - I have a hard time making it through stressful events",,
c60_3,"60. For the next set of statements, please respond to each item by indicating the extent you agree with the statement. - It does not take me long to recover from a stressful event",,
c60_4,"60. For the next set of statements, please respond to each item by indicating the extent you agree with the statement. - It is hard for me to snap back when something bad happens",,
c60_5,"60. For the next set of statements, please respond to each item by indicating the extent you agree with the statement. - I usually come through difficult times with little trouble",,
c60_6,"60. For the next set of statements, please respond to each item by indicating the extent you agree with the statement. - I tend to take a long time to get over set-backs in my life",,
c61_1,61. Please respond to each item by indicating the extent you agree with the statement. - How much control do you feel you have over: your health in general?,,
c61_2,61. Please respond to each item by indicating the extent you agree with the statement. - How much control do you feel you have over: whether or not you contract the virus?,,
c61_3,61. Please respond to each item by indicating the extent you agree with the statement. - How much control do you feel you have over: whether or not someone you love contracts the virus?,,
c61_4,61. Please respond to each item by indicating the extent you agree with the statement. - How much control do you feel you have over: your experience of the virus if you do get it?,,
c62,"62. To what extent do you agree with the following statements: It is important to me to spend time interacting with nature (e.g. spending time outdoors in parks, the countryside, watching wildlife in my garden  etc).",,
c63,63. Is this more or less important than before COVID-19?,,
c64_1,"64. Over the past week, have any of the following been worrying you at all, even if only in a minor way? - Marriage or other romantic relationship",,
c64_2,"64. Over the past week, have any of the following been worrying you at all, even if only in a minor way? - Friends or family living in your household",,
c64_3,"64. Over the past week, have any of the following been worrying you at all, even if only in a minor way? - Friends or family living outside your household",,
c64_4,"64. Over the past week, have any of the following been worrying you at all, even if only in a minor way? - Neighbours",,
c64_5,"64. Over the past week, have any of the following been worrying you at all, even if only in a minor way? - Your pet(s)",,
c64_6,"64. Over the past week, have any of the following been worrying you at all, even if only in a minor way? - Work (even if you feel your job is safe)",,
c64_7,"64. Over the past week, have any of the following been worrying you at all, even if only in a minor way? - Losing your job/unemployment",,
c64_8,"64. Over the past week, have any of the following been worrying you at all, even if only in a minor way? - Finances",,
c64_9,"64. Over the past week, have any of the following been worrying you at all, even if only in a minor way? - Getting medication",,
c64_10,"64. Over the past week, have any of the following been worrying you at all, even if only in a minor way? - Getting food",,
c64_11,"64. Over the past week, have any of the following been worrying you at all, even if only in a minor way? - Your own safety/security",,
c64_12,"64. Over the past week, have any of the following been worrying you at all, even if only in a minor way? - Internet access",,
c64_13,"64. Over the past week, have any of the following been worrying you at all, even if only in a minor way? - Boredom",,
c64_14,"64. Over the past week, have any of the following been worrying you at all, even if only in a minor way? - Future plans",,
c64_15,"64. Over the past week, have any of the following been worrying you at all, even if only in a minor way? - Catching COVID-19",,
c64_16,"64. Over the past week, have any of the following been worrying you at all, even if only in a minor way? - Becoming seriously ill from COVID-19",,
c65_1,65. Have any of these things been causing you SIGNIFICANT stress? E.g. They have been constantly on your mind or have been keeping you awake at night - Marriage or other romantic relationship,,
c65_2,65. Have any of these things been causing you SIGNIFICANT stress? E.g. They have been constantly on your mind or have been keeping you awake at night - Friends or family living in your household,,
c65_3,65. Have any of these things been causing you SIGNIFICANT stress? E.g. They have been constantly on your mind or have been keeping you awake at night - Friends or family living outside your household,,
c65_4,65. Have any of these things been causing you SIGNIFICANT stress? E.g. They have been constantly on your mind or have been keeping you awake at night - Neighbours,,
c65_5,65. Have any of these things been causing you SIGNIFICANT stress? E.g. They have been constantly on your mind or have been keeping you awake at night - Your pet(s),,
c65_6,65. Have any of these things been causing you SIGNIFICANT stress? E.g. They have been constantly on your mind or have been keeping you awake at night - Work (even if you feel your job is safe),,
c65_7,65. Have any of these things been causing you SIGNIFICANT stress? E.g. They have been constantly on your mind or have been keeping you awake at night - Losing your job/unemployment,,
c65_8,65. Have any of these things been causing you SIGNIFICANT stress? E.g. They have been constantly on your mind or have been keeping you awake at night - Finances,,
c65_9,65. Have any of these things been causing you SIGNIFICANT stress? E.g. They have been constantly on your mind or have been keeping you awake at night - Getting medication,,
c65_10,65. Have any of these things been causing you SIGNIFICANT stress? E.g. They have been constantly on your mind or have been keeping you awake at night - Getting food,,
c65_11,65. Have any of these things been causing you SIGNIFICANT stress? E.g. They have been constantly on your mind or have been keeping you awake at night - Your own safety/security,,
c65_12,65. Have any of these things been causing you SIGNIFICANT stress? E.g. They have been constantly on your mind or have been keeping you awake at night - Internet access,,
c65_13,65. Have any of these things been causing you SIGNIFICANT stress? E.g. They have been constantly on your mind or have been keeping you awake at night - Boredom,,
c65_14,65. Have any of these things been causing you SIGNIFICANT stress? E.g. They have been constantly on your mind or have been keeping you awake at night - Future plans,,
c65_15,65. Have any of these things been causing you SIGNIFICANT stress? E.g. They have been constantly on your mind or have been keeping you awake at night - Catching COVID-19,,
c65_16,65. Have any of these things been causing you SIGNIFICANT stress? E.g. They have been constantly on your mind or have been keeping you awake at night - Becoming seriously ill from COVID-19,,
c66,"66. Overall, how do you feel your current financial situation compares to before the COVID-19 outbreak?",,
d68,68. What type of place do you live in?,,
d69,69. Which describes the home you live in?,,
d70,"70. How many rooms are in your home? This does not include any bathrooms, toilets, kitchens, halls or landings. If you live in a shared house only count the rooms that are open to you to use. if you live in a block of flats, or a residential block with shared larger community areas, only count rooms within your flat. - Rooms",,
d71,71. Do you have access to a garden?,,
d72,72. Do you have trouble with damp or mould in your home?,,
d73,"73. Do you have trouble with vermin (e.g. mice, other rodents, cockroaches) in your home?",,
d74,74. Which of the following is the main source of heating inside your home? Tick only one,,
d75,75. Which of the following is the main source of energy for cooking in your home? Tick only one,,
d76,76. Does the room where you cook have a window or door that you can open when cooking?,,
d77,77. Which of the following is the main way you keep the inside of your house cool in warm weather? Tick only one,,
d78,78. Has your living arrangement changed because of the COVID-19 outbreak? Please tick all that apply,,
d79,79. Who do you live with?,,
d80,80. In total how many people do you live with?,,
d81_1,1 - 81. What best describes your relationship to this person? Please select from the drop-downlist.,,
d83_1,"83. In the past week, how would you describe the quality of your relationship with this person? - 1 - What best describes your relationship to this person",,
d84_1,84. How would you describe the quality of your relationship with this person before the COVID-19 lock down? (Before 23rd March in UK) - 1 - What best describes your relationship to this person,,
d81_2,2 - 81. What best describes your relationship to this person? Please select from the drop-downlist.,,
d83_2,"83. In the past week, how would you describe the quality of your relationship with this person? - 2 - What best describes your relationship to this person",,
d84_2,84. How would you describe the quality of your relationship with this person before the COVID-19 lock down? (Before 23rd March in UK) - 2 - What best describes your relationship to this person,,
d81_3,3 - 81. What best describes your relationship to this person? Please select from the drop-downlist.,,
d83_3,"83. In the past week, how would you describe the quality of your relationship with this person? - 3 - What best describes your relationship to this person",,
d84_3,84. How would you describe the quality of your relationship with this person before the COVID-19 lock down? (Before 23rd March in UK) - 3 - What best describes your relationship to this person,,
d81_4,4 - 81. What best describes your relationship to this person? Please select from the drop-downlist.,,
d83_4,"83. In the past week, how would you describe the quality of your relationship with this person? - 4 - What best describes your relationship to this person",,
d84_4,84. How would you describe the quality of your relationship with this person before the COVID-19 lock down? (Before 23rd March in UK) - 4 - What best describes your relationship to this person,,
e85,"85. In general, did you have any health problems that require you to limit your activities?",,
e86,86. Did you need someone to help you on a regular basis?,,
e87,"87. In general, did you have any health problems that require you to stay at home?",,
e88,"88. If you needed, could you count on someone close to you?",,
e89,"89. Did you regularly use a stick, walker or wheelchair to move about?",,
e90,90. In general would you say your health was:,,
e91,"91. In general, do you have any health problems that require you to limit your activities?",,
e92,92. Do you need someone to help you on a regular basis?,,
e93,"93. In general, do you have any health problems that require you to stay at home?",,
e94,"94. If you need, can you count on someone close to you?",,
e95,"95. Do you regularly use a stick, walker or wheelchair to move about?",,
e96,96. In general would you say your health is:,,
e97,"97. Which one of these best describes what you were doing just before the COVID-19 outbreak? If you were doing more than one activity, please choose the activity you spent the most time doing? Select one only",,
e98_1,"98. Are you currently fulfilling any of the government's identified 'key worker' roles? - Health, social care or relevant related support worker",,
e98_2,98. Are you currently fulfilling any of the government's identified 'key worker' roles? - Teacher or childcare worker still travelling in to work,,
e98_3,98. Are you currently fulfilling any of the government's identified 'key worker' roles? - Transport worker still travelling in to work,,
e98_4,"98. Are you currently fulfilling any of the government's identified 'key worker' roles? - Food chain worker (e.g. production, sale, delivery)",,
e98_5,"98. Are you currently fulfilling any of the government's identified 'key worker' roles? - Key public services worker (e.g. justice staff, religious staff, public service journalist or mortuary worker)",,
e98_6,98. Are you currently fulfilling any of the government's identified 'key worker' roles? - Local or national government worker delivering essential public services,,
e98_7,"98. Are you currently fulfilling any of the government's identified 'key worker' roles? - Utility worker (e.g. energy, sewerage, postal service)",,
e98_8,98. Are you currently fulfilling any of the government's identified 'key worker' roles? - Public safety or national security worker,,
e98_9,98. Are you currently fulfilling any of the government's identified 'key worker' roles? - Worker involved in medicines or protective equipment production or distribution,,
e99_1,"99. In the three months prior to the COVID-19 outbreak, have you or your partner claimed any of the following: - Free school meals",,
e99_2,"99. In the three months prior to the COVID-19 outbreak, have you or your partner claimed any of the following: - Universal credit",,
e99_3,"99. In the three months prior to the COVID-19 outbreak, have you or your partner claimed any of the following: - Pension credit",,
e99_4,"99. In the three months prior to the COVID-19 outbreak, have you or your partner claimed any of the following: - Employment Support Allowance",,
e99_5,"99. In the three months prior to the COVID-19 outbreak, have you or your partner claimed any of the following: - Statutory sick pay",,
e99_6,"99. In the three months prior to the COVID-19 outbreak, have you or your partner claimed any of the following: - Housing benefit, council tax benefit, carers allowance and PIP",,
e100_2,"100. Now thinking about the time since the COVID-19 outbreak, have you or your partner made any new claims for the following: - Universal credit",,
e100_3,"100. Now thinking about the time since the COVID-19 outbreak, have you or your partner made any new claims for the following: - Pension credit",,
e100_4,"100. Now thinking about the time since the COVID-19 outbreak, have you or your partner made any new claims for the following: - Employment Support Allowance",,
e100_5,"100. Now thinking about the time since the COVID-19 outbreak, have you or your partner made any new claims for the following: - Statutory sick pay",,
e100_6,"100. Now thinking about the time since the COVID-19 outbreak, have you or your partner made any new claims for the following: - Housing benefit, council tax benefit, carers allowance and PIP",,
e100_7,"100. Now thinking about the time since the COVID-19 outbreak, have you or your partner made any new claims for the following: - A grant through the new self-employment income support scheme",,
e101,101. What is your relationship status?,,
e102,102. Has your relationship status changes in the last 6 months?,,
e103,103. Has your relationship status changed as a direct result of COVID-19 related isolation measures?,,
e104,"104. What is the highest academic/educational qualification (or its  nearest equivalent), that you have received?Select one only",,
avail_from_dt,,,
