variable_name,variable_label,value_value,value_label
study_id_e,,,
a1,Refers to the participant's sex as definied when joining the registry.,,
a2,Refers to the year of birth. Extrated from the full date of birth provided when joining the registry.,,
a3,Refers to the age of the participant when ethnicity was self-reported.,,
a4,"Refers to the participant's ethnicity. Information was collected in CoPE1, CoPE2 or proivded by the participant when joining the registry.",,
a5,,,
a6,,,
a7,,,
avail_from_dt,,,
