variable_name,variable_label,value_value,value_label
study_id_e,,,
a1,Refers to the participant's sex as definied when joining the registry.,999906.0,No data available
a2,Refers to the year of birth. Extrated from the full date of birth provided when joining the registry.,1.0,Male
a2,Refers to the year of birth. Extrated from the full date of birth provided when joining the registry.,2.0,Female
a2,Refers to the year of birth. Extrated from the full date of birth provided when joining the registry.,9.0,Unknown
a3,Refers to the age of the participant when ethnicity was self-reported.,999906.0,No data available
a4,"Refers to the participant's ethnicity. Information was collected in CoPE1, CoPE2 or proivded by the participant when joining the registry.",999906.0,No data available
a5,,999906.0,No data available
a6,,999906.0,No data available
a7,,1.0,Male
a7,,2.0,Female
a7,,999901.0,Prefer not to answer
a7,,999905.0,Unable to determine
a7,,999906.0,No data available
avail_from_dt,,,
