variable_name,variable_label,value_value,value_label
study_id_e,,,
a2,Refers to the family structure. STUDY_IDs with the same  STUDY_FAMILY_ID are either twins or triplets.,,
a2,Refers to the family structure. STUDY_IDs with the same  STUDY_FAMILY_ID are either twins or triplets.,,
a3,Refers to the participant's zygosity.,MZ,Monozygotic
a3,Refers to the participant's zygosity.,DZ,Dizygotic
a3,Refers to the participant's zygosity.,UZ,Unknown or Undetermined yet
a3,Refers to the participant's zygosity.,MZ,Monozygotic
a3,Refers to the participant's zygosity.,DZ,Dizygotic
a3,Refers to the participant's zygosity.,UZ,Unknown or Undetermined yet
a3,Refers to the participant's zygosity.,MZ,Monozygotic
a3,Refers to the participant's zygosity.,DZ,Dizygotic
a3,Refers to the participant's zygosity.,UZ,Unknown or Undetermined yet
a3,Refers to the participant's zygosity.,MZ,Monozygotic
a3,Refers to the participant's zygosity.,DZ,Dizygotic
a3,Refers to the participant's zygosity.,UZ,Unknown or Undetermined yet
avail_from_dt,,,
