variable_name,variable_label,value_value,value_label
acpdisp_1,,,
acpdisp_2,,,
acpdisp_3,,,
acpdisp_4,,,
acpdisp_5,,,
acpdisp_6,,,
acpdisp_7,,,
acpdisp_8,,,
acpdisp_9,,,
acpdqind_1,,,
acpdqind_2,,,
acpdqind_3,,,
acpdqind_4,,,
acpdqind_5,,,
acpdqind_6,,,
acpdqind_7,,,
acpdqind_8,,,
acpdqind_9,,,
acpend_1,,,
acpend_2,,,
acpend_3,,,
acpend_4,,,
acpend_5,,,
acpend_6,,,
acpend_7,,,
acpend_8,,,
acpend_9,,,
acploc_1,,,
acploc_2,,,
acploc_3,,,
acploc_4,,,
acploc_5,,,
acploc_6,,,
acploc_7,,,
acploc_8,,,
acploc_9,,,
acpn_1,,,
acpn_2,,,
acpn_3,,,
acpn_4,,,
acpn_5,,,
acpn_6,,,
acpn_7,,,
acpn_8,,,
acpn_9,,,
acpout_1,,,
acpout_2,,,
acpout_3,,,
acpout_4,,,
acpout_5,,,
acpout_6,,,
acpout_7,,,
acpout_8,,,
acpout_9,,,
acpplan_1,,,
acpplan_2,,,
acpplan_3,,,
acpplan_4,,,
acpplan_5,,,
acpplan_6,,,
acpplan_7,,,
acpplan_8,,,
acpplan_9,,,
acpsour_1,,,
acpsour_2,,,
acpsour_3,,,
acpsour_4,,,
acpsour_5,,,
acpsour_6,,,
acpsour_7,,,
acpsour_8,,,
acpsour_9,,,
acpspef_1,,,
acpspef_2,,,
acpspef_3,,,
acpspef_4,,,
acpspef_5,,,
acpspef_6,,,
acpspef_7,,,
acpspef_8,,,
acpspef_9,,,
acpstar_1,,,
acpstar_2,,,
acpstar_3,,,
acpstar_4,,,
acpstar_5,,,
acpstar_6,,,
acpstar_7,,,
acpstar_8,,,
acpstar_9,,,
depdays_1,,,
depdays_2,,,
depdays_3,,,
depdays_4,,,
depdays_5,,,
depdays_6,,,
depdays_7,,,
depdays_8,,,
depdays_9,,,
epikey,,,
fyear,,,
intdays_1,,,
intdays_2,,,
intdays_3,,,
intdays_4,,,
intdays_5,,,
intdays_6,,,
intdays_7,,,
intdays_8,,,
intdays_9,,,
numacp,,,
orgsup_1,,,
orgsup_2,,,
orgsup_3,,,
orgsup_4,,,
orgsup_5,,,
orgsup_6,,,
orgsup_7,,,
orgsup_8,,,
orgsup_9,,,
partyear,,,
avail_from_dt,,,
row_version,,,
