variable_name,variable_label,value_value,value_label
orgid_provider,,,
extractperiod_startdate,,,
extractperiod_enddate,,,
pseudo_patientpathwayid,,,
patientpathwayid_orgid,,,
waitingtime_measurementtype,,,
rtt_startdate,,,
rtt_starttime,,,
rtt_enddate,,,
rtt_endtime,,,
rtt_status,,,
pseudo_unique_servicerequestid,,,
days_rttstart_to_end,,,
ageyr_rtt_startdate,,,
ageyr_rtt_enddate,,,
agegroup_rtt_startdate,,,
agegroup_rtt_enddate,,,
ageband_rtt_startdate,,,
ageband_rtt_enddate,,,
waitingtime_minutes,,,
waitingtime_overnight,,,
responsestandard_met,,,
childageband_rtt_startdate,,,
childageband_rtt_enddate,,,
cohortkey_e,,,
nic_number,,,
avail_from_dt,,,
row_version,,,
