variable_name,variable_label,value_value,value_label
admidate,,,
admimeth,,,
admincat,,,
admincatst,,,
admisorc,,,
aekey,,,
alcbrddiag,,,
alcbrdfrac,,,
alcdiag_4,,,
alcfrac,,,
alcnrwdiag,,,
alcnrwfrac,,,
at_gp_practice,,,
at_residence,,,
at_treatment,,,
cannet,,,
canreg,,,
cause_3,,,
cause_4,,,
ccg_gp_practice_e,,,
ccg_residence_e,,,
ccg_responsibility_e,,,
ccg_responsibility_origin_e,,,
ccg_treatment_e,,,
ccg_treatment_origin_e,,,
classpat,,,
cr_gp_practice,,,
cr_residence,,,
cr_treatment,,,
diag_3_01,,,
diag_3_02,,,
diag_3_03,,,
diag_3_04,,,
diag_3_05,,,
diag_3_06,,,
diag_3_07,,,
diag_3_08,,,
diag_3_09,,,
diag_3_10,,,
diag_3_11,,,
diag_3_12,,,
diag_3_concat,,,
diag_4_01,,,
diag_4_02,,,
diag_4_03,,,
diag_4_04,,,
diag_4_05,,,
diag_4_06,,,
diag_4_07,,,
diag_4_08,,,
diag_4_09,,,
diag_4_10,,,
diag_4_11,,,
diag_4_12,,,
diag_4_concat,,,
diag_count,,,
disdate,,,
disdest,,,
dismeth,,,
elecdate,,,
elecdur,,,
elecdur_calc,,,
epidur,,,
epiend,,,
epikey,,,
epiorder,,,
epistart,,,
epistat,,,
epitype,,,
ethnos,,,
fae,,,
fae_emergency,,,
fce,,,
fde,,,
fyear,,,
gortreat,,,
gpprac_e,,,
hrglate35,,,
lsoa01_e,,,
lsoa11_e,,,
mainspef,,,
msoa01_e,,,
msoa11_e,,,
mydob,,,
neodur,,,
opertn_3_01,,,
opertn_3_02,,,
opertn_3_03,,,
opertn_3_04,,,
opertn_3_05,,,
opertn_3_06,,,
opertn_3_07,,,
opertn_3_08,,,
opertn_3_09,,,
opertn_3_10,,,
opertn_3_11,,,
opertn_3_12,,,
opertn_3_13,,,
opertn_3_14,,,
opertn_3_15,,,
opertn_3_16,,,
opertn_3_17,,,
opertn_3_18,,,
opertn_3_19,,,
opertn_3_20,,,
opertn_3_21,,,
opertn_3_22,,,
opertn_3_23,,,
opertn_3_24,,,
opertn_3_concat,,,
opertn_4_01,,,
opertn_4_02,,,
opertn_4_03,,,
opertn_4_04,,,
opertn_4_05,,,
opertn_4_06,,,
opertn_4_07,,,
opertn_4_08,,,
opertn_4_09,,,
opertn_4_10,,,
opertn_4_11,,,
opertn_4_12,,,
opertn_4_13,,,
opertn_4_14,,,
opertn_4_15,,,
opertn_4_16,,,
opertn_4_17,,,
opertn_4_18,,,
opertn_4_19,,,
opertn_4_20,,,
opertn_4_21,,,
opertn_4_22,,,
opertn_4_23,,,
opertn_4_24,,,
opertn_4_concat,,,
opertn_count,,,
partyear,,,
pcon_e,,,
pcon_ons_e,,,
pctcode_his_e,,,
pctorig_his,,,
pcttreat_e,,,
procode3_e,,,
procode5_e,,,
procodet_e,,,
purcode_e,,,
rescty_e,,,
rescty_ons_e,,,
resgor,,,
resgor_ons,,,
resladst_e,,,
resladst_ons_e,,,
respct_his_e,,,
resstha_his,,,
sex,,,
sitetret_e,,,
spelbgin,,,
speldur,,,
spelend,,,
startage,,,
startage_calc,,,
sthatret,,,
sushrg,,,
susrecid,,,
tretspef,,,
waitlist,,,
cohortkey_e,,,
nic_number,,,
avail_from_dt,,,
row_version,,,
