variable_name,variable_label,value_value,value_label
orgid_provider,,,
extractperiod_startdate,,,
extractperiod_enddate,,,
datsetver,,,
orgidlocalpatientid,,,
orgidresidenceresp,,,
nhsnumberstatus,,,
gender,,,
ethniccategory,,,
languagecodepreferred,,,
eduestabtypeiapt,,,
orgid_ccg_residence,,,
ageyr_extract_startdate,,,
ageyr_extract_enddate,,,
postcode_district,,,
postcode_default,,,
validpostcode_flag,,,
lsoa_e,,,
census_year,,,
localauthority,,,
county,,,
electoralward,,,
validated_ethniccategory,,,
indicesofdeprivationdecile,,,
indicesofdeprivationquartile,,,
imd_year,,,
gmpcodereg,,,
startdategmpregistration,,,
enddategmpregistration,,,
orgidgpprac,,,
orgid_ccg_gp,,,
distancefromhome_gp,,,
employstatus,,,
employstatusrecdate,,,
weekhoursworked,,,
selfemployind,,,
sickabsenceind,,,
sspind,,,
benefitrecind,,,
jsaind,,,
esaind,,,
ucind,,,
pipind,,,
otherbenefitind,,,
empsupportind,,,
empsupportreferral,,,
disabcode,,,
religion_socpercircumstance,,,
religion_socpercircumstance_recdate,,,
sexorien_socpercircumstance,,,
sexorien_socpercircumstance_recdate,,,
smokingstatus_socpercircumstance,,,
smokingstatus_socpercircumstance_recdate,,,
asylumstatus_socpercircumstance,,,
asylumstatus_socpercircumstance_recdate,,,
alcoholusestatus_socpercircumstance,,,
alcoholusestatus_socpercircumstance_recdate,,,
drugusestatus_socpercircumstance,,,
drugusestatus_socpercircumstance_recdate,,,
debtstatus_socpercircumstance,,,
debtstatus_socpercircumstance_recdate,,,
gamblingstatus_socpercircumstance,,,
gamblingstatus_socpercircumstance_recdate,,,
other_socpercircumstance,,,
other_socpercircumstance_recdate,,,
ovsvischcat,,,
ovsvischcatappdate,,,
orgidcomm,,,
referralrequestreceiveddate,,,
sourceofreferralmh,,,
onsetdate,,,
prevdiagcondind,,,
endcode,,,
servdischdate,,,
pseudo_unique_servicerequestid,,,
age_referralrequest_receiveddate,,,
age_servicedischarge_date,,,
pathwayid,,,
employmentstatus_first,,,
employmentstatus_last,,,
sickpayindicator_first,,,
sickpayindicator_last,,,
psychotropicindicator_first,,,
psychotropicindicator_last,,,
secondarypresentingcomplaint,,,
assessment_firstdate,,,
assessment_lastdate,,,
therapysession_firstdate,,,
therapysession_seconddate,,,
therapysession_lastdate,,,
carecontact_count,,,
treatmentcarecontact_count,,,
highintensitytherapy_firstdate,,,
lowintensitytherapy_firstdate,,,
therapytype_first,,,
therapytype_last,,,
appliedrelaxation_count,,,
briefpsychodynamicpsychotherapy_count,,,
cognitivebehaviourtherapy_count,,,
collaborativecare_count,,,
counsellingdepression_count,,,
couplestherapydepression_count,,,
employmentsupport_count,,,
eyemovementdesensitisationreprocessing_count,,,
guidedselfhelp_book_count,,,
guidedselfhelp_computer_count,,,
interpersonalpsychotherapy_count,,,
mindfulness_count,,,
nonguidedselfhelp_book_count,,,
nonguidedselfhelp_computer_count,,,
otherhighintensity_count,,,
otherlowintensity_count,,,
psychoeducationalpeersupport_count,,,
structuredphysicalactivity_count,,,
communitysignposting_count,,,
completedtreatment_flag,,,
gad_firstscore,,,
gad_lastscore,,,
phq9_firstscore,,,
phq9_lastscore,,,
agoraalone_firstscore,,,
agoraalone_lastscore,,,
agoraaccom_firstscore,,,
agoraaccom_lastscore,,,
socialphobia_firstscore,,,
socialphobia_lastscore,,,
panicdisorder_firstscore,,,
panicdisorder_lastscore,,,
ocd_firstscore,,,
ocd_lastscore,,,
ptsd_firstscore,,,
ptsd_lastscore,,,
biq_firstscore,,,
biq_lastscore,,,
bpi_firstscore,,,
bpi_lastscore,,,
cat_firstscore,,,
cat_lastscore,,,
dds_firstscore,,,
dds_lastscore,,,
ibs_firstscore,,,
ibs_lastscore,,,
phq15_firstscore,,,
phq15_lastscore,,,
pswq_firstscore,,,
pswq_lastscore,,,
adsm,,,
adsm_firstscore,,,
adsm_lastscore,,,
wasas_homemanagement_firstscore,,,
wasas_privateleisureactivities_firstscore,,,
wasas_relationships_firstscore,,,
wasas_socialleisureactivities_firstscore,,,
wasas_work_firstscore,,,
wasas_homemanagement_lastscore,,,
wasas_privateleisureactivities_lastscore,,,
wasas_relationships_lastscore,,,
wasas_socialleisureactivities_lastscore,,,
wasas_work_lastscore,,,
anxietyinventory_firstscore,,,
anxietyinventory_lastscore,,,
caseness_flag,,,
notcaseness_flag,,,
recovery_flag,,,
reliableimprovement_flag,,,
nochange_flag,,,
reliabledeterioration_flag,,,
integratedcontact_firstdate,,,
integratedtreatment_firstdate,,,
empsupport_firstdate,,,
empsupport_lastdate,,,
empstatus_firstdate,,,
internetenabledtherapy_count,,,
commissioningregion,,,
adsm_firstscoreatcaseness,,,
adsm_firstscorenotatcaseness,,,
adsm_lastscorenotatcaseness,,,
ppsm,,,
ppsm_firstscore,,,
ppsm_lastscore,,,
carecontact_notattended_count,,,
carecontact_facetoface_count,,,
carecontact_telephone_count,,,
carecontact_telemedicine_count,,,
carecontact_talktype_count,,,
carecontact_email_count,,,
carecontact_sms_count,,,
carecontact_onlineim_count,,,
carecontact_other_count,,,
cohortkey_e,,,
nic_number,,,
avail_from_dt,,,
row_version,,,
