variable_name,variable_label,value_value,value_label
activage,,,
attendkey,,,
babyage,,,
carersi,,,
csnum,,,
currward_e,,,
currward_ons_e,,,
diag_01,,,
diag_02,,,
diag_03,,,
diag_04,,,
diag_05,,,
diag_06,,,
diag_07,,,
diag_08,,,
diag_09,,,
diag_10,,,
diag_11,,,
diag_12,,,
earldatoff,,,
ethrawl,,,
fyear,,,
gppracha,,,
gppracro,,,
gpprpct_e,,,
gpprstha,,,
hatreat,,,
hrgnhs,,,
hrgnhsvn,,,
imd04_decile,,,
marstat,,,
mydob,,,
newnhsno_check,,,
nhsnoind,,,
nodiags,,,
noprocs,,,
oacode6_e,,,
opcs43,,,
operstat,,,
opertn_01,,,
opertn_02,,,
opertn_03,,,
opertn_04,,,
opertn_05,,,
opertn_06,,,
opertn_07,,,
opertn_08,,,
opertn_09,,,
opertn_10,,,
opertn_11,,,
opertn_12,,,
opertn_13,,,
opertn_14,,,
opertn_15,,,
opertn_16,,,
opertn_17,,,
opertn_18,,,
opertn_19,,,
opertn_20,,,
opertn_21,,,
opertn_22,,,
opertn_23,,,
opertn_24,,,
orgpppid_e,,,
partyear,,,
pcfound,,,
pconsult,,,
pctcode02_e,,,
pctcode06_e,,,
pctnhs_e,,,
pctorig02,,,
pctorig06_e,,,
preggmp,,,
primerecp,,,
procode_e,,,
protype,,,
purstha,,,
purval,,,
resha,,,
respct02_e,,,
respct06_e,,,
resro,,,
resstha02,,,
resstha06,,,
rotreat,,,
rttperend,,,
rttperstart,,,
rttperstat,,,
rururb_ind,,,
sender,,,
subdate,,,
sushrgvers,,,
suslddate,,,
susrecid,,,
susspellid,,,
ward91_e,,,
avail_from_dt,,,
row_version,,,
