variable_name,variable_label,value_value,value_label
paidflavourindicator,,,
patientlsoa_e,,,
prescribedquantity,,,
prescribertype,,,
paidquantity,,,
notdispensedindicator,,,
prescribedformulation,,,
maternityexemptionflag,,,
paidindicator,,,
prescribedmedicinestrength,,,
paidacbsindicator,,,
dispensedpharmacytype,,,
paiddmdcode,,,
itemnic,,,
dispensedcountrycode,,,
itemid,,,
paidsuppliername,,,
bsaprescriptionid,,,
prescribedcountrycode,,,
prescribeddmdcode,,,
exemptioncode,,,
prescribedbnfcode,,,
paiddrugstrength,,,
patientage,,,
paidbnfname,,,
paidpadmindicator,,,
costcentreodscode_e,,,
patientgplsoa_e,,,
epsprescriptionid,,,
paidbnfcode,,,
epsprescriptionindicator,,,
patientgpods_e,,,
dispensedpharmacylsoa_e,,,
paidcdindicator,,,
paiddissallowedindicator,,,
processedperiod,,,
prescribedbnfname,,,
prescribedsuppliername,,,
dispensedpharmacyodscode_e,,,
patientgender,,,
itemactualcost,,,
paidspeccontindicator,,,
chargestatus,,,
costcentretype,,,
privateprescriptionindicator,,,
outofhoursindicator,,,
costcentresubtype,,,
paiddisallowedreason,,,
paidformulation,,,
agebands,,,
processingperioddate,,,
costcentrelsoa_e,,,
highvolvaccineindicator,,,
cohortkey_e,,,
nic_number,,,
avail_from_dt,,,
row_version,,,
