variable_name,variable_label,value_value,value_label
ageservreferdischdate,,,
ageservreferrecdate,,,
clinrespprioritytype,,,
dischletterissdate,,,
dischplancreationdate,,,
dischplancreationtime,,,
dischplanlastupdateddate,,,
dischplanlastupdatedtime,,,
mhs101uniqid,,,
nhsservagreelinenum,,,
orgidcomm_e,,,
orgidprov_e,,,
orgidreferring_e,,,
primreasonreferralmh,,,
reasonoat,,,
recordnumber,,,
referralrequestreceiveddate,,,
referralrequestreceivedtime,,,
referringcareprofessionalstaffgroup,,,
servdischdate,,,
servdischtime,,,
pservicerequestid,,,
sourceofreferralmh,,,
specialisedmhservicecode,,,
puniqservreqid,,,
uniqsubmissionid,,,
month_id,,,
cohortkey_e,,,
nic_number,,,
avail_from_dt,,,
row_version,,,
