variable_name,variable_label,value_value,value_label
anagest,,,
anasdate,,,
antedur,,,
biresus_1,,,
biresus_2,,,
biresus_3,,,
biresus_4,,,
biresus_5,,,
biresus_6,,,
biresus_7,,,
biresus_8,,,
biresus_9,,,
birordr_1,,,
birordr_2,,,
birordr_3,,,
birordr_4,,,
birordr_5,,,
birordr_6,,,
birordr_7,,,
birordr_8,,,
birordr_9,,,
birstat_1,,,
birstat_2,,,
birstat_3,,,
birstat_4,,,
birstat_5,,,
birstat_6,,,
birstat_7,,,
birstat_8,,,
birstat_9,,,
birweit_1,,,
birweit_2,,,
birweit_3,,,
birweit_4,,,
birweit_5,,,
birweit_6,,,
birweit_7,,,
birweit_8,,,
birweit_9,,,
delchang,,,
delinten,,,
delmeth_1,,,
delmeth_2,,,
delmeth_3,,,
delmeth_4,,,
delmeth_5,,,
delmeth_6,,,
delmeth_7,,,
delmeth_8,,,
delmeth_9,,,
delmeth_d,,,
delonset,,,
delplac_1,,,
delplac_2,,,
delplac_3,,,
delplac_4,,,
delplac_5,,,
delplac_6,,,
delplac_7,,,
delplac_8,,,
delplac_9,,,
delposan,,,
delprean,,,
delstat_1,,,
delstat_2,,,
delstat_3,,,
delstat_4,,,
delstat_5,,,
delstat_6,,,
delstat_7,,,
delstat_8,,,
delstat_9,,,
epikey,,,
fyear,,,
gestat_1,,,
gestat_2,,,
gestat_3,,,
gestat_4,,,
gestat_5,,,
gestat_6,,,
gestat_7,,,
gestat_8,,,
gestat_9,,,
matage,,,
maternity_episode_type,,,
numbaby,,,
numpreg,,,
numtailb,,,
partyear,,,
postdur,,,
sexbaby_1,,,
sexbaby_2,,,
sexbaby_3,,,
sexbaby_4,,,
sexbaby_5,,,
sexbaby_6,,,
sexbaby_7,,,
sexbaby_8,,,
sexbaby_9,,,
avail_from_dt,,,
row_version,,,
