variable_name,variable_label,value_value,value_label
orgid_provider,,,
extractperiod_startdate,,,
extractperiod_enddate,,,
carecontdate,,,
careconttime,,,
orgidcomm,,,
plannedcarecontindicator,,,
attendordnacode,,,
cancellation,,,
clincontdurofcarecont,,,
iaptltcserviceind,,,
apptype,,,
consmediumused,,,
intenabledtherprog,,,
carecontpatientthermode,,,
numgrouptherparticipants,,,
numgrouptherfacilitators,,,
psychmed,,,
actloctypecode,,,
siteidoftreat,,,
languagecodetreat,,,
interpreterpresentind,,,
pseudo_unique_servicerequestid,,,
pseudo_unique_carecontactid,,,
age_carecontact_date,,,
distancefromhome_contactlocation,,,
time_referral_to_carecontact,,,
pathwayid,,,
clincontactdurofcareact,,,
codeprocandprocstatus,,,
findschemeinuse,,,
codefind,,,
codeobs,,,
obsvalue,,,
unitmeasure,,,
pseudounique_careactivityid,,,
pseudounique_carepersonnelid_local,,,
validated_findingcode,,,
findingcode_icd10_master,,,
findingdescription_icd10_master,,,
qualattainleveliapt,,,
qualawardeddate,,,
qualplannedcompletiondate,,,
cohortkey_e,,,
nic_number,,,
avail_from_dt,,,
row_version,,,
