variable_name,variable_label,value_value,value_label
aearrivalmode,,,
aeattend_exc_planned,,,
aeattendcat,,,
aeattenddisp,,,
aedepttype,,,
aeincloctype,,,
aekey,,,
aekey_flag,,,
aepatgroup,,,
aerefsource,,,
arrivalage,,,
arrivalage_calc,,,
arrivaldate,,,
arrivaltime,,,
at_gp_practice,,,
at_residence,,,
at_treatment,,,
cannet,,,
canreg,,,
ccg_gp_practice_e,,,
ccg_residence_e,,,
ccg_responsibility_e,,,
ccg_responsibility_origin,,,
ccg_treatment_e,,,
ccg_treatment_origin,,,
concldur,,,
concltime,,,
cr_gp_practice,,,
cr_residence,,,
cr_treatment,,,
depdur,,,
deptime,,,
diag2_01,,,
diag2_02,,,
diag2_03,,,
diag2_04,,,
diag2_05,,,
diag2_06,,,
diag2_07,,,
diag2_08,,,
diag2_09,,,
diag2_10,,,
diag2_11,,,
diag2_12,,,
diag3_01,,,
diag3_02,,,
diag3_03,,,
diag3_04,,,
diag3_05,,,
diag3_06,,,
diag3_07,,,
diag3_08,,,
diag3_09,,,
diag3_10,,,
diag3_11,,,
diag3_12,,,
diaga_01,,,
diaga_02,,,
diaga_03,,,
diaga_04,,,
diaga_05,,,
diaga_06,,,
diaga_07,,,
diaga_08,,,
diaga_09,,,
diaga_10,,,
diaga_11,,,
diaga_12,,,
diags_01,,,
diags_02,,,
diags_03,,,
diags_04,,,
diags_05,,,
diags_06,,,
diags_07,,,
diags_08,,,
diags_09,,,
diags_10,,,
diags_11,,,
diags_12,,,
diagscheme,,,
epikey,,,
ethnos,,,
fyear,,,
gortreat,,,
gpprac_e,,,
initdur,,,
inittime,,,
invest2_01,,,
invest2_02,,,
invest2_03,,,
invest2_04,,,
invest2_05,,,
invest2_06,,,
invest2_07,,,
invest2_08,,,
invest2_09,,,
invest2_10,,,
invest2_11,,,
invest2_12,,,
lsoa01_e,,,
lsoa11_e,,,
msoa01_e,,,
msoa11_e,,,
partyear,,,
pcon,,,
pcon_ons_e,,,
pctcode_his_e,,,
pctorig_his,,,
pcttreat_e,,,
procode3_e,,,
procode5_e,,,
procodet_e,,,
purcode_e,,,
rescty_e,,,
rescty_ons_e,,,
resgor,,,
resgor_ons,,,
resladst,,,
resladst_ons,,,
respct_his_e,,,
resstha_his,,,
sex,,,
sthatret,,,
sushrg,,,
treat2_01,,,
treat2_02,,,
treat2_03,,,
treat2_04,,,
treat2_05,,,
treat2_06,,,
treat2_07,,,
treat2_08,,,
treat2_09,,,
treat2_10,,,
treat2_11,,,
treat2_12,,,
treat3_01,,,
treat3_02,,,
treat3_03,,,
treat3_04,,,
treat3_05,,,
treat3_06,,,
treat3_07,,,
treat3_08,,,
treat3_09,,,
treat3_10,,,
treat3_11,,,
treat3_12,,,
tretdur,,,
trettime,,,
mydob,,,
cohortkey_e,,,
nic_number,,,
avail_from_dt,,,
row_version,,,
