variable_name,variable_label,value_value,value_label
activage,,,
aekey,,,
appdate,,,
carersi,,,
cdsextdate,,,
cdsverprotid,,,
csnum,,,
currward_e,,,
currward_ons_e,,,
diag_01,,,
diag_02,,,
diag_03,,,
diag_04,,,
diag_05,,,
diag_06,,,
diag_07,,,
diag_08,,,
diag_09,,,
diag_10,,,
diag_11,,,
diag_12,,,
domproc,,,
fyear,,,
gpprpct_e,,,
gpprstha,,,
hatreat,,,
hrgnhs,,,
hrgnhsvn,,,
imd04_decile,,,
invest_01,,,
invest_02,,,
invest_03,,,
invest_04,,,
invest_05,,,
invest_06,,,
invest_07,,,
invest_08,,,
invest_09,,,
invest_10,,,
invest_11,,,
invest_12,,,
newnhsno_check,,,
nhsnoind,,,
nodiags,,,
noinvests,,,
notreats,,,
oacode6_e,,,
orgpppid_e,,,
partyear,,,
pcfound,,,
pctcode02,,,
pctcode06,,,
pctorig02,,,
perend,,,
preggmp,,,
procode_e,,,
protype,,,
purstha,,,
purval,,,
resha,,,
respct02,,,
respct06,,,
resro,,,
resstha02,,,
resstha06,,,
rotreat,,,
rttperend,,,
rttperstart,,,
rttperstat,,,
rururb_ind,,,
subdate,,,
sushrginfo,,,
sushrgverinfo,,,
sushrgvers,,,
suslddate,,,
susrecid,,,
susspellid,,,
treat_01,,,
treat_02,,,
treat_03,,,
treat_04,,,
treat_05,,,
treat_06,,,
treat_07,,,
treat_08,,,
treat_09,,,
treat_10,,,
treat_11,,,
treat_12,,,
waitdays,,,
ward91_e,,,
avail_from_dt,,,
row_version,,,
