variable_name,variable_label,value_value,value_label
ethnicity,,,
carehomerole,,,
testlocation,,,
nhsregion,,,
recordcreateddate,,,
analyser,,,
organisationid,,,
covidsymptomatic,,,
administrationmethod,,,
nondigitaluser,,,
appointmentdate,,,
dateofonset,,,
keyworkertype,,,
processinglabcode,,,
dateofpositivetest,,,
country,,,
resultvalueunitofmeasure,,,
specimenprocesseddate,,,
industrysector,,,
subjectid,,,
testcentreid,,,
testenddate,,,
accessiondate,,,
workstatus,,,
keyworkerid,,,
occupation,,,
testtype,,,
teststartdate,,,
testkit,,,
specimenid,,,
testresult,,,
cohortkey_e,,,
nic_number,,,
avail_from_dt,,,
row_version,,,
