variable_name,variable_label,value_value,value_label
orgid_provider,,,
extractperiod_startdate,,,
extractperiod_enddate,,,
immunisation_date,,,
procedure_scheme,,,
immunisationprocedure,,,
childhoodimmunisation_type,,,
orgid_immunisationresponsible,,,
schoolyear_immunisation_date,,,
ageyr_immunisation_date,,,
agegroup_immunisation_date,,,
ageband_immunisation_date,,,
mastersnomedctprocedurecode,,,
mastersnomedctprocedureterm,,,
mapopcs4procedurecode,,,
mapopcs4proceduredesc,,,
childageband_immunisation_date,,,
cohortkey_e,,,
nic_number,,,
avail_from_dt,,,
row_version,,,
