variable_name,variable_label,value_value,value_label
cohortkey_e,,,
sex,sex,1,Male
sex,sex,2,Female
sex,sex,9,Indeterminate (unable to be classified as either male or female)
sex,sex,0,Not known
deceased,deceased,0,Not deceased
reg_date_of_death,"If deceased, date of death",,
ethnic,ethnicity,A,British (White) 
ethnic,ethnicity,B,Irish (White)
ethnic,ethnicity,C,Any other White background
ethnic,ethnicity,D,White and Black Caribbean (Mixed)
ethnic,ethnicity,E,White and Black African (Mixed)
ethnic,ethnicity,F,White and Asian (Mixed)
ethnic,ethnicity,G,Any other Mixed background
ethnic,ethnicity,H,Indian (Asian or Asian British)
ethnic,ethnicity,J,Pakistani (Asian or Asian British)
ethnic,ethnicity,K,Bangladeshi (Asian or Asian British)
ethnic,ethnicity,L,Any other Asian background
ethnic,ethnicity,M,Caribbean (Black or Black British)
ethnic,ethnicity,N,African (Black or Black British)
ethnic,ethnicity,P,Any other Black background
ethnic,ethnicity,R,Chinese (other ethnic group)
ethnic,ethnicity,S,Any other ethnic group
ethnic,ethnicity,Z,Not stated
ethnic,ethnicity,X,Not known (prior to 2013)
ethnic,ethnicity,99,Not known (2013 onwards)
ethnic,ethnicity,0,White
ethnic,ethnicity,1,Black - Caribbean
ethnic,ethnicity,2,Black - African
ethnic,ethnicity,3,Black - Other
ethnic,ethnicity,4,Indian
ethnic,ethnicity,5,Pakistani
ethnic,ethnicity,6,Bangladeshi
ethnic,ethnicity,7,Chinese
ethnic,ethnicity,8,Any other ethnic group
ethnic,ethnicity,9,Not given
ethnic,ethnicity,99,Not known
dob_year_month,date of birth year and month,,
last_seen_date,most recent appearance in nhs data,,
avail_from_dt,,,
