variable_name,variable_label,value_value,value_label
cohortkey_e,,,
cancer_count,Appearances in cancer table,,
cancer_date,Date of last appearance in cancer table,,
covidsgss_count,Appearances in COVIDSGSS table,,
covidsgss_date,Date of last appearance in COVIDSGSS table,,
cvar_count,Appearances in CVAR table,,
cvar_date,Date of last appearance in CVAR table,,
cvs_count,Appearances in CVS table,,
cvs_date,Date of last appearance in CVS table,,
gdppr_count,Appearances in GDPPR table,,
gdppr_date,Date of last appearance in GDPPR table,,
ielisa_count,Appearances in IELISA table,,
ielisa_date,Date of last appearance in IELISA table,,
mortality_count,Appearances in MORTALITY table,,
mortality_date,Date of last appearance in MORTALITY table,,
npex_count,Appearances in NPEX table,,
npex_date,Date of last appearance in NPEX table,,
pcm_count,Appearances in PCM table,,
pcm_date,Date of last appearance in PCM table,,
mhsds_count,Appearances in MHSDS tables,,
mhsds_date,,,
hes_count,Appearances in HES tables,,
hes_date,Date of last appearance in HES tables,,
last_seen_date,Date of last appearance across all NHS tables,,
avail_from_dt,,,
