variable_name,variable_label,value_label,value_value
lsoa11cd_e,,,
imd2019_q10,,,
imd2019_income_q10,,,
imd2019_employment_q10,,,
imd2019_education_q10,,,
imd2019_health_q10,,,
imd2019_crime_q10,,,
imd2019_barriers_q10,,,
imd2019_environment_q10,,,
imd2019_q3,Index of Multiple Deprivation (IMD) Decile (where 1 is most deprived 33% of LSOAs),,
imd2019_income_q3,Income Decile (where 1 is most deprived 33% of LSOAs),,
imd2019_employment_q3,Employment Decile (where 1 is most deprived 33% of LSOAs),,
imd2019_education_q3,"Education, Skills and Training Decile (where 1 is most deprived 33% of LSOAs)",,
imd2019_health_q3,Health Deprivation and Disability Decile (where 1 is most deprived 33% of LSOAs),,
imd2019_crime_q3,Crime Decile (where 1 is most deprived 33% of LSOAs),,
imd2019_barriers_q3,Barriers to Housing and Services Decile (where 1 is most deprived 33% of LSOAs),,
imd2019_environment_q3,Living Environment Decile (where 1 is most deprived 33% of LSOAs),,
imd2019_q4,Index of Multiple Deprivation (IMD) Decile (where 1 is most deprived 25% of LSOAs),,
imd2019_income_q4,Income Decile (where 1 is most deprived 25% of LSOAs),,
imd2019_employment_q4,Employment Decile (where 1 is most deprived 25% of LSOAs),,
imd2019_education_q4,"Education, Skills and Training Decile (where 1 is most deprived 25% of LSOAs)",,
imd2019_health_q4,Health Deprivation and Disability Decile (where 1 is most deprived 25% of LSOAs),,
imd2019_crime_q4,Crime Decile (where 1 is most deprived 25% of LSOAs),,
imd2019_barriers_q4,Barriers to Housing and Services Decile (where 1 is most deprived 25% of LSOAs),,
imd2019_environment_q4,Living Environment Decile (where 1 is most deprived 25% of LSOAs),,
imd2019_q5,Index of Multiple Deprivation (IMD) Decile (where 1 is most deprived 20% of LSOAs),,
imd2019_income_q5,Income Decile (where 1 is most deprived 20% of LSOAs),,
imd2019_employment_q5,Employment Decile (where 1 is most deprived 20% of LSOAs),,
imd2019_education_q5,"Education, Skills and Training Decile (where 1 is most deprived 20% of LSOAs)",,
imd2019_health_q5,Health Deprivation and Disability Decile (where 1 is most deprived 20% of LSOAs),,
imd2019_crime_q5,Crime Decile (where 1 is most deprived 20% of LSOAs),,
imd2019_barriers_q5,Barriers to Housing and Services Decile (where 1 is most deprived 20% of LSOAs),,
imd2019_environment_q5,Living Environment Decile (where 1 is most deprived 20% of LSOAs),,
people_km2_2020,People per Sq Km - mid 2020,,
ruc11cd_v2,2011 Urban rural classification collapsed from 8 catogories to 5,Urban minor conurbation,2.0
ruc11cd_v2,2011 Urban rural classification collapsed from 8 catogories to 5,Urban major conurbation,1.0
ruc11cd_v2,2011 Urban rural classification collapsed from 8 catogories to 5,Rural village and dispersed,5.0
ruc11cd_v2,2011 Urban rural classification collapsed from 8 catogories to 5,Urban city and town,3.0
ruc11cd_v2,2011 Urban rural classification collapsed from 8 catogories to 5,Rural town and fringe,4.0
gor10nm,Region name - 2010,,
ctry17nm,Country name 2017,,
avail_from_dt,,,
