variable_name,variable_label,value_value,value_label
study_id_e,,,
perid,Person number in household,-9.0,Refused
perid,Person number in household,-8.0,Don't know
perid,Person number in household,-1.0,Not applicable
iintdatd,interview day   - individual interview,,
iintdatm,interview month - individual interview,-9.0,Refused
iintdatm,interview month - individual interview,-8.0,Don't know
iintdatm,interview month - individual interview,-1.0,Not applicable
iintdatm,interview month - individual interview,1.0,January
iintdatm,interview month - individual interview,2.0,February
iintdatm,interview month - individual interview,3.0,March
iintdatm,interview month - individual interview,4.0,April
iintdatm,interview month - individual interview,5.0,May
iintdatm,interview month - individual interview,6.0,June
iintdatm,interview month - individual interview,7.0,July
iintdatm,interview month - individual interview,8.0,August
iintdatm,interview month - individual interview,9.0,September
iintdatm,interview month - individual interview,10.0,October
iintdatm,interview month - individual interview,11.0,November
iintdatm,interview month - individual interview,12.0,December
iintdaty,interview year  - individual interview,,
fqmqua,Whether obtained qualifications since last interview,-9.0,Refused
fqmqua,Whether obtained qualifications since last interview,-8.0,Don't Know
fqmqua,Whether obtained qualifications since last interview,-1.0,Not applicable
fqmqua,Whether obtained qualifications since last interview,1.0,Yes
fqmqua,Whether obtained qualifications since last interview,2.0,No
fqaqua,Whether has any qualifications (listed on card),-9.0,Refused
fqaqua,Whether has any qualifications (listed on card),-8.0,Don't Know
fqaqua,Whether has any qualifications (listed on card),-1.0,Not applicable
fqaqua,Whether has any qualifications (listed on card),1.0,Yes
fqaqua,Whether has any qualifications (listed on card),2.0,No
fqquadeg,Qualification type: degree/degree level qualification (including higher degree),-9.0,Refused
fqquadeg,Qualification type: degree/degree level qualification (including higher degree),-8.0,Don't Know
fqquadeg,Qualification type: degree/degree level qualification (including higher degree),-1.0,Not applicable
fqquadeg,Qualification type: degree/degree level qualification (including higher degree),0.0,Not mentioned
fqquadeg,Qualification type: degree/degree level qualification (including higher degree),1.0,Mentioned
fqquatea,Qualification type: teaching qualification,-9.0,Refused
fqquatea,Qualification type: teaching qualification,-8.0,Don't Know
fqquatea,Qualification type: teaching qualification,-1.0,Not applicable
fqquatea,Qualification type: teaching qualification,0.0,Not mentioned
fqquatea,Qualification type: teaching qualification,1.0,Mentioned
fqquanur,Qualification type: nursing qualifications SRN; SCM; SEN; RGN; RM; RHV; Midwife,-9.0,Refused
fqquanur,Qualification type: nursing qualifications SRN; SCM; SEN; RGN; RM; RHV; Midwife,-8.0,Don't Know
fqquanur,Qualification type: nursing qualifications SRN; SCM; SEN; RGN; RM; RHV; Midwife,-1.0,Not applicable
fqquanur,Qualification type: nursing qualifications SRN; SCM; SEN; RGN; RM; RHV; Midwife,0.0,Not mentioned
fqquanur,Qualification type: nursing qualifications SRN; SCM; SEN; RGN; RM; RHV; Midwife,1.0,Mentioned
fqquahnc,Qualification type: HNC/HND; BEC/TEC Higher; BTEC Higher/SCOTECH Higher,-9.0,Refused
fqquahnc,Qualification type: HNC/HND; BEC/TEC Higher; BTEC Higher/SCOTECH Higher,-8.0,Don't Know
fqquahnc,Qualification type: HNC/HND; BEC/TEC Higher; BTEC Higher/SCOTECH Higher,-1.0,Not applicable
fqquahnc,Qualification type: HNC/HND; BEC/TEC Higher; BTEC Higher/SCOTECH Higher,0.0,Not mentioned
fqquahnc,Qualification type: HNC/HND; BEC/TEC Higher; BTEC Higher/SCOTECH Higher,1.0,Mentioned
fqquaonc,Qualification type: ONC/OND/BEC/TEC/BTEC not higher,-9.0,Refused
fqquaonc,Qualification type: ONC/OND/BEC/TEC/BTEC not higher,-8.0,Don't Know
fqquaonc,Qualification type: ONC/OND/BEC/TEC/BTEC not higher,-1.0,Not applicable
fqquaonc,Qualification type: ONC/OND/BEC/TEC/BTEC not higher,0.0,Not mentioned
fqquaonc,Qualification type: ONC/OND/BEC/TEC/BTEC not higher,1.0,Mentioned
fqquacgf,Qualification type: City and Guilds Full Technological Certificate,-9.0,Refused
fqquacgf,Qualification type: City and Guilds Full Technological Certificate,-8.0,Don't Know
fqquacgf,Qualification type: City and Guilds Full Technological Certificate,-1.0,Not applicable
fqquacgf,Qualification type: City and Guilds Full Technological Certificate,0.0,Not mentioned
fqquacgf,Qualification type: City and Guilds Full Technological Certificate,1.0,Mentioned
fqquacga,Qualification type: City and Guilds Advanced/Final Level,-9.0,Refused
fqquacga,Qualification type: City and Guilds Advanced/Final Level,-8.0,Don't Know
fqquacga,Qualification type: City and Guilds Advanced/Final Level,-1.0,Not applicable
fqquacga,Qualification type: City and Guilds Advanced/Final Level,0.0,Not mentioned
fqquacga,Qualification type: City and Guilds Advanced/Final Level,1.0,Mentioned
fqquacgo,Qualification type: City and Guilds Craft/Ordinary Level,-9.0,Refused
fqquacgo,Qualification type: City and Guilds Craft/Ordinary Level,-8.0,Don't Know
fqquacgo,Qualification type: City and Guilds Craft/Ordinary Level,-1.0,Not applicable
fqquacgo,Qualification type: City and Guilds Craft/Ordinary Level,0.0,Not mentioned
fqquacgo,Qualification type: City and Guilds Craft/Ordinary Level,1.0,Mentioned
fqquaale,Qualification type: A-levels/Higher School Certificate,-9.0,Refused
fqquaale,Qualification type: A-levels/Higher School Certificate,-8.0,Don't Know
fqquaale,Qualification type: A-levels/Higher School Certificate,-1.0,Not applicable
fqquaale,Qualification type: A-levels/Higher School Certificate,0.0,Not mentioned
fqquaale,Qualification type: A-levels/Higher School Certificate,1.0,Mentioned
fqquaasl,Qualification type: AS level,-9.0,Refused
fqquaasl,Qualification type: AS level,-8.0,Don't Know
fqquaasl,Qualification type: AS level,-1.0,Not applicable
fqquaasl,Qualification type: AS level,0.0,Not mentioned
fqquaasl,Qualification type: AS level,1.0,Mentioned
fqquaslc,Qualification type: SLC/SCE/SUPE at Higher Grade or Certificate of Sixth Year St,-9.0,Refused
fqquaslc,Qualification type: SLC/SCE/SUPE at Higher Grade or Certificate of Sixth Year St,-8.0,Don't Know
fqquaslc,Qualification type: SLC/SCE/SUPE at Higher Grade or Certificate of Sixth Year St,-1.0,Not applicable
fqquaslc,Qualification type: SLC/SCE/SUPE at Higher Grade or Certificate of Sixth Year St,0.0,Not mentioned
fqquaslc,Qualification type: SLC/SCE/SUPE at Higher Grade or Certificate of Sixth Year St,1.0,Mentioned
fqquaolp,Qualification type: O-level passes taken in 1975 or earlier,-9.0,Refused
fqquaolp,Qualification type: O-level passes taken in 1975 or earlier,-8.0,Don't Know
fqquaolp,Qualification type: O-level passes taken in 1975 or earlier,-1.0,Not applicable
fqquaolp,Qualification type: O-level passes taken in 1975 or earlier,0.0,Not mentioned
fqquaolp,Qualification type: O-level passes taken in 1975 or earlier,1.0,Mentioned
fqquaola,Qualification type: O-level passes taken after 1975 GRADES A-C,-9.0,Refused
fqquaola,Qualification type: O-level passes taken after 1975 GRADES A-C,-8.0,Don't Know
fqquaola,Qualification type: O-level passes taken after 1975 GRADES A-C,-1.0,Not applicable
fqquaola,Qualification type: O-level passes taken after 1975 GRADES A-C,0.0,Not mentioned
fqquaola,Qualification type: O-level passes taken after 1975 GRADES A-C,1.0,Mentioned
fqquaold,Qualification type: O-level passes taken after 1975 GRADES D-E,-9.0,Refused
fqquaold,Qualification type: O-level passes taken after 1975 GRADES D-E,-8.0,Don't Know
fqquaold,Qualification type: O-level passes taken after 1975 GRADES D-E,-1.0,Not applicable
fqquaold,Qualification type: O-level passes taken after 1975 GRADES D-E,0.0,Not mentioned
fqquaold,Qualification type: O-level passes taken after 1975 GRADES D-E,1.0,Mentioned
fqquagca,Qualification type: GCSE GRADES A-C,-9.0,Refused
fqquagca,Qualification type: GCSE GRADES A-C,-8.0,Don't Know
fqquagca,Qualification type: GCSE GRADES A-C,-1.0,Not applicable
fqquagca,Qualification type: GCSE GRADES A-C,0.0,Not mentioned
fqquagca,Qualification type: GCSE GRADES A-C,1.0,Mentioned
fqquagcd,Qualification type: GCSE GRADES D-G,-9.0,Refused
fqquagcd,Qualification type: GCSE GRADES D-G,-8.0,Don't Know
fqquagcd,Qualification type: GCSE GRADES D-G,-1.0,Not applicable
fqquagcd,Qualification type: GCSE GRADES D-G,0.0,Not mentioned
fqquagcd,Qualification type: GCSE GRADES D-G,1.0,Mentioned
fqquacs1,Qualification type: CSE GRADE 1/SCE BANDS A-C/Standard Grade LEVEL 1-3,-9.0,Refused
fqquacs1,Qualification type: CSE GRADE 1/SCE BANDS A-C/Standard Grade LEVEL 1-3,-8.0,Don't Know
fqquacs1,Qualification type: CSE GRADE 1/SCE BANDS A-C/Standard Grade LEVEL 1-3,-1.0,Not applicable
fqquacs1,Qualification type: CSE GRADE 1/SCE BANDS A-C/Standard Grade LEVEL 1-3,0.0,Not mentioned
fqquacs1,Qualification type: CSE GRADE 1/SCE BANDS A-C/Standard Grade LEVEL 1-3,1.0,Mentioned
fqquacs2,Qualification type: CSE GRADES 2-5/SCE Ordinary BANDS D-E,-9.0,Refused
fqquacs2,Qualification type: CSE GRADES 2-5/SCE Ordinary BANDS D-E,-8.0,Don't Know
fqquacs2,Qualification type: CSE GRADES 2-5/SCE Ordinary BANDS D-E,-1.0,Not applicable
fqquacs2,Qualification type: CSE GRADES 2-5/SCE Ordinary BANDS D-E,0.0,Not mentioned
fqquacs2,Qualification type: CSE GRADES 2-5/SCE Ordinary BANDS D-E,1.0,Mentioned
fqquacsu,Qualification type: CSE Ungraded,-9.0,Refused
fqquacsu,Qualification type: CSE Ungraded,-8.0,Don't Know
fqquacsu,Qualification type: CSE Ungraded,-1.0,Not applicable
fqquacsu,Qualification type: CSE Ungraded,0.0,Not mentioned
fqquacsu,Qualification type: CSE Ungraded,1.0,Mentioned
fqquasll,Qualification type: SLC Lower,-9.0,Refused
fqquasll,Qualification type: SLC Lower,-8.0,Don't Know
fqquasll,Qualification type: SLC Lower,-1.0,Not applicable
fqquasll,Qualification type: SLC Lower,0.0,Not mentioned
fqquasll,Qualification type: SLC Lower,1.0,Mentioned
fqquasup,Qualification type: SUPE Lower or Ordinary,-9.0,Refused
fqquasup,Qualification type: SUPE Lower or Ordinary,-8.0,Don't Know
fqquasup,Qualification type: SUPE Lower or Ordinary,-1.0,Not applicable
fqquasup,Qualification type: SUPE Lower or Ordinary,0.0,Not mentioned
fqquasup,Qualification type: SUPE Lower or Ordinary,1.0,Mentioned
fqquamat,Qualification type: School Certificate or Matric,-9.0,Refused
fqquamat,Qualification type: School Certificate or Matric,-8.0,Don't Know
fqquamat,Qualification type: School Certificate or Matric,-1.0,Not applicable
fqquamat,Qualification type: School Certificate or Matric,0.0,Not mentioned
fqquamat,Qualification type: School Certificate or Matric,1.0,Mentioned
fqquanv5,Qualification type: NVQ Level 5,-9.0,Refused
fqquanv5,Qualification type: NVQ Level 5,-8.0,Don't Know
fqquanv5,Qualification type: NVQ Level 5,-1.0,Not applicable
fqquanv5,Qualification type: NVQ Level 5,0.0,Not mentioned
fqquanv5,Qualification type: NVQ Level 5,1.0,Mentioned
fqquanv4,Qualification type: NVQ Level 4,-9.0,Refused
fqquanv4,Qualification type: NVQ Level 4,-8.0,Don't Know
fqquanv4,Qualification type: NVQ Level 4,-1.0,Not applicable
fqquanv4,Qualification type: NVQ Level 4,0.0,Not mentioned
fqquanv4,Qualification type: NVQ Level 4,1.0,Mentioned
fqquanv3,Qualification type: NVQ Level 3/Advanced level GNVQ,-9.0,Refused
fqquanv3,Qualification type: NVQ Level 3/Advanced level GNVQ,-8.0,Don't Know
fqquanv3,Qualification type: NVQ Level 3/Advanced level GNVQ,-1.0,Not applicable
fqquanv3,Qualification type: NVQ Level 3/Advanced level GNVQ,0.0,Not mentioned
fqquanv3,Qualification type: NVQ Level 3/Advanced level GNVQ,1.0,Mentioned
fqquanv2,Qualification type: NVQ Level 2/Intermediate level GNVQ,-9.0,Refused
fqquanv2,Qualification type: NVQ Level 2/Intermediate level GNVQ,-8.0,Don't Know
fqquanv2,Qualification type: NVQ Level 2/Intermediate level GNVQ,-1.0,Not applicable
fqquanv2,Qualification type: NVQ Level 2/Intermediate level GNVQ,0.0,Not mentioned
fqquanv2,Qualification type: NVQ Level 2/Intermediate level GNVQ,1.0,Mentioned
fqquanv1,Qualification type: NVQ Level 1/Foundation level GNVQ,-9.0,Refused
fqquanv1,Qualification type: NVQ Level 1/Foundation level GNVQ,-8.0,Don't Know
fqquanv1,Qualification type: NVQ Level 1/Foundation level GNVQ,-1.0,Not applicable
fqquanv1,Qualification type: NVQ Level 1/Foundation level GNVQ,0.0,Not mentioned
fqquanv1,Qualification type: NVQ Level 1/Foundation level GNVQ,1.0,Mentioned
fqquatra,Qualification type: recognised trade apprenticeship completed,-9.0,Refused
fqquatra,Qualification type: recognised trade apprenticeship completed,-8.0,Don't Know
fqquatra,Qualification type: recognised trade apprenticeship completed,-1.0,Not applicable
fqquatra,Qualification type: recognised trade apprenticeship completed,0.0,Not mentioned
fqquatra,Qualification type: recognised trade apprenticeship completed,1.0,Mentioned
fqquacle,Qualification type: clerical or commercial qualification (e.g. typing/book-keepi,-9.0,Refused
fqquacle,Qualification type: clerical or commercial qualification (e.g. typing/book-keepi,-8.0,Don't Know
fqquacle,Qualification type: clerical or commercial qualification (e.g. typing/book-keepi,-1.0,Not applicable
fqquacle,Qualification type: clerical or commercial qualification (e.g. typing/book-keepi,0.0,Not mentioned
fqquacle,Qualification type: clerical or commercial qualification (e.g. typing/book-keepi,1.0,Mentioned
fqqua95,Qualification type: other qualification,-9.0,Refused
fqqua95,Qualification type: other qualification,-8.0,Don't Know
fqqua95,Qualification type: other qualification,-1.0,Not applicable
fqqua95,Qualification type: other qualification,0.0,Not mentioned
fqqua95,Qualification type: other qualification,1.0,Mentioned
fqqumdeg,Qualification type: degree/degree level qualification (including higher degree) ,-9.0,Refused
fqqumdeg,Qualification type: degree/degree level qualification (including higher degree) ,-8.0,Don't Know
fqqumdeg,Qualification type: degree/degree level qualification (including higher degree) ,-1.0,Not applicable
fqqumdeg,Qualification type: degree/degree level qualification (including higher degree) ,0.0,Not mentioned
fqqumdeg,Qualification type: degree/degree level qualification (including higher degree) ,1.0,Mentioned
fqqumtea,Qualification type: teaching qualification (merged),-9.0,Refused
fqqumtea,Qualification type: teaching qualification (merged),-8.0,Don't Know
fqqumtea,Qualification type: teaching qualification (merged),-1.0,Not applicable
fqqumtea,Qualification type: teaching qualification (merged),0.0,Not mentioned
fqqumtea,Qualification type: teaching qualification (merged),1.0,Mentioned
fqqumnur,Qualification type: nursing qualifications SRN; SCM; SEN; RGN; RM; RHV; Midwife ,-9.0,Refused
fqqumnur,Qualification type: nursing qualifications SRN; SCM; SEN; RGN; RM; RHV; Midwife ,-8.0,Don't Know
fqqumnur,Qualification type: nursing qualifications SRN; SCM; SEN; RGN; RM; RHV; Midwife ,-1.0,Not applicable
fqqumnur,Qualification type: nursing qualifications SRN; SCM; SEN; RGN; RM; RHV; Midwife ,0.0,Not mentioned
fqqumnur,Qualification type: nursing qualifications SRN; SCM; SEN; RGN; RM; RHV; Midwife ,1.0,Mentioned
fqqumhnc,Qualification type: HNC/HND; BEC/TEC Higher; BTEC Higher/SCOTECH Higher (merged),-9.0,Refused
fqqumhnc,Qualification type: HNC/HND; BEC/TEC Higher; BTEC Higher/SCOTECH Higher (merged),-8.0,Don't Know
fqqumhnc,Qualification type: HNC/HND; BEC/TEC Higher; BTEC Higher/SCOTECH Higher (merged),-1.0,Not applicable
fqqumhnc,Qualification type: HNC/HND; BEC/TEC Higher; BTEC Higher/SCOTECH Higher (merged),0.0,Not mentioned
fqqumhnc,Qualification type: HNC/HND; BEC/TEC Higher; BTEC Higher/SCOTECH Higher (merged),1.0,Mentioned
fqqumonc,Qualification type: ONC/OND/BEC/TEC/BTEC not higher (merged),-9.0,Refused
fqqumonc,Qualification type: ONC/OND/BEC/TEC/BTEC not higher (merged),-8.0,Don't Know
fqqumonc,Qualification type: ONC/OND/BEC/TEC/BTEC not higher (merged),-1.0,Not applicable
fqqumonc,Qualification type: ONC/OND/BEC/TEC/BTEC not higher (merged),0.0,Not mentioned
fqqumonc,Qualification type: ONC/OND/BEC/TEC/BTEC not higher (merged),1.0,Mentioned
fqqumcgf,Qualification type: City and Guilds Full Technological Certificate (merged),-9.0,Refused
fqqumcgf,Qualification type: City and Guilds Full Technological Certificate (merged),-8.0,Don't Know
fqqumcgf,Qualification type: City and Guilds Full Technological Certificate (merged),-1.0,Not applicable
fqqumcgf,Qualification type: City and Guilds Full Technological Certificate (merged),0.0,Not mentioned
fqqumcgf,Qualification type: City and Guilds Full Technological Certificate (merged),1.0,Mentioned
fqqumcga,Qualification type: City and Guilds Advanced/Final Level (merged),-9.0,Refused
fqqumcga,Qualification type: City and Guilds Advanced/Final Level (merged),-8.0,Don't Know
fqqumcga,Qualification type: City and Guilds Advanced/Final Level (merged),-1.0,Not applicable
fqqumcga,Qualification type: City and Guilds Advanced/Final Level (merged),0.0,Not mentioned
fqqumcga,Qualification type: City and Guilds Advanced/Final Level (merged),1.0,Mentioned
fqqumcgo,Qualification type: City and Guilds Craft/Ordinary Level (merged),-9.0,Refused
fqqumcgo,Qualification type: City and Guilds Craft/Ordinary Level (merged),-8.0,Don't Know
fqqumcgo,Qualification type: City and Guilds Craft/Ordinary Level (merged),-1.0,Not applicable
fqqumcgo,Qualification type: City and Guilds Craft/Ordinary Level (merged),0.0,Not mentioned
fqqumcgo,Qualification type: City and Guilds Craft/Ordinary Level (merged),1.0,Mentioned
fqqumale,Qualification type: A-levels/Higher School Certificate (merged),-9.0,Refused
fqqumale,Qualification type: A-levels/Higher School Certificate (merged),-8.0,Don't Know
fqqumale,Qualification type: A-levels/Higher School Certificate (merged),-1.0,Not applicable
fqqumale,Qualification type: A-levels/Higher School Certificate (merged),0.0,Not mentioned
fqqumale,Qualification type: A-levels/Higher School Certificate (merged),1.0,Mentioned
fqqumasl,Qualification type: AS level (merged),-9.0,Refused
fqqumasl,Qualification type: AS level (merged),-8.0,Don't Know
fqqumasl,Qualification type: AS level (merged),-1.0,Not applicable
fqqumasl,Qualification type: AS level (merged),0.0,Not mentioned
fqqumasl,Qualification type: AS level (merged),1.0,Mentioned
fqqumslc,Qualification type: SLC/SCE/SUPE at Higher Grade or Certificate of Sixth Year St,-9.0,Refused
fqqumslc,Qualification type: SLC/SCE/SUPE at Higher Grade or Certificate of Sixth Year St,-8.0,Don't Know
fqqumslc,Qualification type: SLC/SCE/SUPE at Higher Grade or Certificate of Sixth Year St,-1.0,Not applicable
fqqumslc,Qualification type: SLC/SCE/SUPE at Higher Grade or Certificate of Sixth Year St,0.0,Not mentioned
fqqumslc,Qualification type: SLC/SCE/SUPE at Higher Grade or Certificate of Sixth Year St,1.0,Mentioned
fqqumolp,Qualification type: O-level passes taken in 1975 or earlier (merged),-9.0,Refused
fqqumolp,Qualification type: O-level passes taken in 1975 or earlier (merged),-8.0,Don't Know
fqqumolp,Qualification type: O-level passes taken in 1975 or earlier (merged),-1.0,Not applicable
fqqumolp,Qualification type: O-level passes taken in 1975 or earlier (merged),0.0,Not mentioned
fqqumolp,Qualification type: O-level passes taken in 1975 or earlier (merged),1.0,Mentioned
fqqumola,Qualification type: O-level passes taken after 1975 GRADES A-C (merged),-9.0,Refused
fqqumola,Qualification type: O-level passes taken after 1975 GRADES A-C (merged),-8.0,Don't Know
fqqumola,Qualification type: O-level passes taken after 1975 GRADES A-C (merged),-1.0,Not applicable
fqqumola,Qualification type: O-level passes taken after 1975 GRADES A-C (merged),0.0,Not mentioned
fqqumola,Qualification type: O-level passes taken after 1975 GRADES A-C (merged),1.0,Mentioned
fqqumold,Qualification type: O-level passes taken after 1975 GRADES D-E (merged),-9.0,Refused
fqqumold,Qualification type: O-level passes taken after 1975 GRADES D-E (merged),-8.0,Don't Know
fqqumold,Qualification type: O-level passes taken after 1975 GRADES D-E (merged),-1.0,Not applicable
fqqumold,Qualification type: O-level passes taken after 1975 GRADES D-E (merged),0.0,Not mentioned
fqqumold,Qualification type: O-level passes taken after 1975 GRADES D-E (merged),1.0,Mentioned
fqqumgca,Qualification type: GCSE GRADES A-C (merged),-9.0,Refused
fqqumgca,Qualification type: GCSE GRADES A-C (merged),-8.0,Don't Know
fqqumgca,Qualification type: GCSE GRADES A-C (merged),-1.0,Not applicable
fqqumgca,Qualification type: GCSE GRADES A-C (merged),0.0,Not mentioned
fqqumgca,Qualification type: GCSE GRADES A-C (merged),1.0,Mentioned
fqqumgcd,Qualification type: GCSE GRADES D-G (merged),-9.0,Refused
fqqumgcd,Qualification type: GCSE GRADES D-G (merged),-8.0,Don't Know
fqqumgcd,Qualification type: GCSE GRADES D-G (merged),-1.0,Not applicable
fqqumgcd,Qualification type: GCSE GRADES D-G (merged),0.0,Not mentioned
fqqumgcd,Qualification type: GCSE GRADES D-G (merged),1.0,Mentioned
fqqumcs1,Qualification type: CSE GRADE 1/SCE BANDS A-C/Standard Grade LEVEL 1-3 (merged),-9.0,Refused
fqqumcs1,Qualification type: CSE GRADE 1/SCE BANDS A-C/Standard Grade LEVEL 1-3 (merged),-8.0,Don't Know
fqqumcs1,Qualification type: CSE GRADE 1/SCE BANDS A-C/Standard Grade LEVEL 1-3 (merged),-1.0,Not applicable
fqqumcs1,Qualification type: CSE GRADE 1/SCE BANDS A-C/Standard Grade LEVEL 1-3 (merged),0.0,Not mentioned
fqqumcs1,Qualification type: CSE GRADE 1/SCE BANDS A-C/Standard Grade LEVEL 1-3 (merged),1.0,Mentioned
fqqumcs2,Qualification type: CSE GRADES 2-5/SCE Ordinary BANDS D-E (merged),-9.0,Refused
fqqumcs2,Qualification type: CSE GRADES 2-5/SCE Ordinary BANDS D-E (merged),-8.0,Don't Know
fqqumcs2,Qualification type: CSE GRADES 2-5/SCE Ordinary BANDS D-E (merged),-1.0,Not applicable
fqqumcs2,Qualification type: CSE GRADES 2-5/SCE Ordinary BANDS D-E (merged),0.0,Not mentioned
fqqumcs2,Qualification type: CSE GRADES 2-5/SCE Ordinary BANDS D-E (merged),1.0,Mentioned
fqqumcsu,Qualification type: CSE Ungraded (merged),-9.0,Refused
fqqumcsu,Qualification type: CSE Ungraded (merged),-8.0,Don't Know
fqqumcsu,Qualification type: CSE Ungraded (merged),-1.0,Not applicable
fqqumcsu,Qualification type: CSE Ungraded (merged),0.0,Not mentioned
fqqumcsu,Qualification type: CSE Ungraded (merged),1.0,Mentioned
fqqumsll,Qualification type: SLC Lower (merged),-9.0,Refused
fqqumsll,Qualification type: SLC Lower (merged),-8.0,Don't Know
fqqumsll,Qualification type: SLC Lower (merged),-1.0,Not applicable
fqqumsll,Qualification type: SLC Lower (merged),0.0,Not mentioned
fqqumsll,Qualification type: SLC Lower (merged),1.0,Mentioned
fqqumsup,Qualification type: SUPE Lower or Ordinary (merged),-9.0,Refused
fqqumsup,Qualification type: SUPE Lower or Ordinary (merged),-8.0,Don't Know
fqqumsup,Qualification type: SUPE Lower or Ordinary (merged),-1.0,Not applicable
fqqumsup,Qualification type: SUPE Lower or Ordinary (merged),0.0,Not mentioned
fqqumsup,Qualification type: SUPE Lower or Ordinary (merged),1.0,Mentioned
fqqummat,Qualification type: School Certificate or Matric (merged),-9.0,Refused
fqqummat,Qualification type: School Certificate or Matric (merged),-8.0,Don't Know
fqqummat,Qualification type: School Certificate or Matric (merged),-1.0,Not applicable
fqqummat,Qualification type: School Certificate or Matric (merged),0.0,Not mentioned
fqqummat,Qualification type: School Certificate or Matric (merged),1.0,Mentioned
fqqumnv5,Qualification type: NVQ Level 5 (merged),-9.0,Refused
fqqumnv5,Qualification type: NVQ Level 5 (merged),-8.0,Don't Know
fqqumnv5,Qualification type: NVQ Level 5 (merged),-1.0,Not applicable
fqqumnv5,Qualification type: NVQ Level 5 (merged),0.0,Not mentioned
fqqumnv5,Qualification type: NVQ Level 5 (merged),1.0,Mentioned
fqqumnv4,Qualification type: NVQ Level 4 (merged),-9.0,Refused
fqqumnv4,Qualification type: NVQ Level 4 (merged),-8.0,Don't Know
fqqumnv4,Qualification type: NVQ Level 4 (merged),-1.0,Not applicable
fqqumnv4,Qualification type: NVQ Level 4 (merged),0.0,Not mentioned
fqqumnv4,Qualification type: NVQ Level 4 (merged),1.0,Mentioned
fqqumnv3,Qualification type: NVQ Level 3/Advanced level GNVQ (merged),-9.0,Refused
fqqumnv3,Qualification type: NVQ Level 3/Advanced level GNVQ (merged),-8.0,Don't Know
fqqumnv3,Qualification type: NVQ Level 3/Advanced level GNVQ (merged),-1.0,Not applicable
fqqumnv3,Qualification type: NVQ Level 3/Advanced level GNVQ (merged),0.0,Not mentioned
fqqumnv3,Qualification type: NVQ Level 3/Advanced level GNVQ (merged),1.0,Mentioned
fqqumnv2,Qualification type: NVQ Level 2/Intermediate level GNVQ (merged),-9.0,Refused
fqqumnv2,Qualification type: NVQ Level 2/Intermediate level GNVQ (merged),-8.0,Don't Know
fqqumnv2,Qualification type: NVQ Level 2/Intermediate level GNVQ (merged),-1.0,Not applicable
fqqumnv2,Qualification type: NVQ Level 2/Intermediate level GNVQ (merged),0.0,Not mentioned
fqqumnv2,Qualification type: NVQ Level 2/Intermediate level GNVQ (merged),1.0,Mentioned
fqqumnv1,Qualification type: NVQ Level 1/Foundation level GNVQ (merged),-9.0,Refused
fqqumnv1,Qualification type: NVQ Level 1/Foundation level GNVQ (merged),-8.0,Don't Know
fqqumnv1,Qualification type: NVQ Level 1/Foundation level GNVQ (merged),-1.0,Not applicable
fqqumnv1,Qualification type: NVQ Level 1/Foundation level GNVQ (merged),0.0,Not mentioned
fqqumnv1,Qualification type: NVQ Level 1/Foundation level GNVQ (merged),1.0,Mentioned
fqqumtra,Qualification type: recognised trade apprenticeship completed (merged),-9.0,Refused
fqqumtra,Qualification type: recognised trade apprenticeship completed (merged),-8.0,Don't Know
fqqumtra,Qualification type: recognised trade apprenticeship completed (merged),-1.0,Not applicable
fqqumtra,Qualification type: recognised trade apprenticeship completed (merged),0.0,Not mentioned
fqqumtra,Qualification type: recognised trade apprenticeship completed (merged),1.0,Mentioned
fqqumcle,Qualification type: clerical or commercial qualification (e.g. typing/book-keepi,-9.0,Refused
fqqumcle,Qualification type: clerical or commercial qualification (e.g. typing/book-keepi,-8.0,Don't Know
fqqumcle,Qualification type: clerical or commercial qualification (e.g. typing/book-keepi,-1.0,Not applicable
fqqumcle,Qualification type: clerical or commercial qualification (e.g. typing/book-keepi,0.0,Not mentioned
fqqumcle,Qualification type: clerical or commercial qualification (e.g. typing/book-keepi,1.0,Mentioned
fqqumfor,Qualification type: other - qualifications outside the UK (merged),-9.0,Refused
fqqumfor,Qualification type: other - qualifications outside the UK (merged),-8.0,Don't Know
fqqumfor,Qualification type: other - qualifications outside the UK (merged),-1.0,Not applicable
fqqumfor,Qualification type: other - qualifications outside the UK (merged),0.0,Not mentioned
fqqumfor,Qualification type: other - qualifications outside the UK (merged),1.0,Mentioned
fqqumovo,Qualification type: other - other vocational qualifications not otherwise codeab,-9.0,Refused
fqqumovo,Qualification type: other - other vocational qualifications not otherwise codeab,-8.0,Don't Know
fqqumovo,Qualification type: other - other vocational qualifications not otherwise codeab,-1.0,Not applicable
fqqumovo,Qualification type: other - other vocational qualifications not otherwise codeab,0.0,Not mentioned
fqqumovo,Qualification type: other - other vocational qualifications not otherwise codeab,1.0,Mentioned
fqqumnvz,Qualification type: other - NVQ level not specified (merged),-9.0,Refused
fqqumnvz,Qualification type: other - NVQ level not specified (merged),-8.0,Don't Know
fqqumnvz,Qualification type: other - NVQ level not specified (merged),-1.0,Not applicable
fqqumnvz,Qualification type: other - NVQ level not specified (merged),0.0,Not mentioned
fqqumnvz,Qualification type: other - NVQ level not specified (merged),1.0,Mentioned
fqqumnne,Qualification type: other - nursery nurse examination board qualification (merge,-9.0,Refused
fqqumnne,Qualification type: other - nursery nurse examination board qualification (merge,-8.0,Don't Know
fqqumnne,Qualification type: other - nursery nurse examination board qualification (merge,-1.0,Not applicable
fqqumnne,Qualification type: other - nursery nurse examination board qualification (merge,0.0,Not mentioned
fqqumnne,Qualification type: other - nursery nurse examination board qualification (merge,1.0,Mentioned
fqqummil,Qualification type: other - qualification obtained during military service (merg,-9.0,Refused
fqqummil,Qualification type: other - qualification obtained during military service (merg,-8.0,Don't Know
fqqummil,Qualification type: other - qualification obtained during military service (merg,-1.0,Not applicable
fqqummil,Qualification type: other - qualification obtained during military service (merg,0.0,Not mentioned
fqqummil,Qualification type: other - qualification obtained during military service (merg,1.0,Mentioned
fqqumdip,Qualification type: other - diploma (merged),-9.0,Refused
fqqumdip,Qualification type: other - diploma (merged),-8.0,Don't Know
fqqumdip,Qualification type: other - diploma (merged),-1.0,Not applicable
fqqumdip,Qualification type: other - diploma (merged),0.0,Not mentioned
fqqumdip,Qualification type: other - diploma (merged),1.0,Mentioned
fqqumoac,Qualification type: other - other academic qualification not otherwise codeable ,-9.0,Refused
fqqumoac,Qualification type: other - other academic qualification not otherwise codeable ,-8.0,Don't Know
fqqumoac,Qualification type: other - other academic qualification not otherwise codeable ,-1.0,Not applicable
fqqumoac,Qualification type: other - other academic qualification not otherwise codeable ,0.0,Not mentioned
fqqumoac,Qualification type: other - other academic qualification not otherwise codeable ,1.0,Mentioned
fqqumopr,Qualification type: other - other professional qualification not otherwise codea,-9.0,Refused
fqqumopr,Qualification type: other - other professional qualification not otherwise codea,-8.0,Don't Know
fqqumopr,Qualification type: other - other professional qualification not otherwise codea,-1.0,Not applicable
fqqumopr,Qualification type: other - other professional qualification not otherwise codea,0.0,Not mentioned
fqqumopr,Qualification type: other - other professional qualification not otherwise codea,1.0,Mentioned
fqqum85,Qualification type: other answer - not codeable (merged),-9.0,Refused
fqqum85,Qualification type: other answer - not codeable (merged),-8.0,Don't Know
fqqum85,Qualification type: other answer - not codeable (merged),-1.0,Not applicable
fqqum85,Qualification type: other answer - not codeable (merged),0.0,Not mentioned
fqqum85,Qualification type: other answer - not codeable (merged),1.0,Mentioned
fqqum86,Qualification type: irrelevant answer - not codeable (merged),-9.0,Refused
fqqum86,Qualification type: irrelevant answer - not codeable (merged),-8.0,Don't Know
fqqum86,Qualification type: irrelevant answer - not codeable (merged),-1.0,Not applicable
fqqum86,Qualification type: irrelevant answer - not codeable (merged),0.0,Not mentioned
fqqum86,Qualification type: irrelevant answer - not codeable (merged),1.0,Mentioned
fqqum96,Qualification type: none of these (merged),-9.0,Refused
fqqum96,Qualification type: none of these (merged),-8.0,Don't Know
fqqum96,Qualification type: none of these (merged),-1.0,Not applicable
fqqum96,Qualification type: none of these (merged),0.0,Not mentioned
fqqum96,Qualification type: none of these (merged),1.0,Mentioned
nurelig,Wave 9: Whether issued to nurse,-9.0,Refused
nurelig,Wave 9: Whether issued to nurse,-8.0,Don't know
nurelig,Wave 9: Whether issued to nurse,-1.0,Not applicable
nurelig,Wave 9: Whether issued to nurse,0.0,Not issued to nurse
nurelig,Wave 9: Whether issued to nurse,1.0,Issued to nurse
fqnurse,Whether agreed to a follow-up nurse visit,-9.0,Refused
fqnurse,Whether agreed to a follow-up nurse visit,-8.0,Don't Know
fqnurse,Whether agreed to a follow-up nurse visit,-1.0,Not applicable
fqnurse,Whether agreed to a follow-up nurse visit,1.0,Yes to nurse visit
fqnurse,Whether agreed to a follow-up nurse visit,2.0,No to nurse visit
fqnurrfod,Reason for refusing nurse contact: own doctor already has information,-9.0,Refused
fqnurrfod,Reason for refusing nurse contact: own doctor already has information,-8.0,Don't Know
fqnurrfod,Reason for refusing nurse contact: own doctor already has information,-1.0,Not applicable
fqnurrfod,Reason for refusing nurse contact: own doctor already has information,0.0,Not mentioned
fqnurrfod,Reason for refusing nurse contact: own doctor already has information,1.0,Mentioned
fqnurrfex,Reason for refusing nurse contact: given enough time already to this survey/expe,-9.0,Refused
fqnurrfex,Reason for refusing nurse contact: given enough time already to this survey/expe,-8.0,Don't Know
fqnurrfex,Reason for refusing nurse contact: given enough time already to this survey/expe,-1.0,Not applicable
fqnurrfex,Reason for refusing nurse contact: given enough time already to this survey/expe,0.0,Not mentioned
fqnurrfex,Reason for refusing nurse contact: given enough time already to this survey/expe,1.0,Mentioned
fqnurrfbu,Reason for refusing nurse contact: too busy; cannot spare the time,-9.0,Refused
fqnurrfbu,Reason for refusing nurse contact: too busy; cannot spare the time,-8.0,Don't Know
fqnurrfbu,Reason for refusing nurse contact: too busy; cannot spare the time,-1.0,Not applicable
fqnurrfbu,Reason for refusing nurse contact: too busy; cannot spare the time,0.0,Not mentioned
fqnurrfbu,Reason for refusing nurse contact: too busy; cannot spare the time,1.0,Mentioned
fqnurrfen,Reason for refusing nurse contact: had enough of medical tests/medical professio,-9.0,Refused
fqnurrfen,Reason for refusing nurse contact: had enough of medical tests/medical professio,-8.0,Don't Know
fqnurrfen,Reason for refusing nurse contact: had enough of medical tests/medical professio,-1.0,Not applicable
fqnurrfen,Reason for refusing nurse contact: had enough of medical tests/medical professio,0.0,Not mentioned
fqnurrfen,Reason for refusing nurse contact: had enough of medical tests/medical professio,1.0,Mentioned
fqnurrfwo,Reason for refusing nurse contact: worried about what nurse may find out,-9.0,Refused
fqnurrfwo,Reason for refusing nurse contact: worried about what nurse may find out,-8.0,Don't Know
fqnurrfwo,Reason for refusing nurse contact: worried about what nurse may find out,-1.0,Not applicable
fqnurrfwo,Reason for refusing nurse contact: worried about what nurse may find out,0.0,Not mentioned
fqnurrfwo,Reason for refusing nurse contact: worried about what nurse may find out,1.0,Mentioned
fqnurrfsc,Reason for refusing nurse contact: scared of medical profession/particular medic,-9.0,Refused
fqnurrfsc,Reason for refusing nurse contact: scared of medical profession/particular medic,-8.0,Don't Know
fqnurrfsc,Reason for refusing nurse contact: scared of medical profession/particular medic,-1.0,Not applicable
fqnurrfsc,Reason for refusing nurse contact: scared of medical profession/particular medic,0.0,Not mentioned
fqnurrfsc,Reason for refusing nurse contact: scared of medical profession/particular medic,1.0,Mentioned
fqnurrfno,Reason for refusing nurse contact: not interested/can't be bothered/no particula,-9.0,Refused
fqnurrfno,Reason for refusing nurse contact: not interested/can't be bothered/no particula,-8.0,Don't Know
fqnurrfno,Reason for refusing nurse contact: not interested/can't be bothered/no particula,-1.0,Not applicable
fqnurrfno,Reason for refusing nurse contact: not interested/can't be bothered/no particula,0.0,Not mentioned
fqnurrfno,Reason for refusing nurse contact: not interested/can't be bothered/no particula,1.0,Mentioned
fqnurrf85,Reason for refusing nurse contact: other answer - not codeable,-9.0,Refused
fqnurrf85,Reason for refusing nurse contact: other answer - not codeable,-8.0,Don't Know
fqnurrf85,Reason for refusing nurse contact: other answer - not codeable,-1.0,Not applicable
fqnurrf85,Reason for refusing nurse contact: other answer - not codeable,0.0,Not mentioned
fqnurrf85,Reason for refusing nurse contact: other answer - not codeable,1.0,Mentioned
fqnurrf86,Reason for refusing nurse contact: irrelevant answer - not codeable,-9.0,Refused
fqnurrf86,Reason for refusing nurse contact: irrelevant answer - not codeable,-8.0,Don't Know
fqnurrf86,Reason for refusing nurse contact: irrelevant answer - not codeable,-1.0,Not applicable
fqnurrf86,Reason for refusing nurse contact: irrelevant answer - not codeable,0.0,Not mentioned
fqnurrf86,Reason for refusing nurse contact: irrelevant answer - not codeable,1.0,Mentioned
fqhelp,Whether respondent needed help with reading the showcards during the interview,-9.0,Refused
fqhelp,Whether respondent needed help with reading the showcards during the interview,-8.0,Don't Know
fqhelp,Whether respondent needed help with reading the showcards during the interview,-1.0,Not applicable
fqhelp,Whether respondent needed help with reading the showcards during the interview,1.0,Yes-due to sight problems
fqhelp,Whether respondent needed help with reading the showcards during the interview,2.0,Yes-due to literacy problems
fqhelp,Whether respondent needed help with reading the showcards during the interview,3.0,Yes-due to other problems
fqhelp,Whether respondent needed help with reading the showcards during the interview,4.0,Yes-Don't know reason
fqhelp,Whether respondent needed help with reading the showcards during the interview,5.0,No
fqethnmr,(D) Ethnicity recoded into white and non-white (consolidated),-9.0,Refused
fqethnmr,(D) Ethnicity recoded into white and non-white (consolidated),-8.0,Don't know
fqethnmr,(D) Ethnicity recoded into white and non-white (consolidated),-1.0,Not applicable
fqethnmr,(D) Ethnicity recoded into white and non-white (consolidated),1.0,White
fqethnmr,(D) Ethnicity recoded into white and non-white (consolidated),2.0,Non-White
fqcbthmr,(D) Country of birth recoded into UK and non-UK (consolidated),-9.0,Refused
fqcbthmr,(D) Country of birth recoded into UK and non-UK (consolidated),-8.0,Don't know
fqcbthmr,(D) Country of birth recoded into UK and non-UK (consolidated),-1.0,Not applicable
fqcbthmr,(D) Country of birth recoded into UK and non-UK (consolidated),1.0,UK
fqcbthmr,(D) Country of birth recoded into UK and non-UK (consolidated),2.0,Non-UK
fqcengm,(D) Year of arrival to England (consolidated),,
fqendm,(D) Age finished education (consolidated),-9.0,Refused
fqendm,(D) Age finished education (consolidated),-8.0,Don't know
fqendm,(D) Age finished education (consolidated),-1.0,Not applicable
fqendm,(D) Age finished education (consolidated),1.0,Not yet finished
fqendm,(D) Age finished education (consolidated),2.0,Never went to school
fqendm,(D) Age finished education (consolidated),3.0,14 or under
fqendm,(D) Age finished education (consolidated),4.0,At 15
fqendm,(D) Age finished education (consolidated),5.0,At 16
fqendm,(D) Age finished education (consolidated),6.0,At 17
fqendm,(D) Age finished education (consolidated),7.0,At 18
fqendm,(D) Age finished education (consolidated),8.0,19 or over
fqethnm,(d) ethnicity (consolidated),-9.0,refused
fqethnm,(d) ethnicity (consolidated),-8.0,don't know
fqethnm,(d) ethnicity (consolidated),-1.0,not applicable
fqethnm,(d) ethnicity (consolidated),1.0,white
fqethnm,(d) ethnicity (consolidated),2.0,mixed ethnic group
fqethnm,(d) ethnicity (consolidated),3.0,black
fqethnm,(d) ethnicity (consolidated),4.0,black british
fqethnm,(d) ethnicity (consolidated),5.0,asian
fqethnm,(d) ethnicity (consolidated),6.0,asian british
fqethnm,(d) ethnicity (consolidated),95.0,any other group
avail_from_dt,,,
idahhw9_e,,,
