variable_name,variable_label,value_value,value_label
study_id_e,,,
perid,Person number in household,-9.0,Refused
perid,Person number in household,-8.0,Don't know
perid,Person number in household,-1.0,Not applicable
iintdatd,interview day   - individual interview,,
iintdatm,interview month - individual interview,-9.0,Refused
iintdatm,interview month - individual interview,-8.0,Don't know
iintdatm,interview month - individual interview,-1.0,Not applicable
iintdatm,interview month - individual interview,1.0,January
iintdatm,interview month - individual interview,2.0,February
iintdatm,interview month - individual interview,3.0,March
iintdatm,interview month - individual interview,4.0,April
iintdatm,interview month - individual interview,5.0,May
iintdatm,interview month - individual interview,6.0,June
iintdatm,interview month - individual interview,7.0,July
iintdatm,interview month - individual interview,8.0,August
iintdatm,interview month - individual interview,9.0,September
iintdatm,interview month - individual interview,10.0,October
iintdatm,interview month - individual interview,11.0,November
iintdatm,interview month - individual interview,12.0,December
iintdaty,interview year  - individual interview,,
exrain,Expectation (%) that it will rain tomorrow (example for respondent),-9.0,Refused
exrain,Expectation (%) that it will rain tomorrow (example for respondent),-8.0,Don't know
exrain,Expectation (%) that it will rain tomorrow (example for respondent),-1.0,Not applicable
exmovha,Expectation (%) that will move out of current home some time in the future,-9.0,Refused
exmovha,Expectation (%) that will move out of current home some time in the future,-8.0,Don't know
exmovha,Expectation (%) that will move out of current home some time in the future,-1.0,Not applicable
exlo80,Expectation (%) that will live to [age] [depends on current age],-9.0,Refused
exlo80,Expectation (%) that will live to [age] [depends on current age],-8.0,Don't know
exlo80,Expectation (%) that will live to [age] [depends on current age],-1.0,Not applicable
exlo90,Expectation (%) that will live to be 85 years old or more,-9.0,Refused
exlo90,Expectation (%) that will live to be 85 years old or more,-8.0,Don't know
exlo90,Expectation (%) that will live to be 85 years old or more,-1.0,Not applicable
expw,Expectation (%) that will be working after [age] [depends on age/sex],-9.0,Refused
expw,Expectation (%) that will be working after [age] [depends on age/sex],-8.0,Don't know
expw,Expectation (%) that will be working after [age] [depends on age/sex],-1.0,Not applicable
expwf,Expectation (%) that will be working full-time after [age] [depends on age/sex],-9.0,Refused
expwf,Expectation (%) that will be working full-time after [age] [depends on age/sex],-8.0,Don't know
expwf,Expectation (%) that will be working full-time after [age] [depends on age/sex],-1.0,Not applicable
expw70,Expectation (%) that will be working after age 70,-9.0,Refused
expw70,Expectation (%) that will be working after age 70,-8.0,Don't know
expw70,Expectation (%) that will be working after age 70,-1.0,Not applicable
expw70f,Expectation (%) that will be working 35 hours a week or more when aged 70,-9.0,Refused
expw70f,Expectation (%) that will be working 35 hours a week or more when aged 70,-8.0,Don't know
expw70f,Expectation (%) that will be working 35 hours a week or more when aged 70,-1.0,Not applicable
exhlim,Expectation (%) that health will limit ability to work before age 65,-9.0,Refused
exhlim,Expectation (%) that health will limit ability to work before age 65,-8.0,Don't know
exhlim,Expectation (%) that health will limit ability to work before age 65,-1.0,Not applicable
exrslf,Expectation (%) that will not have enough financial resources to meet needs,-9.0,Refused
exrslf,Expectation (%) that will not have enough financial resources to meet needs,-8.0,Don't know
exrslf,Expectation (%) that will not have enough financial resources to meet needs,-1.0,Not applicable
exainh,Expectation (%) that will receive inheritance during next 10 years,-9.0,Refused
exainh,Expectation (%) that will receive inheritance during next 10 years,-8.0,Don't know
exainh,Expectation (%) that will receive inheritance during next 10 years,-1.0,Not applicable
excinh,Expectation (%) that they will inherit Â£10;000 or more during next 10 years,-9.0,Refused
excinh,Expectation (%) that they will inherit Â£10;000 or more during next 10 years,-8.0,Don't know
excinh,Expectation (%) that they will inherit Â£10;000 or more during next 10 years,-1.0,Not applicable
exinhe,Expectation (%) that they will inherit Â£100;000 or more during next 10 years,-9.0,Refused
exinhe,Expectation (%) that they will inherit Â£100;000 or more during next 10 years,-8.0,Don't know
exinhe,Expectation (%) that they will inherit Â£100;000 or more during next 10 years,-1.0,Not applicable
excin,Expectation (%) that they [& partner] will leave inheritance of Â£50;000 or more,-9.0,Refused
excin,Expectation (%) that they [& partner] will leave inheritance of Â£50;000 or more,-8.0,Don't know
excin,Expectation (%) that they [& partner] will leave inheritance of Â£50;000 or more,-1.0,Not applicable
excain,Expectation (%) that they [& partner] will leave any inheritance,-9.0,Refused
excain,Expectation (%) that they [& partner] will leave any inheritance,-8.0,Don't know
excain,Expectation (%) that they [& partner] will leave any inheritance,-1.0,Not applicable
excpin,Expectation (%) that they [& partner] will leave inheritance of Â£150;000 or more,-9.0,Refused
excpin,Expectation (%) that they [& partner] will leave inheritance of Â£150;000 or more,-8.0,Don't know
excpin,Expectation (%) that they [& partner] will leave inheritance of Â£150;000 or more,-1.0,Not applicable
exhvr,Random allocation of text for exhva ['increase' or 'decrease' by '5%' or '10%'],-9.0,Refused
exhvr,Random allocation of text for exhva ['increase' or 'decrease' by '5%' or '10%'],-8.0,Don't know
exhvr,Random allocation of text for exhva ['increase' or 'decrease' by '5%' or '10%'],-1.0,Not applicable
exhvr,Random allocation of text for exhva ['increase' or 'decrease' by '5%' or '10%'],1.0,Increased by 5%
exhvr,Random allocation of text for exhva ['increase' or 'decrease' by '5%' or '10%'],2.0,Increased by 10%
exhvr,Random allocation of text for exhva ['increase' or 'decrease' by '5%' or '10%'],3.0,Decreased by 5%
exhvr,Random allocation of text for exhva ['increase' or 'decrease' by '5%' or '10%'],4.0,Decreased by 10%
exhva,Expectation (%) that house value will [exhvr] over the next year,-9.0,Refused
exhva,Expectation (%) that house value will [exhvr] over the next year,-8.0,Don't know
exhva,Expectation (%) that house value will [exhvr] over the next year,-1.0,Not applicable
exhva,Expectation (%) that house value will [exhvr] over the next year,997.0,Respondent does not own their house
exnhev,Expectation (%) that will ever move into a nursing home,-9.0,Refused
exnhev,Expectation (%) that will ever move into a nursing home,-8.0,Don't know
exnhev,Expectation (%) that will ever move into a nursing home,-1.0,Not applicable
exscev,Expectation (%) of ever needing long term care not provided by family or friends,-9.0,Refused
exscev,Expectation (%) of ever needing long term care not provided by family or friends,-8.0,Don't know
exscev,Expectation (%) of ever needing long term care not provided by family or friends,-1.0,Not applicable
exltcev,Expectation (%) that will ever have to pay for long term care either in a nursin,-9.0,Refused
exltcev,Expectation (%) that will ever have to pay for long term care either in a nursin,-8.0,Don't know
exltcev,Expectation (%) that will ever have to pay for long term care either in a nursin,-1.0,Not applicable
exmovnb,Expectation (%) that will move to a nursing home in the next 5 years,-9.0,Refused
exmovnb,Expectation (%) that will move to a nursing home in the next 5 years,-8.0,Don't know
exmovnb,Expectation (%) that will move to a nursing home in the next 5 years,-1.0,Not applicable
excfv,Expectation (%) of needing long term care not provided by family or friends in t,-9.0,Refused
excfv,Expectation (%) of needing long term care not provided by family or friends in t,-8.0,Don't know
excfv,Expectation (%) of needing long term care not provided by family or friends in t,-1.0,Not applicable
exltc5,Expectation (%) of having to pay for long term care in the next 5 years either i,-9.0,Refused
exltc5,Expectation (%) of having to pay for long term care in the next 5 years either i,-8.0,Don't know
exltc5,Expectation (%) of having to pay for long term care in the next 5 years either i,-1.0,Not applicable
expfcla,How care paid for (currently not receiving care): local authority (social servic,-9.0,Refused
expfcla,How care paid for (currently not receiving care): local authority (social servic,-8.0,Don't Know
expfcla,How care paid for (currently not receiving care): local authority (social servic,-1.0,Not applicable
expfcla,How care paid for (currently not receiving care): local authority (social servic,0.0,Not mentioned
expfcla,How care paid for (currently not receiving care): local authority (social servic,1.0,Mentioned
expfchs,How care paid for (currently not receiving care): NHS,-9.0,Refused
expfchs,How care paid for (currently not receiving care): NHS,-8.0,Don't Know
expfchs,How care paid for (currently not receiving care): NHS,-1.0,Not applicable
expfchs,How care paid for (currently not receiving care): NHS,0.0,Not mentioned
expfchs,How care paid for (currently not receiving care): NHS,1.0,Mentioned
expfcch,How are would be paid for (if currently not receiving care): charity/religious o,-9.0,Refused
expfcch,How are would be paid for (if currently not receiving care): charity/religious o,-8.0,Don't Know
expfcch,How are would be paid for (if currently not receiving care): charity/religious o,-1.0,Not applicable
expfcch,How are would be paid for (if currently not receiving care): charity/religious o,0.0,Not mentioned
expfcch,How are would be paid for (if currently not receiving care): charity/religious o,1.0,Mentioned
expfcip,How care paid for (currently not receiving care): insurance policy,-9.0,Refused
expfcip,How care paid for (currently not receiving care): insurance policy,-8.0,Don't Know
expfcip,How care paid for (currently not receiving care): insurance policy,-1.0,Not applicable
expfcip,How care paid for (currently not receiving care): insurance policy,0.0,Not mentioned
expfcip,How care paid for (currently not receiving care): insurance policy,1.0,Mentioned
expfchi,How care paid for (currently not receiving care): private health insurance/healt,-9.0,Refused
expfchi,How care paid for (currently not receiving care): private health insurance/healt,-8.0,Don't Know
expfchi,How care paid for (currently not receiving care): private health insurance/healt,-1.0,Not applicable
expfchi,How care paid for (currently not receiving care): private health insurance/healt,0.0,Not mentioned
expfchi,How care paid for (currently not receiving care): private health insurance/healt,1.0,Mentioned
expfcsb,How care paid for (currently not receiving care): benefits (e.g. DLA; PIP),-9.0,Refused
expfcsb,How care paid for (currently not receiving care): benefits (e.g. DLA; PIP),-8.0,Don't Know
expfcsb,How care paid for (currently not receiving care): benefits (e.g. DLA; PIP),-1.0,Not applicable
expfcsb,How care paid for (currently not receiving care): benefits (e.g. DLA; PIP),0.0,Not mentioned
expfcsb,How care paid for (currently not receiving care): benefits (e.g. DLA; PIP),1.0,Mentioned
expfcoi,How care paid for (currently not receiving care): own income,-9.0,Refused
expfcoi,How care paid for (currently not receiving care): own income,-8.0,Don't Know
expfcoi,How care paid for (currently not receiving care): own income,-1.0,Not applicable
expfcoi,How care paid for (currently not receiving care): own income,0.0,Not mentioned
expfcoi,How care paid for (currently not receiving care): own income,1.0,Mentioned
expfcos,How care paid for (currently not receiving care): own savings,-9.0,Refused
expfcos,How care paid for (currently not receiving care): own savings,-8.0,Don't Know
expfcos,How care paid for (currently not receiving care): own savings,-1.0,Not applicable
expfcos,How care paid for (currently not receiving care): own savings,0.0,Not mentioned
expfcos,How care paid for (currently not receiving care): own savings,1.0,Mentioned
expfcsa,How care paid for (currently not receiving care): sale of assets (e.g. home),-9.0,Refused
expfcsa,How care paid for (currently not receiving care): sale of assets (e.g. home),-8.0,Don't Know
expfcsa,How care paid for (currently not receiving care): sale of assets (e.g. home),-1.0,Not applicable
expfcsa,How care paid for (currently not receiving care): sale of assets (e.g. home),0.0,Not mentioned
expfcsa,How care paid for (currently not receiving care): sale of assets (e.g. home),1.0,Mentioned
expfcrf,How care paid for (currently not receiving care): relatives/friends,-9.0,Refused
expfcrf,How care paid for (currently not receiving care): relatives/friends,-8.0,Don't Know
expfcrf,How care paid for (currently not receiving care): relatives/friends,-1.0,Not applicable
expfcrf,How care paid for (currently not receiving care): relatives/friends,0.0,Not mentioned
expfcrf,How care paid for (currently not receiving care): relatives/friends,1.0,Mentioned
expfc95,How care paid for (currently not receiving care): other source,-9.0,Refused
expfc95,How care paid for (currently not receiving care): other source,-8.0,Don't Know
expfc95,How care paid for (currently not receiving care): other source,-1.0,Not applicable
expfc95,How care paid for (currently not receiving care): other source,0.0,Not mentioned
expfc95,How care paid for (currently not receiving care): other source,1.0,Mentioned
expfc96,How care paid for (currently not receiving care): none of these (spontaneous),-9.0,Refused
expfc96,How care paid for (currently not receiving care): none of these (spontaneous),-8.0,Don't Know
expfc96,How care paid for (currently not receiving care): none of these (spontaneous),-1.0,Not applicable
expfc96,How care paid for (currently not receiving care): none of these (spontaneous),0.0,Not mentioned
expfc96,How care paid for (currently not receiving care): none of these (spontaneous),1.0,Mentioned
expccla,How care paid for (currently receiving care): local authority will pay for curre,-9.0,Refused
expccla,How care paid for (currently receiving care): local authority will pay for curre,-8.0,Don't Know
expccla,How care paid for (currently receiving care): local authority will pay for curre,-1.0,Not applicable
expccla,How care paid for (currently receiving care): local authority will pay for curre,0.0,Not mentioned
expccla,How care paid for (currently receiving care): local authority will pay for curre,1.0,Mentioned
expcchs,How care paid for (currently receiving care): NHS,-9.0,Refused
expcchs,How care paid for (currently receiving care): NHS,-8.0,Don't Know
expcchs,How care paid for (currently receiving care): NHS,-1.0,Not applicable
expcchs,How care paid for (currently receiving care): NHS,0.0,Not mentioned
expcchs,How care paid for (currently receiving care): NHS,1.0,Mentioned
expccch,How care paid for (currently receiving care): charity/religious organisation,-9.0,Refused
expccch,How care paid for (currently receiving care): charity/religious organisation,-8.0,Don't Know
expccch,How care paid for (currently receiving care): charity/religious organisation,-1.0,Not applicable
expccch,How care paid for (currently receiving care): charity/religious organisation,0.0,Not mentioned
expccch,How care paid for (currently receiving care): charity/religious organisation,1.0,Mentioned
expccip,How care paid for (currently receiving care): insurance policy,-9.0,Refused
expccip,How care paid for (currently receiving care): insurance policy,-8.0,Don't Know
expccip,How care paid for (currently receiving care): insurance policy,-1.0,Not applicable
expccip,How care paid for (currently receiving care): insurance policy,0.0,Not mentioned
expccip,How care paid for (currently receiving care): insurance policy,1.0,Mentioned
expcchi,How care paid for (currently receiving care): private health insurance/health pl,-9.0,Refused
expcchi,How care paid for (currently receiving care): private health insurance/health pl,-8.0,Don't Know
expcchi,How care paid for (currently receiving care): private health insurance/health pl,-1.0,Not applicable
expcchi,How care paid for (currently receiving care): private health insurance/health pl,0.0,Not mentioned
expcchi,How care paid for (currently receiving care): private health insurance/health pl,1.0,Mentioned
expccsb,How care paid for (currently receiving care): benefits (e.g. DLA; PIP),-9.0,Refused
expccsb,How care paid for (currently receiving care): benefits (e.g. DLA; PIP),-8.0,Don't Know
expccsb,How care paid for (currently receiving care): benefits (e.g. DLA; PIP),-1.0,Not applicable
expccsb,How care paid for (currently receiving care): benefits (e.g. DLA; PIP),0.0,Not mentioned
expccsb,How care paid for (currently receiving care): benefits (e.g. DLA; PIP),1.0,Mentioned
expccoi,How care paid for (currently receiving care): own income,-9.0,Refused
expccoi,How care paid for (currently receiving care): own income,-8.0,Don't Know
expccoi,How care paid for (currently receiving care): own income,-1.0,Not applicable
expccoi,How care paid for (currently receiving care): own income,0.0,Not mentioned
expccoi,How care paid for (currently receiving care): own income,1.0,Mentioned
expccos,How care paid for (currently receiving care): own savings,-9.0,Refused
expccos,How care paid for (currently receiving care): own savings,-8.0,Don't Know
expccos,How care paid for (currently receiving care): own savings,-1.0,Not applicable
expccos,How care paid for (currently receiving care): own savings,0.0,Not mentioned
expccos,How care paid for (currently receiving care): own savings,1.0,Mentioned
expccsa,How care paid for (currently receiving care): sale of assets (e.g. home),-9.0,Refused
expccsa,How care paid for (currently receiving care): sale of assets (e.g. home),-8.0,Don't Know
expccsa,How care paid for (currently receiving care): sale of assets (e.g. home),-1.0,Not applicable
expccsa,How care paid for (currently receiving care): sale of assets (e.g. home),0.0,Not mentioned
expccsa,How care paid for (currently receiving care): sale of assets (e.g. home),1.0,Mentioned
expccrf,How care paid for (currently receiving care): relatives/friends,-9.0,Refused
expccrf,How care paid for (currently receiving care): relatives/friends,-8.0,Don't Know
expccrf,How care paid for (currently receiving care): relatives/friends,-1.0,Not applicable
expccrf,How care paid for (currently receiving care): relatives/friends,0.0,Not mentioned
expccrf,How care paid for (currently receiving care): relatives/friends,1.0,Mentioned
expcc95,How care paid for (currently receiving care): other source,-9.0,Refused
expcc95,How care paid for (currently receiving care): other source,-8.0,Don't Know
expcc95,How care paid for (currently receiving care): other source,-1.0,Not applicable
expcc95,How care paid for (currently receiving care): other source,0.0,Not mentioned
expcc95,How care paid for (currently receiving care): other source,1.0,Mentioned
expcc96,How care paid for (currently receiving care): none of these (spontaneous),-9.0,Refused
expcc96,How care paid for (currently receiving care): none of these (spontaneous),-8.0,Don't Know
expcc96,How care paid for (currently receiving care): none of these (spontaneous),-1.0,Not applicable
expcc96,How care paid for (currently receiving care): none of these (spontaneous),0.0,Not mentioned
expcc96,How care paid for (currently receiving care): none of these (spontaneous),1.0,Mentioned
excnd,Whether thought about how to pay for future care and support needs,-9.0,Refused
excnd,Whether thought about how to pay for future care and support needs,-8.0,Don't Know
excnd,Whether thought about how to pay for future care and support needs,-1.0,Not applicable
excnd,Whether thought about how to pay for future care and support needs,1.0,Thought about it in great detail
excnd,Whether thought about how to pay for future care and support needs,2.0,Thought about it a little
excnd,Whether thought about how to pay for future care and support needs,3.0,Know should have thought about it but haven't done so yet
excnd,Whether thought about how to pay for future care and support needs,4.0,Haven't thought about this at all yet
excplnin,Social care planning activities: taken out insurance,-9.0,Refused
excplnin,Social care planning activities: taken out insurance,-8.0,Don't Know
excplnin,Social care planning activities: taken out insurance,-1.0,Not applicable
excplnin,Social care planning activities: taken out insurance,0.0,Not mentioned
excplnin,Social care planning activities: taken out insurance,1.0,Mentioned
excplnfa,Social care planning activities: consulted a financial advisor,-9.0,Refused
excplnfa,Social care planning activities: consulted a financial advisor,-8.0,Don't Know
excplnfa,Social care planning activities: consulted a financial advisor,-1.0,Not applicable
excplnfa,Social care planning activities: consulted a financial advisor,0.0,Not mentioned
excplnfa,Social care planning activities: consulted a financial advisor,1.0,Mentioned
excplnsa,Social care planning activities: started saving intentionally,-9.0,Refused
excplnsa,Social care planning activities: started saving intentionally,-8.0,Don't Know
excplnsa,Social care planning activities: started saving intentionally,-1.0,Not applicable
excplnsa,Social care planning activities: started saving intentionally,0.0,Not mentioned
excplnsa,Social care planning activities: started saving intentionally,1.0,Mentioned
excplnpr,Social care planning activities: bought property intentionally,-9.0,Refused
excplnpr,Social care planning activities: bought property intentionally,-8.0,Don't Know
excplnpr,Social care planning activities: bought property intentionally,-1.0,Not applicable
excplnpr,Social care planning activities: bought property intentionally,0.0,Not mentioned
excplnpr,Social care planning activities: bought property intentionally,1.0,Mentioned
excplntr,Social care planning activities: set up trust or gifted assets to protect assets,-9.0,Refused
excplntr,Social care planning activities: set up trust or gifted assets to protect assets,-8.0,Don't Know
excplntr,Social care planning activities: set up trust or gifted assets to protect assets,-1.0,Not applicable
excplntr,Social care planning activities: set up trust or gifted assets to protect assets,0.0,Not mentioned
excplntr,Social care planning activities: set up trust or gifted assets to protect assets,1.0,Mentioned
excplniv,Social care planning activities: made investments to provide income for future c,-9.0,Refused
excplniv,Social care planning activities: made investments to provide income for future c,-8.0,Don't Know
excplniv,Social care planning activities: made investments to provide income for future c,-1.0,Not applicable
excplniv,Social care planning activities: made investments to provide income for future c,0.0,Not mentioned
excplniv,Social care planning activities: made investments to provide income for future c,1.0,Mentioned
excplnot,Social care planning activities: other financial planning,-9.0,Refused
excplnot,Social care planning activities: other financial planning,-8.0,Don't know
excplnot,Social care planning activities: other financial planning,-1.0,Not applicable
excplnot,Social care planning activities: other financial planning,0.0,Not mentioned
excplnot,Social care planning activities: other financial planning,1.0,Mentioned
excpln96,Social care planning activities: none of these,-9.0,Refused
excpln96,Social care planning activities: none of these,-8.0,Don't Know
excpln96,Social care planning activities: none of these,-1.0,Not applicable
excpln96,Social care planning activities: none of these,0.0,Not mentioned
excpln96,Social care planning activities: none of these,1.0,Mentioned
excpln85,Social care planning activities: other answer - not codeable,-9.0,Refused
excpln85,Social care planning activities: other answer - not codeable,-8.0,Don't Know
excpln85,Social care planning activities: other answer - not codeable,-1.0,Not applicable
excpln85,Social care planning activities: other answer - not codeable,0.0,Not mentioned
excpln85,Social care planning activities: other answer - not codeable,1.0,Mentioned
exrela,Whether find has too little money to spend on their needs,-9.0,Refused
exrela,Whether find has too little money to spend on their needs,-8.0,Don't Know
exrela,Whether find has too little money to spend on their needs,-1.0,Not applicable
exrela,Whether find has too little money to spend on their needs,1.0,Never
exrela,Whether find has too little money to spend on their needs,2.0,Rarely
exrela,Whether find has too little money to spend on their needs,3.0,Sometimes
exrela,Whether find has too little money to spend on their needs,4.0,Often
exrela,Whether find has too little money to spend on their needs,5.0,Most of the time
excpln86,Social care planning activities: irrelevant answer - not codeable,-9.0,Refused
excpln86,Social care planning activities: irrelevant answer - not codeable,-8.0,Don't Know
excpln86,Social care planning activities: irrelevant answer - not codeable,-1.0,Not applicable
excpln86,Social care planning activities: irrelevant answer - not codeable,0.0,Not mentioned
excpln86,Social care planning activities: irrelevant answer - not codeable,1.0,Mentioned
exrelefo,Activities stopped by having too little money: buying first choice of food items,-9.0,Refused
exrelefo,Activities stopped by having too little money: buying first choice of food items,-8.0,Don't Know
exrelefo,Activities stopped by having too little money: buying first choice of food items,-1.0,Not applicable
exrelefo,Activities stopped by having too little money: buying first choice of food items,0.0,Not mentioned
exrelefo,Activities stopped by having too little money: buying first choice of food items,1.0,Mentioned
exreleme,Activities stopped by having too little money: having friends/family round for f,-9.0,Refused
exreleme,Activities stopped by having too little money: having friends/family round for f,-8.0,Don't Know
exreleme,Activities stopped by having too little money: having friends/family round for f,-1.0,Not applicable
exreleme,Activities stopped by having too little money: having friends/family round for f,0.0,Not mentioned
exreleme,Activities stopped by having too little money: having friends/family round for f,1.0,Mentioned
exreleou,Activities stopped by having too little money: having outfit to wear for occasio,-9.0,Refused
exreleou,Activities stopped by having too little money: having outfit to wear for occasio,-8.0,Don't Know
exreleou,Activities stopped by having too little money: having outfit to wear for occasio,-1.0,Not applicable
exreleou,Activities stopped by having too little money: having outfit to wear for occasio,0.0,Not mentioned
exreleou,Activities stopped by having too little money: having outfit to wear for occasio,1.0,Mentioned
exrelede,Activities stopped by having too little money: keeping home reasonably decorated,-9.0,Refused
exrelede,Activities stopped by having too little money: keeping home reasonably decorated,-8.0,Don't Know
exrelede,Activities stopped by having too little money: keeping home reasonably decorated,-1.0,Not applicable
exrelede,Activities stopped by having too little money: keeping home reasonably decorated,0.0,Not mentioned
exrelede,Activities stopped by having too little money: keeping home reasonably decorated,1.0,Mentioned
exreleel,Activities stopped by having too little money: repairing/replacing broken elec g,-9.0,Refused
exreleel,Activities stopped by having too little money: repairing/replacing broken elec g,-8.0,Don't Know
exreleel,Activities stopped by having too little money: repairing/replacing broken elec g,-1.0,Not applicable
exreleel,Activities stopped by having too little money: repairing/replacing broken elec g,0.0,Not mentioned
exreleel,Activities stopped by having too little money: repairing/replacing broken elec g,1.0,Mentioned
exrelefa,Activities stopped by having too little money: paying fares or transport costs,-9.0,Refused
exrelefa,Activities stopped by having too little money: paying fares or transport costs,-8.0,Don't Know
exrelefa,Activities stopped by having too little money: paying fares or transport costs,-1.0,Not applicable
exrelefa,Activities stopped by having too little money: paying fares or transport costs,0.0,Not mentioned
exrelefa,Activities stopped by having too little money: paying fares or transport costs,1.0,Mentioned
exrelepr,Activities stopped by having too little money: buying presents for friends/famil,-9.0,Refused
exrelepr,Activities stopped by having too little money: buying presents for friends/famil,-8.0,Don't Know
exrelepr,Activities stopped by having too little money: buying presents for friends/famil,-1.0,Not applicable
exrelepr,Activities stopped by having too little money: buying presents for friends/famil,0.0,Not mentioned
exrelepr,Activities stopped by having too little money: buying presents for friends/famil,1.0,Mentioned
exreleho,Activities stopped by having too little money: taking the sorts of holidays they,-9.0,Refused
exreleho,Activities stopped by having too little money: taking the sorts of holidays they,-8.0,Don't Know
exreleho,Activities stopped by having too little money: taking the sorts of holidays they,-1.0,Not applicable
exreleho,Activities stopped by having too little money: taking the sorts of holidays they,0.0,Not mentioned
exreleho,Activities stopped by having too little money: taking the sorts of holidays they,1.0,Mentioned
exreletr,Activities stopped by having too little money: treating themselves from time to ,-9.0,Refused
exreletr,Activities stopped by having too little money: treating themselves from time to ,-8.0,Don't Know
exreletr,Activities stopped by having too little money: treating themselves from time to ,-1.0,Not applicable
exreletr,Activities stopped by having too little money: treating themselves from time to ,0.0,Not mentioned
exreletr,Activities stopped by having too little money: treating themselves from time to ,1.0,Mentioned
exrele96,Activities stopped by having too little money: none of these,-9.0,Refused
exrele96,Activities stopped by having too little money: none of these,-8.0,Don't Know
exrele96,Activities stopped by having too little money: none of these,-1.0,Not applicable
exrele96,Activities stopped by having too little money: none of these,0.0,Not mentioned
exrele96,Activities stopped by having too little money: none of these,1.0,Mentioned
avail_from_dt,,,
idahhw9_e,,,
