variable_name,variable_label,value_value,value_label
study_id_e,,,
perid,Person number in household,-9.0,Refused
perid,Person number in household,-8.0,Don't know
perid,Person number in household,-1.0,Not applicable
iintdatd,interview day   - individual interview,,
iintdatm,interview month - individual interview,-9.0,Refused
iintdatm,interview month - individual interview,-8.0,Don't know
iintdatm,interview month - individual interview,-1.0,Not applicable
iintdatm,interview month - individual interview,1.0,January
iintdatm,interview month - individual interview,2.0,February
iintdatm,interview month - individual interview,3.0,March
iintdatm,interview month - individual interview,4.0,April
iintdatm,interview month - individual interview,5.0,May
iintdatm,interview month - individual interview,6.0,June
iintdatm,interview month - individual interview,7.0,July
iintdatm,interview month - individual interview,8.0,August
iintdatm,interview month - individual interview,9.0,September
iintdatm,interview month - individual interview,10.0,October
iintdatm,interview month - individual interview,11.0,November
iintdatm,interview month - individual interview,12.0,December
iintdaty,interview year  - individual interview,,
cfmetm,Self-rated memory,-9.0,Refused
cfmetm,Self-rated memory,-8.0,Don't Know
cfmetm,Self-rated memory,-1.0,Not applicable
cfmetm,Self-rated memory,1.0,Excellent
cfmetm,Self-rated memory,2.0,Very good
cfmetm,Self-rated memory,3.0,Good
cfmetm,Self-rated memory,4.0,Fair
cfmetm,Self-rated memory,5.0,Poor
cfmetmt,Perception of memory compared to 2 years ago,-9.0,Refused
cfmetmt,Perception of memory compared to 2 years ago,-8.0,Don't Know
cfmetmt,Perception of memory compared to 2 years ago,-1.0,Not applicable
cfmetmt,Perception of memory compared to 2 years ago,1.0,Better now
cfmetmt,Perception of memory compared to 2 years ago,2.0,About the same
cfmetmt,Perception of memory compared to 2 years ago,3.0,Worse now than it was then
cfmap,Self-rated mental abilities,-9.0,Refused
cfmap,Self-rated mental abilities,-8.0,Don't Know
cfmap,Self-rated mental abilities,-1.0,Not applicable
cfmap,Self-rated mental abilities,1.0,Excellent
cfmap,Self-rated mental abilities,2.0,Very good
cfmap,Self-rated mental abilities,3.0,Good
cfmap,Self-rated mental abilities,4.0,Fair
cfmap,Self-rated mental abilities,5.0,Poor
cfmaty,Perception of mental abilities compared to 2 years ago,-9.0,Refused
cfmaty,Perception of mental abilities compared to 2 years ago,-8.0,Don't Know
cfmaty,Perception of mental abilities compared to 2 years ago,-1.0,Not applicable
cfmaty,Perception of mental abilities compared to 2 years ago,1.0,Better now
cfmaty,Perception of mental abilities compared to 2 years ago,2.0,About the same
cfmaty,Perception of mental abilities compared to 2 years ago,3.0,Worse now than they were then
cfdatd,Whether correct day of month given,-9.0,Refused
cfdatd,Whether correct day of month given,-8.0,Don't Know
cfdatd,Whether correct day of month given,-1.0,Not applicable
cfdatd,Whether correct day of month given,1.0,Day of month given correctly
cfdatd,Whether correct day of month given,2.0,Day of month given incorrectly
cfdatm,Whether correct month given,-9.0,Refused
cfdatm,Whether correct month given,-8.0,Don't Know
cfdatm,Whether correct month given,-1.0,Not applicable
cfdatm,Whether correct month given,1.0,Month given correctly
cfdatm,Whether correct month given,2.0,Month given incorrectly
cfdaty,Whether correct year given,-9.0,Refused
cfdaty,Whether correct year given,-8.0,Don't Know
cfdaty,Whether correct year given,-1.0,Not applicable
cfdaty,Whether correct year given,1.0,Year given correctly
cfdaty,Whether correct year given,2.0,Year given incorrectly
cfday,Whether correct day given,-9.0,Refused
cfday,Whether correct day given,-8.0,Don't Know
cfday,Whether correct day given,-1.0,Not applicable
cfday,Whether correct day given,1.0,Day of week given correctly
cfday,Whether correct day given,2.0,Day of week given incorrectly
cfdscr,Computed :score from date questions,-9.0,Refused
cfdscr,Computed :score from date questions,-8.0,Don't know
cfdscr,Computed :score from date questions,-1.0,Not applicable
cftest,Whether word list read by computer or interviewer,-9.0,Refused
cftest,Whether word list read by computer or interviewer,-8.0,Don't Know
cftest,Whether word list read by computer or interviewer,-1.0,Not applicable
cftest,Whether word list read by computer or interviewer,1.0,List read out by computer
cftest,Whether word list read by computer or interviewer,2.0,List read out by interviewer
cfwrds,Which word list was used (1-4),-9.0,Refused
cfwrds,Which word list was used (1-4),-8.0,Don't know
cfwrds,Which word list was used (1-4),-1.0,Not applicable
cflisen,Number of words recalled immediately,-9.0,Refused
cflisen,Number of words recalled immediately,-8.0,Don't know
cflisen,Number of words recalled immediately,-1.0,Not applicable
cflisp1,Problems with recall: respondent had difficulty hearing any of the words,-9.0,Refused
cflisp1,Problems with recall: respondent had difficulty hearing any of the words,-8.0,Don't Know
cflisp1,Problems with recall: respondent had difficulty hearing any of the words,-1.0,Not applicable
cflisp1,Problems with recall: respondent had difficulty hearing any of the words,0.0,Not mentioned
cflisp1,Problems with recall: respondent had difficulty hearing any of the words,1.0,Mentioned
cflisp2,Problems with recall: interruption occurred while you were reading list,-9.0,Refused
cflisp2,Problems with recall: interruption occurred while you were reading list,-8.0,Don't Know
cflisp2,Problems with recall: interruption occurred while you were reading list,-1.0,Not applicable
cflisp2,Problems with recall: interruption occurred while you were reading list,0.0,Not mentioned
cflisp2,Problems with recall: interruption occurred while you were reading list,1.0,Mentioned
cflisp3,Problems with recall: other problem,-9.0,Refused
cflisp3,Problems with recall: other problem,-8.0,Don't Know
cflisp3,Problems with recall: other problem,-1.0,Not applicable
cflisp3,Problems with recall: other problem,0.0,Not mentioned
cflisp3,Problems with recall: other problem,1.0,Mentioned
cflisp4,Problems with recall: no problems occurred,-9.0,Refused
cflisp4,Problems with recall: no problems occurred,-8.0,Don't Know
cflisp4,Problems with recall: no problems occurred,-1.0,Not applicable
cflisp4,Problems with recall: no problems occurred,0.0,Not mentioned
cflisp4,Problems with recall: no problems occurred,1.0,Mentioned
cflisp5,Problems with recall: language problem,-9.0,Refused
cflisp5,Problems with recall: language problem,-8.0,Don't Know
cflisp5,Problems with recall: language problem,-1.0,Not applicable
cflisp5,Problems with recall: language problem,0.0,Not mentioned
cflisp5,Problems with recall: language problem,1.0,Mentioned
cflisa,Whether respondent wrote down any words or used aids to recall the words,-9.0,Refused
cflisa,Whether respondent wrote down any words or used aids to recall the words,-8.0,Don't Know
cflisa,Whether respondent wrote down any words or used aids to recall the words,-1.0,Not applicable
cflisa,Whether respondent wrote down any words or used aids to recall the words,1.0,Respondent definitely used aid
cflisa,Whether respondent wrote down any words or used aids to recall the words,2.0,"Suspect that respondent used aid, but not certain"
cflisa,Whether respondent wrote down any words or used aids to recall the words,3.0,No reason to think respondent used aid
cfani,Number of animals mentioned,-9.0,Refused
cfani,Number of animals mentioned,-8.0,Don't know
cfani,Number of animals mentioned,-1.0,Not applicable
cfc20frst,Counting backwards task: first attempt,-9.0,Refused
cfc20frst,Counting backwards task: first attempt,-8.0,Don't Know
cfc20frst,Counting backwards task: first attempt,-1.0,Not applicable
cfc20frst,Counting backwards task: first attempt,1.0,Correct
cfc20frst,Counting backwards task: first attempt,2.0,Incorrect
cfc20frst,Counting backwards task: first attempt,3.0,Wants to start again
cfc20fscnd,Counting backwards task: second attempt,-9.0,Refused
cfc20fscnd,Counting backwards task: second attempt,-8.0,Don't Know
cfc20fscnd,Counting backwards task: second attempt,-1.0,Not applicable
cfc20fscnd,Counting backwards task: second attempt,1.0,Correct
cfc20fscnd,Counting backwards task: second attempt,2.0,Incorrect
cfsva,Number subtraction series: first subtraction,-9.0,Refused
cfsva,Number subtraction series: first subtraction,-8.0,Don't know
cfsva,Number subtraction series: first subtraction,-1.0,Not applicable
cfsvb,Number subtraction series: second subtraction,-9.0,Refused
cfsvb,Number subtraction series: second subtraction,-8.0,Don't know
cfsvb,Number subtraction series: second subtraction,-1.0,Not applicable
cfsvc,Number subtraction series: third subtraction,-9.0,Refused
cfsvc,Number subtraction series: third subtraction,-8.0,Don't know
cfsvc,Number subtraction series: third subtraction,-1.0,Not applicable
cfsvd,Number subtraction series: fourth subtraction,-9.0,Refused
cfsvd,Number subtraction series: fourth subtraction,-8.0,Don't know
cfsvd,Number subtraction series: fourth subtraction,-1.0,Not applicable
cfsve,Number subtraction series: fifth subtraction,-9.0,Refused
cfsve,Number subtraction series: fifth subtraction,-8.0,Don't know
cfsve,Number subtraction series: fifth subtraction,-1.0,Not applicable
cfsvch,Number subtraction series: whether used aids,-9.0,Refused
cfsvch,Number subtraction series: whether used aids,-8.0,Don't Know
cfsvch,Number subtraction series: whether used aids,-1.0,Not applicable
cfsvch,Number subtraction series: whether used aids,1.0,Respondent definitely used aid
cfsvch,Number subtraction series: whether used aids,2.0,"Suspect that respondent used aid, but not certain"
cfsvch,Number subtraction series: whether used aids,3.0,No reason to think respondent used aid
cfnmsc,Naming questions: tool used to cut paper,-9.0,Refused
cfnmsc,Naming questions: tool used to cut paper,-8.0,Don't Know
cfnmsc,Naming questions: tool used to cut paper,-1.0,Not applicable
cfnmsc,Naming questions: tool used to cut paper,1.0,Correct answer = scissors
cfnmsc,Naming questions: tool used to cut paper,2.0,Incorrect answer
cfnmca,Naming questions: name of prickly desert plant,-9.0,Refused
cfnmca,Naming questions: name of prickly desert plant,-8.0,Don't Know
cfnmca,Naming questions: name of prickly desert plant,-1.0,Not applicable
cfnmca,Naming questions: name of prickly desert plant,1.0,Correct answer = cactus or name of kind of cactus
cfnmca,Naming questions: name of prickly desert plant,2.0,Incorrect answer
cfnmqn,Naming questions: current monarch,-9.0,Refused
cfnmqn,Naming questions: current monarch,-8.0,Don't Know
cfnmqn,Naming questions: current monarch,-1.0,Not applicable
cfnmqn,Naming questions: current monarch,1.0,"Correct answer = Elizabeth, Queen Elizabeth or Queen Elizabe"
cfnmqn,Naming questions: current monarch,2.0,Incorrect answer
cfnmpm,Naming questions: current PM,-9.0,Refused
cfnmpm,Naming questions: current PM,-8.0,Don't Know
cfnmpm,Naming questions: current PM,-1.0,Not applicable
cfnmpm,Naming questions: current PM,1.0,Correct answer = (last name) Cameron/May
cfnmpm,Naming questions: current PM,2.0,Incorrect answer
cfnmus,Naming questions: current US president,-9.0,Refused
cfnmus,Naming questions: current US president,-8.0,Don't Know
cfnmus,Naming questions: current US president,-1.0,Not applicable
cfnmus,Naming questions: current US president,1.0,Correct answer = (last name) Obama/Trump
cfnmus,Naming questions: current US president,2.0,Incorrect answer
cflisd,Number of words recalled after delay,-9.0,Refused
cflisd,Number of words recalled after delay,-8.0,Don't know
cflisd,Number of words recalled after delay,-1.0,Not applicable
cflitsk,Whether able to do literacy test,-9.0,Refused
cflitsk,Whether able to do literacy test,-8.0,Don't Know
cflitsk,Whether able to do literacy test,-1.0,Not applicable
cflitsk,Whether able to do literacy test,1.0,Yes
cflitsk,Whether able to do literacy test,2.0,No - sight difficulties
cflitsk,Whether able to do literacy test,3.0,No - health problems
cflitsk,Whether able to do literacy test,4.0,No - other
cflitsk,Whether able to do literacy test,51.0,No - reading problems
cflitsk,Whether able to do literacy test,52.0,No - deaf or hard of hearing
cflitsk,Whether able to do literacy test,53.0,No - too tired
cflitsk,Whether able to do literacy test,54.0,No - has other illness or physical impairment that affects ability to perform test
cflitsk,Whether able to do literacy test,55.0,No - impaired concentration
cflitsk,Whether able to do literacy test,56.0,No - very nervous or anxious
cflitsk,Whether able to do literacy test,57.0,No - has other mental impairment
cflitsk,Whether able to do literacy test,58.0,Refusal/ didn't want to take part
cflitsk,Whether able to do literacy test,59.0,No - didn't know what to do/didn't understand task
cflitsk,Whether able to do literacy test,60.0,No - distressed/ upset
cflitsk,Whether able to do literacy test,61.0,No - under influence of alcohol
cflitsk,Whether able to do literacy test,62.0,"No - interruption or distraction, e.g. phone call or visitor"
cflitsk,Whether able to do literacy test,63.0,No - noisy environment
cflitsk,Whether able to do literacy test,85.0,Other answer-not codeable
cflitsk,Whether able to do literacy test,86.0,Irrelevant answer-not codeable
cflitb,Whether 7 days given as answer,-9.0,Refused
cflitb,Whether 7 days given as answer,-8.0,Don't Know
cflitb,Whether 7 days given as answer,-1.0,Not applicable
cflitb,Whether 7 days given as answer,1.0,Correct answer: seven
cflitb,Whether 7 days given as answer,2.0,Incorrect answer: any other response
cflitc,Whether three situations when should consult doctor given,-9.0,Refused
cflitc,Whether three situations when should consult doctor given,-8.0,Don't Know
cflitc,Whether three situations when should consult doctor given,-1.0,Not applicable
cflitc,Whether three situations when should consult doctor given,1.0,Correct answer: at least three situations
cflitc,Whether three situations when should consult doctor given,2.0,Incorrect answer: any other response
cflitd,Whether one condition for taking tablet given,-9.0,Refused
cflitd,Whether one condition for taking tablet given,-8.0,Don't Know
cflitd,Whether one condition for taking tablet given,-1.0,Not applicable
cflitd,Whether one condition for taking tablet given,1.0,Correct answer: one correct condition
cflitd,Whether one condition for taking tablet given,2.0,Incorrect answer: any other response
cflite,Whether one condition for not taking tablet given,-9.0,Refused
cflite,Whether one condition for not taking tablet given,-8.0,Don't Know
cflite,Whether one condition for not taking tablet given,-1.0,Not applicable
cflite,Whether one condition for not taking tablet given,1.0,Correct answer: one correct condition
cflite,Whether one condition for not taking tablet given,2.0,Incorrect answer: any other response
cflitf,Computed: score derived from cflitd + cflite,-9.0,Refused
cflitf,Computed: score derived from cflitd + cflite,-8.0,Don't Know
cflitf,Computed: score derived from cflitd + cflite,-1.0,Not applicable
cflitf,Computed: score derived from cflitd + cflite,1.0,Correct answer: one correct condition
cflitf,Computed: score derived from cflitd + cflite,2.0,Incorrect answer: any other response
cfsumb,Numeracy test: cost of Â£300 sofa in half price sale,-9.0,Refused
cfsumb,Numeracy test: cost of Â£300 sofa in half price sale,-8.0,Don't Know
cfsumb,Numeracy test: cost of Â£300 sofa in half price sale,-1.0,Not applicable
cfsumb,Numeracy test: cost of Â£300 sofa in half price sale,1.0,150
cfsumb,Numeracy test: cost of Â£300 sofa in half price sale,2.0,100
cfsumb,Numeracy test: cost of Â£300 sofa in half price sale,3.0,200
cfsumb,Numeracy test: cost of Â£300 sofa in half price sale,4.0,250
cfsumb,Numeracy test: cost of Â£300 sofa in half price sale,5.0,600
cfsumb,Numeracy test: cost of Â£300 sofa in half price sale,95.0,Other answer
cfsumb,Numeracy test: cost of Â£300 sofa in half price sale,96.0,Doesn't know answer
cfsumc,Numeracy test: number out of one thousand to get disease if chance is 10 per cen,-9.0,Refused
cfsumc,Numeracy test: number out of one thousand to get disease if chance is 10 per cen,-8.0,Don't Know
cfsumc,Numeracy test: number out of one thousand to get disease if chance is 10 per cen,-1.0,Not applicable
cfsumc,Numeracy test: number out of one thousand to get disease if chance is 10 per cen,1.0,100
cfsumc,Numeracy test: number out of one thousand to get disease if chance is 10 per cen,2.0,10
cfsumc,Numeracy test: number out of one thousand to get disease if chance is 10 per cen,3.0,90
cfsumc,Numeracy test: number out of one thousand to get disease if chance is 10 per cen,4.0,900
cfsumc,Numeracy test: number out of one thousand to get disease if chance is 10 per cen,95.0,Other answer
cfsumc,Numeracy test: number out of one thousand to get disease if chance is 10 per cen,96.0,Doesn't know answer
cfsumd,Numeracy test: cost of a car if the current sale price of Â£6;000 is two-thirds o,-9.0,Refused
cfsumd,Numeracy test: cost of a car if the current sale price of Â£6;000 is two-thirds o,-8.0,Don't Know
cfsumd,Numeracy test: cost of a car if the current sale price of Â£6;000 is two-thirds o,-1.0,Not applicable
cfsumd,Numeracy test: cost of a car if the current sale price of Â£6;000 is two-thirds o,1.0,9000
cfsumd,Numeracy test: cost of a car if the current sale price of Â£6;000 is two-thirds o,2.0,2000
cfsumd,Numeracy test: cost of a car if the current sale price of Â£6;000 is two-thirds o,3.0,3000
cfsumd,Numeracy test: cost of a car if the current sale price of Â£6;000 is two-thirds o,4.0,4000
cfsumd,Numeracy test: cost of a car if the current sale price of Â£6;000 is two-thirds o,5.0,8000
cfsumd,Numeracy test: cost of a car if the current sale price of Â£6;000 is two-thirds o,6.0,12000
cfsumd,Numeracy test: cost of a car if the current sale price of Â£6;000 is two-thirds o,7.0,18000
cfsumd,Numeracy test: cost of a car if the current sale price of Â£6;000 is two-thirds o,95.0,Other answer
cfsumd,Numeracy test: cost of a car if the current sale price of Â£6;000 is two-thirds o,96.0,Doesn't know answer
cfsuma,Numeracy test: how much change from one pound if buy a drink for 85 pence,-9.0,Refused
cfsuma,Numeracy test: how much change from one pound if buy a drink for 85 pence,-8.0,Don't Know
cfsuma,Numeracy test: how much change from one pound if buy a drink for 85 pence,-1.0,Not applicable
cfsuma,Numeracy test: how much change from one pound if buy a drink for 85 pence,1.0,15 pence
cfsuma,Numeracy test: how much change from one pound if buy a drink for 85 pence,2.0,25 pence
cfsuma,Numeracy test: how much change from one pound if buy a drink for 85 pence,95.0,Other answer
cfsuma,Numeracy test: how much change from one pound if buy a drink for 85 pence,96.0,Doesn't know answer
cfsume,Numeracy test: each person's share out of Â£2 million lottery win if five people ,-9.0,Refused
cfsume,Numeracy test: each person's share out of Â£2 million lottery win if five people ,-8.0,Don't Know
cfsume,Numeracy test: each person's share out of Â£2 million lottery win if five people ,-1.0,Not applicable
cfsume,Numeracy test: each person's share out of Â£2 million lottery win if five people ,1.0,400000
cfsume,Numeracy test: each person's share out of Â£2 million lottery win if five people ,2.0,200000
cfsume,Numeracy test: each person's share out of Â£2 million lottery win if five people ,3.0,250000
cfsume,Numeracy test: each person's share out of Â£2 million lottery win if five people ,4.0,500000
cfsume,Numeracy test: each person's share out of Â£2 million lottery win if five people ,95.0,Other answer
cfsume,Numeracy test: each person's share out of Â£2 million lottery win if five people ,96.0,Doesn't know answer
cfsumf,Numeracy test: value of Â£200 savings after two years at 10% interest rate,-9.0,Refused
cfsumf,Numeracy test: value of Â£200 savings after two years at 10% interest rate,-8.0,Don't Know
cfsumf,Numeracy test: value of Â£200 savings after two years at 10% interest rate,-1.0,Not applicable
cfsumf,Numeracy test: value of Â£200 savings after two years at 10% interest rate,1.0,242
cfsumf,Numeracy test: value of Â£200 savings after two years at 10% interest rate,2.0,202
cfsumf,Numeracy test: value of Â£200 savings after two years at 10% interest rate,3.0,204
cfsumf,Numeracy test: value of Â£200 savings after two years at 10% interest rate,4.0,210
cfsumf,Numeracy test: value of Â£200 savings after two years at 10% interest rate,5.0,220
cfsumf,Numeracy test: value of Â£200 savings after two years at 10% interest rate,6.0,240
cfsumf,Numeracy test: value of Â£200 savings after two years at 10% interest rate,95.0,Other answer
cfsumf,Numeracy test: value of Â£200 savings after two years at 10% interest rate,96.0,Doesn't know answer
cfmscr,Computed: score from maths questions (cfsumb; cfsumc; cfsumd; cfsuma; cfsume; cf,-9.0,Refused
cfmscr,Computed: score from maths questions (cfsumb; cfsumc; cfsumd; cfsuma; cfsume; cf,-8.0,Don't know
cfmscr,Computed: score from maths questions (cfsumb; cfsumc; cfsumd; cfsuma; cfsume; cf,-1.0,Not applicable
cfwhonon,People present in the room other than respondent and interviewer during CF tests,-9.0,Refused
cfwhonon,People present in the room other than respondent and interviewer during CF tests,-8.0,Don't Know
cfwhonon,People present in the room other than respondent and interviewer during CF tests,-1.0,Not applicable
cfwhonon,People present in the room other than respondent and interviewer during CF tests,0.0,Not mentioned
cfwhonon,People present in the room other than respondent and interviewer during CF tests,1.0,Mentioned
cfwhopar,People present in the room other than respondent and interviewer during CF tests,-9.0,Refused
cfwhopar,People present in the room other than respondent and interviewer during CF tests,-8.0,Don't Know
cfwhopar,People present in the room other than respondent and interviewer during CF tests,-1.0,Not applicable
cfwhopar,People present in the room other than respondent and interviewer during CF tests,0.0,Not mentioned
cfwhopar,People present in the room other than respondent and interviewer during CF tests,1.0,Mentioned
cfwhoad,People present in the room other than respondent and interviewer during CF tests,-9.0,Refused
cfwhoad,People present in the room other than respondent and interviewer during CF tests,-8.0,Don't Know
cfwhoad,People present in the room other than respondent and interviewer during CF tests,-1.0,Not applicable
cfwhoad,People present in the room other than respondent and interviewer during CF tests,0.0,Not mentioned
cfwhoad,People present in the room other than respondent and interviewer during CF tests,1.0,Mentioned
cfwhochi,People present in the room other than respondent and interviewer during CF tests,-9.0,Refused
cfwhochi,People present in the room other than respondent and interviewer during CF tests,-8.0,Don't Know
cfwhochi,People present in the room other than respondent and interviewer during CF tests,-1.0,Not applicable
cfwhochi,People present in the room other than respondent and interviewer during CF tests,0.0,Not mentioned
cfwhochi,People present in the room other than respondent and interviewer during CF tests,1.0,Mentioned
cfwhooth,People present in the room other than respondent and interviewer during CF tests,-9.0,Refused
cfwhooth,People present in the room other than respondent and interviewer during CF tests,-8.0,Don't Know
cfwhooth,People present in the room other than respondent and interviewer during CF tests,-1.0,Not applicable
cfwhooth,People present in the room other than respondent and interviewer during CF tests,0.0,Not mentioned
cfwhooth,People present in the room other than respondent and interviewer during CF tests,1.0,Mentioned
cfimp,Whether any factors impaired performance on CF tests,-9.0,Refused
cfimp,Whether any factors impaired performance on CF tests,-8.0,Don't Know
cfimp,Whether any factors impaired performance on CF tests,-1.0,Not applicable
cfimp,Whether any factors impaired performance on CF tests,1.0,Yes
cfimp,Whether any factors impaired performance on CF tests,2.0,No
cfwhteye,Factors which impaired performance: blind or poor eyesight,-9.0,Refused
cfwhteye,Factors which impaired performance: blind or poor eyesight,-8.0,Don't Know
cfwhteye,Factors which impaired performance: blind or poor eyesight,-1.0,Not applicable
cfwhteye,Factors which impaired performance: blind or poor eyesight,0.0,Not mentioned
cfwhteye,Factors which impaired performance: blind or poor eyesight,1.0,Mentioned
cfwhthea,Factors which impaired performance: deaf or hard of hearing,-9.0,Refused
cfwhthea,Factors which impaired performance: deaf or hard of hearing,-8.0,Don't Know
cfwhthea,Factors which impaired performance: deaf or hard of hearing,-1.0,Not applicable
cfwhthea,Factors which impaired performance: deaf or hard of hearing,0.0,Not mentioned
cfwhthea,Factors which impaired performance: deaf or hard of hearing,1.0,Mentioned
cfwhttir,Factors which impaired performance: too tired,-9.0,Refused
cfwhttir,Factors which impaired performance: too tired,-8.0,Don't Know
cfwhttir,Factors which impaired performance: too tired,-1.0,Not applicable
cfwhttir,Factors which impaired performance: too tired,0.0,Not mentioned
cfwhttir,Factors which impaired performance: too tired,1.0,Mentioned
cfwhtill,Factors which impaired performance: illness or physical impairment,-9.0,Refused
cfwhtill,Factors which impaired performance: illness or physical impairment,-8.0,Don't Know
cfwhtill,Factors which impaired performance: illness or physical impairment,-1.0,Not applicable
cfwhtill,Factors which impaired performance: illness or physical impairment,0.0,Not mentioned
cfwhtill,Factors which impaired performance: illness or physical impairment,1.0,Mentioned
cfwhtcon,Factors which impaired performance: impaired concentration,-9.0,Refused
cfwhtcon,Factors which impaired performance: impaired concentration,-8.0,Don't Know
cfwhtcon,Factors which impaired performance: impaired concentration,-1.0,Not applicable
cfwhtcon,Factors which impaired performance: impaired concentration,0.0,Not mentioned
cfwhtcon,Factors which impaired performance: impaired concentration,1.0,Mentioned
cfwhtner,Factors which impaired performance: very nervous or anxious,-9.0,Refused
cfwhtner,Factors which impaired performance: very nervous or anxious,-8.0,Don't Know
cfwhtner,Factors which impaired performance: very nervous or anxious,-1.0,Not applicable
cfwhtner,Factors which impaired performance: very nervous or anxious,0.0,Not mentioned
cfwhtner,Factors which impaired performance: very nervous or anxious,1.0,Mentioned
cfwhtmen,Factors which impaired performance: has other mental impairment,-9.0,Refused
cfwhtmen,Factors which impaired performance: has other mental impairment,-8.0,Don't Know
cfwhtmen,Factors which impaired performance: has other mental impairment,-1.0,Not applicable
cfwhtmen,Factors which impaired performance: has other mental impairment,0.0,Not mentioned
cfwhtmen,Factors which impaired performance: has other mental impairment,1.0,Mentioned
cfwhtdis,Factors which impaired performance: interruption or distraction,-9.0,Refused
cfwhtdis,Factors which impaired performance: interruption or distraction,-8.0,Don't Know
cfwhtdis,Factors which impaired performance: interruption or distraction,-1.0,Not applicable
cfwhtdis,Factors which impaired performance: interruption or distraction,0.0,Not mentioned
cfwhtdis,Factors which impaired performance: interruption or distraction,1.0,Mentioned
cfwhtnoi,Factors which impaired performance: noisy environment,-9.0,Refused
cfwhtnoi,Factors which impaired performance: noisy environment,-8.0,Don't Know
cfwhtnoi,Factors which impaired performance: noisy environment,-1.0,Not applicable
cfwhtnoi,Factors which impaired performance: noisy environment,0.0,Not mentioned
cfwhtnoi,Factors which impaired performance: noisy environment,1.0,Mentioned
cfwhtlap,Factors which impaired performance: problems with laptop,-9.0,Refused
cfwhtlap,Factors which impaired performance: problems with laptop,-8.0,Don't Know
cfwhtlap,Factors which impaired performance: problems with laptop,-1.0,Not applicable
cfwhtlap,Factors which impaired performance: problems with laptop,0.0,Not mentioned
cfwhtlap,Factors which impaired performance: problems with laptop,1.0,Mentioned
cfwhteng,Factors which impaired performance: difficulty understanding English,-9.0,Refused
cfwhteng,Factors which impaired performance: difficulty understanding English,-8.0,Don't Know
cfwhteng,Factors which impaired performance: difficulty understanding English,-1.0,Not applicable
cfwhteng,Factors which impaired performance: difficulty understanding English,0.0,Not mentioned
cfwhteng,Factors which impaired performance: difficulty understanding English,1.0,Mentioned
cfwhtref,Factors which impaired performance: respondent refused,-9.0,Refused
cfwhtref,Factors which impaired performance: respondent refused,-8.0,Don't Know
cfwhtref,Factors which impaired performance: respondent refused,-1.0,Not applicable
cfwhtref,Factors which impaired performance: respondent refused,0.0,Not mentioned
cfwhtref,Factors which impaired performance: respondent refused,1.0,Mentioned
cfwhtmeye,Factors which impaired performance: blind or poor eyesight (merged),-9.0,Refused
cfwhtmeye,Factors which impaired performance: blind or poor eyesight (merged),-8.0,Don't Know
cfwhtmeye,Factors which impaired performance: blind or poor eyesight (merged),-1.0,Not applicable
cfwhtmeye,Factors which impaired performance: blind or poor eyesight (merged),0.0,Not mentioned
cfwhtmeye,Factors which impaired performance: blind or poor eyesight (merged),1.0,Mentioned
cfwhtmhea,Factors  which impaired performance: deaf or hard of hearing (merged),-9.0,Refused
cfwhtmhea,Factors  which impaired performance: deaf or hard of hearing (merged),-8.0,Don't Know
cfwhtmhea,Factors  which impaired performance: deaf or hard of hearing (merged),-1.0,Not applicable
cfwhtmhea,Factors  which impaired performance: deaf or hard of hearing (merged),0.0,Not mentioned
cfwhtmhea,Factors  which impaired performance: deaf or hard of hearing (merged),1.0,Mentioned
cfwhtmtir,Factors which impaired performance: too tired (merged),-9.0,Refused
cfwhtmtir,Factors which impaired performance: too tired (merged),-8.0,Don't Know
cfwhtmtir,Factors which impaired performance: too tired (merged),-1.0,Not applicable
cfwhtmtir,Factors which impaired performance: too tired (merged),0.0,Not mentioned
cfwhtmtir,Factors which impaired performance: too tired (merged),1.0,Mentioned
cfwhtmill,Factors  which impaired performance: illness or physical impairment (merged),-9.0,Refused
cfwhtmill,Factors  which impaired performance: illness or physical impairment (merged),-8.0,Don't Know
cfwhtmill,Factors  which impaired performance: illness or physical impairment (merged),-1.0,Not applicable
cfwhtmill,Factors  which impaired performance: illness or physical impairment (merged),0.0,Not mentioned
cfwhtmill,Factors  which impaired performance: illness or physical impairment (merged),1.0,Mentioned
cfwhtmcon,Factors which impaired performance: impaired concentration (merged),-9.0,Refused
cfwhtmcon,Factors which impaired performance: impaired concentration (merged),-8.0,Don't Know
cfwhtmcon,Factors which impaired performance: impaired concentration (merged),-1.0,Not applicable
cfwhtmcon,Factors which impaired performance: impaired concentration (merged),0.0,Not mentioned
cfwhtmcon,Factors which impaired performance: impaired concentration (merged),1.0,Mentioned
cfwhtmner,Factors which impaired performance: very nervous or anxious (merged),-9.0,Refused
cfwhtmner,Factors which impaired performance: very nervous or anxious (merged),-8.0,Don't Know
cfwhtmner,Factors which impaired performance: very nervous or anxious (merged),-1.0,Not applicable
cfwhtmner,Factors which impaired performance: very nervous or anxious (merged),0.0,Not mentioned
cfwhtmner,Factors which impaired performance: very nervous or anxious (merged),1.0,Mentioned
cfwhtmmen,Factors  which impaired performance: has other mental impairment (merged),-9.0,Refused
cfwhtmmen,Factors  which impaired performance: has other mental impairment (merged),-8.0,Don't Know
cfwhtmmen,Factors  which impaired performance: has other mental impairment (merged),-1.0,Not applicable
cfwhtmmen,Factors  which impaired performance: has other mental impairment (merged),0.0,Not mentioned
cfwhtmmen,Factors  which impaired performance: has other mental impairment (merged),1.0,Mentioned
cfwhtmdis,Factors  which impaired performance: interruption or distraction (merged),-9.0,Refused
cfwhtmdis,Factors  which impaired performance: interruption or distraction (merged),-8.0,Don't Know
cfwhtmdis,Factors  which impaired performance: interruption or distraction (merged),-1.0,Not applicable
cfwhtmdis,Factors  which impaired performance: interruption or distraction (merged),0.0,Not mentioned
cfwhtmdis,Factors  which impaired performance: interruption or distraction (merged),1.0,Mentioned
cfwhtmnoi,Factors which impaired performance: noisy environment (merged),-9.0,Refused
cfwhtmnoi,Factors which impaired performance: noisy environment (merged),-8.0,Don't Know
cfwhtmnoi,Factors which impaired performance: noisy environment (merged),-1.0,Not applicable
cfwhtmnoi,Factors which impaired performance: noisy environment (merged),0.0,Not mentioned
cfwhtmnoi,Factors which impaired performance: noisy environment (merged),1.0,Mentioned
cfwhtmlap,Factors which impaired performance: problems with laptop (merged),-9.0,Refused
cfwhtmlap,Factors which impaired performance: problems with laptop (merged),-8.0,Don't Know
cfwhtmlap,Factors which impaired performance: problems with laptop (merged),-1.0,Not applicable
cfwhtmlap,Factors which impaired performance: problems with laptop (merged),0.0,Not mentioned
cfwhtmlap,Factors which impaired performance: problems with laptop (merged),1.0,Mentioned
cfwhtmeng,Factors which impaired performance: difficulty understanding English (merged),-9.0,Refused
cfwhtmeng,Factors which impaired performance: difficulty understanding English (merged),-8.0,Don't Know
cfwhtmeng,Factors which impaired performance: difficulty understanding English (merged),-1.0,Not applicable
cfwhtmeng,Factors which impaired performance: difficulty understanding English (merged),0.0,Not mentioned
cfwhtmeng,Factors which impaired performance: difficulty understanding English (merged),1.0,Mentioned
cfwhtmref,Factors which impaired performance: respondent refused (merged),-9.0,Refused
cfwhtmref,Factors which impaired performance: respondent refused (merged),-8.0,Don't Know
cfwhtmref,Factors which impaired performance: respondent refused (merged),-1.0,Not applicable
cfwhtmref,Factors which impaired performance: respondent refused (merged),0.0,Not mentioned
cfwhtmref,Factors which impaired performance: respondent refused (merged),1.0,Mentioned
cfwhtmups,Factors which impaired performance: distressed/upset (merged),-9.0,Refused
cfwhtmups,Factors which impaired performance: distressed/upset (merged),-8.0,Don't Know
cfwhtmups,Factors which impaired performance: distressed/upset (merged),-1.0,Not applicable
cfwhtmups,Factors which impaired performance: distressed/upset (merged),0.0,Not mentioned
cfwhtmups,Factors which impaired performance: distressed/upset (merged),1.0,Mentioned
cfwhtmmem,Factors which impaired performance: memory problems (merged),-9.0,Refused
cfwhtmmem,Factors which impaired performance: memory problems (merged),-8.0,Don't Know
cfwhtmmem,Factors which impaired performance: memory problems (merged),-1.0,Not applicable
cfwhtmmem,Factors which impaired performance: memory problems (merged),0.0,Not mentioned
cfwhtmmem,Factors which impaired performance: memory problems (merged),1.0,Mentioned
cfwhtmalc,Factors which impaired performance: influence of alcohol (merged),-9.0,Refused
cfwhtmalc,Factors which impaired performance: influence of alcohol (merged),-8.0,Don't Know
cfwhtmalc,Factors which impaired performance: influence of alcohol (merged),-1.0,Not applicable
cfwhtmalc,Factors which impaired performance: influence of alcohol (merged),0.0,Not mentioned
cfwhtmalc,Factors which impaired performance: influence of alcohol (merged),1.0,Mentioned
cfwhtm85,Factors which impaired performance: other answer - not codeable (merged),-9.0,Refused
cfwhtm85,Factors which impaired performance: other answer - not codeable (merged),-8.0,Don't Know
cfwhtm85,Factors which impaired performance: other answer - not codeable (merged),-1.0,Not applicable
cfwhtm85,Factors which impaired performance: other answer - not codeable (merged),0.0,Not mentioned
cfwhtm85,Factors which impaired performance: other answer - not codeable (merged),1.0,Mentioned
cfwhtm86,Factors which impaired performance: irrelevant answer - not codeable (merged),-9.0,Refused
cfwhtm86,Factors which impaired performance: irrelevant answer - not codeable (merged),-8.0,Don't Know
cfwhtm86,Factors which impaired performance: irrelevant answer - not codeable (merged),-1.0,Not applicable
cfwhtm86,Factors which impaired performance: irrelevant answer - not codeable (merged),0.0,Not mentioned
cfwhtm86,Factors which impaired performance: irrelevant answer - not codeable (merged),1.0,Mentioned
avail_from_dt,,,
idahhw9_e,Encrypted Analytical Wave 9 household serial number,,
