variable_name,variable_label,value_value,value_label
study_id_e,,,
qlet,Birth order (within pregnancy),,
seroyp_0001a,Participant sent a consent invitation: SERO,,
seroyp_0001b,Participant completed consent form: SERO,,
seroyp_0001c,Participant agreed to consent form: SERO,,
seroyp_0001d,Participant agreed to consent form and passed screening: SERO,,
seroyp_0001e,Test kit sent to participant: SERO,,
seroyp_0002,Participant has returned serology results: SERO,,
seroyp_1000,Numeric N (nucleocapsid) antibody response result (COI): SERO,,
seroyp_1005,Classification of N (nucleocapsid) antibody response result: SERO,,
seroyp_1010,Numeric S (spike) antibody response result (COI): SERO,,
seroyp_1015,Classification of S (spike) antibody response result: SERO,,
seroyp_1020,Result reported to participant: SERO,,
seroyp_1025,Summary of test results: SERO,,
seroyp_9620,Date sample received by labs (Day): SERO,,
seroyp_9621,Date sample received by labs (Month): SERO,,
seroyp_9622,Date sample received by labs (Year): SERO,,
seroyp_9650,Age sample received (years): SERO,,
seroyp_9651,Age sample received (months): SERO,,
avail_from_dt,,,
