variable_name,variable_label,value_value,value_label
study_id_e,,,
ethnicityv3,Ethnicity,1.0,European
ethnicityv3,Ethnicity,2.0,South Asian
ethnicityv3,Ethnicity,3.0,African Caribbean
ethnicityv3,Ethnicity,4.0,Other
agev3,Age at clinic visit/completion of questionnaire,,
sexv3,Sex,1.0,male
sexv3,Sex,2.0,female
ethnicity_srdetail_encv3,Ethnicity; self report; Q1A,1.0,Any other Asian background
ethnicity_srdetail_encv3,Ethnicity; self report; Q1A,2.0,Any other Black background
ethnicity_srdetail_encv3,Ethnicity; self report; Q1A,3.0,Any other White background
ethnicity_srdetail_encv3,Ethnicity; self report; Q1A,4.0,Any other mixed backrground
ethnicity_srdetail_encv3,Ethnicity; self report; Q1A,5.0,Black African
ethnicity_srdetail_encv3,Ethnicity; self report; Q1A,6.0,Black Caribbean
ethnicity_srdetail_encv3,Ethnicity; self report; Q1A,7.0,Chinese
ethnicity_srdetail_encv3,Ethnicity; self report; Q1A,8.0,East African Asian
ethnicity_srdetail_encv3,Ethnicity; self report; Q1A,9.0,Eastern European
ethnicity_srdetail_encv3,Ethnicity; self report; Q1A,10.0,English
ethnicity_srdetail_encv3,Ethnicity; self report; Q1A,11.0,Indian
ethnicity_srdetail_encv3,Ethnicity; self report; Q1A,12.0,Irish
ethnicity_srdetail_encv3,Ethnicity; self report; Q1A,13.0,Mixed Asian
ethnicity_srdetail_encv3,Ethnicity; self report; Q1A,14.0,Mixed Black
ethnicity_srdetail_encv3,Ethnicity; self report; Q1A,15.0,Mixed White
ethnicity_srdetail_encv3,Ethnicity; self report; Q1A,16.0,Pakistani
ethnicity_srdetail_encv3,Ethnicity; self report; Q1A,17.0,Scottish
ethnicity_srdetail_encv3,Ethnicity; self report; Q1A,18.0,Sri Lankan
ethnicity_srdetail_encv3,Ethnicity; self report; Q1A,19.0,Tamil
ethnicity_srdetail_encv3,Ethnicity; self report; Q1A,20.0,Welsh
ethnicity_srdetail_encv3,Ethnicity; self report; Q1A,21.0,Do not wish to answer this question
q16_1_livingsituation,livingsituation,,
q16_2_numinhousehold,numinhousehold,,
q16_3_homeownership,homeownership,1.0,An owner occupier
q16_3_homeownership,homeownership,2.0,Living in a residential home
q16_3_homeownership,homeownership,3.0,Living in sheltered accommodation
q16_3_homeownership,homeownership,4.0,Other
q16_3_homeownership,homeownership,5.0,Renting from the local authority or a housing association
q16_3_homeownership,homeownership,6.0,Renting privately
q16_3_homeownership,homeownership,-1.0,No questionnaire
q16_3b_homeownership_other,homeownership_other,1.0,0
q16_3b_homeownership_other,homeownership_other,2.0,DAUGHTERS HOUSE
q16_3b_homeownership_other,homeownership_other,3.0,FAMILY HOUSE OWNED BY MITHER
q16_3b_homeownership_other,homeownership_other,4.0,IN
q16_3b_homeownership_other,homeownership_other,5.0,IN A MOBILE HOME FOR THE MOST PART
q16_3b_homeownership_other,homeownership_other,6.0,IN TEMPORARY ACCOMODATION
q16_3b_homeownership_other,homeownership_other,7.0,LEASED RETIREMENT PROPERTY FOR THE OVER 60S BUNGALOW
q16_3b_homeownership_other,homeownership_other,8.0,LEASEHOLDER OF RETIREMENT FLAT
q16_3b_homeownership_other,homeownership_other,9.0,LIVE WITH OWNER OCCUPIER AS A CIVIL PARTNER
q16_3b_homeownership_other,homeownership_other,10.0,LIVING ON HOUSING BENEFIT
q16_3b_homeownership_other,homeownership_other,11.0,LIVING WITH DAUGHTER
q16_3b_homeownership_other,homeownership_other,12.0,LIVING WITH FAMILY
q16_3b_homeownership_other,homeownership_other,13.0,LIVING WITH FAMILY BRACKETS SON
q16_3b_homeownership_other,homeownership_other,14.0,LIVING WITH FAMILY MEMBERS
q16_3b_homeownership_other,homeownership_other,15.0,LIVING WITH MOTHER IN LAW
q16_3b_homeownership_other,homeownership_other,16.0,LIVING WITH MY SON
q16_3b_homeownership_other,homeownership_other,17.0,LIVING WITH OUR FAMILY
q16_3b_homeownership_other,homeownership_other,18.0,LIVING WITH PARENTS
q16_3b_homeownership_other,homeownership_other,19.0,LIVING WITH SON AND DAUGHTER IN LAW
q16_3b_homeownership_other,homeownership_other,20.0,MOBILE HOME
q16_3b_homeownership_other,homeownership_other,21.0,RENTING FROM CHARITY
q16_3b_homeownership_other,homeownership_other,22.0,SECOND MARRIAGE HUSBANDS HOUSE
q16_3b_homeownership_other,homeownership_other,23.0,SHARE TWO HOUSES WITH PATNER BOTH OWNER OCCUPIED
q16_3b_homeownership_other,homeownership_other,-1.0,No questionnaire
q16_9_currentlyemployed,currentlyemployed,1.0,No 
q16_9_currentlyemployed,currentlyemployed,2.0,Yes
q16_9_currentlyemployed,currentlyemployed,-1.0,No questionnaire
q16_10_mainworkactivity,mainworkactivity,,
q16_20_financialstress,financialstress,1.0,High/severe
q16_20_financialstress,financialstress,2.0,Moderate
q16_20_financialstress,financialstress,3.0,Little/none
q16_20_financialstress,financialstress,-1.0,No questionnaire
q16_18_highestqual_recodedv3,Highest qualification; coded,1.0,none
q16_18_highestqual_recodedv3,Highest qualification; coded,2.0,don't know
q16_18_highestqual_recodedv3,Highest qualification; coded,3.0,GCE O level/school leaving
q16_18_highestqual_recodedv3,Highest qualification; coded,4.0,Apprenticeship
q16_18_highestqual_recodedv3,Highest qualification; coded,5.0,ONC/OND/BTEC
q16_18_highestqual_recodedv3,Highest qualification; coded,6.0,GCE A Level
q16_18_highestqual_recodedv3,Highest qualification; coded,7.0,HNC/HND
q16_18_highestqual_recodedv3,Highest qualification; coded,8.0,professional qual
q16_18_highestqual_recodedv3,Highest qualification; coded,9.0,Degree +
q16_18_highestqual_recodedv3,Highest qualification; coded,10.0,other
q16_18_highestqual_recodedv3,Highest qualification; coded,-1.0,No questionnaire
q16_14_reasonnotemployed_enc,reasonnotemployed,1.0,House-wife/house-husband
q16_14_reasonnotemployed_enc,reasonnotemployed,2.0,Not working for some other reason
q16_14_reasonnotemployed_enc,reasonnotemployed,3.0,Permanently sick/disabled
q16_14_reasonnotemployed_enc,reasonnotemployed,4.0,Retired
q16_14_reasonnotemployed_enc,reasonnotemployed,5.0,Temporary sick/disabled
q16_14_reasonnotemployed_enc,reasonnotemployed,6.0,Unemployed and seeking work
q16_14_reasonnotemployed_enc,reasonnotemployed,-1.0,No questionnaire
q16_19_annualincome_enc,AnnualHouseholdIncome,,
avail_from_dt,,,
coupleidv3_e,,,
