variable_name,variable_label,value_value,value_label
study_id_e,,,
ethnicity,	participant's ethnicity,1.0,White
ethnicity,	participant's ethnicity,2.0,Mixed/Multiple ethnic groups
ethnicity,	participant's ethnicity,3.0,Asian/Asian British
ethnicity,	participant's ethnicity,4.0,Black/African/Caribbean/Black British
ethnicity,	participant's ethnicity,5.0,Other ethnic group
age,	participant's age in years,,
banded_income,	participant's income category,0.0,No income
banded_income,	participant's income category,1.0,Personal allowance
banded_income,	participant's income category,2.0,Basic rate
banded_income,	participant's income category,3.0,Higher rate
banded_income,	participant's income category,4.0,Additional rate
relationship_status,	participant's current relationship status,0.0,Single
relationship_status,	participant's current relationship status,1.0,Engaged
relationship_status,	participant's current relationship status,2.0,Married
relationship_status,	participant's current relationship status,3.0,Separated
relationship_status,	participant's current relationship status,4.0,Cohabiting
c1,	example binary variable,0.0,no
c1,	example binary variable,1.0,yes
c2,	example flag variable,1.0,TRUE
c3,	example date variable,,
avail_from_dt,,,
