variable_name,variable_label,value_value,value_label
study_id_e,,,
cohort,Cohort,,
timestamp,,,
age_years,,,
gender,Child's gender,0.0,Male
gender,Child's gender,1.0,Female
ethnicity_mother,Ethnic group (mother),1.0,White British
ethnicity_mother,Ethnic group (mother),2.0,Pakistani
ethnicity_mother,Ethnic group (mother),3.0,Other
imddecile,IMD 2019 National Decile (1 = most deprved),,
edcont_ethnic_origin,Child Ethnic Origin Code - From Child Education Record,1.0,Bangladeshi
edcont_ethnic_origin,Child Ethnic Origin Code - From Child Education Record,2.0,Indian
edcont_ethnic_origin,Child Ethnic Origin Code - From Child Education Record,3.0,Pakistani
edcont_ethnic_origin,Child Ethnic Origin Code - From Child Education Record,4.0,Chinese/ Other Asian
edcont_ethnic_origin,Child Ethnic Origin Code - From Child Education Record,5.0,African
edcont_ethnic_origin,Child Ethnic Origin Code - From Child Education Record,6.0,Black Carribbean/ Black Other
edcont_ethnic_origin,Child Ethnic Origin Code - From Child Education Record,7.0,Mixed
edcont_ethnic_origin,Child Ethnic Origin Code - From Child Education Record,8.0,White British
edcont_ethnic_origin,Child Ethnic Origin Code - From Child Education Record,9.0,White Other
edcont_ethnic_origin,Child Ethnic Origin Code - From Child Education Record,10.0,Other Ethnic Groups
edcont_eal,Whether English is an adittional language,1.0,No
edcont_eal,Whether English is an adittional language,2.0,Unknown
edcont_eal,Whether English is an adittional language,3.0,Yes
edcont_fsm,Whether child in receipt of freee school meals,1.0,No
edcont_fsm,Whether child in receipt of freee school meals,2.0,Yes
edcont_sen,Special educational needs catagory,1.0,EHCP
edcont_sen,Special educational needs catagory,2.0,Not SEN
edcont_sen,Special educational needs catagory,3.0,SEN Support
edcont_sen,Special educational needs catagory,4.0,School Action
edcont_sen,Special educational needs catagory,5.0,School Action Plus
edcont_sen,Special educational needs catagory,6.0,Statement
chys_7timesleep,Q1A) In the last 7 days what time have you normally fallen asleep?,,
chys_7wknp,Q1B) In the last 7 days what time have you normaly woken up?,,
chfl_7physactwkdy,Q2A) Last 7 days; how much physical activity did you do on a normal weekday?,1.0,No activity (0 minutes)
chfl_7physactwkdy,Q2A) Last 7 days; how much physical activity did you do on a normal weekday?,2.0,Small amount of activity (1 to 30 minutes)
chfl_7physactwkdy,Q2A) Last 7 days; how much physical activity did you do on a normal weekday?,3.0,Small to Moderate amount activity (31 to 60 minutes)
chfl_7physactwkdy,Q2A) Last 7 days; how much physical activity did you do on a normal weekday?,4.0,Moderate to Large amount of activity (1 to 2 hours)
chfl_7physactwkdy,Q2A) Last 7 days; how much physical activity did you do on a normal weekday?,5.0,Large amount of activity (more than 2 hours)
chfl_7physactwknd,Q2B) In the last 7 days; how much physical activity did you do a normal weekend,1.0,No activity (0 minutes)
chfl_7physactwknd,Q2B) In the last 7 days; how much physical activity did you do a normal weekend,2.0,Small amount of activity (1 to 30 minutes)
chfl_7physactwknd,Q2B) In the last 7 days; how much physical activity did you do a normal weekend,3.0,Small to Moderate amount activity (31 to 60 minutes)
chfl_7physactwknd,Q2B) In the last 7 days; how much physical activity did you do a normal weekend,4.0,Moderate to Large amount of activity (1 to 2 hours)
chfl_7physactwknd,Q2B) In the last 7 days; how much physical activity did you do a normal weekend,5.0,Large amount of activity (more than 2 hours)
chwy_frmhmlv,Q3A) Last 7 days; how many times did you leave your home-away from your house?,1.0,I stayed at home -> Go to Question 4A
chwy_frmhmlv,Q3A) Last 7 days; how many times did you leave your home-away from your house?,2.0,Once a day
chwy_frmhmlv,Q3A) Last 7 days; how many times did you leave your home-away from your house?,3.0,More than once a day
chwy_frmhmud_2_1,,,
chwy_frmhmud_2_2,,,
chwy_frmhmud_2_3,,,
chwy_frmhmud_2_4,,,
othr,If Other :,,
chwy_frmhmudwr_2,Q3C) Where did you usually go? (Please tick one),1.0,Street
chwy_frmhmudwr_2,Q3C) Where did you usually go? (Please tick one),2.0,Park
chwy_frmhmudwr_2,Q3C) Where did you usually go? (Please tick one),3.0,Shops
chwy_frmhmudwr_2,Q3C) Where did you usually go? (Please tick one),4.0,Other (Please specify)
othr_2,If Other :,,
chwy_frmhmudwn,Q3D) How long did you go for? (Please tick one),1.0,Less than 30 minutes
chwy_frmhmudwn,Q3D) How long did you go for? (Please tick one),2.0,31 to 60 minutes
chwy_frmhmudwn,Q3D) How long did you go for? (Please tick one),3.0,More than 60 minutes
chtss_7timesitly,Q4A) In the last 7 days; how much time have you spent sitting or lying down?,1.0,I spent almost none of my free time sitting or lying down
chtss_7timesitly,Q4A) In the last 7 days; how much time have you spent sitting or lying down?,2.0,I spent little time sitting during my free time or lying down
chtss_7timesitly,Q4A) In the last 7 days; how much time have you spent sitting or lying down?,3.0,I spent about half of my free time sitting or lying down
chtss_7timesitly,Q4A) In the last 7 days; how much time have you spent sitting or lying down?,4.0,I spent a lot of time sitting during my free time or lying down
chtss_7timesitly,Q4A) In the last 7 days; how much time have you spent sitting or lying down?,5.0,I spent almost all of my free time sitting or lying down
chtss_7timesitlyacttv,Q4Ba) Last 7 days; how much time have you spent Watching TV but NOT video games,1.0,No time
chtss_7timesitlyacttv,Q4Ba) Last 7 days; how much time have you spent Watching TV but NOT video games,2.0,1 hour or less
chtss_7timesitlyacttv,Q4Ba) Last 7 days; how much time have you spent Watching TV but NOT video games,3.0,1-2 hours
chtss_7timesitlyacttv,Q4Ba) Last 7 days; how much time have you spent Watching TV but NOT video games,4.0,3-4 hours
chtss_7timesitlyacttv,Q4Ba) Last 7 days; how much time have you spent Watching TV but NOT video games,5.0,4+ hours
chtss_7timesitlyactvg,Q4Bb) In the last 7 days; how much time have you spent playing video games?,1.0,No time
chtss_7timesitlyactvg,Q4Bb) In the last 7 days; how much time have you spent playing video games?,2.0,1 hour or less
chtss_7timesitlyactvg,Q4Bb) In the last 7 days; how much time have you spent playing video games?,3.0,1-2 hours
chtss_7timesitlyactvg,Q4Bb) In the last 7 days; how much time have you spent playing video games?,4.0,3-4 hours
chtss_7timesitlyactvg,Q4Bb) In the last 7 days; how much time have you spent playing video games?,5.0,4+ hours
chtss_7timesitlyactcom,Q4Bc) Last 7 days; how much time spent on computers/tablets for social activity,1.0,No time
chtss_7timesitlyactcom,Q4Bc) Last 7 days; how much time spent on computers/tablets for social activity,2.0,1 hour or less
chtss_7timesitlyactcom,Q4Bc) Last 7 days; how much time spent on computers/tablets for social activity,3.0,1-2 hours
chtss_7timesitlyactcom,Q4Bc) Last 7 days; how much time spent on computers/tablets for social activity,4.0,3-4 hours
chtss_7timesitlyactcom,Q4Bc) Last 7 days; how much time spent on computers/tablets for social activity,5.0,4+ hours
chtss_7timesitlyactmb,Q4Bd) Using your mobile phone to talk; text; or s...playing games.,1.0,No time
chtss_7timesitlyactmb,Q4Bd) Using your mobile phone to talk; text; or s...playing games.,2.0,1 hour or less
chtss_7timesitlyactmb,Q4Bd) Using your mobile phone to talk; text; or s...playing games.,3.0,1-2 hours
chtss_7timesitlyactmb,Q4Bd) Using your mobile phone to talk; text; or s...playing games.,4.0,3-4 hours
chtss_7timesitlyactmb,Q4Bd) Using your mobile phone to talk; text; or s...playing games.,5.0,4+ hours
chtss_7timesitlyactschw,Q4Be) In the last 7 days; how much time have you spent doing your school work?,1.0,No time
chtss_7timesitlyactschw,Q4Be) In the last 7 days; how much time have you spent doing your school work?,2.0,1 hour or less
chtss_7timesitlyactschw,Q4Be) In the last 7 days; how much time have you spent doing your school work?,3.0,1-2 hours
chtss_7timesitlyactschw,Q4Be) In the last 7 days; how much time have you spent doing your school work?,4.0,3-4 hours
chtss_7timesitlyactschw,Q4Be) In the last 7 days; how much time have you spent doing your school work?,5.0,4+ hours
chsch_stlgo,Q5A) Do you still go to school? (Please tick one),0.0,No
chsch_stlgo,Q5A) Do you still go to school? (Please tick one),1.0,Yes
chschl_ftctucom,Q5Ba) Do you have a computer/laptop/tablet where you can do school work?,1.0,All of the time
chschl_ftctucom,Q5Ba) Do you have a computer/laptop/tablet where you can do school work?,2.0,Some of the time
chschl_ftctucom,Q5Ba) Do you have a computer/laptop/tablet where you can do school work?,3.0,I dont have this
chschl_ftctuthng,Q5Bb) Do you have all the things you need to do your school work?,1.0,All of the time
chschl_ftctuthng,Q5Bb) Do you have all the things you need to do your school work?,2.0,Some of the time
chschl_ftctuthng,Q5Bb) Do you have all the things you need to do your school work?,3.0,I dont have this
chschl_ftctuntrnt,Q5Bc) Can you go on the internet?,1.0,All of the time
chschl_ftctuntrnt,Q5Bc) Can you go on the internet?,2.0,Some of the time
chschl_ftctuntrnt,Q5Bc) Can you go on the internet?,3.0,I dont have this
chschl_ftctutchr,Q5Bd) Do you get to talk with your teacher or someone from the school?,1.0,All of the time
chschl_ftctutchr,Q5Bd) Do you get to talk with your teacher or someone from the school?,2.0,Some of the time
chschl_ftctutchr,Q5Bd) Do you get to talk with your teacher or someone from the school?,3.0,I dont have this
chschl_ftctuhmwrk,Q5Be) Is the school giving you things to do when you are at home?,1.0,All of the time
chschl_ftctuhmwrk,Q5Be) Is the school giving you things to do when you are at home?,2.0,Some of the time
chschl_ftctuhmwrk,Q5Be) Is the school giving you things to do when you are at home?,3.0,I dont have this
chschl_ftctuinfo,Q5Bf) Do you know where to get information on how to do school work at home?,1.0,All of the time
chschl_ftctuinfo,Q5Bf) Do you know where to get information on how to do school work at home?,2.0,Some of the time
chschl_ftctuinfo,Q5Bf) Do you know where to get information on how to do school work at home?,3.0,I dont have this
chschl_ftctustatnry,Q5Bg) Do you have pens and paper to do your school work?,1.0,All of the time
chschl_ftctustatnry,Q5Bg) Do you have pens and paper to do your school work?,2.0,Some of the time
chschl_ftctustatnry,Q5Bg) Do you have pens and paper to do your school work?,3.0,I dont have this
chschl_ftctubksrd,Q5Bh) Do you have books to read?,1.0,All of the time
chschl_ftctubksrd,Q5Bh) Do you have books to read?,2.0,Some of the time
chschl_ftctubksrd,Q5Bh) Do you have books to read?,3.0,I dont have this
chschl_ftctuactvts,Q5Bi) Are you doing activities that help you learn?,1.0,All of the time
chschl_ftctuactvts,Q5Bi) Are you doing activities that help you learn?,2.0,Some of the time
chschl_ftctuactvts,Q5Bi) Are you doing activities that help you learn?,3.0,I dont have this
chsch_wrkspc,Q5C) Do you have space in your house where you can do your school work?,0.0,No -> Go to Question 5F
chsch_wrkspc,Q5C) Do you have space in your house where you can do your school work?,1.0,Yes
chhs_wrmcoft,Q5D) Is your study space it warm and comfortable?,0.0,No
chhs_wrmcoft,Q5D) Is your study space it warm and comfortable?,1.0,Yes
chhs_quite,Q5E) Is it quiet?,0.0,No
chhs_quite,Q5E) Is it quiet?,1.0,Yes
chhs_hrdnxt,Q5F) When I find something really hard I can work out what to do next?,1.0,Never
chhs_hrdnxt,Q5F) When I find something really hard I can work out what to do next?,2.0,Some of the time
chhs_hrdnxt,Q5F) When I find something really hard I can work out what to do next?,3.0,All of the time
chsch_hlphm_1,,,
chsch_hlphm_2,,,
chsch_hlphm_3,,,
chsch_hlphm_4,,,
chsch_hlphm_5,,,
chsch_hlphm_6,,,
chsch_wrkhrs,Q5H) How many hours do you spend on doing school work at home each day?,1.0,None
chsch_wrkhrs,Q5H) How many hours do you spend on doing school work at home each day?,2.0,1-2 hours
chsch_wrkhrs,Q5H) How many hours do you spend on doing school work at home each day?,3.0,3-4 hours
chsch_wrkhrs,Q5H) How many hours do you spend on doing school work at home each day?,4.0,5-6 hours
chsch_wrkhrs,Q5H) How many hours do you spend on doing school work at home each day?,5.0,7+ hours
chftnhppn_sd,Q6A1) I feel sad or empty,1.0,Never
chftnhppn_sd,Q6A1) I feel sad or empty,2.0,Sometimes
chftnhppn_sd,Q6A1) I feel sad or empty,3.0,Often
chftnhppn_sd,Q6A1) I feel sad or empty,4.0,Always
chftnhppn_prl,Q6A2) I worry when I think I have done poorly at something,1.0,Never
chftnhppn_prl,Q6A2) I worry when I think I have done poorly at something,2.0,Sometimes
chftnhppn_prl,Q6A2) I worry when I think I have done poorly at something,3.0,Often
chftnhppn_prl,Q6A2) I worry when I think I have done poorly at something,4.0,Always
chftnhppn_afr,Q6A3 I would feel afraid of being on my own at home,1.0,Never
chftnhppn_afr,Q6A3 I would feel afraid of being on my own at home,2.0,Sometimes
chftnhppn_afr,Q6A3 I would feel afraid of being on my own at home,3.0,Often
chftnhppn_afr,Q6A3 I would feel afraid of being on my own at home,4.0,Always
chftnhppn_fun,Q6A4) Nothing is much fun anymore,1.0,Never
chftnhppn_fun,Q6A4) Nothing is much fun anymore,2.0,Sometimes
chftnhppn_fun,Q6A4) Nothing is much fun anymore,3.0,Often
chftnhppn_fun,Q6A4) Nothing is much fun anymore,4.0,Always
chftnhppn_fam,Q6A5) I worry that something awful will  happen to someone in my family,1.0,Never
chftnhppn_fam,Q6A5) I worry that something awful will  happen to someone in my family,2.0,Sometimes
chftnhppn_fam,Q6A5) I worry that something awful will  happen to someone in my family,3.0,Often
chftnhppn_fam,Q6A5) I worry that something awful will  happen to someone in my family,4.0,Always
chftnhppn_crwd,Q6A6) I am afraid of being in crowded places (lik...sy playgrounds),1.0,Never
chftnhppn_crwd,Q6A6) I am afraid of being in crowded places (lik...sy playgrounds),2.0,Sometimes
chftnhppn_crwd,Q6A6) I am afraid of being in crowded places (lik...sy playgrounds),3.0,Often
chftnhppn_crwd,Q6A6) I am afraid of being in crowded places (lik...sy playgrounds),4.0,Always
chftnhppn_othr,Q6A7) I worry what other people think of me,1.0,Never
chftnhppn_othr,Q6A7) I worry what other people think of me,2.0,Sometimes
chftnhppn_othr,Q6A7) I worry what other people think of me,3.0,Often
chftnhppn_othr,Q6A7) I worry what other people think of me,4.0,Always
chftnhppn_tbslp,Q6A8) I have trouble sleeping,1.0,Never
chftnhppn_tbslp,Q6A8) I have trouble sleeping,2.0,Sometimes
chftnhppn_tbslp,Q6A8) I have trouble sleeping,3.0,Often
chftnhppn_tbslp,Q6A8) I have trouble sleeping,4.0,Always
chftnhppn_scdslp,Q6A9) I feel scared if I have to sleep on my own,1.0,Never
chftnhppn_scdslp,Q6A9) I feel scared if I have to sleep on my own,2.0,Sometimes
chftnhppn_scdslp,Q6A9) I feel scared if I have to sleep on my own,3.0,Often
chftnhppn_scdslp,Q6A9) I feel scared if I have to sleep on my own,4.0,Always
chftnhppn_aptt,Q6A10) I have problems with appetite,1.0,Never
chftnhppn_aptt,Q6A10) I have problems with appetite,2.0,Sometimes
chftnhppn_aptt,Q6A10) I have problems with appetite,3.0,Often
chftnhppn_aptt,Q6A10) I have problems with appetite,4.0,Always
chftnhppn_dzzy,Q6A11) I suddenly become dizzy or faint when there...reason for this,1.0,Never
chftnhppn_dzzy,Q6A11) I suddenly become dizzy or faint when there...reason for this,2.0,Sometimes
chftnhppn_dzzy,Q6A11) I suddenly become dizzy or faint when there...reason for this,3.0,Often
chftnhppn_dzzy,Q6A11) I suddenly become dizzy or faint when there...reason for this,4.0,Always
chftnhppn_ovr,Q6A12l) I have to do some things over and over agai...certain order),1.0,Never
chftnhppn_ovr,Q6A12l) I have to do some things over and over agai...certain order),2.0,Sometimes
chftnhppn_ovr,Q6A12l) I have to do some things over and over agai...certain order),3.0,Often
chftnhppn_ovr,Q6A12l) I have to do some things over and over agai...certain order),4.0,Always
chftnhppn_nrgy,Q6A12) I have no energy for things,1.0,Never
chftnhppn_nrgy,Q6A12) I have no energy for things,2.0,Sometimes
chftnhppn_nrgy,Q6A12) I have no energy for things,3.0,Often
chftnhppn_nrgy,Q6A12) I have no energy for things,4.0,Always
chftnhppn_trmbl,Q6A14) I suddenly start to tremble or shake when t...reason for this,1.0,Never
chftnhppn_trmbl,Q6A14) I suddenly start to tremble or shake when t...reason for this,2.0,Sometimes
chftnhppn_trmbl,Q6A14) I suddenly start to tremble or shake when t...reason for this,3.0,Often
chftnhppn_trmbl,Q6A14) I suddenly start to tremble or shake when t...reason for this,4.0,Always
chftnhppn_thnk,Q6A15) cannot think clearly,1.0,Never
chftnhppn_thnk,Q6A15) cannot think clearly,2.0,Sometimes
chftnhppn_thnk,Q6A15) cannot think clearly,3.0,Often
chftnhppn_thnk,Q6A15) cannot think clearly,4.0,Always
chftnhppn_wrthls,Q6A16) I feel worthless,1.0,Never
chftnhppn_wrthls,Q6A16) I feel worthless,2.0,Sometimes
chftnhppn_wrthls,Q6A16) I feel worthless,3.0,Often
chftnhppn_wrthls,Q6A16) I feel worthless,4.0,Always
chftnhppn1_spclthgts,Q6A17) How often does this happen: special thoughts to stop bad things happ..,1.0,Never
chftnhppn1_spclthgts,Q6A17) How often does this happen: special thoughts to stop bad things happ..,2.0,Sometimes
chftnhppn1_spclthgts,Q6A17) How often does this happen: special thoughts to stop bad things happ..,3.0,Often
chftnhppn1_spclthgts,Q6A17) How often does this happen: special thoughts to stop bad things happ..,4.0,Always
chftnhppn1_dth,Q6A18) How often does this happen: I think about death,1.0,Never
chftnhppn1_dth,Q6A18) How often does this happen: I think about death,2.0,Sometimes
chftnhppn1_dth,Q6A18) How often does this happen: I think about death,3.0,Often
chftnhppn1_dth,Q6A18) How often does this happen: I think about death,4.0,Always
chftnhppn1_mv,QA19c) How often does this happen: I feel like I dont want to move,1.0,Never
chftnhppn1_mv,QA19c) How often does this happen: I feel like I dont want to move,2.0,Sometimes
chftnhppn1_mv,QA19c) How often does this happen: I feel like I dont want to move,3.0,Often
chftnhppn1_mv,QA19c) How often does this happen: I feel like I dont want to move,4.0,Always
chftnhppn1_scrd,Q6A20) How often does this happen: I worry  I will get a scared for no reason,1.0,Never
chftnhppn1_scrd,Q6A20) How often does this happen: I worry  I will get a scared for no reason,2.0,Sometimes
chftnhppn1_scrd,Q6A20) How often does this happen: I worry  I will get a scared for no reason,3.0,Often
chftnhppn1_scrd,Q6A20) How often does this happen: I worry  I will get a scared for no reason,4.0,Always
chftnhppn1_trd,Q6A21) How often does this happen: I am tired a lot,1.0,Never
chftnhppn1_trd,Q6A21) How often does this happen: I am tired a lot,2.0,Sometimes
chftnhppn1_trd,Q6A21) How often does this happen: I am tired a lot,3.0,Often
chftnhppn1_trd,Q6A21) How often does this happen: I am tired a lot,4.0,Always
chftnhppn1_afrd,Q6A22) How often does this happen: I feel afraid I will make a fool of myself,1.0,Never
chftnhppn1_afrd,Q6A22) How often does this happen: I feel afraid I will make a fool of myself,2.0,Sometimes
chftnhppn1_afrd,Q6A22) How often does this happen: I feel afraid I will make a fool of myself,3.0,Often
chftnhppn1_afrd,Q6A22) How often does this happen: I feel afraid I will make a fool of myself,4.0,Always
chftnhppn1_bdthng,Q6A23) How often does this happen: do things the right way to stop bad thingsâ€¦,1.0,Never
chftnhppn1_bdthng,Q6A23) How often does this happen: do things the right way to stop bad thingsâ€¦,2.0,Sometimes
chftnhppn1_bdthng,Q6A23) How often does this happen: do things the right way to stop bad thingsâ€¦,3.0,Often
chftnhppn1_bdthng,Q6A23) How often does this happen: do things the right way to stop bad thingsâ€¦,4.0,Always
chftnhppn1_rstlss,Q6A24) How often does this happen: I feel restless,1.0,Never
chftnhppn1_rstlss,Q6A24) How often does this happen: I feel restless,2.0,Sometimes
chftnhppn1_rstlss,Q6A24) How often does this happen: I feel restless,3.0,Often
chftnhppn1_rstlss,Q6A24) How often does this happen: I feel restless,4.0,Always
chftnhppn1_hppn,Q6A25) How often does this happen: I worry that something bad will happen to me,1.0,Never
chftnhppn1_hppn,Q6A25) How often does this happen: I worry that something bad will happen to me,2.0,Sometimes
chftnhppn1_hppn,Q6A25) How often does this happen: I worry that something bad will happen to me,3.0,Often
chftnhppn1_hppn,Q6A25) How often does this happen: I worry that something bad will happen to me,4.0,Always
chch_lftout,Q6B) How often do you feel left out of things by other children? (Pls tick one),1.0,Never
chch_lftout,Q6B) How often do you feel left out of things by other children? (Pls tick one),2.0,Some of the time
chch_lftout,Q6B) How often do you feel left out of things by other children? (Pls tick one),3.0,All of the time
chch_hppy,Q6C) How often do you feel happy? (Please tick one),1.0,Never
chch_hppy,Q6C) How often do you feel happy? (Please tick one),2.0,Some of the time
chch_hppy,Q6C) How often do you feel happy? (Please tick one),3.0,All of the time
chch_sad,Q6D) How often do you feel sad? (Please tick one),1.0,Never
chch_sad,Q6D) How often do you feel sad? (Please tick one),2.0,Some of the time
chch_sad,Q6D) How often do you feel sad? (Please tick one),3.0,All of the time
chch_frnds,Q7A) How many friends do you have? (Please tick one),1.0,Not many
chch_frnds,Q7A) How many friends do you have? (Please tick one),2.0,Some
chch_frnds,Q7A) How many friends do you have? (Please tick one),3.0,Lots
chch_bstfrnds,Q7B) Do you have any best friends?,0.0,No
chch_bstfrnds,Q7B) Do you have any best friends?,1.0,Yes
chch_mssfrnds,Q7C) Since schools closed; how much do you miss playing with your friends?,1.0,I dont miss it
chch_mssfrnds,Q7C) Since schools closed; how much do you miss playing with your friends?,2.0,I miss it a bit
chch_mssfrnds,Q7C) Since schools closed; how much do you miss playing with your friends?,3.0,I miss it a lot
chch_mnothrs,Q7D) How often are you mean to others at home/neighbourhood/online/online sch,1.0,Never
chch_mnothrs,Q7D) How often are you mean to others at home/neighbourhood/online/online sch,2.0,Some of the time
chch_mnothrs,Q7D) How often are you mean to others at home/neighbourhood/online/online sch,3.0,All of the time
chwk_2cybrblyng,Q7E) In the past two weeks how often have yo...lease tick one),1.0,I have not cyberbullied another person
chwk_2cybrblyng,Q7E) In the past two weeks how often have yo...lease tick one),2.0,About once a week
chwk_2cybrblyng,Q7E) In the past two weeks how often have yo...lease tick one),3.0,2 or 3 times a week
chwk_2cybrblyng,Q7E) In the past two weeks how often have yo...lease tick one),4.0,Several times a week
choftnhppn_bly,Q7F) How often do other children bully you? (Please tick one),1.0,Never
choftnhppn_bly,Q7F) How often do other children bully you? (Please tick one),2.0,Some of the time
choftnhppn_bly,Q7F) How often do other children bully you? (Please tick one),3.0,All of the time
chwk_2cybrblyngu,Q7G) In the past two weeks how often have you been cyberbullied),1.0,I have not been cyberbullied by another person
chwk_2cybrblyngu,Q7G) In the past two weeks how often have you been cyberbullied),2.0,About once a week
chwk_2cybrblyngu,Q7G) In the past two weeks how often have you been cyberbullied),3.0,2 or 3 times a week
chwk_2cybrblyngu,Q7G) In the past two weeks how often have you been cyberbullied),4.0,Several times a week
chfm_fun,Q8A) How often do you have fun with your family?,1.0,Never
chfm_fun,Q8A) How often do you have fun with your family?,2.0,Some of the time
chfm_fun,Q8A) How often do you have fun with your family?,3.0,All of the time
chfm_gtalong,Q8B) How often does your family get along well together),1.0,Never
chfm_gtalong,Q8B) How often does your family get along well together),2.0,Some of the time
chfm_gtalong,Q8B) How often does your family get along well together),3.0,All of the time
chfm_siblngs,Q8C) How often do you get along with siblings/other children at home?,1.0,Never
chfm_siblngs,Q8C) How often do you get along with siblings/other children at home?,2.0,Some of the time
chfm_siblngs,Q8C) How often do you get along with siblings/other children at home?,3.0,All of the time
chfm_siblngs,Q8C) How often do you get along with siblings/other children at home?,4.0,I dont have brothers or sister or live with other children
chwd_dudo_1,,,
chwd_dudo_2,,,
chwd_dudo_3,,,
chwd_dudo_4,,,
chwd_dudo_5,,,
chwd_dudo_6,,,
chwd_dudo_7,,,
chwr_lstfd,Q9B1) We cant get the food we want because there is not enough money,1.0,Many times
chwr_lstfd,Q9B1) We cant get the food we want because there is not enough money,2.0,1 or 2 times
chwr_lstfd,Q9B1) We cant get the food we want because there is not enough money,3.0,Never
chwr_lsteat,Q9B2) I worry about not having enough to eat,1.0,Many times
chwr_lsteat,Q9B2) I worry about not having enough to eat,2.0,1 or 2 times
chwr_lsteat,Q9B2) I worry about not having enough to eat,3.0,Never
chwr_lstprtsfood,Q9B3) I worry about how hard it is for my parents...ugh food for us,1.0,Many times
chwr_lstprtsfood,Q9B3) I worry about how hard it is for my parents...ugh food for us,2.0,1 or 2 times
chwr_lstprtsfood,Q9B3) I worry about how hard it is for my parents...ugh food for us,3.0,Never
chwr_lsthngry,Q9B4) I feel hungry because there is not enough food to eat,1.0,Many times
chwr_lsthngry,Q9B4) I feel hungry because there is not enough food to eat,2.0,1 or 2 times
chwr_lsthngry,Q9B4) I feel hungry because there is not enough food to eat,3.0,Never
chwr_lsteatlt,Q9B5)I try not to eat a lot so that our food will last,1.0,Many times
chwr_lsteatlt,Q9B5)I try not to eat a lot so that our food will last,2.0,1 or 2 times
chwr_lsteatlt,Q9B5)I try not to eat a lot so that our food will last,3.0,Never
chwr_lstmny,Q9B6) How often do you worry about how much money your family has,1.0,Many times
chwr_lstmny,Q9B6) How often do you worry about how much money your family has,2.0,1 or 2 times
chwr_lstmny,Q9B6) How often do you worry about how much money your family has,3.0,Never
ch_wrynow_1,Q9Ci) At the moment Worry 1:,,
ch_wrynow_2,Q9Cii) At the moment Worry 2:,,
ch_wrynow_3,Q9Ciii) At the moment Worry 3:,,
ch_easier_1,Q9Di) At the moment  Happy 1:,,
ch_easier_2,Q9Dii) At the moment  Happy 2:,,
ch_easier_3,Q9Diii) At the moment  Happy 3:,,
child_complete,Complete?,0.0,Incomplete
child_complete,Complete?,1.0,Unverified
child_complete,Complete?,2.0,Complete
complete_rcads,,,
total_rcads,Total RCADS Score - Raw,,
dep_rcads,Depression RCADS Score - Raw,,
anx_rcads,Anxiety RCADS Score - Raw,,
total_rcads_t,Total RCADS Score - Standardised T Score,,
dep_rcads_t,Depression RCADS Score - Standardised T Score,,
anx_rcads_t,Anxiety RCADS Score - Standardised T Scores,,
total_rcads_tcat,Total RCADS Score - Standardised T Score Categories,0.0,Normal
total_rcads_tcat,Total RCADS Score - Standardised T Score Categories,1.0,Borderline
total_rcads_tcat,Total RCADS Score - Standardised T Score Categories,2.0,Clinical
dep_rcads_tcat,Depression RCADS Score - Standardised T Score Categories,0.0,Normal
dep_rcads_tcat,Depression RCADS Score - Standardised T Score Categories,1.0,Borderline
dep_rcads_tcat,Depression RCADS Score - Standardised T Score Categories,2.0,Clinical
anx_rcads_tcat,Anxiety RCADS Score - Standardised T Scores Categories,0.0,Normal
anx_rcads_tcat,Anxiety RCADS Score - Standardised T Scores Categories,1.0,Borderline
anx_rcads_tcat,Anxiety RCADS Score - Standardised T Scores Categories,2.0,Clinical
avail_from_dt,,,
ward_e,Encrypted Ward as at March 2020,,
imdrank_e,Encrypted IMD 2019 National Rank (1 = most deprved),,
