variable_name,variable_label,value_value,value_label
study_id_e,,,
cohort,Cohort,1.0,BiB
cohort,Cohort,2.0,Better Start
bibparticipanttype,BiB Participant Type,,
ethnicity,Ethnic group combined from different cohort data sources,1.0,White British
ethnicity,Ethnic group combined from different cohort data sources,2.0,Pakistani
ethnicity,Ethnic group combined from different cohort data sources,3.0,Other
country,Country,,
region,Region,,
imddecile,Index of Multiple Deprivation (IMD) Decile,,
hh_relship,What is your current relationship status?,-1.0,Do not wish to answer
hh_relship,What is your current relationship status?,1.0,Single
hh_relship,What is your current relationship status?,2.0,Married
hh_relship,What is your current relationship status?,3.0,Not married but in a relationship
hh_living,Are you currently living with your partner?,1.0,Yes
hh_living,Are you currently living with your partner?,2.0,No
hh_living,Are you currently living with your partner?,3.0,Not applicable - Single
hh_nchild,Do any children aged 16 and under live in your home?,0.0,No
hh_nchild,Do any children aged 16 and under live in your home?,1.0,Yes
hh_nchild_04,How many children aged between 0 and 4 years live in your home?,,
hh_nchild_510,How many children aged between 5 and 10 years live in your home?,,
hh_nchild_1116,How many children aged between 11 and 16 years live in your home?,,
hh_childlw,Does your child (or children) live with you all the time?,0.0,No - shared parenting
hh_childlw,Does your child (or children) live with you all the time?,1.0,Yes
hh_nadult,How many adults (people aged over 16 years) live in your home?,,
hh_nadult_70,How many of these adults are over the age of 70?,,
hh_slfisol_any,Has anyone in household been advised by a health professional that they are high,0.0,No
hh_slfisol_any,Has anyone in household been advised by a health professional that they are high,1.0,Yes
hh_slfisol_resp,Have you been advised by a health professional that they are high risk/ vulnerab,0.0,No
hh_slfisol_resp,Have you been advised by a health professional that they are high risk/ vulnerab,1.0,Yes
hh_slfisol_oth,Have a person other than you in the household been advised by a health professio,0.0,No
hh_slfisol_oth,Have a person other than you in the household been advised by a health professio,1.0,Yes
hh_pregyou,Are you currently pregnant?,0.0,No
hh_pregyou,Are you currently pregnant?,1.0,Yes
hh_pregyou_wks,How many weeks pregnant are you?,,
hh_pregoth,Are any other women in your household pregnant?,0.0,No
hh_pregoth,Are any other women in your household pregnant?,1.0,Yes
hh_pregoth_wks,How many weeks pregnant are they?,,
yh_own,Do you (or your household) own or rent the home you live in?,1.0,Own it outright
yh_own,Do you (or your household) own or rent the home you live in?,2.0,Buying it with the help of a mortgage/loan
yh_own,Do you (or your household) own or rent the home you live in?,3.0,Part own and part rent (shared ownership)
yh_own,Do you (or your household) own or rent the home you live in?,4.0,Rent it (includes all those who are on Housing Benefit or Local Housing Allowance)
yh_own,Do you (or your household) own or rent the home you live in?,5.0,Live here rent-free (including rent-free in relatives/friends property but excluding squatters)
yh_own,Do you (or your household) own or rent the home you live in?,6.0,Squatting
yh_own_rent,Who is your landlord?,-2.0,Dont know
yh_own_rent,Who is your landlord?,1.0,Private landlord or letting agency
yh_own_rent,Who is your landlord?,2.0,"Housing association, housing co-operative, charitable trust"
yh_own_rent,Who is your landlord?,3.0,"Local authority, local council"
yh_own_rent,Who is your landlord?,4.0,Relative or friend (before you lived here) of a household member
yh_own_rent,Who is your landlord?,5.0,Employer (individual) of a household member
yh_own_rent,Who is your landlord?,6.0,Employer (company) of a household member
yh_own_rent,Who is your landlord?,7.0,Another organisation
yh_bdroom,How many bedrooms are there in your home?,,
yh_net,Can you access the internet from your home (e.g. broadband / data on phone)?,0.0,No
yh_net,Can you access the internet from your home (e.g. broadband / data on phone)?,1.0,Yes
yh_rpair,Does your home need any major repairs doing to it right now?,0.0,No
yh_rpair,Does your home need any major repairs doing to it right now?,1.0,Yes
yh_appl,Are all of your large electrical appliances (e.g. washing machine; fridge) in go,0.0,No
yh_appl,Are all of your large electrical appliances (e.g. washing machine; fridge) in go,1.0,Yes
yh_damp,Do you have any damp or mould in your home?,0.0,No
yh_damp,Do you have any damp or mould in your home?,1.0,Yes
yh_vrmin,Do you have trouble with any vermin (mice or other rodents; cockroaches; etc.) i,0.0,No
yh_vrmin,Do you have trouble with any vermin (mice or other rodents; cockroaches; etc.) i,1.0,Yes
yh_outdr,Does your home have an outdoor space which you and your family can use?,0.0,No
yh_outdr,Does your home have an outdoor space which you and your family can use?,1.0,Yes
yh_outdr_prvsh,Is your outdoor space private or shared?,1.0,Private
yh_outdr_prvsh,Is your outdoor space private or shared?,2.0,Shared
yh_outdr_yard,Do you have outside space type: Yard,0.0,No
yh_outdr_yard,Do you have outside space type: Yard,1.0,Yes
yh_outdr_smlgdn,Do you have outside space type: Small Garden,0.0,No
yh_outdr_smlgdn,Do you have outside space type: Small Garden,1.0,Yes
yh_outdr_medgdn,Do you have outside space type: Medium Garden,0.0,No
yh_outdr_medgdn,Do you have outside space type: Medium Garden,1.0,Yes
yh_outdr_lgegdn,Do you have outside space type: Large Garden,0.0,No
yh_outdr_lgegdn,Do you have outside space type: Large Garden,1.0,Yes
yh_outdr_other,Do you have outside space type: Other,0.0,No
yh_outdr_other,Do you have outside space type: Other,1.0,Yes
yh_outdr_safe,Is your outdoor space safe for your children to play in?,-2.0,Dont know
yh_outdr_safe,Is your outdoor space safe for your children to play in?,0.0,No
yh_outdr_safe,Is your outdoor space safe for your children to play in?,1.0,Yes
jbsc_kwrker,Is anyone in your home classed as a Key Worker,0.0,No
jbsc_kwrker,Is anyone in your home classed as a Key Worker,1.0,Yes
jbsc_kwrker_myself,Who is classed as a Key Worker? (choice=Myself),0.0,No
jbsc_kwrker_myself,Who is classed as a Key Worker? (choice=Myself),1.0,Yes
jbsc_kwrker_partner,Who is classed as a Key Worker? (choice=My partner),0.0,No
jbsc_kwrker_partner,Who is classed as a Key Worker? (choice=My partner),1.0,Yes
jbsc_kwrker_otherhh,Who is classed as a Key Worker? (choice=Other household member),0.0,No
jbsc_kwrker_otherhh,Who is classed as a Key Worker? (choice=Other household member),1.0,Yes
jbsc_main,Who is the main earner in the household?,1.0,Me
jbsc_main,Who is the main earner in the household?,2.0,My partner
jbsc_main,Who is the main earner in the household?,3.0,Other household member
jbsc_main,Who is the main earner in the household?,4.0,Me and my partner earn the same amount
jbsc_main_crntly,Is the main earner in your household currently...,-2.0,Dont know
jbsc_main_crntly,Is the main earner in your household currently...,1.0,Employed
jbsc_main_crntly,Is the main earner in your household currently...,2.0,Employed but not working (on furlough)
jbsc_main_crntly,Is the main earner in your household currently...,3.0,Self employed and working
jbsc_main_crntly,Is the main earner in your household currently...,4.0,Self employed and not working
jbsc_main_crntly,Is the main earner in your household currently...,5.0,Unemployed
jbsc_main_hmwfh,Are they mainly working from home; or going out to work?,1.0,Working from home
jbsc_main_hmwfh,Are they mainly working from home; or going out to work?,2.0,Going out to work
jbsc_main_wry_1,I worry about the job security of the main earner,1.0,Strongly disagree
jbsc_main_wry_1,I worry about the job security of the main earner,2.0,Disagree
jbsc_main_wry_1,I worry about the job security of the main earner,3.0,Neither agree nor disagree
jbsc_main_wry_1,I worry about the job security of the main earner,4.0,Agree
jbsc_main_wry_1,I worry about the job security of the main earner,5.0,Strongly agree
jbsc_main_wry_2,In the next 12 months; do you expect the income of the main earner is likely to ,-2.0,Dont know
jbsc_main_wry_2,In the next 12 months; do you expect the income of the main earner is likely to ,0.0,No
jbsc_main_wry_2,In the next 12 months; do you expect the income of the main earner is likely to ,1.0,Yes
jbsc_main_wry_3,In 12 months time; do you expect the main earner to still have their job?,-2.0,Dont know
jbsc_main_wry_3,In 12 months time; do you expect the main earner to still have their job?,0.0,No
jbsc_main_wry_3,In 12 months time; do you expect the main earner to still have their job?,1.0,Yes
hhe_buyfood,I have been able to buy the food I needed in the shops.,-2.0,Dont know
hhe_buyfood,I have been able to buy the food I needed in the shops.,-1.0,Do not wish to answer
hhe_buyfood,I have been able to buy the food I needed in the shops.,1.0,Never true
hhe_buyfood,I have been able to buy the food I needed in the shops.,2.0,Sometimes true
hhe_buyfood,I have been able to buy the food I needed in the shops.,3.0,Often true
hhe_ddntlast,The food that (I/we) bought just didnt last; and (I/we) didnt have money to get ,-2.0,Dont know
hhe_ddntlast,The food that (I/we) bought just didnt last; and (I/we) didnt have money to get ,-1.0,Do not wish to answer
hhe_ddntlast,The food that (I/we) bought just didnt last; and (I/we) didnt have money to get ,1.0,Never true
hhe_ddntlast,The food that (I/we) bought just didnt last; and (I/we) didnt have money to get ,2.0,Sometimes true
hhe_ddntlast,The food that (I/we) bought just didnt last; and (I/we) didnt have money to get ,3.0,Often true
hhe_balancd,(I/we) couldnt afford to eat balanced meals. ,-2.0,Dont know
hhe_balancd,(I/we) couldnt afford to eat balanced meals. ,-1.0,Do not wish to answer
hhe_balancd,(I/we) couldnt afford to eat balanced meals. ,1.0,Never true
hhe_balancd,(I/we) couldnt afford to eat balanced meals. ,2.0,Sometimes true
hhe_balancd,(I/we) couldnt afford to eat balanced meals. ,3.0,Often true
hhe_skip,Did you or other adults in your household ever cut the size of your meals or ski,-2.0,Dont know
hhe_skip,Did you or other adults in your household ever cut the size of your meals or ski,-1.0,Do not wish to answer
hhe_skip,Did you or other adults in your household ever cut the size of your meals or ski,0.0,No
hhe_skip,Did you or other adults in your household ever cut the size of your meals or ski,1.0,Yes
hhe_skipoftn,How often did you or other adults cut the size of meals or skip meals?,-2.0,Dont know
hhe_skipoftn,How often did you or other adults cut the size of meals or skip meals?,-1.0,Do not wish to answer
hhe_skipoftn,How often did you or other adults cut the size of meals or skip meals?,1.0,Only 1 or 2 days
hhe_skipoftn,How often did you or other adults cut the size of meals or skip meals?,2.0,Some days but not every day
hhe_skipoftn,How often did you or other adults cut the size of meals or skip meals?,3.0,Almost every day
hhe_eatless,Did you or other adults ever eat less than you felt you should because there was,-2.0,Dont know
hhe_eatless,Did you or other adults ever eat less than you felt you should because there was,-1.0,Do not wish to answer
hhe_eatless,Did you or other adults ever eat less than you felt you should because there was,0.0,No
hhe_eatless,Did you or other adults ever eat less than you felt you should because there was,1.0,Yes
hhe_hungry,Were you ever hungry but didnt eat because there wasnt enough money for food?,-2.0,Dont know
hhe_hungry,Were you ever hungry but didnt eat because there wasnt enough money for food?,-1.0,Do not wish to answer
hhe_hungry,Were you ever hungry but didnt eat because there wasnt enough money for food?,0.0,No
hhe_hungry,Were you ever hungry but didnt eat because there wasnt enough money for food?,1.0,Yes
hhe_finannow,How well would you say you are managing financially right now?,-2.0,Dont know
hhe_finannow,How well would you say you are managing financially right now?,-1.0,Do not wish to answer
hhe_finannow,How well would you say you are managing financially right now?,1.0,Living comfortably
hhe_finannow,How well would you say you are managing financially right now?,2.0,Doing alright
hhe_finannow,How well would you say you are managing financially right now?,3.0,Just about getting by
hhe_finannow,How well would you say you are managing financially right now?,4.0,Finding it quite difficult
hhe_finannow,How well would you say you are managing financially right now?,5.0,Finding it very difficult
hhe_finan3m,Compared to 3 months ago; how would you say you are doing financially right now?,-2.0,Dont know
hhe_finan3m,Compared to 3 months ago; how would you say you are doing financially right now?,-1.0,Do not wish to answer
hhe_finan3m,Compared to 3 months ago; how would you say you are doing financially right now?,1.0,Better off
hhe_finan3m,Compared to 3 months ago; how would you say you are doing financially right now?,2.0,About the same
hhe_finan3m,Compared to 3 months ago; how would you say you are doing financially right now?,3.0,Worse off
hhe_bills,Sometimes people are not able to pay every bill when it is due. Are you currentl,-2.0,Dont know
hhe_bills,Sometimes people are not able to pay every bill when it is due. Are you currentl,-1.0,Do not wish to answer
hhe_bills,Sometimes people are not able to pay every bill when it is due. Are you currentl,0.0,No
hhe_bills,Sometimes people are not able to pay every bill when it is due. Are you currentl,1.0,Yes
hhe_relief,Did you know that some households can apply to take mortgage holidays or rent re,0.0,No
hhe_relief,Did you know that some households can apply to take mortgage holidays or rent re,1.0,Yes
hhe_relief_tkn,Are you taking the mortgage holiday or the rent relief loan at the moment?,-2.0,Dont know
hhe_relief_tkn,Are you taking the mortgage holiday or the rent relief loan at the moment?,-1.0,Do not wish to answer
hhe_relief_tkn,Are you taking the mortgage holiday or the rent relief loan at the moment?,0.0,No
hhe_relief_tkn,Are you taking the mortgage holiday or the rent relief loan at the moment?,1.0,Yes
hhe_relief_nxt,Do you think you will take the mortgage holiday / rent relief in the next month?,-2.0,Dont know
hhe_relief_nxt,Do you think you will take the mortgage holiday / rent relief in the next month?,-1.0,Do not wish to answer
hhe_relief_nxt,Do you think you will take the mortgage holiday / rent relief in the next month?,0.0,No
hhe_relief_nxt,Do you think you will take the mortgage holiday / rent relief in the next month?,1.0,Yes
hhe_wrypay,I worry about paying the rent / mortgage,1.0,Strongly disagree
hhe_wrypay,I worry about paying the rent / mortgage,2.0,Disagree
hhe_wrypay,I worry about paying the rent / mortgage,3.0,Neither agree nor disagree
hhe_wrypay,I worry about paying the rent / mortgage,4.0,Agree
hhe_wrypay,I worry about paying the rent / mortgage,5.0,Strongly agree
hhe_wryevic,I worry about getting evicted / having my home repossessed,1.0,Strongly disagree
hhe_wryevic,I worry about getting evicted / having my home repossessed,2.0,Disagree
hhe_wryevic,I worry about getting evicted / having my home repossessed,3.0,Neither agree nor disagree
hhe_wryevic,I worry about getting evicted / having my home repossessed,4.0,Agree
hhe_wryevic,I worry about getting evicted / having my home repossessed,5.0,Strongly agree
fh_slfisol_nw,Is your household currently self isolating (that is; not leaving the house at al,0.0,No
fh_slfisol_nw,Is your household currently self isolating (that is; not leaving the house at al,1.0,Yes
fh_slfisol_nw_why1,Why are you self isolating? (choice=Contact with someone with symptoms of corona,0.0,No
fh_slfisol_nw_why1,Why are you self isolating? (choice=Contact with someone with symptoms of corona,1.0,Yes
fh_slfisol_nw_why2,Why are you self isolating? (choice=Had coronavirus symptoms yourself),0.0,No
fh_slfisol_nw_why2,Why are you self isolating? (choice=Had coronavirus symptoms yourself),1.0,Yes
fh_slfisol_nw_why3,Why are you self isolating? (choice=Someone in the household had symptoms of cor,0.0,No
fh_slfisol_nw_why3,Why are you self isolating? (choice=Someone in the household had symptoms of cor,1.0,Yes
fh_slfisol_nw_why4,Why are you self isolating? (choice=To protect a vulnerable person in the househ,0.0,No
fh_slfisol_nw_why4,Why are you self isolating? (choice=To protect a vulnerable person in the househ,1.0,Yes
fh_slfisol_nw_why5,Why are you self isolating? (choice=Other),0.0,No
fh_slfisol_nw_why5,Why are you self isolating? (choice=Other),1.0,Yes
fh_slfisol_past,Has your household had to self-isolate for any reason (that is; not leaving the ,0.0,No
fh_slfisol_past,Has your household had to self-isolate for any reason (that is; not leaving the ,1.0,Yes
fh_slfisol_past_why1,What was the reason you had to self-isolate? (choice=Contact with someone with s,0.0,No
fh_slfisol_past_why1,What was the reason you had to self-isolate? (choice=Contact with someone with s,1.0,Yes
fh_slfisol_past_why2,What was the reason you had to self-isolate? (choice=Had coronavirus symptoms yo,0.0,No
fh_slfisol_past_why2,What was the reason you had to self-isolate? (choice=Had coronavirus symptoms yo,1.0,Yes
fh_slfisol_past_why3,What was the reason you had to self-isolate? (choice=Someone in the household ha,0.0,No
fh_slfisol_past_why3,What was the reason you had to self-isolate? (choice=Someone in the household ha,1.0,Yes
fh_slfisol_past_why4,What was the reason you had to self-isolate? (choice=To protect a vulnerable per,0.0,No
fh_slfisol_past_why4,What was the reason you had to self-isolate? (choice=To protect a vulnerable per,1.0,Yes
fh_slfisol_past_why5,What was the reason you had to self-isolate? (choice=Other),0.0,No
fh_slfisol_past_why5,What was the reason you had to self-isolate? (choice=Other),1.0,Yes
fh_slfisol_past_days,How many days did you self-isolate for?,,
fh_smoke,Do you smoke?,0.0,No
fh_smoke,Do you smoke?,1.0,Yes
fh_smoke_hwmch,Over the past week have you smoked...,0.0,About the same
fh_smoke_hwmch,Over the past week have you smoked...,1.0,Less than usual
fh_smoke_hwmch,Over the past week have you smoked...,2.0,More than usual
fh_ecig,Do you vape or use e-cigarettes?,0.0,No
fh_ecig,Do you vape or use e-cigarettes?,1.0,Yes
fh_ecig_hwmch,Over the past week have you vaped or used e-cigarettes...,0.0,About the same
fh_ecig_hwmch,Over the past week have you vaped or used e-cigarettes...,1.0,Less than usual
fh_ecig_hwmch,Over the past week have you vaped or used e-cigarettes...,2.0,More than usual
fh_alc,Do you drink alcohol?,0.0,No
fh_alc,Do you drink alcohol?,1.0,Yes
fh_alc_hwmch,Over the past week have you drunk...,0.0,About the same
fh_alc_hwmch,Over the past week have you drunk...,1.0,Less than usual
fh_alc_hwmch,Over the past week have you drunk...,2.0,More than usual
fh_feeling,Which of the following best describes how youve been feeling over the past week?,0.0,I do not worry about my health
fh_feeling,Which of the following best describes how youve been feeling over the past week?,1.0,I occasionally worry about my health
fh_feeling,Which of the following best describes how youve been feeling over the past week?,2.0,I spend much of my time worrying about my health
fh_feeling,Which of the following best describes how youve been feeling over the past week?,3.0,I spend most of my time worrying about health
fh_genhealth,How would you describe your health generally?,-2.0,Dont know
fh_genhealth,How would you describe your health generally?,-1.0,Do not wish to answer
fh_genhealth,How would you describe your health generally?,1.0,Excellent
fh_genhealth,How would you describe your health generally?,2.0,Very good
fh_genhealth,How would you describe your health generally?,3.0,Good
fh_genhealth,How would you describe your health generally?,4.0,Fair
fh_genhealth,How would you describe your health generally?,5.0,Poor
fh_phq_1,Little interest or pleasure in doing things,0.0,Not at all
fh_phq_1,Little interest or pleasure in doing things,1.0,Several days
fh_phq_1,Little interest or pleasure in doing things,2.0,More than half the days
fh_phq_1,Little interest or pleasure in doing things,3.0,Nearly every day
fh_phq_2,Feeling down; depressed; or hopeless,0.0,Not at all
fh_phq_2,Feeling down; depressed; or hopeless,1.0,Several days
fh_phq_2,Feeling down; depressed; or hopeless,2.0,More than half the days
fh_phq_2,Feeling down; depressed; or hopeless,3.0,Nearly every day
fh_phq_3,Trouble falling or staying asleep; or sleeping too much,0.0,Not at all
fh_phq_3,Trouble falling or staying asleep; or sleeping too much,1.0,Several days
fh_phq_3,Trouble falling or staying asleep; or sleeping too much,2.0,More than half the days
fh_phq_3,Trouble falling or staying asleep; or sleeping too much,3.0,Nearly every day
fh_phq_4,Feeling tired or having little energy,0.0,Not at all
fh_phq_4,Feeling tired or having little energy,1.0,Several days
fh_phq_4,Feeling tired or having little energy,2.0,More than half the days
fh_phq_4,Feeling tired or having little energy,3.0,Nearly every day
fh_phq_5,Poor appetite or overeating,0.0,Not at all
fh_phq_5,Poor appetite or overeating,1.0,Several days
fh_phq_5,Poor appetite or overeating,2.0,More than half the days
fh_phq_5,Poor appetite or overeating,3.0,Nearly every day
fh_phq_6,Feeling bad about yourself,0.0,Not at all
fh_phq_6,Feeling bad about yourself,1.0,Several days
fh_phq_6,Feeling bad about yourself,2.0,More than half the days
fh_phq_6,Feeling bad about yourself,3.0,Nearly every day
fh_phq_7,Trouble concentrating on things; such as reading the newspaper or watching telev,0.0,Not at all
fh_phq_7,Trouble concentrating on things; such as reading the newspaper or watching telev,1.0,Several days
fh_phq_7,Trouble concentrating on things; such as reading the newspaper or watching telev,2.0,More than half the days
fh_phq_7,Trouble concentrating on things; such as reading the newspaper or watching telev,3.0,Nearly every day
fh_phq_8,Moving or speaking so slowly that other people could have noticed? Or the opposi,0.0,Not at all
fh_phq_8,Moving or speaking so slowly that other people could have noticed? Or the opposi,1.0,Several days
fh_phq_8,Moving or speaking so slowly that other people could have noticed? Or the opposi,2.0,More than half the days
fh_phq_8,Moving or speaking so slowly that other people could have noticed? Or the opposi,3.0,Nearly every day
fh_phq_hwdiff,If you checked off any problems; how difficult have these problems made it for y,0.0,Not at all
fh_phq_hwdiff,If you checked off any problems; how difficult have these problems made it for y,1.0,Somewhat difficult
fh_phq_hwdiff,If you checked off any problems; how difficult have these problems made it for y,2.0,Very difficult
fh_phq_hwdiff,If you checked off any problems; how difficult have these problems made it for y,3.0,Extremely difficult
fh_phq_score,PHQ8  Total Score,,
fh_phq_group,PHQ8  Total Score - Grouped,1.0,None
fh_phq_group,PHQ8  Total Score - Grouped,2.0,Mild
fh_phq_group,PHQ8  Total Score - Grouped,3.0,Moderate
fh_phq_group,PHQ8  Total Score - Grouped,4.0,Moderately severe
fh_phq_group,PHQ8  Total Score - Grouped,5.0,Severe
fh_gad_1,Feeling nervous; anxious or on an edge?,0.0,Not at all
fh_gad_1,Feeling nervous; anxious or on an edge?,1.0,Several days
fh_gad_1,Feeling nervous; anxious or on an edge?,2.0,More than half the days
fh_gad_1,Feeling nervous; anxious or on an edge?,3.0,Nearly every day
fh_gad_2,Not being able to stop or control worrying?,0.0,Not at all
fh_gad_2,Not being able to stop or control worrying?,1.0,Several days
fh_gad_2,Not being able to stop or control worrying?,2.0,More than half the days
fh_gad_2,Not being able to stop or control worrying?,3.0,Nearly every day
fh_gad_3,Worrying too much about different things?,0.0,Not at all
fh_gad_3,Worrying too much about different things?,1.0,Several days
fh_gad_3,Worrying too much about different things?,2.0,More than half the days
fh_gad_3,Worrying too much about different things?,3.0,Nearly every day
fh_gad_4,Trouble relaxing?,0.0,Not at all
fh_gad_4,Trouble relaxing?,1.0,Several days
fh_gad_4,Trouble relaxing?,2.0,More than half the days
fh_gad_4,Trouble relaxing?,3.0,Nearly every day
fh_gad_5,Being so restless that it is hard to sit still?,0.0,Not at all
fh_gad_5,Being so restless that it is hard to sit still?,1.0,Several days
fh_gad_5,Being so restless that it is hard to sit still?,2.0,More than half the days
fh_gad_5,Being so restless that it is hard to sit still?,3.0,Nearly every day
fh_gad_6,Becoming easily annoyed or irritable?,0.0,Not at all
fh_gad_6,Becoming easily annoyed or irritable?,1.0,Several days
fh_gad_6,Becoming easily annoyed or irritable?,2.0,More than half the days
fh_gad_6,Becoming easily annoyed or irritable?,3.0,Nearly every day
fh_gad_7,Feeling afraid as if something awful might happen?,0.0,Not at all
fh_gad_7,Feeling afraid as if something awful might happen?,1.0,Several days
fh_gad_7,Feeling afraid as if something awful might happen?,2.0,More than half the days
fh_gad_7,Feeling afraid as if something awful might happen?,3.0,Nearly every day
fh_gad_score,GAD 7  Total Score,,
fh_gad_group,GAD 7  Total Score - Grouped,1.0,None
fh_gad_group,GAD 7  Total Score - Grouped,2.0,Mild
fh_gad_group,GAD 7  Total Score - Grouped,3.0,Moderate
fh_gad_group,GAD 7  Total Score - Grouped,4.0,Severe
as_gp,Your doctor (GP) or nurse,0.0,No
as_gp,Your doctor (GP) or nurse,1.0,Yes
as_acc_gp,Were you able to get an appointment with your GP or nurse?,0.0,No
as_acc_gp,Were you able to get an appointment with your GP or nurse?,1.0,Yes
as_acc_gp,Were you able to get an appointment with your GP or nurse?,2.0,Havent tried
as_acc_gp_mode,Was the appointment with your GP or nurse in person or over the phone?,1.0,In person
as_acc_gp_mode,Was the appointment with your GP or nurse in person or over the phone?,2.0,Phone
as_gp_satis,Did you receive the support you needed?,0.0,No
as_gp_satis,Did you receive the support you needed?,1.0,Definitely
as_gp_satis,Did you receive the support you needed?,2.0,Mostly
as_111,NHS 111 by telephone or online,0.0,No
as_111,NHS 111 by telephone or online,1.0,Yes
as_acc_111,Were you able to speak to someone; or gain advice online through NHS 111?,0.0,No
as_acc_111,Were you able to speak to someone; or gain advice online through NHS 111?,1.0,Yes
as_acc_111,Were you able to speak to someone; or gain advice online through NHS 111?,2.0,Havent tried
as_111_satis,Did you receive the support you needed?,0.0,No
as_111_satis,Did you receive the support you needed?,1.0,Definitely
as_111_satis,Did you receive the support you needed?,2.0,Mostly
as_ae,Health emergency services (A&E) ,0.0,No
as_ae,Health emergency services (A&E) ,1.0,Yes
as_acc_ae,Were you able to access emergency care?,0.0,No
as_acc_ae,Were you able to access emergency care?,1.0,Yes
as_acc_ae,Were you able to access emergency care?,2.0,Havent tried
as_ae_satis,Did you receive the support you needed?,0.0,No
as_ae_satis,Did you receive the support you needed?,1.0,Definitely
as_ae_satis,Did you receive the support you needed?,2.0,Mostly
as_spec,A specialist (consultant) doctor or specialist clinic (hospital outpatient) appo,0.0,No
as_spec,A specialist (consultant) doctor or specialist clinic (hospital outpatient) appo,1.0,Yes
as_acc_spec,Were you able to access specialist support?,0.0,No
as_acc_spec,Were you able to access specialist support?,1.0,Yes
as_acc_spec,Were you able to access specialist support?,2.0,Havent tried
as_acc_spec_mode,Was specialist support given in person or over the phone?,1.0,In person
as_acc_spec_mode,Was specialist support given in person or over the phone?,2.0,Phone
as_spec_satis,Did you receive the support you needed?,0.0,No
as_spec_satis,Did you receive the support you needed?,1.0,Definitely
as_spec_satis,Did you receive the support you needed?,2.0,Mostly
as_mh,Mental health services,0.0,No
as_mh,Mental health services,1.0,Yes
as_acc_mh,Were you able to access support from a mental health service?,0.0,No
as_acc_mh,Were you able to access support from a mental health service?,1.0,Yes
as_acc_mh,Were you able to access support from a mental health service?,2.0,Havent tried
as_acc_mh_mode,Was mental health support given in person or over the phone?,1.0,In person
as_acc_mh_mode,Was mental health support given in person or over the phone?,2.0,Phone
as_mh_satis,Did you receive the support you needed?,0.0,No
as_mh_satis,Did you receive the support you needed?,1.0,Definitely
as_mh_satis,Did you receive the support you needed?,2.0,Mostly
as_mdwife,A midwife,0.0,No
as_mdwife,A midwife,1.0,Yes
as_acc_mdwife,Were you able to access support from a midwife?,0.0,No
as_acc_mdwife,Were you able to access support from a midwife?,1.0,Yes
as_acc_mdwife,Were you able to access support from a midwife?,2.0,Havent tried
as_acc_mdwife_mode,Did the midwife provide support in person or over the phone?,1.0,In person
as_acc_mdwife_mode,Did the midwife provide support in person or over the phone?,2.0,Phone
as_mdwife_satis,Did you receive the support you needed?,0.0,No
as_mdwife_satis,Did you receive the support you needed?,1.0,Definitely
as_mdwife_satis,Did you receive the support you needed?,2.0,Mostly
as_hvsn,A health visitor or school nurse,0.0,No
as_hvsn,A health visitor or school nurse,1.0,Yes
as_acc_hvsn,Were you able to access support from a health visitor or school nurse?,0.0,No
as_acc_hvsn,Were you able to access support from a health visitor or school nurse?,1.0,Yes
as_acc_hvsn,Were you able to access support from a health visitor or school nurse?,2.0,Havent tried
as_acc_hvsn_mode,Did the health visitor or school nurse provide support in person or over the pho,1.0,In person
as_acc_hvsn_mode,Did the health visitor or school nurse provide support in person or over the pho,2.0,Phone
as_hvsn_satis,Did you receive the support you needed?,0.0,No
as_hvsn_satis,Did you receive the support you needed?,1.0,Definitely
as_hvsn_satis,Did you receive the support you needed?,2.0,Mostly
as_ehss,Early Help or social services,0.0,No
as_ehss,Early Help or social services,1.0,Yes
as_acc_ehss,Were you able to access support from Early Help or social services?,0.0,No
as_acc_ehss,Were you able to access support from Early Help or social services?,1.0,Yes
as_acc_ehss,Were you able to access support from Early Help or social services?,2.0,Havent tried
as_acc_ehss_mode,Was support from Early Help or social services provided in person or over the ph,1.0,In person
as_acc_ehss_mode,Was support from Early Help or social services provided in person or over the ph,2.0,Phone
as_ehss_satis,Did you receive the support you needed?,0.0,No
as_ehss_satis,Did you receive the support you needed?,1.0,Definitely
as_ehss_satis,Did you receive the support you needed?,2.0,Mostly
as_pharm,Pharmacy services,0.0,No
as_pharm,Pharmacy services,1.0,Yes
as_acc_pharm,Were you able to access support from a pharmacy?,0.0,No
as_acc_pharm,Were you able to access support from a pharmacy?,1.0,Yes
as_acc_pharm,Were you able to access support from a pharmacy?,2.0,Havent tried
as_acc_pharm_mode,Was pharmacy support given in person or over the phone?,1.0,In person
as_acc_pharm_mode,Was pharmacy support given in person or over the phone?,2.0,Phone
as_pharm_satis,Did you receive the support you needed?,0.0,No
as_pharm_satis,Did you receive the support you needed?,1.0,Definitely
as_pharm_satis,Did you receive the support you needed?,2.0,Mostly
as_othr,Other services e.g. charity/volunteer support,0.0,No
as_othr,Other services e.g. charity/volunteer support,1.0,Yes
as_acc_othr,Were you able to access support from a charity or voluntary organisation?,0.0,No
as_acc_othr,Were you able to access support from a charity or voluntary organisation?,1.0,Yes
as_acc_othr,Were you able to access support from a charity or voluntary organisation?,2.0,Havent tried
as_acc_othr_mode,Did the charity or voluntary organisation provide support in person or over the ,1.0,In person
as_acc_othr_mode,Did the charity or voluntary organisation provide support in person or over the ,2.0,Phone
as_othr_satis,Did you receive the support you needed?,0.0,No
as_othr_satis,Did you receive the support you needed?,1.0,Definitely
as_othr_satis,Did you receive the support you needed?,2.0,Mostly
fl_physact,How often do you currently do any kind of physical activity?,1.0,Never
fl_physact,How often do you currently do any kind of physical activity?,2.0,1 or 2 days a week
fl_physact,How often do you currently do any kind of physical activity?,3.0,Most days
fl_physact,How often do you currently do any kind of physical activity?,4.0,Every day
fl_physact_hwmch,Is this more; less or about the same as you did before lockdown?,1.0,Less than before
fl_physact_hwmch,Is this more; less or about the same as you did before lockdown?,2.0,About the same as before
fl_physact_hwmch,Is this more; less or about the same as you did before lockdown?,3.0,More than before
fl_physact_outdr,How often do you do any kind of physical activity outside?,1.0,Never
fl_physact_outdr,How often do you do any kind of physical activity outside?,2.0,1 or 2 days a week
fl_physact_outdr,How often do you do any kind of physical activity outside?,3.0,Most days
fl_physact_outdr,How often do you do any kind of physical activity outside?,4.0,Every day
fl_sleephrs,What was the average number of hours you slept per night in the last 7 days,,
fl_physact_ch,How often do your children do any kind of physical activity?,1.0,Never
fl_physact_ch,How often do your children do any kind of physical activity?,2.0,1 or 2 days a week
fl_physact_ch,How often do your children do any kind of physical activity?,3.0,Most days
fl_physact_ch,How often do your children do any kind of physical activity?,4.0,Every day
fl_physact_ch_outdr,How often do your children do any kind of physical activity outside?,1.0,Never
fl_physact_ch_outdr,How often do your children do any kind of physical activity outside?,2.0,1 or 2 days a week
fl_physact_ch_outdr,How often do your children do any kind of physical activity outside?,3.0,Most days
fl_physact_ch_outdr,How often do your children do any kind of physical activity outside?,4.0,Every day
fl_nurs,Do any of your children usually go to nursery?,0.0,No
fl_nurs,Do any of your children usually go to nursery?,1.0,Yes
fl_nurs_still,Are any of your children still going to nursery during the coronavirus lockdown?,0.0,No
fl_nurs_still,Are any of your children still going to nursery during the coronavirus lockdown?,1.0,Yes
fl_nurs_eli,Were any of your children eligible for or offered a place at nursery?,0.0,No
fl_nurs_eli,Were any of your children eligible for or offered a place at nursery?,1.0,Yes
fl_nurs_eli_why,Why didnt you take up this place at nursery?,,
fl_sch,Do any of your children usually go to primary or secondary school?,0.0,No
fl_sch,Do any of your children usually go to primary or secondary school?,1.0,Yes
fl_sch_still,Are any of your children still going to school during the coronavirus lockdown?,0.0,No
fl_sch_still,Are any of your children still going to school during the coronavirus lockdown?,1.0,Yes
fl_sch_eli,Were any of your children eligible for or offered a place at school?,0.0,No
fl_sch_eli,Were any of your children eligible for or offered a place at school?,1.0,Yes
fl_sch_eli_why,Why didnt you take up this place at school?,,
fl_suprtlearn,I feel confident in my ability to support my childrens learning at home,1.0,Strongly disagree
fl_suprtlearn,I feel confident in my ability to support my childrens learning at home,2.0,Disagree
fl_suprtlearn,I feel confident in my ability to support my childrens learning at home,3.0,Neither agree nor disagree
fl_suprtlearn,I feel confident in my ability to support my childrens learning at home,4.0,Agree
fl_suprtlearn,I feel confident in my ability to support my childrens learning at home,5.0,Strongly agree
fl_skillsprnt,I honestly believe I have all the skills necessary to be a good parent to my chi,1.0,Strongly disagree
fl_skillsprnt,I honestly believe I have all the skills necessary to be a good parent to my chi,2.0,Disagree
fl_skillsprnt,I honestly believe I have all the skills necessary to be a good parent to my chi,3.0,Neither agree nor disagree
fl_skillsprnt,I honestly believe I have all the skills necessary to be a good parent to my chi,4.0,Agree
fl_skillsprnt,I honestly believe I have all the skills necessary to be a good parent to my chi,5.0,Strongly agree
ywb_relshipq,How would you describe the quality of your relationship with your current partne,-1.0,Do not wish to answer
ywb_relshipq,How would you describe the quality of your relationship with your current partne,1.0,Excellent
ywb_relshipq,How would you describe the quality of your relationship with your current partne,2.0,Good
ywb_relshipq,How would you describe the quality of your relationship with your current partne,3.0,Average
ywb_relshipq,How would you describe the quality of your relationship with your current partne,4.0,Poor
ywb_relshipq,How would you describe the quality of your relationship with your current partne,5.0,Very poor
ywb_comm,No/poor communication (e.g. silent treatment),0.0,No
ywb_comm,No/poor communication (e.g. silent treatment),1.0,Yes
ywb_argu,Arguments now and then about trivial matters,0.0,No
ywb_argu,Arguments now and then about trivial matters,1.0,Yes
ywb_disagr,Regular disagreements (e.g. about chores; children; finances; etc.),0.0,No
ywb_disagr,Regular disagreements (e.g. about chores; children; finances; etc.),1.0,Yes
ywb_conflct,Unpredictable but severe conflict,0.0,No
ywb_conflct,Unpredictable but severe conflict,1.0,Yes
ywb_strggoth,Struggle with something else,0.0,No
ywb_strggoth,Struggle with something else,1.0,Yes
ywb_pplcount,How many people can you count on in times of need?,0.0,0
ywb_pplcount,How many people can you count on in times of need?,1.0,1
ywb_pplcount,How many people can you count on in times of need?,2.0,2
ywb_pplcount,How many people can you count on in times of need?,3.0,3
ywb_pplcount,How many people can you count on in times of need?,4.0,4
ywb_pplcount,How many people can you count on in times of need?,5.0,5
ywb_pplcount,How many people can you count on in times of need?,6.0,6
ywb_pplcount,How many people can you count on in times of need?,7.0,7
ywb_pplcount,How many people can you count on in times of need?,8.0,8
ywb_pplcount,How many people can you count on in times of need?,9.0,9
ywb_pplcount,How many people can you count on in times of need?,10.0,10 or more
ywb_pplcount_lcl,How many of these people live in your local area? That is; within about a mile o,0.0,0
ywb_pplcount_lcl,How many of these people live in your local area? That is; within about a mile o,1.0,1
ywb_pplcount_lcl,How many of these people live in your local area? That is; within about a mile o,2.0,2
ywb_pplcount_lcl,How many of these people live in your local area? That is; within about a mile o,3.0,3
ywb_pplcount_lcl,How many of these people live in your local area? That is; within about a mile o,4.0,4
ywb_pplcount_lcl,How many of these people live in your local area? That is; within about a mile o,5.0,5
ywb_pplcount_lcl,How many of these people live in your local area? That is; within about a mile o,6.0,6
ywb_pplcount_lcl,How many of these people live in your local area? That is; within about a mile o,7.0,7
ywb_pplcount_lcl,How many of these people live in your local area? That is; within about a mile o,8.0,8
ywb_pplcount_lcl,How many of these people live in your local area? That is; within about a mile o,9.0,9
ywb_pplcount_lcl,How many of these people live in your local area? That is; within about a mile o,10.0,10 or more
ywb_help,How easy is it to get practical help from friends/family/neighbours if you shoul,1.0,Very difficult
ywb_help,How easy is it to get practical help from friends/family/neighbours if you shoul,2.0,Difficult
ywb_help,How easy is it to get practical help from friends/family/neighbours if you shoul,3.0,Possible
ywb_help,How easy is it to get practical help from friends/family/neighbours if you shoul,4.0,Easy
ywb_help,How easy is it to get practical help from friends/family/neighbours if you shoul,5.0,Very easy
ywb_lonely,How often have you felt lonely during the past week?,-2.0,Dont know
ywb_lonely,How often have you felt lonely during the past week?,-1.0,Do not wish to answer
ywb_lonely,How often have you felt lonely during the past week?,0.0,"None, or almost none of the time"
ywb_lonely,How often have you felt lonely during the past week?,1.0,Some of the time
ywb_lonely,How often have you felt lonely during the past week?,2.0,Most of the time
ywb_lonely,How often have you felt lonely during the past week?,3.0,"All, or almost all of the time"
avail_from_dt,,,
ladistrictcode2019_e,,,
ladistrictname2019_e,,,
lsoacode2011_e,,,
lsoaname2011_e,,,
ward_e,,,
imdrank_e,,,
