variable_name,variable_label,value_value,value_label
study_id_e,,,
bib_timestamp,,,
bib_sex,Sex: BiB Baseline questionnaire,0.0,Male
bib_sex,Sex: BiB Baseline questionnaire,1.0,Female
bib_eth16cat,Ethnicity (16 categories): BiB Baseline questionnaire,1.0,English; Welsh; Scottish; Northern Irish or British
bib_eth16cat,Ethnicity (16 categories): BiB Baseline questionnaire,2.0,Irish
bib_eth16cat,Ethnicity (16 categories): BiB Baseline questionnaire,3.0,Any other White background
bib_eth16cat,Ethnicity (16 categories): BiB Baseline questionnaire,4.0,White and Black Caribbean
bib_eth16cat,Ethnicity (16 categories): BiB Baseline questionnaire,5.0,White and Black African
bib_eth16cat,Ethnicity (16 categories): BiB Baseline questionnaire,6.0,White and Asian
bib_eth16cat,Ethnicity (16 categories): BiB Baseline questionnaire,7.0,Any other Mixed background
bib_eth16cat,Ethnicity (16 categories): BiB Baseline questionnaire,8.0,Indian
bib_eth16cat,Ethnicity (16 categories): BiB Baseline questionnaire,9.0,Pakistani
bib_eth16cat,Ethnicity (16 categories): BiB Baseline questionnaire,10.0,Bangladeshi
bib_eth16cat,Ethnicity (16 categories): BiB Baseline questionnaire,11.0,Chinese
bib_eth16cat,Ethnicity (16 categories): BiB Baseline questionnaire,12.0,Any other Asian background
bib_eth16cat,Ethnicity (16 categories): BiB Baseline questionnaire,13.0,African
bib_eth16cat,Ethnicity (16 categories): BiB Baseline questionnaire,14.0,Caribbean
bib_eth16cat,Ethnicity (16 categories): BiB Baseline questionnaire,15.0,Other Black; African or Caribbean background
bib_eth16cat,Ethnicity (16 categories): BiB Baseline questionnaire,16.0,Any other ethnic group
bib_age_y,,,
bib_highest_qual,Highest English equivilant qualification: BiB Baseline questionnaire,1.0,<5 GCSE equivalent
bib_highest_qual,Highest English equivilant qualification: BiB Baseline questionnaire,2.0,5 GCSE equivalent
bib_highest_qual,Highest English equivilant qualification: BiB Baseline questionnaire,3.0,A-level equivalent
bib_highest_qual,Highest English equivilant qualification: BiB Baseline questionnaire,4.0,Higher than A-level
bib_highest_qual,Highest English equivilant qualification: BiB Baseline questionnaire,5.0,Other
bib_highest_qual,Highest English equivilant qualification: BiB Baseline questionnaire,6.0,Don't know
bib_highest_qual,Highest English equivilant qualification: BiB Baseline questionnaire,7.0,Foreign Unknown
bib_occupation_type,Occupational type: BiB Baseline Questionnaire,1.0,Modern professional occupations
bib_occupation_type,Occupational type: BiB Baseline Questionnaire,2.0,Clerical and intermediate occupations
bib_occupation_type,Occupational type: BiB Baseline Questionnaire,3.0,Senior managers or administrators
bib_occupation_type,Occupational type: BiB Baseline Questionnaire,4.0,Technical and craft occupations
bib_occupation_type,Occupational type: BiB Baseline Questionnaire,5.0,Semi-rountine manual and service occupations
bib_occupation_type,Occupational type: BiB Baseline Questionnaire,6.0,Rountine manual and service occupations
bib_occupation_type,Occupational type: BiB Baseline Questionnaire,7.0,Middle or junior managers
bib_occupation_type,Occupational type: BiB Baseline Questionnaire,8.0,Traditional professional occupations
bib_occupation_type,Occupational type: BiB Baseline Questionnaire,9.0,Self-employed
bib_occupation_type,Occupational type: BiB Baseline Questionnaire,10.0,Student/in training
bib_occupation_type,Occupational type: BiB Baseline Questionnaire,11.0,Does not work-long term unemployed/sick
bib_occupation_type,Occupational type: BiB Baseline Questionnaire,12.0,Don't know
bib_employment_type,Type of employment: BiB Baseline Questionnaire,1.0,Employed-Non-Manual
bib_employment_type,Type of employment: BiB Baseline Questionnaire,2.0,Employed-Manual
bib_employment_type,Type of employment: BiB Baseline Questionnaire,3.0,Self-employed
bib_employment_type,Type of employment: BiB Baseline Questionnaire,4.0,Student
bib_employment_type,Type of employment: BiB Baseline Questionnaire,5.0,Unemployed
bib_employment_type,Type of employment: BiB Baseline Questionnaire,6.0,Don't know
bib_n_employ,Number of people who worked for employer: BiB Baseline Questionnaire,1.0,1-2
bib_n_employ,Number of people who worked for employer: BiB Baseline Questionnaire,2.0,3-24
bib_n_employ,Number of people who worked for employer: BiB Baseline Questionnaire,3.0,25-499
bib_n_employ,Number of people who worked for employer: BiB Baseline Questionnaire,4.0,500+
bib_n_employee,If self-employed; number of people employed: BiB Baseline Questionnaire,1.0,1-2
bib_n_employee,If self-employed; number of people employed: BiB Baseline Questionnaire,2.0,3-24
bib_n_employee,If self-employed; number of people employed: BiB Baseline Questionnaire,3.0,25-499
bib_n_employee,If self-employed; number of people employed: BiB Baseline Questionnaire,4.0,500+
bib_supervise,Supervise other employees: BiB Baseline Questionnaire,1.0,Manager
bib_supervise,Supervise other employees: BiB Baseline Questionnaire,2.0,Supervisor
bib_supervise,Supervise other employees: BiB Baseline Questionnaire,3.0,Other employee
bib_emp_status,Is respondent in employment: BiB Baseline questionnaire,1.0, Yes
bib_emp_status,Is respondent in employment: BiB Baseline questionnaire,2.0,No
bib_occupation,Current occupation: BiB Baseline Questionnaire,,
bib_finance_current,Current financial circumstances: BiB Baseline questionnaire,1.0,Living comfortably
bib_finance_current,Current financial circumstances: BiB Baseline questionnaire,2.0,Doing alright
bib_finance_current,Current financial circumstances: BiB Baseline questionnaire,3.0,Just about getting by
bib_finance_current,Current financial circumstances: BiB Baseline questionnaire,4.0,Quite difficult
bib_finance_current,Current financial circumstances: BiB Baseline questionnaire,5.0,Very difficult
bib_finance_current,Current financial circumstances: BiB Baseline questionnaire,6.0,Does not wish to answer
bib_finance_change,Financial circumstances compared to a year ago: BiB Baseline questionnaire,1.0,Better off
bib_finance_change,Financial circumstances compared to a year ago: BiB Baseline questionnaire,2.0,Worse off
bib_finance_change,Financial circumstances compared to a year ago: BiB Baseline questionnaire,3.0,About the same
bib_finance_change,Financial circumstances compared to a year ago: BiB Baseline questionnaire,4.0,Does not wish to answer
bib_tenure,Current tenure: BiB Baseline questionnaire,1.0,Owns outright
bib_tenure,Current tenure: BiB Baseline questionnaire,2.0,Mortgage
bib_tenure,Current tenure: BiB Baseline questionnaire,3.0,Rent free
bib_tenure,Current tenure: BiB Baseline questionnaire,4.0,Private landlord
bib_tenure,Current tenure: BiB Baseline questionnaire,5.0,Social housing
bib_tenure,Current tenure: BiB Baseline questionnaire,6.0,Other
bib_tenure,Current tenure: BiB Baseline questionnaire,7.0,DonÂ’t know
bib_occ_count,Total number of members in household: BiB Baseline questionnaire,,
bib_child_count,Number of children under 16 in household: BiB Baseline questionnaire,,
bib_bedroom_count,Number of bedrooms: BiB Baseline questionnaire,,
bib_partnership_status,Partnership status: BiB Baseline questionnaire,1.0,Married and living with partner
bib_partnership_status,Partnership status: BiB Baseline questionnaire,2.0,Not married and living with partner
bib_partnership_status,Partnership status: BiB Baseline questionnaire,3.0,Not living with partner
bib_gu_timestamp,Date questionnaire completed,,
bib_gu_age_y,Age at date of consent: BiB Growing Up questionnaire,,
bib_gu_occupation_type,Occupation type: BiB Growing Up questionnaire,1.0,Modern professional
bib_gu_occupation_type,Occupation type: BiB Growing Up questionnaire,2.0,Clerical and intermediate
bib_gu_occupation_type,Occupation type: BiB Growing Up questionnaire,3.0,Senior managers/administrators
bib_gu_occupation_type,Occupation type: BiB Growing Up questionnaire,4.0,Technical and craft
bib_gu_occupation_type,Occupation type: BiB Growing Up questionnaire,5.0,Semi-routine manual
bib_gu_occupation_type,Occupation type: BiB Growing Up questionnaire,6.0,Routine manual and service
bib_gu_occupation_type,Occupation type: BiB Growing Up questionnaire,7.0,Middle/junior managers
bib_gu_occupation_type,Occupation type: BiB Growing Up questionnaire,8.0,Traditional professional
bib_gu_occupation_type,Occupation type: BiB Growing Up questionnaire,9.0,Other
bib_gu_employment_type,Type of employment: BiB Growing Up,1.0,Employee
bib_gu_employment_type,Type of employment: BiB Growing Up,2.0,Self-employed with employees
bib_gu_employment_type,Type of employment: BiB Growing Up,3.0,Self-employed/freelance without employees
bib_gu_employment_type,Type of employment: BiB Growing Up,4.0,Student in Training (apprentice)
bib_gu_n_employ,Number of people who worked for employer: BiB Growing Up,1.0,Work alone
bib_gu_n_employ,Number of people who worked for employer: BiB Growing Up,2.0,1-24
bib_gu_n_employ,Number of people who worked for employer: BiB Growing Up,3.0,25+
bib_gu_n_employee,If self-employed; number of people employed: BiB Growing Up,1.0,1-24
bib_gu_n_employee,If self-employed; number of people employed: BiB Growing Up,2.0,25 or more
bib_gu_supervise,Supervise other employees: BiB Growing Up,1.0,No
bib_gu_supervise,Supervise other employees: BiB Growing Up,2.0,Yes
bib_gu_emp_status,Employment status: BiB Growing Up questionnaire,1.0,No
bib_gu_emp_status,Employment status: BiB Growing Up questionnaire,2.0,Yes
bib_gu_occupation,Current occupation: BiB Growing Up questionnaire,,
bib_gu_finance_current,Current financial circumstances: BiB Growing Up questionnaire,1.0,Living comfortably
bib_gu_finance_current,Current financial circumstances: BiB Growing Up questionnaire,2.0,Doing alright
bib_gu_finance_current,Current financial circumstances: BiB Growing Up questionnaire,3.0,Just about getting by
bib_gu_finance_current,Current financial circumstances: BiB Growing Up questionnaire,4.0,Finding it quite difficult
bib_gu_finance_current,Current financial circumstances: BiB Growing Up questionnaire,5.0,Finding it very difficult
bib_gu_finance_current,Current financial circumstances: BiB Growing Up questionnaire,6.0,Do not wish to answer
bib_gu_finance_change,Financial circumstances compared to a year ago: BiB Growing Up questionnaire,1.0,Better off
bib_gu_finance_change,Financial circumstances compared to a year ago: BiB Growing Up questionnaire,2.0,Worse off
bib_gu_finance_change,Financial circumstances compared to a year ago: BiB Growing Up questionnaire,3.0,About the same
bib_gu_finance_change,Financial circumstances compared to a year ago: BiB Growing Up questionnaire,4.0,Do not wish to answer
bib_gu_tenure,Current tenure: BiB Growing Up questionnaire,1.0,Owns outright or with mortgage/loan
bib_gu_tenure,Current tenure: BiB Growing Up questionnaire,2.0,Lives rent free e.g. with relative
bib_gu_tenure,Current tenure: BiB Growing Up questionnaire,3.0,Rent it
bib_gu_tenure,Current tenure: BiB Growing Up questionnaire,4.0,Other
bib_gu_tenure,Current tenure: BiB Growing Up questionnaire,5.0,Don't know
bib_gu_bedroom_count,Number of bedrooms: BiB Growing Up questionnaire,,
bib_gu_partnership_status,Partnership status: BiB Growing Up questionnaire,1.0,Married and living with partner
bib_gu_partnership_status,Partnership status: BiB Growing Up questionnaire,2.0,Not married and living with partner
bib_gu_partnership_status,Partnership status: BiB Growing Up questionnaire,3.0,Not living with partner
bib_cv1_timestamp,Date COVID Survey,,
bib_cv1_age_y,Age at date of survey participation: BiB Covid19 Wave 1 questionnaire,,
bib_cv1_emp_status_is_main,Who is the main earner in the household: BiB Covid19 Wave 1 questionnaire,1.0,Me
bib_cv1_emp_status_is_main,Who is the main earner in the household: BiB Covid19 Wave 1 questionnaire,2.0,My partner
bib_cv1_emp_status_is_main,Who is the main earner in the household: BiB Covid19 Wave 1 questionnaire,3.0,Other household member
bib_cv1_emp_status_is_main,Who is the main earner in the household: BiB Covid19 Wave 1 questionnaire,4.0,Me and my partner earn the same amount
bib_cv1_emp_status,Employment status of main earner: BiB Covid19 Wave 1 questionnaire,-2.0,Dont know
bib_cv1_emp_status,Employment status of main earner: BiB Covid19 Wave 1 questionnaire,1.0,Employed
bib_cv1_emp_status,Employment status of main earner: BiB Covid19 Wave 1 questionnaire,2.0,Employed but not working (on furlough)
bib_cv1_emp_status,Employment status of main earner: BiB Covid19 Wave 1 questionnaire,3.0,Self employed and working
bib_cv1_emp_status,Employment status of main earner: BiB Covid19 Wave 1 questionnaire,4.0,Self employed and not working
bib_cv1_emp_status,Employment status of main earner: BiB Covid19 Wave 1 questionnaire,5.0,Unemployed
bib_cv1_key_worker,Is anyone in the household classed as a key worker: BiB Covid19 Wave 1 questionn,0.0,No
bib_cv1_key_worker,Is anyone in the household classed as a key worker: BiB Covid19 Wave 1 questionn,1.0,Yes
bib_cv1_finance_current,Current financial circumstance: BiB Covid19 Wave 1 questionnaire,-2.0,Dont know
bib_cv1_finance_current,Current financial circumstance: BiB Covid19 Wave 1 questionnaire,-1.0,Do not wish to answer
bib_cv1_finance_current,Current financial circumstance: BiB Covid19 Wave 1 questionnaire,1.0,Living comfortably
bib_cv1_finance_current,Current financial circumstance: BiB Covid19 Wave 1 questionnaire,2.0,Doing alright
bib_cv1_finance_current,Current financial circumstance: BiB Covid19 Wave 1 questionnaire,3.0,Just about getting by
bib_cv1_finance_current,Current financial circumstance: BiB Covid19 Wave 1 questionnaire,4.0,Finding it quite difficult
bib_cv1_finance_current,Current financial circumstance: BiB Covid19 Wave 1 questionnaire,5.0,Finding it very difficult
bib_cv1_finance_change,Financial circumstance compared to three months ago: BiB Covid19 Wave 1 question,-2.0,Dont know
bib_cv1_finance_change,Financial circumstance compared to three months ago: BiB Covid19 Wave 1 question,-1.0,Do not wish to answer
bib_cv1_finance_change,Financial circumstance compared to three months ago: BiB Covid19 Wave 1 question,1.0,Better off
bib_cv1_finance_change,Financial circumstance compared to three months ago: BiB Covid19 Wave 1 question,2.0,About the same
bib_cv1_finance_change,Financial circumstance compared to three months ago: BiB Covid19 Wave 1 question,3.0,Worse off
bib_cv1_tenure,Current tenure: BiB Covid19 Wave 1 questionnaire,1.0,Own it outright
bib_cv1_tenure,Current tenure: BiB Covid19 Wave 1 questionnaire,2.0,Buying it with the help of a mortgage/loan
bib_cv1_tenure,Current tenure: BiB Covid19 Wave 1 questionnaire,3.0,Part own and part rent (shared ownership)
bib_cv1_tenure,Current tenure: BiB Covid19 Wave 1 questionnaire,4.0,Rent it (includes all those who are on Housing Benefit or Local Housing Allowance)
bib_cv1_tenure,Current tenure: BiB Covid19 Wave 1 questionnaire,5.0,Live here rent-free (including rent-free in relatives/friends property but excluding squatters)
bib_cv1_tenure,Current tenure: BiB Covid19 Wave 1 questionnaire,6.0,Squatting
bib_cv1_occ_count,Total number of people in household: BiB Covid19 Wave 1 questionnaire,,
bib_cv1_child_count,Total number of children in household: BiB Covid19 Wave 1 questionnaire,,
bib_cv1_bedroom_count,Number of bedrooms: BiB Covid19 Wave 1 questionnaire,,
bib_cv1_partnership_status,Partnership status: BiB Covid19 Wave 1 questionnaire,-1.0,Do not wish to answer
bib_cv1_partnership_status,Partnership status: BiB Covid19 Wave 1 questionnaire,1.0,Single
bib_cv1_partnership_status,Partnership status: BiB Covid19 Wave 1 questionnaire,2.0,Married
bib_cv1_partnership_status,Partnership status: BiB Covid19 Wave 1 questionnaire,3.0,Not married but in a relationship
bib_cv2_timestamp,Please write todays date,,
bib_cv2_age_y,Age at date of survey particpation: BiB Covid19 Wave 2 questionnaire,,
bib_cv2_emp_status_is_main,Who is the main earner in the household: BiB Covid19 Wave 2 questionnaire,1.0,Me
bib_cv2_emp_status_is_main,Who is the main earner in the household: BiB Covid19 Wave 2 questionnaire,2.0,My partner
bib_cv2_emp_status_is_main,Who is the main earner in the household: BiB Covid19 Wave 2 questionnaire,3.0,Other household member
bib_cv2_emp_status_is_main,Who is the main earner in the household: BiB Covid19 Wave 2 questionnaire,4.0,Me and my partner earn the same amount
bib_cv2_emp_status,Employment status of main earner: BiB Covid19 Wave 2 questionnaire,-2.0,Dont know
bib_cv2_emp_status,Employment status of main earner: BiB Covid19 Wave 2 questionnaire,1.0,Employed
bib_cv2_emp_status,Employment status of main earner: BiB Covid19 Wave 2 questionnaire,2.0,Employed but not working (on furlough)
bib_cv2_emp_status,Employment status of main earner: BiB Covid19 Wave 2 questionnaire,3.0,Employed on the wage subsidy scheme (e.g.; working less hours with wage topped by the Government)
bib_cv2_emp_status,Employment status of main earner: BiB Covid19 Wave 2 questionnaire,4.0,Self employed and working
bib_cv2_emp_status,Employment status of main earner: BiB Covid19 Wave 2 questionnaire,5.0,Self employed and not working
bib_cv2_emp_status,Employment status of main earner: BiB Covid19 Wave 2 questionnaire,6.0,Unemployed
bib_cv2_finance_current,Current financial circumstance: BiB Covid19 Wave 2 questionnaire,-2.0,Dont know
bib_cv2_finance_current,Current financial circumstance: BiB Covid19 Wave 2 questionnaire,-1.0,Do not wish to answer
bib_cv2_finance_current,Current financial circumstance: BiB Covid19 Wave 2 questionnaire,1.0,Living comfortably
bib_cv2_finance_current,Current financial circumstance: BiB Covid19 Wave 2 questionnaire,2.0,Doing alright
bib_cv2_finance_current,Current financial circumstance: BiB Covid19 Wave 2 questionnaire,3.0,Just about getting by
bib_cv2_finance_current,Current financial circumstance: BiB Covid19 Wave 2 questionnaire,4.0,Finding it quite difficult
bib_cv2_finance_current,Current financial circumstance: BiB Covid19 Wave 2 questionnaire,5.0,Finding it very difficult
bib_cv2_tenure,Current tenure: BiB Covid19 Wave 2 questionnaire,1.0,Own it outright
bib_cv2_tenure,Current tenure: BiB Covid19 Wave 2 questionnaire,2.0,Buying it with the help of a mortgage/loan
bib_cv2_tenure,Current tenure: BiB Covid19 Wave 2 questionnaire,3.0,Part own and part rent (shared ownership)
bib_cv2_tenure,Current tenure: BiB Covid19 Wave 2 questionnaire,4.0,Rent it (includes all those who are on Housing Benefit or Local Housing Allowance)
bib_cv2_tenure,Current tenure: BiB Covid19 Wave 2 questionnaire,5.0,Live here rent-free (including rent-free in relatives/friends property but excluding squatters)
bib_cv2_tenure,Current tenure: BiB Covid19 Wave 2 questionnaire,6.0,Squatting
bib_cv2_occ_count,Total number of people in household: BiB Covid19 Wave 2 questionnaire,,
bib_cv2_child_count,Total number of children in household: BiB Covid19 Wave 2 questionnaire,,
bib_cv2_bedroom_count,Number of bedrooms: BiB Covid19 Wave 2 questionnaire,,
bib_cv2_partnership_status,Partnership status: BiB Covid19 Wave 2 questionnaire,-1.0,Do not wish to answer
bib_cv2_partnership_status,Partnership status: BiB Covid19 Wave 2 questionnaire,1.0,Single
bib_cv2_partnership_status,Partnership status: BiB Covid19 Wave 2 questionnaire,2.0,Married
bib_cv2_partnership_status,Partnership status: BiB Covid19 Wave 2 questionnaire,3.0,Not married but in a relationship
partial_dob,,,
avail_from_dt,,,
