variable_name,variable_label,value_value,value_label
study_id_e,,,
cohort,Cohort,1.0,BiB
cohort,Cohort,2.0,Better Start
collectiontimestamp,,,
gender,Gender,1.0,Female
gender,Gender,2.0,Male
age_in_years,Age in years,,
ethnicity_mother_bib,Ethnic group (mother) BiB coding,1.0,White British
ethnicity_mother_bib,Ethnic group (mother) BiB coding,2.0,Pakistani
ethnicity_mother_bib,Ethnic group (mother) BiB coding,3.0,Other
ethnicity_father,Ethnic group (father),1.0,White
ethnicity_father,Ethnic group (father),2.0,Mixed
ethnicity_father,Ethnic group (father),3.0,Black/Black British
ethnicity_father,Ethnic group (father),4.0,Asian/Asian British
ethnicity_father,Ethnic group (father),5.0,Chinese
ethnicity_father,Ethnic group (father),6.0,Other
imddecile,Index of Multiple Deprivation Decile (1 = most deprived),,
imdquintile,Index of Multiple Deprivation Quintile (1 = most deprived),,
c19a2_yn_satf,1) How satisfied or dissatisfied are you with the area you live in?Â Â Â Â Â Â Â Â Â Â Â Â Â ,1.0,1 = Very dissatisfied
c19a2_yn_satf,1) How satisfied or dissatisfied are you with the area you live in?Â Â Â Â Â Â Â Â Â Â Â Â Â ,2.0,2
c19a2_yn_satf,1) How satisfied or dissatisfied are you with the area you live in?Â Â Â Â Â Â Â Â Â Â Â Â Â ,3.0,3
c19a2_yn_satf,1) How satisfied or dissatisfied are you with the area you live in?Â Â Â Â Â Â Â Â Â Â Â Â Â ,4.0,4
c19a2_yn_satf,1) How satisfied or dissatisfied are you with the area you live in?Â Â Â Â Â Â Â Â Â Â Â Â Â ,5.0,5 = Very satisfied
c19a2_yn_grnspce_satf,2) How satisfied or dissatisfied are you with the parks and green spaces in your,1.0,1 = Very dissatisfied
c19a2_yn_grnspce_satf,2) How satisfied or dissatisfied are you with the parks and green spaces in your,2.0,2
c19a2_yn_grnspce_satf,2) How satisfied or dissatisfied are you with the parks and green spaces in your,3.0,3
c19a2_yn_grnspce_satf,2) How satisfied or dissatisfied are you with the parks and green spaces in your,4.0,4
c19a2_yn_grnspce_satf,2) How satisfied or dissatisfied are you with the parks and green spaces in your,5.0,5 = Very satisfied
c19a2_yn_outdr_wint,During the winter months (September-March),0.0,5 times a week or more
c19a2_yn_outdr_wint,During the winter months (September-March),1.0,2 to 4 times a week
c19a2_yn_outdr_wint,During the winter months (September-March),2.0,Once a week
c19a2_yn_outdr_wint,During the winter months (September-March),3.0,1 to 3 times a month
c19a2_yn_outdr_wint,During the winter months (September-March),4.0,Less than once a month
c19a2_yn_outdr_spr_sum,During the spring and summer months (April-August),0.0,5 times a week or more
c19a2_yn_outdr_spr_sum,During the spring and summer months (April-August),1.0,2 to 4 times a week
c19a2_yn_outdr_spr_sum,During the spring and summer months (April-August),2.0,Once a week
c19a2_yn_outdr_spr_sum,During the spring and summer months (April-August),3.0,1 to 3 times a month
c19a2_yn_outdr_spr_sum,During the spring and summer months (April-August),4.0,Less than once a month
c19a2_yn_othrs_area,4) Thinking about your neighbourhood; to what extent do you agree with this stat,1.0,Strongly agree
c19a2_yn_othrs_area,4) Thinking about your neighbourhood; to what extent do you agree with this stat,2.0,Agree
c19a2_yn_othrs_area,4) Thinking about your neighbourhood; to what extent do you agree with this stat,3.0,Neither agree nor disagree
c19a2_yn_othrs_area,4) Thinking about your neighbourhood; to what extent do you agree with this stat,4.0,Disagree
c19a2_yn_othrs_area,4) Thinking about your neighbourhood; to what extent do you agree with this stat,5.0,Strongly disagree
c19a2_yn_outdr_ch,5) Do children in your area have an outdoor space or facilities nearby where the,0.0,No
c19a2_yn_outdr_ch,5) Do children in your area have an outdoor space or facilities nearby where the,1.0,Yes
c19a2_yn_neighbrhd_ch,6) How would you rate your neighbourhood as a place to bring up children? ,1.0,Excellent
c19a2_yn_neighbrhd_ch,6) How would you rate your neighbourhood as a place to bring up children? ,2.0,Very good
c19a2_yn_neighbrhd_ch,6) How would you rate your neighbourhood as a place to bring up children? ,3.0,Good
c19a2_yn_neighbrhd_ch,6) How would you rate your neighbourhood as a place to bring up children? ,4.0,Fair
c19a2_yn_neighbrhd_ch,6) How would you rate your neighbourhood as a place to bring up children? ,5.0,Poor
c19a2_yn_sfe_day,During the day,1.0,Very safe
c19a2_yn_sfe_day,During the day,2.0,Fairly safe
c19a2_yn_sfe_day,During the day,3.0,Neither safe or unsafe
c19a2_yn_sfe_day,During the day,4.0,Fairly unsafe
c19a2_yn_sfe_day,During the day,5.0,Very unsafe
c19a2_yn_sfe_ngt,After dark,1.0,Very safe
c19a2_yn_sfe_ngt,After dark,2.0,Fairly safe
c19a2_yn_sfe_ngt,After dark,3.0,Neither safe or unsafe
c19a2_yn_sfe_ngt,After dark,4.0,Fairly unsafe
c19a2_yn_sfe_ngt,After dark,5.0,Very unsafe
c19a2_yn_ppl_trst,8) Generally speaking; would you say that most people can be trusted or you cant,-2.0,Dont know
c19a2_yn_ppl_trst,8) Generally speaking; would you say that most people can be trusted or you cant,1.0,Can be trusted
c19a2_yn_ppl_trst,8) Generally speaking; would you say that most people can be trusted or you cant,2.0,Cant be too careful
c19a2_ymb_disc_rr,9) How often do you personally feel discriminated against because of your race o,-2.0,Dont know
c19a2_ymb_disc_rr,9) How often do you personally feel discriminated against because of your race o,1.0,Never
c19a2_ymb_disc_rr,9) How often do you personally feel discriminated against because of your race o,2.0,Rarely
c19a2_ymb_disc_rr,9) How often do you personally feel discriminated against because of your race o,3.0,Sometimes
c19a2_ymb_disc_rr,9) How often do you personally feel discriminated against because of your race o,4.0,Often
c19a2_ymb_disc_rr,9) How often do you personally feel discriminated against because of your race o,5.0,Do not wish to answer
c19a2_ymb_disc_cv,10) Since the Covid-19 pandemic do you feel discriminated against...,1.0,Less often
c19a2_ymb_disc_cv,10) Since the Covid-19 pandemic do you feel discriminated against...,2.0,About the same
c19a2_ymb_disc_cv,10) Since the Covid-19 pandemic do you feel discriminated against...,3.0,More often
ywb_pplcount_c19a2,11) How many people can you count on in times of need?,0.0,0
ywb_pplcount_c19a2,11) How many people can you count on in times of need?,1.0,1
ywb_pplcount_c19a2,11) How many people can you count on in times of need?,2.0,2
ywb_pplcount_c19a2,11) How many people can you count on in times of need?,3.0,3
ywb_pplcount_c19a2,11) How many people can you count on in times of need?,4.0,4
ywb_pplcount_c19a2,11) How many people can you count on in times of need?,5.0,5
ywb_pplcount_c19a2,11) How many people can you count on in times of need?,6.0,6
ywb_pplcount_c19a2,11) How many people can you count on in times of need?,7.0,7
ywb_pplcount_c19a2,11) How many people can you count on in times of need?,8.0,8
ywb_pplcount_c19a2,11) How many people can you count on in times of need?,9.0,9
ywb_pplcount_c19a2,11) How many people can you count on in times of need?,10.0,10 or more
ywb_pplcount_lcl_c19a2,12) How many of these people live in your local area? That is; within about a mi,0.0,0
ywb_pplcount_lcl_c19a2,12) How many of these people live in your local area? That is; within about a mi,1.0,1
ywb_pplcount_lcl_c19a2,12) How many of these people live in your local area? That is; within about a mi,2.0,2
ywb_pplcount_lcl_c19a2,12) How many of these people live in your local area? That is; within about a mi,3.0,3
ywb_pplcount_lcl_c19a2,12) How many of these people live in your local area? That is; within about a mi,4.0,4
ywb_pplcount_lcl_c19a2,12) How many of these people live in your local area? That is; within about a mi,5.0,5
ywb_pplcount_lcl_c19a2,12) How many of these people live in your local area? That is; within about a mi,6.0,6
ywb_pplcount_lcl_c19a2,12) How many of these people live in your local area? That is; within about a mi,7.0,7
ywb_pplcount_lcl_c19a2,12) How many of these people live in your local area? That is; within about a mi,8.0,8
ywb_pplcount_lcl_c19a2,12) How many of these people live in your local area? That is; within about a mi,9.0,9
ywb_pplcount_lcl_c19a2,12) How many of these people live in your local area? That is; within about a mi,10.0,10 or more
ywb_help_c19a2,13) How easy is it to get practical help from friends/family/neighbours if you s,1.0,Very difficult
ywb_help_c19a2,13) How easy is it to get practical help from friends/family/neighbours if you s,2.0,Difficult
ywb_help_c19a2,13) How easy is it to get practical help from friends/family/neighbours if you s,3.0,Possible
ywb_help_c19a2,13) How easy is it to get practical help from friends/family/neighbours if you s,4.0,Easy
ywb_help_c19a2,13) How easy is it to get practical help from friends/family/neighbours if you s,5.0,Very easy
ywb_lonely_c19a2,14) How often have you felt lonely during the past week?,-2.0,Dont know
ywb_lonely_c19a2,14) How often have you felt lonely during the past week?,-1.0,Do not wish to answer
ywb_lonely_c19a2,14) How often have you felt lonely during the past week?,0.0,"None, or almost none of the time"
ywb_lonely_c19a2,14) How often have you felt lonely during the past week?,1.0,Some of the time
ywb_lonely_c19a2,14) How often have you felt lonely during the past week?,2.0,Most of the time
ywb_lonely_c19a2,14) How often have you felt lonely during the past week?,3.0,"All, or almost all of the time"
fl_suprtlearn_c19a2,I feel confident in my ability to support my childrens learning at home,1.0,Strongly disagree
fl_suprtlearn_c19a2,I feel confident in my ability to support my childrens learning at home,2.0,Disagree
fl_suprtlearn_c19a2,I feel confident in my ability to support my childrens learning at home,3.0,Neither agree nor disagree
fl_suprtlearn_c19a2,I feel confident in my ability to support my childrens learning at home,4.0,Agree
fl_suprtlearn_c19a2,I feel confident in my ability to support my childrens learning at home,5.0,Strongly agree
fl_skillsprnt_c19a2,I honestly believe I have all the skills necessary to be a good parent to my chi,1.0,Strongly disagree
fl_skillsprnt_c19a2,I honestly believe I have all the skills necessary to be a good parent to my chi,2.0,Disagree
fl_skillsprnt_c19a2,I honestly believe I have all the skills necessary to be a good parent to my chi,3.0,Neither agree nor disagree
fl_skillsprnt_c19a2,I honestly believe I have all the skills necessary to be a good parent to my chi,4.0,Agree
fl_skillsprnt_c19a2,I honestly believe I have all the skills necessary to be a good parent to my chi,5.0,Strongly agree
ywb_relshipq_c19a2,16) How would you describe the quality of your relationship with your current pa,-1.0,Do not wish to answer
ywb_relshipq_c19a2,16) How would you describe the quality of your relationship with your current pa,1.0,Excellent
ywb_relshipq_c19a2,16) How would you describe the quality of your relationship with your current pa,2.0,Good
ywb_relshipq_c19a2,16) How would you describe the quality of your relationship with your current pa,3.0,Average
ywb_relshipq_c19a2,16) How would you describe the quality of your relationship with your current pa,4.0,Poor
ywb_relshipq_c19a2,16) How would you describe the quality of your relationship with your current pa,5.0,Very poor
c19a2_jsbc_covid_1,,,
c19a2_jsbc_covid_2,,,
c19a2_jsbc_covid_3,,,
jbsc_main_c19a2,18) Who is the main earner in the household?,1.0,Me
jbsc_main_c19a2,18) Who is the main earner in the household?,2.0,My partner
jbsc_main_c19a2,18) Who is the main earner in the household?,3.0,Other household member
jbsc_main_c19a2,18) Who is the main earner in the household?,4.0,Me and my partner earn the same amount
jbsc_main_crntly_c19a2,19) Is the main earner in your household currently ...,-2.0,Dont know
jbsc_main_crntly_c19a2,19) Is the main earner in your household currently ...,1.0,Employed
jbsc_main_crntly_c19a2,19) Is the main earner in your household currently ...,2.0,Employed but not working (on furlough)
jbsc_main_crntly_c19a2,19) Is the main earner in your household currently ...,3.0,"Employed on the wage subsidy scheme (e.g., working less hours with wage topped by the Government)"
jbsc_main_crntly_c19a2,19) Is the main earner in your household currently ...,4.0,Self employed and working
jbsc_main_crntly_c19a2,19) Is the main earner in your household currently ...,5.0,Self employed and not working
jbsc_main_crntly_c19a2,19) Is the main earner in your household currently ...,6.0,Unemployed - go to question 23
jbsc_main_hmwfh_c19a2,20) If the main earner is currently working; are they mainly working from home; ,1.0,Working from home
jbsc_main_hmwfh_c19a2,20) If the main earner is currently working; are they mainly working from home; ,2.0,Going out to work
c19a2_jsbc_main_fur,21) If the main earner is employed but on furlough; what do they expect to happe,-2.0,Dont know
c19a2_jsbc_main_fur,21) If the main earner is employed but on furlough; what do they expect to happe,1.0,Return to work on normal hours
c19a2_jsbc_main_fur,21) If the main earner is employed but on furlough; what do they expect to happe,2.0,Return to work on reduced hours with a loss of pay
c19a2_jsbc_main_fur,21) If the main earner is employed but on furlough; what do they expect to happe,3.0,Continue to be furloughed
c19a2_jsbc_main_fur,21) If the main earner is employed but on furlough; what do they expect to happe,4.0,"Move onto the wage subsidy scheme (e.g., working less hours with wage topped up by the Government)"
c19a2_jsbc_main_fur,21) If the main earner is employed but on furlough; what do they expect to happe,5.0,Lose their job
c19a2_jsbc_main_fur,21) If the main earner is employed but on furlough; what do they expect to happe,6.0,Has not been told what will happen to their job
c19a2_jsbc_main_fur,21) If the main earner is employed but on furlough; what do they expect to happe,7.0,Other
jbsc_main_wry_1_c19a2,I worry about the job security of the main earner,1.0,Strongly disagree
jbsc_main_wry_1_c19a2,I worry about the job security of the main earner,2.0,Disagree
jbsc_main_wry_1_c19a2,I worry about the job security of the main earner,3.0,Neither agree nor disagree
jbsc_main_wry_1_c19a2,I worry about the job security of the main earner,4.0,Agree
jbsc_main_wry_1_c19a2,I worry about the job security of the main earner,5.0,Strongly agree
jbsc_main_wry_2_c19a2,In the next 12 months; do you expect the income of the main earner is likely to ,-2.0,Dont know
jbsc_main_wry_2_c19a2,In the next 12 months; do you expect the income of the main earner is likely to ,0.0,No
jbsc_main_wry_2_c19a2,In the next 12 months; do you expect the income of the main earner is likely to ,1.0,Yes
jbsc_main_wry_3_c19a2,In 12 months time; do you expect the main earner to still have their job?,-2.0,Dont know
jbsc_main_wry_3_c19a2,In 12 months time; do you expect the main earner to still have their job?,0.0,No
jbsc_main_wry_3_c19a2,In 12 months time; do you expect the main earner to still have their job?,1.0,Yes
hhe_ddntlast_c19a2,The food that (I/we) bought just didnt last; and (I/we) didnt have money to get ,-2.0,Dont know
hhe_ddntlast_c19a2,The food that (I/we) bought just didnt last; and (I/we) didnt have money to get ,-1.0,Do not wish to answer
hhe_ddntlast_c19a2,The food that (I/we) bought just didnt last; and (I/we) didnt have money to get ,1.0,Never true
hhe_ddntlast_c19a2,The food that (I/we) bought just didnt last; and (I/we) didnt have money to get ,2.0,Sometimes true
hhe_ddntlast_c19a2,The food that (I/we) bought just didnt last; and (I/we) didnt have money to get ,3.0,Often true
hhe_balancd_c19a2,(I/we) couldnt afford to eat balanced meals. ,-2.0,Dont know
hhe_balancd_c19a2,(I/we) couldnt afford to eat balanced meals. ,-1.0,Do not wish to answer
hhe_balancd_c19a2,(I/we) couldnt afford to eat balanced meals. ,1.0,Never true
hhe_balancd_c19a2,(I/we) couldnt afford to eat balanced meals. ,2.0,Sometimes true
hhe_balancd_c19a2,(I/we) couldnt afford to eat balanced meals. ,3.0,Often true
hhe_skip_c19a2,24) Did you or other adults in your household ever cut the size of your meals or,-2.0,Dont know
hhe_skip_c19a2,24) Did you or other adults in your household ever cut the size of your meals or,-1.0,Do not wish to answer
hhe_skip_c19a2,24) Did you or other adults in your household ever cut the size of your meals or,0.0,No
hhe_skip_c19a2,24) Did you or other adults in your household ever cut the size of your meals or,1.0,Yes
c19a2_hhe_skipoftn_rev_1,If you answered Yes; how often did you or other adults cut the size of meals or ,-2.0,Dont know
c19a2_hhe_skipoftn_rev_1,If you answered Yes; how often did you or other adults cut the size of meals or ,-1.0,Do not wish to answer
c19a2_hhe_skipoftn_rev_1,If you answered Yes; how often did you or other adults cut the size of meals or ,1.0,Less than once a month but a few times
c19a2_hhe_skipoftn_rev_1,If you answered Yes; how often did you or other adults cut the size of meals or ,2.0,Not every week but at least once a month
c19a2_hhe_skipoftn_rev_1,If you answered Yes; how often did you or other adults cut the size of meals or ,3.0,Every week
hhe_eatless_c19a2,25) Did you or other adults ever eat less than you felt you should because there,-2.0,Dont know
hhe_eatless_c19a2,25) Did you or other adults ever eat less than you felt you should because there,-1.0,Do not wish to answer
hhe_eatless_c19a2,25) Did you or other adults ever eat less than you felt you should because there,0.0,No
hhe_eatless_c19a2,25) Did you or other adults ever eat less than you felt you should because there,1.0,Yes
hhe_food_dsc_c19a2,26) Were you ever hungry but didnt eat because there wasnt enough money for food,-2.0,Dont know
hhe_food_dsc_c19a2,26) Were you ever hungry but didnt eat because there wasnt enough money for food,-1.0,Do not wish to answer
hhe_food_dsc_c19a2,26) Were you ever hungry but didnt eat because there wasnt enough money for food,0.0,No
hhe_food_dsc_c19a2,26) Were you ever hungry but didnt eat because there wasnt enough money for food,1.0,Yes
c19a2_hhe_fd_bnk_0,,,
c19a2_hhe_fd_bnk_1,,,
c19a2_hhe_fd_bnk_2,,,
c19a2_hhe_fd_sch_0,,,
c19a2_hhe_fd_sch_1,,,
c19a2_hhe_fd_sch_2,,,
c19a2_hhe_fd_comm_0,,,
c19a2_hhe_fd_comm_1,,,
c19a2_hhe_fd_comm_2,,,
c19a2_hhe_fd_bfd_0,,,
c19a2_hhe_fd_bfd_1,,,
c19a2_hhe_fd_bfd_2,,,
c19a2_hhe_fd_mow_0,,,
c19a2_hhe_fd_mow_1,,,
c19a2_hhe_fd_mow_2,,,
c19a2_hhe_fd_fai_0,,,
c19a2_hhe_fd_fai_1,,,
c19a2_hhe_fd_fai_2,,,
c19a2_hhe_fd_fri_0,,,
c19a2_hhe_fd_fri_1,,,
c19a2_hhe_fd_fri_2,,,
c19a2_hhe_fd_fam_0,,,
c19a2_hhe_fd_fam_1,,,
c19a2_hhe_fd_fam_2,,,
c19a2_hhe_fd_oth_0,,,
c19a2_hhe_fd_oth_1,,,
c19a2_hhe_fd_oth_2,,,
c19a2_hhe_fd_othexp,If you answered other; could you please describe ,,
hhe_finannow_c19a2,28) How well would you say you are managing financially right now?,-2.0,Dont know
hhe_finannow_c19a2,28) How well would you say you are managing financially right now?,-1.0,Do not wish to answer
hhe_finannow_c19a2,28) How well would you say you are managing financially right now?,1.0,Living comfortably
hhe_finannow_c19a2,28) How well would you say you are managing financially right now?,2.0,Doing alright
hhe_finannow_c19a2,28) How well would you say you are managing financially right now?,3.0,Just about getting by
hhe_finannow_c19a2,28) How well would you say you are managing financially right now?,4.0,Finding it quite difficult
hhe_finannow_c19a2,28) How well would you say you are managing financially right now?,5.0,Finding it very difficult
hhe_bills_c19a2,29) Sometimes people are not able to pay every bill when it is due. Are you curr,-2.0,Dont know
hhe_bills_c19a2,29) Sometimes people are not able to pay every bill when it is due. Are you curr,-1.0,Do not wish to answer
hhe_bills_c19a2,29) Sometimes people are not able to pay every bill when it is due. Are you curr,0.0,No
hhe_bills_c19a2,29) Sometimes people are not able to pay every bill when it is due. Are you curr,1.0,Yes
hhe_wrypay_c19a2,I worry about paying the rent / mortgage,1.0,Strongly disagree
hhe_wrypay_c19a2,I worry about paying the rent / mortgage,2.0,Disagree
hhe_wrypay_c19a2,I worry about paying the rent / mortgage,3.0,Neither agree nor disagree
hhe_wrypay_c19a2,I worry about paying the rent / mortgage,4.0,Agree
hhe_wrypay_c19a2,I worry about paying the rent / mortgage,5.0,Strongly agree
hhe_wryevic_c19a2,I worry about getting evicted / having my home repossessed,1.0,Strongly disagree
hhe_wryevic_c19a2,I worry about getting evicted / having my home repossessed,2.0,Disagree
hhe_wryevic_c19a2,I worry about getting evicted / having my home repossessed,3.0,Neither agree nor disagree
hhe_wryevic_c19a2,I worry about getting evicted / having my home repossessed,4.0,Agree
hhe_wryevic_c19a2,I worry about getting evicted / having my home repossessed,5.0,Strongly agree
fh_genhealth_c19a2,31) How would you describe your health generally?,-2.0,Dont know
fh_genhealth_c19a2,31) How would you describe your health generally?,-1.0,Do not wish to answer
fh_genhealth_c19a2,31) How would you describe your health generally?,1.0,Excellent
fh_genhealth_c19a2,31) How would you describe your health generally?,2.0,Very good
fh_genhealth_c19a2,31) How would you describe your health generally?,3.0,Good
fh_genhealth_c19a2,31) How would you describe your health generally?,4.0,Fair
fh_genhealth_c19a2,31) How would you describe your health generally?,5.0,Poor
fl_physact_c19a2,32) How often do you currently do any kind of physical activity?,1.0,Never
fl_physact_c19a2,32) How often do you currently do any kind of physical activity?,2.0,1 or 2 days a week
fl_physact_c19a2,32) How often do you currently do any kind of physical activity?,3.0,Most days
fl_physact_c19a2,32) How often do you currently do any kind of physical activity?,4.0,Every day
fl_physact_outdr_c19a2,33) How often do you do any kind of physical activity outside?,1.0,Never
fl_physact_outdr_c19a2,33) How often do you do any kind of physical activity outside?,2.0,1 or 2 days a week
fl_physact_outdr_c19a2,33) How often do you do any kind of physical activity outside?,3.0,Most days
fl_physact_outdr_c19a2,33) How often do you do any kind of physical activity outside?,4.0,Every day
fl_physact_ch_c19a2,34) How often do your children do any kind of physical activity?,1.0,Never
fl_physact_ch_c19a2,34) How often do your children do any kind of physical activity?,2.0,1 or 2 days a week
fl_physact_ch_c19a2,34) How often do your children do any kind of physical activity?,3.0,Most days
fl_physact_ch_c19a2,34) How often do your children do any kind of physical activity?,4.0,Every day
fl_physact_ch_outdr_c19a2,35) How often do your children do any kind of physical activity outside?,1.0,Never
fl_physact_ch_outdr_c19a2,35) How often do your children do any kind of physical activity outside?,2.0,1 or 2 days a week
fl_physact_ch_outdr_c19a2,35) How often do your children do any kind of physical activity outside?,3.0,Most days
fl_physact_ch_outdr_c19a2,35) How often do your children do any kind of physical activity outside?,4.0,Every day
c19a2_fh_ch_brsh_flu,36) How often does your child usually brush their teeth (or have them brushed fo,1.0,Never
c19a2_fh_ch_brsh_flu,36) How often does your child usually brush their teeth (or have them brushed fo,2.0,Less than once a day
c19a2_fh_ch_brsh_flu,36) How often does your child usually brush their teeth (or have them brushed fo,3.0,Once a day
c19a2_fh_ch_brsh_flu,36) How often does your child usually brush their teeth (or have them brushed fo,4.0,Twice a day
c19a2_fh_ch_brsh_flu,36) How often does your child usually brush their teeth (or have them brushed fo,5.0,Three or more times a day
c19a2_fh_ch_brsh_oft,37) Compared to before the pandemic; is this ,1.0,Less
c19a2_fh_ch_brsh_oft,37) Compared to before the pandemic; is this ,2.0,About the same
c19a2_fh_ch_brsh_oft,37) Compared to before the pandemic; is this ,3.0,More
c19a2_fh_ch_sug_fd,Sugary foods (this includes chocolates; biscuits; cakes; cereals; sweet pies; pa,1.0,Never
c19a2_fh_ch_sug_fd,Sugary foods (this includes chocolates; biscuits; cakes; cereals; sweet pies; pa,2.0,Less than once a day
c19a2_fh_ch_sug_fd,Sugary foods (this includes chocolates; biscuits; cakes; cereals; sweet pies; pa,3.0,Once a day
c19a2_fh_ch_sug_fd,Sugary foods (this includes chocolates; biscuits; cakes; cereals; sweet pies; pa,4.0,Twice a day
c19a2_fh_ch_sug_fd,Sugary foods (this includes chocolates; biscuits; cakes; cereals; sweet pies; pa,5.0,Three or more times a day
c19a2_fh_ch_sug_dri,Sugar sweetened drinks (this includes fizzy soft drinks; fruit juice; fruit squa,1.0,Never
c19a2_fh_ch_sug_dri,Sugar sweetened drinks (this includes fizzy soft drinks; fruit juice; fruit squa,2.0,Less than once a day
c19a2_fh_ch_sug_dri,Sugar sweetened drinks (this includes fizzy soft drinks; fruit juice; fruit squa,3.0,Once a day
c19a2_fh_ch_sug_dri,Sugar sweetened drinks (this includes fizzy soft drinks; fruit juice; fruit squa,4.0,Twice a day
c19a2_fh_ch_sug_dri,Sugar sweetened drinks (this includes fizzy soft drinks; fruit juice; fruit squa,5.0,Three or more times a day
c19a2_fh_ch_eat_oft,39) Compared to before the pandemic; is this,1.0,Less
c19a2_fh_ch_eat_oft,39) Compared to before the pandemic; is this,2.0,About the same
c19a2_fh_ch_eat_oft,39) Compared to before the pandemic; is this,3.0,More
c19a2_fh_slphrs,40) What was the average number of hours you slept per night in the last 7 days?,,
c19a2_fh_eq5d_mob,Mobility,1.0,I am unable to walk about
c19a2_fh_eq5d_mob,Mobility,2.0,I have severe problems in walking about
c19a2_fh_eq5d_mob,Mobility,3.0,I have moderate problems in walking about
c19a2_fh_eq5d_mob,Mobility,4.0,I have slight problems in walking about
c19a2_fh_eq5d_mob,Mobility,5.0,I have no problems in walking about
c19a2_fh_eq5d_selfcare,Self-care,1.0,I am unable to wash or dress myself
c19a2_fh_eq5d_selfcare,Self-care,2.0,I have severe problems washing or dressing myself
c19a2_fh_eq5d_selfcare,Self-care,3.0,I have moderate problems washing or dressing myself
c19a2_fh_eq5d_selfcare,Self-care,4.0,I have slight problems washing or dressing myself
c19a2_fh_eq5d_selfcare,Self-care,5.0,I have no problems washing or dressing myself
c19a2_fh_eq5d_act,Usual activites,1.0,I am unable to do my usual activites
c19a2_fh_eq5d_act,Usual activites,2.0,I have severe problems doing my usual activities
c19a2_fh_eq5d_act,Usual activites,3.0,I have moderate problems doing my usual activities
c19a2_fh_eq5d_act,Usual activites,4.0,I have slight problems doing my usual activities
c19a2_fh_eq5d_act,Usual activites,5.0,I have no problems doing my usual activites
c19a2_fh_eq5d_pain_disc,Pain/discomfort,1.0,I have extreme pain or discomfort
c19a2_fh_eq5d_pain_disc,Pain/discomfort,2.0,I have severe pain or discomfort
c19a2_fh_eq5d_pain_disc,Pain/discomfort,3.0,I have moderate pain or discomfort
c19a2_fh_eq5d_pain_disc,Pain/discomfort,4.0,I have slight pain or discomfort
c19a2_fh_eq5d_pain_disc,Pain/discomfort,5.0,I have no pain or discomfort
c19a2_fh_eq5d_anx_dep,Anxiety/depression,1.0,I am extremely anxious or depressed
c19a2_fh_eq5d_anx_dep,Anxiety/depression,2.0,I am severely anxious or depressed
c19a2_fh_eq5d_anx_dep,Anxiety/depression,3.0,I am moderately anxious or depressed
c19a2_fh_eq5d_anx_dep,Anxiety/depression,4.0,I am slightly anxious or depressed
c19a2_fh_eq5d_anx_dep,Anxiety/depression,5.0,I am not anxious or depressed
fh_feeling_c19a2,42) Which of the following best describes how youve been feeling over the past w,0.0,I do not worry about my health
fh_feeling_c19a2,42) Which of the following best describes how youve been feeling over the past w,1.0,I occasionally worry about my health
fh_feeling_c19a2,42) Which of the following best describes how youve been feeling over the past w,2.0,I spend much of my time worrying about my health
fh_feeling_c19a2,42) Which of the following best describes how youve been feeling over the past w,3.0,I spend most of my time worrying about health
c19a2_fh_ons_lifeworth,43) Overall; to what extent do you feel that the things you do in your life are ,0.0,0 = Not at all worthwhile
c19a2_fh_ons_lifeworth,43) Overall; to what extent do you feel that the things you do in your life are ,1.0,1
c19a2_fh_ons_lifeworth,43) Overall; to what extent do you feel that the things you do in your life are ,2.0,2
c19a2_fh_ons_lifeworth,43) Overall; to what extent do you feel that the things you do in your life are ,3.0,3
c19a2_fh_ons_lifeworth,43) Overall; to what extent do you feel that the things you do in your life are ,4.0,4
c19a2_fh_ons_lifeworth,43) Overall; to what extent do you feel that the things you do in your life are ,5.0,5
c19a2_fh_ons_lifeworth,43) Overall; to what extent do you feel that the things you do in your life are ,6.0,6
c19a2_fh_ons_lifeworth,43) Overall; to what extent do you feel that the things you do in your life are ,7.0,7
c19a2_fh_ons_lifeworth,43) Overall; to what extent do you feel that the things you do in your life are ,8.0,8
c19a2_fh_ons_lifeworth,43) Overall; to what extent do you feel that the things you do in your life are ,9.0,9
c19a2_fh_ons_lifeworth,43) Overall; to what extent do you feel that the things you do in your life are ,10.0,10 = Completely worthwhile
fh_phq_1_c19a2,Little interest or pleasure in doing things,0.0,Not at all
fh_phq_1_c19a2,Little interest or pleasure in doing things,1.0,Several days
fh_phq_1_c19a2,Little interest or pleasure in doing things,2.0,More than half the days
fh_phq_1_c19a2,Little interest or pleasure in doing things,3.0,Nearly every day
fh_phq_2_c19a2,Feeling down; depressed; or hopeless,0.0,Not at all
fh_phq_2_c19a2,Feeling down; depressed; or hopeless,1.0,Several days
fh_phq_2_c19a2,Feeling down; depressed; or hopeless,2.0,More than half the days
fh_phq_2_c19a2,Feeling down; depressed; or hopeless,3.0,Nearly every day
fh_phq_3_c19a2,Trouble falling or staying asleep; or sleeping too much,0.0,Not at all
fh_phq_3_c19a2,Trouble falling or staying asleep; or sleeping too much,1.0,Several days
fh_phq_3_c19a2,Trouble falling or staying asleep; or sleeping too much,2.0,More than half the days
fh_phq_3_c19a2,Trouble falling or staying asleep; or sleeping too much,3.0,Nearly every day
fh_phq_4_c19a2,Feeling tired or having little energy,0.0,Not at all
fh_phq_4_c19a2,Feeling tired or having little energy,1.0,Several days
fh_phq_4_c19a2,Feeling tired or having little energy,2.0,More than half the days
fh_phq_4_c19a2,Feeling tired or having little energy,3.0,Nearly every day
fh_phq_5_c19a2,Poor appetite or overeating,0.0,Not at all
fh_phq_5_c19a2,Poor appetite or overeating,1.0,Several days
fh_phq_5_c19a2,Poor appetite or overeating,2.0,More than half the days
fh_phq_5_c19a2,Poor appetite or overeating,3.0,Nearly every day
fh_phq_6_c19a2,Feeling bad about yourself - or that you are a failure or have let yourself or y,0.0,Not at all
fh_phq_6_c19a2,Feeling bad about yourself - or that you are a failure or have let yourself or y,1.0,Several days
fh_phq_6_c19a2,Feeling bad about yourself - or that you are a failure or have let yourself or y,2.0,More than half the days
fh_phq_6_c19a2,Feeling bad about yourself - or that you are a failure or have let yourself or y,3.0,Nearly every day
fh_phq_7_c19a2,Trouble concentrating on things; such as reading the newspaper or watching telev,0.0,Not at all
fh_phq_7_c19a2,Trouble concentrating on things; such as reading the newspaper or watching telev,1.0,Several days
fh_phq_7_c19a2,Trouble concentrating on things; such as reading the newspaper or watching telev,2.0,More than half the days
fh_phq_7_c19a2,Trouble concentrating on things; such as reading the newspaper or watching telev,3.0,Nearly every day
fh_phq_8_c19a2,Moving or speaking so slowly that other people could have noticed? Or the opposi,0.0,Not at all
fh_phq_8_c19a2,Moving or speaking so slowly that other people could have noticed? Or the opposi,1.0,Several days
fh_phq_8_c19a2,Moving or speaking so slowly that other people could have noticed? Or the opposi,2.0,More than half the days
fh_phq_8_c19a2,Moving or speaking so slowly that other people could have noticed? Or the opposi,3.0,Nearly every day
fh_phq_hwdiff_c19a2,45) If you checked off any problems; how difficult have these problems made it f,0.0,Not at all
fh_phq_hwdiff_c19a2,45) If you checked off any problems; how difficult have these problems made it f,1.0,Several days
fh_phq_hwdiff_c19a2,45) If you checked off any problems; how difficult have these problems made it f,2.0,More than half the days
fh_phq_hwdiff_c19a2,45) If you checked off any problems; how difficult have these problems made it f,3.0,Nearly every day
fh_gad_1_c19a2,Feeling nervous; anxious or on an edge?,0.0,Not at all
fh_gad_1_c19a2,Feeling nervous; anxious or on an edge?,1.0,Several days
fh_gad_1_c19a2,Feeling nervous; anxious or on an edge?,2.0,More than half the days
fh_gad_1_c19a2,Feeling nervous; anxious or on an edge?,3.0,Nearly every day
fh_gad_2_c19a2,Not being able to stop or control worrying?,0.0,Not at all
fh_gad_2_c19a2,Not being able to stop or control worrying?,1.0,Several days
fh_gad_2_c19a2,Not being able to stop or control worrying?,2.0,More than half the days
fh_gad_2_c19a2,Not being able to stop or control worrying?,3.0,Nearly every day
fh_gad_3_c19a2,Worrying too much about different things?,0.0,Not at all
fh_gad_3_c19a2,Worrying too much about different things?,1.0,Several days
fh_gad_3_c19a2,Worrying too much about different things?,2.0,More than half the days
fh_gad_3_c19a2,Worrying too much about different things?,3.0,Nearly every day
fh_gad_4_c19a2,Trouble relaxing?,0.0,Not at all
fh_gad_4_c19a2,Trouble relaxing?,1.0,Several days
fh_gad_4_c19a2,Trouble relaxing?,2.0,More than half the days
fh_gad_4_c19a2,Trouble relaxing?,3.0,Nearly every day
fh_gad_5_c19a2,Being so restless that it is hard to sit still?,0.0,Not at all
fh_gad_5_c19a2,Being so restless that it is hard to sit still?,1.0,Several days
fh_gad_5_c19a2,Being so restless that it is hard to sit still?,2.0,More than half the days
fh_gad_5_c19a2,Being so restless that it is hard to sit still?,3.0,Nearly every day
fh_gad_6_c19a2,Becoming easily annoyed or irritable?,0.0,Not at all
fh_gad_6_c19a2,Becoming easily annoyed or irritable?,1.0,Several days
fh_gad_6_c19a2,Becoming easily annoyed or irritable?,2.0,More than half the days
fh_gad_6_c19a2,Becoming easily annoyed or irritable?,3.0,Nearly every day
fh_gad_7_c19a2,Feeling afraid as if something awful might happen?,0.0,Not at all
fh_gad_7_c19a2,Feeling afraid as if something awful might happen?,1.0,Several days
fh_gad_7_c19a2,Feeling afraid as if something awful might happen?,2.0,More than half the days
fh_gad_7_c19a2,Feeling afraid as if something awful might happen?,3.0,Nearly every day
c19a2_symp_app_0,,,
c19a2_symp_app_1,,,
c19a2_symp_app_2,,,
c19a2_symp_app_3,,,
c19a2_symp_app_4,,,
c19a2_symp_app_5,,,
c19a2_symp_app_6,,,
c19a2_symp_app_7,,,
c19a2_symp_nau_0,,,
c19a2_symp_nau_1,,,
c19a2_symp_nau_2,,,
c19a2_symp_nau_3,,,
c19a2_symp_nau_4,,,
c19a2_symp_nau_5,,,
c19a2_symp_nau_6,,,
c19a2_symp_nau_7,,,
c19a2_symp_diar_0,,,
c19a2_symp_diar_1,,,
c19a2_symp_diar_2,,,
c19a2_symp_diar_3,,,
c19a2_symp_diar_4,,,
c19a2_symp_diar_5,,,
c19a2_symp_diar_6,,,
c19a2_symp_diar_7,,,
c19a2_symp_abdo_0,,,
c19a2_symp_abdo_1,,,
c19a2_symp_abdo_2,,,
c19a2_symp_abdo_3,,,
c19a2_symp_abdo_4,,,
c19a2_symp_abdo_5,,,
c19a2_symp_abdo_6,,,
c19a2_symp_abdo_7,,,
c19a2_symp_rnose_0,,,
c19a2_symp_rnose_1,,,
c19a2_symp_rnose_2,,,
c19a2_symp_rnose_3,,,
c19a2_symp_rnose_4,,,
c19a2_symp_rnose_5,,,
c19a2_symp_rnose_6,,,
c19a2_symp_rnose_7,,,
c19a2_symp_sneez_0,,,
c19a2_symp_sneez_1,,,
c19a2_symp_sneez_2,,,
c19a2_symp_sneez_3,,,
c19a2_symp_sneez_4,,,
c19a2_symp_sneez_5,,,
c19a2_symp_sneez_6,,,
c19a2_symp_sneez_7,,,
c19a2_symp_bnose_0,,,
c19a2_symp_bnose_1,,,
c19a2_symp_bnose_2,,,
c19a2_symp_bnose_3,,,
c19a2_symp_bnose_4,,,
c19a2_symp_bnose_5,,,
c19a2_symp_bnose_6,,,
c19a2_symp_bnose_7,,,
c19a2_symp_eyes_0,,,
c19a2_symp_eyes_1,,,
c19a2_symp_eyes_2,,,
c19a2_symp_eyes_3,,,
c19a2_symp_eyes_4,,,
c19a2_symp_eyes_5,,,
c19a2_symp_eyes_6,,,
c19a2_symp_eyes_7,,,
c19a2_symp_sm_tas_0,,,
c19a2_symp_sm_tas_1,,,
c19a2_symp_sm_tas_2,,,
c19a2_symp_sm_tas_3,,,
c19a2_symp_sm_tas_4,,,
c19a2_symp_sm_tas_5,,,
c19a2_symp_sm_tas_6,,,
c19a2_symp_sm_tas_7,,,
c19a2_symp_throat_0,,,
c19a2_symp_throat_1,,,
c19a2_symp_throat_2,,,
c19a2_symp_throat_3,,,
c19a2_symp_throat_4,,,
c19a2_symp_throat_5,,,
c19a2_symp_throat_6,,,
c19a2_symp_throat_7,,,
c19a2_symp_voic_0,,,
c19a2_symp_voic_1,,,
c19a2_symp_voic_2,,,
c19a2_symp_voic_3,,,
c19a2_symp_voic_4,,,
c19a2_symp_voic_5,,,
c19a2_symp_voic_6,,,
c19a2_symp_voic_7,,,
c19a2_symp_head_0,,,
c19a2_symp_head_1,,,
c19a2_symp_head_2,,,
c19a2_symp_head_3,,,
c19a2_symp_head_4,,,
c19a2_symp_head_5,,,
c19a2_symp_head_6,,,
c19a2_symp_head_7,,,
c19a2_symp_dizz_0,,,
c19a2_symp_dizz_1,,,
c19a2_symp_dizz_2,,,
c19a2_symp_dizz_3,,,
c19a2_symp_dizz_4,,,
c19a2_symp_dizz_5,,,
c19a2_symp_dizz_6,,,
c19a2_symp_dizz_7,,,
c19a2_symp_coug_0,,,
c19a2_symp_coug_1,,,
c19a2_symp_coug_2,,,
c19a2_symp_coug_3,,,
c19a2_symp_coug_4,,,
c19a2_symp_coug_5,,,
c19a2_symp_coug_6,,,
c19a2_symp_coug_7,,,
c19a2_symp_tig_0,,,
c19a2_symp_tig_1,,,
c19a2_symp_tig_2,,,
c19a2_symp_tig_3,,,
c19a2_symp_tig_4,,,
c19a2_symp_tig_5,,,
c19a2_symp_tig_6,,,
c19a2_symp_tig_7,,,
c19a2_symp_che_0,,,
c19a2_symp_che_1,,,
c19a2_symp_che_2,,,
c19a2_symp_che_3,,,
c19a2_symp_che_4,,,
c19a2_symp_che_5,,,
c19a2_symp_che_6,,,
c19a2_symp_che_7,,,
c19a2_symp_bre_0,,,
c19a2_symp_bre_1,,,
c19a2_symp_bre_2,,,
c19a2_symp_bre_3,,,
c19a2_symp_bre_4,,,
c19a2_symp_bre_5,,,
c19a2_symp_bre_6,,,
c19a2_symp_bre_7,,,
c19a2_symp_fev_0,,,
c19a2_symp_fev_1,,,
c19a2_symp_fev_2,,,
c19a2_symp_fev_3,,,
c19a2_symp_fev_4,,,
c19a2_symp_fev_5,,,
c19a2_symp_fev_6,,,
c19a2_symp_fev_7,,,
c19a2_symp_chills_0,,,
c19a2_symp_chills_1,,,
c19a2_symp_chills_2,,,
c19a2_symp_chills_3,,,
c19a2_symp_chills_4,,,
c19a2_symp_chills_5,,,
c19a2_symp_chills_6,,,
c19a2_symp_chills_7,,,
c19a2_symp_slp_0,,,
c19a2_symp_slp_1,,,
c19a2_symp_slp_2,,,
c19a2_symp_slp_3,,,
c19a2_symp_slp_4,,,
c19a2_symp_slp_5,,,
c19a2_symp_slp_6,,,
c19a2_symp_slp_7,,,
c19a2_symp_tired_0,,,
c19a2_symp_tired_1,,,
c19a2_symp_tired_2,,,
c19a2_symp_tired_3,,,
c19a2_symp_tired_4,,,
c19a2_symp_tired_5,,,
c19a2_symp_tired_6,,,
c19a2_symp_tired_7,,,
c19a2_symp_fatig_0,,,
c19a2_symp_fatig_1,,,
c19a2_symp_fatig_2,,,
c19a2_symp_fatig_3,,,
c19a2_symp_fatig_4,,,
c19a2_symp_fatig_5,,,
c19a2_symp_fatig_6,,,
c19a2_symp_fatig_7,,,
c19a2_symp_numb_0,,,
c19a2_symp_numb_1,,,
c19a2_symp_numb_2,,,
c19a2_symp_numb_3,,,
c19a2_symp_numb_4,,,
c19a2_symp_numb_5,,,
c19a2_symp_numb_6,,,
c19a2_symp_numb_7,,,
c19a2_symp_heav_0,,,
c19a2_symp_heav_1,,,
c19a2_symp_heav_2,,,
c19a2_symp_heav_3,,,
c19a2_symp_heav_4,,,
c19a2_symp_heav_5,,,
c19a2_symp_heav_6,,,
c19a2_symp_heav_7,,,
c19a2_symp_ache_0,,,
c19a2_symp_ache_1,,,
c19a2_symp_ache_2,,,
c19a2_symp_ache_3,,,
c19a2_symp_ache_4,,,
c19a2_symp_ache_5,,,
c19a2_symp_ache_6,,,
c19a2_symp_ache_7,,,
c19a2_symp_itch_0,,,
c19a2_symp_itch_1,,,
c19a2_symp_itch_2,,,
c19a2_symp_itch_3,,,
c19a2_symp_itch_4,,,
c19a2_symp_itch_5,,,
c19a2_symp_itch_6,,,
c19a2_symp_itch_7,,,
c19a2_symp_swell_0,,,
c19a2_symp_swell_1,,,
c19a2_symp_swell_2,,,
c19a2_symp_swell_3,,,
c19a2_symp_swell_4,,,
c19a2_symp_swell_5,,,
c19a2_symp_swell_6,,,
c19a2_symp_swell_7,,,
c19a2_cv_wt_symp_wk,48) Have you experienced any of the symptoms above in the last week?,0.0,No
c19a2_cv_wt_symp_wk,48) Have you experienced any of the symptoms above in the last week?,1.0,Yes
c19a2_cv_wt_cnct,49) Have you been in close contact with anyone with Covid-19 in the last two wee,1.0,"Yes, I was in contact with a confirmed/tested Covid-19 case"
c19a2_cv_wt_cnct,49) Have you been in close contact with anyone with Covid-19 in the last two wee,2.0,"Yes, I was in contact with a suspected Covid-19 case"
c19a2_cv_wt_cnct,49) Have you been in close contact with anyone with Covid-19 in the last two wee,3.0,"No, not to my knowledge"
c19a2_cv_wt_expsymp,50) Do you think you have or have had Covid-19? ,1.0,"Yes, confirmed by a positive test"
c19a2_cv_wt_expsymp,50) Do you think you have or have had Covid-19? ,2.0,"Yes, suspected by a doctor but not tested"
c19a2_cv_wt_expsymp,50) Do you think you have or have had Covid-19? ,3.0,"Yes, my own suspicions"
c19a2_cv_wt_expsymp,50) Do you think you have or have had Covid-19? ,4.0,No
c19a2_cv_wt_sympwhn,If yes; when were you told/when did you think you first had Covid-19?,,
c19a2_cv_wt_test_0,,,
c19a2_cv_wt_test_1,,,
c19a2_cv_wt_test_2,,,
c19a2_cv_wt_test_3,,,
c19a2_cv_wt_test_4,,,
c19a2_cv_wt_test_spec,If you said Yes; for another reason; please specify ,,
c19a2_cv_wt_testtyp_1,,,
c19a2_cv_wt_testtyp_2,,,
c19a2_cv_wt_testtyp_3,,,
c19a2_cv_wt_testtyp_4,,,
c19a2_cv_wt_testtyp_exp,If you said Other; please can you describe here,,
c19a2_cv_wt_testswab,52) Have you had a positive result from a swab test? ,-2.0,Dont know
c19a2_cv_wt_testswab,52) Have you had a positive result from a swab test? ,0.0,No
c19a2_cv_wt_testswab,52) Have you had a positive result from a swab test? ,1.0,Yes
c19a2_cv_wt_testswab_whn,When was the sample taken for the test that came back positive? (give the latest,,
c19a2_cv_wt_testab,53) Have you had a positive result from an antibody test?,-2.0,Dont know
c19a2_cv_wt_testab,53) Have you had a positive result from an antibody test?,0.0,No
c19a2_cv_wt_testab,53) Have you had a positive result from an antibody test?,1.0,Yes
c19a2_cv_wt_testab_whn,When was the sample taken for the test that came back positive? (give the latest,,
c19a2_cv_wt_testoth,54) Have you had a positive result from the other test?,-2.0,Dont know
c19a2_cv_wt_testoth,54) Have you had a positive result from the other test?,0.0,No
c19a2_cv_wt_testoth,54) Have you had a positive result from the other test?,1.0,Yes
c19a2_cv_wt_testoth_whn,When was the sample taken for the test that came back positive? (give the latest,,
c19a2_cv_wt_testiso,55) If you or a household member had symptoms or a positive test result; did you,0.0,No
c19a2_cv_wt_testiso,55) If you or a household member had symptoms or a positive test result; did you,1.0,Yes - go to question 56.
c19a2_cv_wt_testiso_no,If you answered no; can you please tell us why?,,
c19a2_cv_wt_flu,56) Have you had the flu vaccine in the last year?,-2.0,Dont know
c19a2_cv_wt_flu,56) Have you had the flu vaccine in the last year?,0.0,No
c19a2_cv_wt_flu,56) Have you had the flu vaccine in the last year?,1.0,Yes
c19a2_cv_wt_vac,57) Which of the following best describes your thoughts about getting vaccinated,1.0,Ive not yet thought about getting vaccinated against Covid-19
c19a2_cv_wt_vac,57) Which of the following best describes your thoughts about getting vaccinated,2.0,Im not yet sure about getting vaccinated against Covid-19
c19a2_cv_wt_vac,57) Which of the following best describes your thoughts about getting vaccinated,3.0,Ive decided I DONT want to get vaccinated against Covid-19
c19a2_cv_wt_vac,57) Which of the following best describes your thoughts about getting vaccinated,4.0,Ive decided I DO want to get vaccinated against Covid-19
c19a2_cv_wt_vac_re,58) What is your main reason for this?,,
c19a2_cv_wt_vac_ch,59) Which of the following best describes your thoughts about getting your child,1.0,Ive not yet thought about getting my child(ren) vaccinated against Covid-19
c19a2_cv_wt_vac_ch,59) Which of the following best describes your thoughts about getting your child,2.0,Im not yet sure about getting my child(ren) vaccinated against Covid-19
c19a2_cv_wt_vac_ch,59) Which of the following best describes your thoughts about getting your child,3.0,Ive decided I DONT want to get my child(ren) vaccinated against Covid-19
c19a2_cv_wt_vac_ch,59) Which of the following best describes your thoughts about getting your child,4.0,Ive decided I DO want to get my child(ren) vaccinated against Covid-19
c19a2_cv_wt_vac_ch_re,60) What is your main reason for this?,,
c19a2_cv_hmetest_int,Take the test yourself,-2.0,Dont know
c19a2_cv_hmetest_int,Take the test yourself,0.0,No
c19a2_cv_hmetest_int,Take the test yourself,1.0,Yes
c19a2_cv_hmetest_int_ch,Test your child(ren) ,-2.0,Dont know
c19a2_cv_hmetest_int_ch,Test your child(ren) ,0.0,No
c19a2_cv_hmetest_int_ch,Test your child(ren) ,1.0,Yes
c19a2_tr_info_1,,,
c19a2_tr_info_2,,,
c19a2_tr_info_3,,,
c19a2_tr_info_4,,,
c19a2_tr_info_5,,,
c19a2_tr_info_6,,,
c19a2_tr_info_7,,,
c19a2_tr_info_8,,,
c19a2_tr_info_oth,If you said Other; please specify ,,
c19a2_tr_info_imp,63) Which is your most important source for your Covid-19 information?,1.0,Newspaper
c19a2_tr_info_imp,63) Which is your most important source for your Covid-19 information?,2.0,TV
c19a2_tr_info_imp,63) Which is your most important source for your Covid-19 information?,3.0,Internet
c19a2_tr_info_imp,63) Which is your most important source for your Covid-19 information?,4.0,Social media
c19a2_tr_info_imp,63) Which is your most important source for your Covid-19 information?,5.0,WhatsApp
c19a2_tr_info_imp,63) Which is your most important source for your Covid-19 information?,6.0,Friends and family
c19a2_tr_info_imp,63) Which is your most important source for your Covid-19 information?,7.0,Health professionals
c19a2_tr_info_imp,63) Which is your most important source for your Covid-19 information?,8.0,Other
c19a2_tr_gov_conf,64) How confident are you that the Government are doing the right thing to stop ,1.0,Very confident
c19a2_tr_gov_conf,64) How confident are you that the Government are doing the right thing to stop ,2.0,Somewhat confident
c19a2_tr_gov_conf,64) How confident are you that the Government are doing the right thing to stop ,3.0,Neither confident nor unconfident
c19a2_tr_gov_conf,64) How confident are you that the Government are doing the right thing to stop ,4.0,Somewhat unconfident
c19a2_tr_gov_conf,64) How confident are you that the Government are doing the right thing to stop ,5.0,Extremely unconfident
c19a2_tr_mask,65) Do you wear a mask when required (e.g.; in shops)? ,1.0,Never
c19a2_tr_mask,65) Do you wear a mask when required (e.g.; in shops)? ,2.0,Sometimes
c19a2_tr_mask,65) Do you wear a mask when required (e.g.; in shops)? ,3.0,Always
c19a2_tr_govreg,66) Do you follow government guidance; laws and regulations on Covid-19? ,1.0,Never
c19a2_tr_govreg,66) Do you follow government guidance; laws and regulations on Covid-19? ,2.0,Sometimes
c19a2_tr_govreg,66) Do you follow government guidance; laws and regulations on Covid-19? ,3.0,Always
c19a2_tr_org_1,The Government,-2.0,Dont know
c19a2_tr_org_1,The Government,1.0,Trust it a great deal
c19a2_tr_org_1,The Government,2.0,Tend to trust it
c19a2_tr_org_1,The Government,3.0,Tend to distrust it
c19a2_tr_org_1,The Government,4.0,Distrust it greatly
c19a2_tr_org_2,The NHS,-2.0,Dont know
c19a2_tr_org_2,The NHS,1.0,Trust it a great deal
c19a2_tr_org_2,The NHS,2.0,Tend to trust it
c19a2_tr_org_2,The NHS,3.0,Tend to distrust it
c19a2_tr_org_2,The NHS,4.0,Distrust it greatly
c19a2_tr_org_3,Your local hospital,-2.0,Dont know
c19a2_tr_org_3,Your local hospital,1.0,Trust it a great deal
c19a2_tr_org_3,Your local hospital,2.0,Tend to trust it
c19a2_tr_org_3,Your local hospital,3.0,Tend to distrust it
c19a2_tr_org_3,Your local hospital,4.0,Distrust it greatly
c19a2_tr_org_4,Bradford Council,-2.0,Dont know
c19a2_tr_org_4,Bradford Council,1.0,Trust it a great deal
c19a2_tr_org_4,Bradford Council,2.0,Tend to trust it
c19a2_tr_org_4,Bradford Council,3.0,Tend to distrust it
c19a2_tr_org_4,Bradford Council,4.0,Distrust it greatly
c19a2_tr_org_5,Local voluntary organisations,-2.0,Dont know
c19a2_tr_org_5,Local voluntary organisations,1.0,Trust it a great deal
c19a2_tr_org_5,Local voluntary organisations,2.0,Tend to trust it
c19a2_tr_org_5,Local voluntary organisations,3.0,Tend to distrust it
c19a2_tr_org_5,Local voluntary organisations,4.0,Distrust it greatly
c19a2_tr_org_6,Schools,-2.0,Dont know
c19a2_tr_org_6,Schools,1.0,Trust it a great deal
c19a2_tr_org_6,Schools,2.0,Tend to trust it
c19a2_tr_org_6,Schools,3.0,Tend to distrust it
c19a2_tr_org_6,Schools,4.0,Distrust it greatly
c19a2_tr_org_7,Police,-2.0,Dont know
c19a2_tr_org_7,Police,1.0,Trust it a great deal
c19a2_tr_org_7,Police,2.0,Tend to trust it
c19a2_tr_org_7,Police,3.0,Tend to distrust it
c19a2_tr_org_7,Police,4.0,Distrust it greatly
c19a2_tr_org_8,Public Health England,-2.0,Dont know
c19a2_tr_org_8,Public Health England,1.0,Trust it a great deal
c19a2_tr_org_8,Public Health England,2.0,Tend to trust it
c19a2_tr_org_8,Public Health England,3.0,Tend to distrust it
c19a2_tr_org_8,Public Health England,4.0,Distrust it greatly
c19a2_tr_org_9,Faith organisations (e.g.; churches or mosques),-2.0,Dont know
c19a2_tr_org_9,Faith organisations (e.g.; churches or mosques),1.0,Trust it a great deal
c19a2_tr_org_9,Faith organisations (e.g.; churches or mosques),2.0,Tend to trust it
c19a2_tr_org_9,Faith organisations (e.g.; churches or mosques),3.0,Tend to distrust it
c19a2_tr_org_9,Faith organisations (e.g.; churches or mosques),4.0,Distrust it greatly
c19a2_tr_org_10,Born in Bradford,-2.0,Dont know
c19a2_tr_org_10,Born in Bradford,1.0,Trust it a great deal
c19a2_tr_org_10,Born in Bradford,2.0,Tend to trust it
c19a2_tr_org_10,Born in Bradford,3.0,Tend to distrust it
c19a2_tr_org_10,Born in Bradford,4.0,Distrust it greatly
c19a2_tvl_wnor,How do you normally get to work now? (Tick one),1.0,Car/Van
c19a2_tvl_wnor,How do you normally get to work now? (Tick one),2.0,School bus
c19a2_tvl_wnor,How do you normally get to work now? (Tick one),3.0,Other bus
c19a2_tvl_wnor,How do you normally get to work now? (Tick one),4.0,Walk
c19a2_tvl_wnor,How do you normally get to work now? (Tick one),5.0,Bicycle
c19a2_tvl_wnor,How do you normally get to work now? (Tick one),6.0,Taxi
c19a2_tvl_wnor,How do you normally get to work now? (Tick one),7.0,Train
c19a2_tvl_wnor,How do you normally get to work now? (Tick one),8.0,Other
c19a2_tvl_wnor,How do you normally get to work now? (Tick one),9.0,More than one option indicated on paper copy
c19a2_tvl_wnor_prel,How did you normally get to work before the lockdown (e.g.; in January/February ,1.0,Car/Van
c19a2_tvl_wnor_prel,How did you normally get to work before the lockdown (e.g.; in January/February ,2.0,School bus
c19a2_tvl_wnor_prel,How did you normally get to work before the lockdown (e.g.; in January/February ,3.0,Other bus
c19a2_tvl_wnor_prel,How did you normally get to work before the lockdown (e.g.; in January/February ,4.0,Walk
c19a2_tvl_wnor_prel,How did you normally get to work before the lockdown (e.g.; in January/February ,5.0,Bicycle
c19a2_tvl_wnor_prel,How did you normally get to work before the lockdown (e.g.; in January/February ,6.0,Taxi
c19a2_tvl_wnor_prel,How did you normally get to work before the lockdown (e.g.; in January/February ,7.0,Train
c19a2_tvl_wnor_prel,How did you normally get to work before the lockdown (e.g.; in January/February ,8.0,Other
c19a2_tvl_wnor_prel,How did you normally get to work before the lockdown (e.g.; in January/February ,9.0,More than one option indicated on paper copy
c19a2_tvl_wnor_ext_1,,,
c19a2_tvl_wnor_ext_2,,,
c19a2_tvl_wnor_ext_3,,,
c19a2_tvl_wnor_ext_4,,,
c19a2_tvl_wnor_ext_5,,,
c19a2_tvl_wnor_ext_6,,,
c19a2_tvl_wnor_ext_7,,,
c19a2_tvl_wnor_ext_8,,,
c19a2_trl_wnor_prel_ext_1,,,
c19a2_trl_wnor_prel_ext_2,,,
c19a2_trl_wnor_prel_ext_3,,,
c19a2_trl_wnor_prel_ext_4,,,
c19a2_trl_wnor_prel_ext_5,,,
c19a2_trl_wnor_prel_ext_6,,,
c19a2_trl_wnor_prel_ext_7,,,
c19a2_trl_wnor_prel_ext_8,,,
c19a2_tvl_live_van,Thinking about the person or people you usually live with; how many cars/taxis/v,1.0,None
c19a2_tvl_live_van,Thinking about the person or people you usually live with; how many cars/taxis/v,2.0,1
c19a2_tvl_live_van,Thinking about the person or people you usually live with; how many cars/taxis/v,3.0,2
c19a2_tvl_live_van,Thinking about the person or people you usually live with; how many cars/taxis/v,4.0,3
c19a2_tvl_live_van,Thinking about the person or people you usually live with; how many cars/taxis/v,5.0,More than 3
c19a2_tvl_car_wlk,Only answer the next question if you mainly travel by car/van/taxi to work this ,1.0,Very happy
c19a2_tvl_car_wlk,Only answer the next question if you mainly travel by car/van/taxi to work this ,2.0,Quite happy
c19a2_tvl_car_wlk,Only answer the next question if you mainly travel by car/van/taxi to work this ,3.0,Quite unhappy
c19a2_tvl_car_wlk,Only answer the next question if you mainly travel by car/van/taxi to work this ,4.0,Very unhappy
c19a2_tvl_carwrk,69) Do you require the use of a car for your work?,0.0,No
c19a2_tvl_carwrk,69) Do you require the use of a car for your work?,1.0,Yes
wc_wrynow_1_c19a2,Worry 1:,,
wc_wrynow_2_c19a2,Worry 2:,,
wc_wrynow_3_c19a2,Worry 3:,,
wc_chllnge_c19a2,71) Can you tell us about a challenge you have faced in the last two weeks?,,
c19a2_wc_easier_rev_1,72) Can you tell us whether there are any parts of your life that have continued,,
c19a2_cc_relshipq,Your relationship with your partner,0.0,No
c19a2_cc_relshipq,Your relationship with your partner,1.0,Yes
c19a2_cc_living,The people that you live with,0.0,No
c19a2_cc_living,The people that you live with,1.0,Yes
c19a2_cc_house,You have moved house,0.0,No
c19a2_cc_house,You have moved house,1.0,Yes
hh_relship_c19a2,74) What is your current relationship status?,-1.0,Do not wish to answer
hh_relship_c19a2,74) What is your current relationship status?,1.0,Single
hh_relship_c19a2,74) What is your current relationship status?,2.0,Married
hh_relship_c19a2,74) What is your current relationship status?,3.0,Not married but in a relationship
hh_living_c19a2,75) Are you currently living with your partner?,0.0,No
hh_living_c19a2,75) Are you currently living with your partner?,1.0,Yes
hh_childlw_c19a2,76) Does your child (or children) live with you all the time?,0.0,No - shared parenting
hh_childlw_c19a2,76) Does your child (or children) live with you all the time?,1.0,Yes
hh_nchild_c19a2,77) Do any children aged 16 and under live in your home?,0.0,No
hh_nchild_c19a2,77) Do any children aged 16 and under live in your home?,1.0,Yes
hh_nchild_04_c19a2,78) How many children aged between 0 and 4 years live in your home?,,
hh_nchild_510_c19a2,79) How many children aged between 5 and 10 years live in your home?,,
hh_nchild_1116_c19a2,80) How many children aged between 11 and 16 years live in your home?,,
hh_nadult_c19a2,81) How many adults (people aged over 16 years) live in your home?,,
hh_nadult_70_c19a2,82) How many of these adults are over the age of 70?,,
c19a2_yh_dsc_hme,83) If you have moved house please can you tell us why?,1.0,Had already planned to move before the pandemic
c19a2_yh_dsc_hme,83) If you have moved house please can you tell us why?,2.0,Couldnt afford the rent / mortgage payments
c19a2_yh_dsc_hme,83) If you have moved house please can you tell us why?,3.0,Evicted / lost home
c19a2_yh_dsc_hme,83) If you have moved house please can you tell us why?,4.0,"Moved in with others (e.g., as social bubble, to share costs)"
c19a2_yh_dsc_hme,83) If you have moved house please can you tell us why?,5.0,Other
c19a2_yh_dsc_hme_oth,If you checked other; please describe,,
yh_own_c19a2,84) Do you (or your household) own or rent the home you live in?,1.0,Own it outright
yh_own_c19a2,84) Do you (or your household) own or rent the home you live in?,2.0,Buying it with the help of a mortgage/loan
yh_own_c19a2,84) Do you (or your household) own or rent the home you live in?,3.0,Part own and part rent (shared ownership)
yh_own_c19a2,84) Do you (or your household) own or rent the home you live in?,4.0,Rent it (includes all those who are on Housing Benefit or Local Housing Allowance)
yh_own_c19a2,84) Do you (or your household) own or rent the home you live in?,5.0,Live here rent-free (including rent-free in relatives/friends property but excluding squatters)
yh_own_c19a2,84) Do you (or your household) own or rent the home you live in?,6.0,Squatting
yh_own_rent_c19a2,85) If you rent; who is your landlord?,-2.0,Dont know
yh_own_rent_c19a2,85) If you rent; who is your landlord?,1.0,Private landlord or letting agency
yh_own_rent_c19a2,85) If you rent; who is your landlord?,2.0,"Housing association, housing co-operative, charitable trust"
yh_own_rent_c19a2,85) If you rent; who is your landlord?,3.0,"Local authority, local council"
yh_own_rent_c19a2,85) If you rent; who is your landlord?,4.0,Relative or friend (before you lived here) of a household member
yh_own_rent_c19a2,85) If you rent; who is your landlord?,5.0,Employer (individual) of a household member
yh_own_rent_c19a2,85) If you rent; who is your landlord?,6.0,Employer (company) of a household member
yh_own_rent_c19a2,85) If you rent; who is your landlord?,7.0,Another organisation
yh_bdroom_c19a2,86) How many bedrooms are there in your home?,,
yh_net_c19a2,87) Can you access the internet from your home (e.g. broadband / data on phone)?,0.0,No
yh_net_c19a2,87) Can you access the internet from your home (e.g. broadband / data on phone)?,1.0,Yes
yh_rpair_c19a2,88) Does your home need any major repairs doing to it right now?,0.0,No
yh_rpair_c19a2,88) Does your home need any major repairs doing to it right now?,1.0,Yes
yh_appl_c19a2,89) Are all of your large electrical appliances (e.g. washing machine; fridge) i,0.0,No
yh_appl_c19a2,89) Are all of your large electrical appliances (e.g. washing machine; fridge) i,1.0,Yes
yh_damp_c19a2,90) Do you have any damp or mould in your home?,0.0,No
yh_damp_c19a2,90) Do you have any damp or mould in your home?,1.0,Yes
yh_vrmin_c19a2,91) Do you have trouble with any vermin (mice or other rodents; cockroaches; etc,0.0,No
yh_vrmin_c19a2,91) Do you have trouble with any vermin (mice or other rodents; cockroaches; etc,1.0,Yes
yh_outdr_c19a2,92) Does your home have an outdoor space which you and your family can use?,0.0,No
yh_outdr_c19a2,92) Does your home have an outdoor space which you and your family can use?,1.0,Yes
yh_outdr_prvsh_c19a2,93) Is your outdoor space private or shared?,1.0,Private
yh_outdr_prvsh_c19a2,93) Is your outdoor space private or shared?,2.0,Shared
yh_outdr_type_c19a2_1,,,
yh_outdr_type_c19a2_2,,,
yh_outdr_type_c19a2_3,,,
yh_outdr_type_c19a2_4,,,
yh_outdr_type_c19a2_5,,,
yh_outdr_type_c19a2,94) Is your outdoor space a ...,1.0,Yard
yh_outdr_type_c19a2,94) Is your outdoor space a ...,2.0,Small garden
yh_outdr_type_c19a2,94) Is your outdoor space a ...,3.0,Medium garden
yh_outdr_type_c19a2,94) Is your outdoor space a ...,4.0,Large garden
yh_outdr_type_c19a2,94) Is your outdoor space a ...,5.0,Other
yh_outdr_safe_c19a2,95) Is your outdoor space safe for your children to play in?,-2.0,Dont know
yh_outdr_safe_c19a2,95) Is your outdoor space safe for your children to play in?,0.0,No
yh_outdr_safe_c19a2,95) Is your outdoor space safe for your children to play in?,1.0,Yes
c19a2_symp_sore_0,,,
c19a2_symp_sore_1,,,
c19a2_symp_sore_2,,,
c19a2_symp_sore_3,,,
c19a2_symp_sore_4,,,
c19a2_symp_sore_5,,,
c19a2_symp_sore_6,,,
c19a2_symp_sore_7,,,
c19a2_cv_wt_test,51) Have you ever had a test to see if you have or have had Covid-19 (tell us ab,0.0,No
c19a2_cv_wt_test,51) Have you ever had a test to see if you have or have had Covid-19 (tell us ab,1.0,"Yes, because I had symptoms"
c19a2_cv_wt_test,51) Have you ever had a test to see if you have or have had Covid-19 (tell us ab,2.0,"Yes, because I have been in contact with someone who had Covid-19"
c19a2_cv_wt_test,51) Have you ever had a test to see if you have or have had Covid-19 (tell us ab,3.0,"Yes, because of my job"
c19a2_cv_wt_test,51) Have you ever had a test to see if you have or have had Covid-19 (tell us ab,4.0,"Yes, for another reason, please specify below."
avail_from_dt,,,
lsoacode_e,,,
ward_e,,,
imdrank_e,,,
