variable_name,variable_label,value_value,value_label
study_id_e,,,
cohort,Cohort,,
timestamp,,,
age_years,,,
gender,Child's gender,0.0,Male
gender,Child's gender,1.0,Female
ethnicity_mother,Ethnic group (mother),1.0,White British
ethnicity_mother,Ethnic group (mother),2.0,Pakistani
ethnicity_mother,Ethnic group (mother),3.0,Other
sdq_consid,Considerate of other peoples feelings,0.0,Not True
sdq_consid,Considerate of other peoples feelings,1.0,Somewhat True
sdq_consid,Considerate of other peoples feelings,2.0,Certainly True
sdq_restles,Restless; overactive; cannot stay still for long,0.0,Not True
sdq_restles,Restless; overactive; cannot stay still for long,1.0,Somewhat True
sdq_restles,Restless; overactive; cannot stay still for long,2.0,Certainly True
sdq_somatic,Often complains of headaches; stomach-aches or sickness,0.0,Not True
sdq_somatic,Often complains of headaches; stomach-aches or sickness,1.0,Somewhat True
sdq_somatic,Often complains of headaches; stomach-aches or sickness,2.0,Certainly True
sdq_shares,Shares readily with other children (treats;...; pencils etc.),0.0,Not True
sdq_shares,Shares readily with other children (treats;...; pencils etc.),1.0,Somewhat True
sdq_shares,Shares readily with other children (treats;...; pencils etc.),2.0,Certainly True
sdq_tantrum,Often has temper tantrums or hot tempers,0.0,Not True
sdq_tantrum,Often has temper tantrums or hot tempers,1.0,Somewhat True
sdq_tantrum,Often has temper tantrums or hot tempers,2.0,Certainly True
sdq_loner,Rather solitary; tends to play alone,0.0,Not True
sdq_loner,Rather solitary; tends to play alone,1.0,Somewhat True
sdq_loner,Rather solitary; tends to play alone,2.0,Certainly True
sdq_obeys,Generally obedient; usually does what adults request,0.0,Not True
sdq_obeys,Generally obedient; usually does what adults request,1.0,Somewhat True
sdq_obeys,Generally obedient; usually does what adults request,2.0,Certainly True
sdq_worries,Many worries; often seems worried,0.0,Not True
sdq_worries,Many worries; often seems worried,1.0,Somewhat True
sdq_worries,Many worries; often seems worried,2.0,Certainly True
sdq_caring,Helpful if someone is hurt; upset or feeling ill,0.0,Not True
sdq_caring,Helpful if someone is hurt; upset or feeling ill,1.0,Somewhat True
sdq_caring,Helpful if someone is hurt; upset or feeling ill,2.0,Certainly True
sdq_fidgety,Constantly fidgeting or squirming,0.0,Not True
sdq_fidgety,Constantly fidgeting or squirming,1.0,Somewhat True
sdq_fidgety,Constantly fidgeting or squirming,2.0,Certainly True
sdq_friend,Has at least one good friend,0.0,Not True
sdq_friend,Has at least one good friend,1.0,Somewhat True
sdq_friend,Has at least one good friend,2.0,Certainly True
sdq_fights,Often fights with other children or bullies them,0.0,Not True
sdq_fights,Often fights with other children or bullies them,1.0,Somewhat True
sdq_fights,Often fights with other children or bullies them,2.0,Certainly True
sdq_unhappy,Often unhappy; down-hearted or tearful,0.0,Not True
sdq_unhappy,Often unhappy; down-hearted or tearful,1.0,Somewhat True
sdq_unhappy,Often unhappy; down-hearted or tearful,2.0,Certainly True
sdq_popular,Generally liked by other children,0.0,Not True
sdq_popular,Generally liked by other children,1.0,Somewhat True
sdq_popular,Generally liked by other children,2.0,Certainly True
sdq_distrac,Easily distracted; concentration wanders,0.0,Not True
sdq_distrac,Easily distracted; concentration wanders,1.0,Somewhat True
sdq_distrac,Easily distracted; concentration wanders,2.0,Certainly True
sdq_clingy,Nervous or clingy in new situations; easily loses confidence,0.0,Not True
sdq_clingy,Nervous or clingy in new situations; easily loses confidence,1.0,Somewhat True
sdq_clingy,Nervous or clingy in new situations; easily loses confidence,2.0,Certainly True
sdq_kind,Kind to younger children,0.0,Not True
sdq_kind,Kind to younger children,1.0,Somewhat True
sdq_kind,Kind to younger children,2.0,Certainly True
sdq_lies,Often lies or cheats,0.0,Not True
sdq_lies,Often lies or cheats,1.0,Somewhat True
sdq_lies,Often lies or cheats,2.0,Certainly True
sdq_bullied,Picked on or bullied by other children,0.0,Not True
sdq_bullied,Picked on or bullied by other children,1.0,Somewhat True
sdq_bullied,Picked on or bullied by other children,2.0,Certainly True
sdq_helpout,Often volunteers to help others (parents; t...other children),0.0,Not True
sdq_helpout,Often volunteers to help others (parents; t...other children),1.0,Somewhat True
sdq_helpout,Often volunteers to help others (parents; t...other children),2.0,Certainly True
sdq_reflect,Thinks things out before acting,0.0,Not True
sdq_reflect,Thinks things out before acting,1.0,Somewhat True
sdq_reflect,Thinks things out before acting,2.0,Certainly True
sdq_steals,Steals from home; school or elsewhere,0.0,Not True
sdq_steals,Steals from home; school or elsewhere,1.0,Somewhat True
sdq_steals,Steals from home; school or elsewhere,2.0,Certainly True
sdq_oldbest,Gets on better with adults than with other children,0.0,Not True
sdq_oldbest,Gets on better with adults than with other children,1.0,Somewhat True
sdq_oldbest,Gets on better with adults than with other children,2.0,Certainly True
sdq_afraid,Many fears; easily scared,0.0,Not True
sdq_afraid,Many fears; easily scared,1.0,Somewhat True
sdq_afraid,Many fears; easily scared,2.0,Certainly True
sdq_attends,Sees tasks through to the end; good attention span,0.0,Not True
sdq_attends,Sees tasks through to the end; good attention span,1.0,Somewhat True
sdq_attends,Sees tasks through to the end; good attention span,2.0,Certainly True
sdq_comments,Do you have any other comments or concerns?,,
sdq_ebddiff,Overall; do you think that your child has d...h other people?,0.0,No
sdq_ebddiff,Overall; do you think that your child has d...h other people?,1.0,Yes - minor difficulties
sdq_ebddiff,Overall; do you think that your child has d...h other people?,2.0,Yes - definite difficulties
sdq_ebddiff,Overall; do you think that your child has d...h other people?,3.0,Yes - severe difficulties
sdq_ebddiff_hwlong,How long have these difficulties been present?,0.0,Less than a month
sdq_ebddiff_hwlong,How long have these difficulties been present?,1.0,1-5 months
sdq_ebddiff_hwlong,How long have these difficulties been present?,2.0,6-12 months
sdq_ebddiff_hwlong,How long have these difficulties been present?,3.0,Over a year
sdq_distres,Do the difficulties upset or distress your child?,0.0,Not at all
sdq_distres,Do the difficulties upset or distress your child?,1.0,Only a little
sdq_distres,Do the difficulties upset or distress your child?,2.0,Quite a lot
sdq_distres,Do the difficulties upset or distress your child?,3.0,A great deal
sdq_imphome,HOME LIFE,0.0,Not at all
sdq_imphome,HOME LIFE,1.0,Only a little
sdq_imphome,HOME LIFE,2.0,Quite a lot
sdq_imphome,HOME LIFE,3.0,A great deal
sdq_impfrie,FRIENDSHIPS,0.0,Not at all
sdq_impfrie,FRIENDSHIPS,1.0,Only a little
sdq_impfrie,FRIENDSHIPS,2.0,Quite a lot
sdq_impfrie,FRIENDSHIPS,3.0,A great deal
sdq_impclas,CLASSROOM LEARNING,0.0,Not at all
sdq_impclas,CLASSROOM LEARNING,1.0,Only a little
sdq_impclas,CLASSROOM LEARNING,2.0,Quite a lot
sdq_impclas,CLASSROOM LEARNING,3.0,A great deal
sdq_impleis,LEISURE ACTIVITIES,0.0,Not at all
sdq_impleis,LEISURE ACTIVITIES,1.0,Only a little
sdq_impleis,LEISURE ACTIVITIES,2.0,Quite a lot
sdq_impleis,LEISURE ACTIVITIES,3.0,A great deal
sdq_burden,Do the difficulties put a burden on you or...ily as a whole?,0.0,Not at all
sdq_burden,Do the difficulties put a burden on you or...ily as a whole?,1.0,Only a little
sdq_burden,Do the difficulties put a burden on you or...ily as a whole?,2.0,Quite a lot
sdq_burden,Do the difficulties put a burden on you or...ily as a whole?,3.0,A great deal
childsdq_complete,Complete?,0.0,Incomplete
childsdq_complete,Complete?,1.0,Unverified
childsdq_complete,Complete?,2.0,Complete
avail_from_dt,,,
