variable_name,variable_label,value_value,value_label
study_id_e,,,
timestamp,,,
age_years,,,
chys_7timesleep_c19c2,1A) In the last 7d what time have you normally fallen asleep?,,
chys_7wknp_c19c2,1B) In the last 7 days what time have you normally woken up (please write):,,
chfl_7physactwkdy_c19c2,2A) Amount of physical activity in a normal weekday?,1.0,No activity (0 mins)
chfl_7physactwkdy_c19c2,2A) Amount of physical activity in a normal weekday?,2.0,Small amount of activity (1-30 mins)
chfl_7physactwkdy_c19c2,2A) Amount of physical activity in a normal weekday?,3.0,Small-Moderate amount activity (31-60 mins)
chfl_7physactwkdy_c19c2,2A) Amount of physical activity in a normal weekday?,4.0,Moderate-Large amount activity (1-2 hours)
chfl_7physactwkdy_c19c2,2A) Amount of physical activity in a normal weekday?,5.0,Large amount of activity (>2 hours)
chfl_7physactwknd_c19c2,2B) Amount of physical activity in a normal weekend day?,1.0,No activity (0 mins)
chfl_7physactwknd_c19c2,2B) Amount of physical activity in a normal weekend day?,2.0,Small amount of activity (1-30 mins)
chfl_7physactwknd_c19c2,2B) Amount of physical activity in a normal weekend day?,3.0,Small-Moderate amount activity (31-60 mins)
chfl_7physactwknd_c19c2,2B) Amount of physical activity in a normal weekend day?,4.0,Moderate-Large amount activity (1-2 hours)
chfl_7physactwknd_c19c2,2B) Amount of physical activity in a normal weekend day?,5.0,Large amount of activity (>2 hours)
c19c2_chfl_acttrvl_mor,2C) When at school; how many mornings do you travel?,1.0,None
c19c2_chfl_acttrvl_mor,2C) When at school; how many mornings do you travel?,2.0,1x last week
c19c2_chfl_acttrvl_mor,2C) When at school; how many mornings do you travel?,3.0,2-3x last week
c19c2_chfl_acttrvl_mor,2C) When at school; how many mornings do you travel?,4.0,4x last week
c19c2_chfl_acttrvl_mor,2C) When at school; how many mornings do you travel?,5.0,5x last week
c19c2_chfl_brktme_act,2D) What do you do at break time at school?,1.0,Sat down
c19c2_chfl_brktme_act,2D) What do you do at break time at school?,2.0,Stood/Walked
c19c2_chfl_brktme_act,2D) What do you do at break time at school?,3.0,Ran/Played a little
c19c2_chfl_brktme_act,2D) What do you do at break time at school?,4.0,Ran/Played a bit
c19c2_chfl_brktme_act,2D) What do you do at break time at school?,5.0,Ran/Played a lot
c19c2_chfl_lchtme_act,2E) What do you do at lunch time at school?,1.0,Sat down
c19c2_chfl_lchtme_act,2E) What do you do at lunch time at school?,2.0,Stood/Walked
c19c2_chfl_lchtme_act,2E) What do you do at lunch time at school?,3.0,Ran/Played a little
c19c2_chfl_lchtme_act,2E) What do you do at lunch time at school?,4.0,Ran/Played a bit
c19c2_chfl_lchtme_act,2E) What do you do at lunch time at school?,5.0,Ran/Played a lot
c19c2_chfl_acttrvl_aft,2F) How many afternoons do you travel to school?,1.0,None
c19c2_chfl_acttrvl_aft,2F) How many afternoons do you travel to school?,2.0,1x last week
c19c2_chfl_acttrvl_aft,2F) How many afternoons do you travel to school?,3.0,2-3x last week
c19c2_chfl_acttrvl_aft,2F) How many afternoons do you travel to school?,4.0,4x last week
c19c2_chfl_acttrvl_aft,2F) How many afternoons do you travel to school?,5.0,5x last week
c19c2_chfl_actsprt_aftscl,2G) How many days after school activities?,1.0,None
c19c2_chfl_actsprt_aftscl,2G) How many days after school activities?,2.0,1x last week
c19c2_chfl_actsprt_aftscl,2G) How many days after school activities?,3.0,2-3x last week
c19c2_chfl_actsprt_aftscl,2G) How many days after school activities?,4.0,4x last week
c19c2_chfl_actsprt_aftscl,2G) How many days after school activities?,5.0,5x last week
c19c2_chfl_actsprt_eve,2H) How many evenings after school activities?,1.0,None
c19c2_chfl_actsprt_eve,2H) How many evenings after school activities?,2.0,1x last week
c19c2_chfl_actsprt_eve,2H) How many evenings after school activities?,3.0,2-3x last week
c19c2_chfl_actsprt_eve,2H) How many evenings after school activities?,4.0,4x last week
c19c2_chfl_actsprt_eve,2H) How many evenings after school activities?,5.0,5x last week
c19c2_chfl_actsprt_wknd,2I) How many times activities last weekend?,1.0,None
c19c2_chfl_actsprt_wknd,2I) How many times activities last weekend?,2.0,1x
c19c2_chfl_actsprt_wknd,2I) How many times activities last weekend?,3.0,2-3x
c19c2_chfl_actsprt_wknd,2I) How many times activities last weekend?,4.0,4-5x
c19c2_chfl_actsprt_wknd,2I) How many times activities last weekend?,5.0,6x or more
chtss_7timesitly_c19c2,3A) How long spent sitting/lying down awake?,1.0,None
chtss_7timesitly_c19c2,3A) How long spent sitting/lying down awake?,2.0,Little time
chtss_7timesitly_c19c2,3A) How long spent sitting/lying down awake?,3.0,Half of time
chtss_7timesitly_c19c2,3A) How long spent sitting/lying down awake?,4.0,A lot of time
chtss_7timesitly_c19c2,3A) How long spent sitting/lying down awake?,5.0,Almost all of free time
chtss_7timesitlyactt,4A) How long watching TV; not playing video games?,1.0,No time
chtss_7timesitlyactt,4A) How long watching TV; not playing video games?,2.0,1 hour or less
chtss_7timesitlyactt,4A) How long watching TV; not playing video games?,3.0,1-2 hours
chtss_7timesitlyactt,4A) How long watching TV; not playing video games?,4.0,3-4 hours
chtss_7timesitlyactt,4A) How long watching TV; not playing video games?,5.0,4+ hours
chtss_7timesitlyactv,4A) How long playing video games?,1.0,No time
chtss_7timesitlyactv,4A) How long playing video games?,2.0,1 hour or less
chtss_7timesitlyactv,4A) How long playing video games?,3.0,1-2 hours
chtss_7timesitlyactv,4A) How long playing video games?,4.0,3-4 hours
chtss_7timesitlyactv,4A) How long playing video games?,5.0,4+ hours
chtss_7timesitlyactc,4A) How long using pc/tablets for social activity?,1.0,No time
chtss_7timesitlyactc,4A) How long using pc/tablets for social activity?,2.0,1 hour or less
chtss_7timesitlyactc,4A) How long using pc/tablets for social activity?,3.0,1-2 hours
chtss_7timesitlyactc,4A) How long using pc/tablets for social activity?,4.0,3-4 hours
chtss_7timesitlyactc,4A) How long using pc/tablets for social activity?,5.0,4+ hours
chtss_7timesitlyactm,4A) Using mobile phone to socialise?,1.0,No time
chtss_7timesitlyactm,4A) Using mobile phone to socialise?,2.0,1 hour or less
chtss_7timesitlyactm,4A) Using mobile phone to socialise?,3.0,1-2 hours
chtss_7timesitlyactm,4A) Using mobile phone to socialise?,4.0,3-4 hours
chtss_7timesitlyactm,4A) Using mobile phone to socialise?,5.0,4+ hours
chtss_7timesitlyacts,4A) How long doing school work in books/pc?,1.0,No time
chtss_7timesitlyacts,4A) How long doing school work in books/pc?,2.0,1 hour or less
chtss_7timesitlyacts,4A) How long doing school work in books/pc?,3.0,1-2 hours
chtss_7timesitlyacts,4A) How long doing school work in books/pc?,4.0,3-4 hours
chtss_7timesitlyacts,4A) How long doing school work in books/pc?,5.0,4+ hours
c19c2_yhw_hdache,4A) How often do you suffer from headaches?,1.0,Every day
c19c2_yhw_hdache,4A) How often do you suffer from headaches?,2.0,More than once a week
c19c2_yhw_hdache,4A) How often do you suffer from headaches?,3.0,About every week
c19c2_yhw_hdache,4A) How often do you suffer from headaches?,4.0,About every month
c19c2_yhw_hdache,4A) How often do you suffer from headaches?,5.0,Rarely or never
c19c2_yhw_sache,4A) How often do you suffer from stomach ache?,1.0,Every day
c19c2_yhw_sache,4A) How often do you suffer from stomach ache?,2.0,More than once a week
c19c2_yhw_sache,4A) How often do you suffer from stomach ache?,3.0,About every week
c19c2_yhw_sache,4A) How often do you suffer from stomach ache?,4.0,About every month
c19c2_yhw_sache,4A) How often do you suffer from stomach ache?,5.0,Rarely or never
c19c2_yhw_bkache,4A) How often do you suffer from back ache?,1.0,Every day
c19c2_yhw_bkache,4A) How often do you suffer from back ache?,2.0,More than once a week
c19c2_yhw_bkache,4A) How often do you suffer from back ache?,3.0,About every week
c19c2_yhw_bkache,4A) How often do you suffer from back ache?,4.0,About every month
c19c2_yhw_bkache,4A) How often do you suffer from back ache?,5.0,Rarely or never
c19c2_yhw_low,4A) How often do you feel low?,1.0,Every day
c19c2_yhw_low,4A) How often do you feel low?,2.0,More than once a week
c19c2_yhw_low,4A) How often do you feel low?,3.0,About every week
c19c2_yhw_low,4A) How often do you feel low?,4.0,About every month
c19c2_yhw_low,4A) How often do you feel low?,5.0,Rarely or never
c19c2_yhw_irri,4A) How often do you feel irritable/bad tempered?,1.0,Every day
c19c2_yhw_irri,4A) How often do you feel irritable/bad tempered?,2.0,More than once a week
c19c2_yhw_irri,4A) How often do you feel irritable/bad tempered?,3.0,About every week
c19c2_yhw_irri,4A) How often do you feel irritable/bad tempered?,4.0,About every month
c19c2_yhw_irri,4A) How often do you feel irritable/bad tempered?,5.0,Rarely or never
c19c2_yhw_nerv,4A) How often do you feel nervous?,1.0,Every day
c19c2_yhw_nerv,4A) How often do you feel nervous?,2.0,More than once a week
c19c2_yhw_nerv,4A) How often do you feel nervous?,3.0,About every week
c19c2_yhw_nerv,4A) How often do you feel nervous?,4.0,About every month
c19c2_yhw_nerv,4A) How often do you feel nervous?,5.0,Rarely or never
c19c2_yhw_difslp,4A) How often do you have difficulty sleeping?,1.0,Every day
c19c2_yhw_difslp,4A) How often do you have difficulty sleeping?,2.0,More than once a week
c19c2_yhw_difslp,4A) How often do you have difficulty sleeping?,3.0,About every week
c19c2_yhw_difslp,4A) How often do you have difficulty sleeping?,4.0,About every month
c19c2_yhw_difslp,4A) How often do you have difficulty sleeping?,5.0,Rarely or never
c19c2_yhw_diz,4A) How often do you feel dizzy?,1.0,Every day
c19c2_yhw_diz,4A) How often do you feel dizzy?,2.0,More than once a week
c19c2_yhw_diz,4A) How often do you feel dizzy?,3.0,About every week
c19c2_yhw_diz,4A) How often do you feel dizzy?,4.0,About every month
c19c2_yhw_diz,4A) How often do you feel dizzy?,5.0,Rarely or never
c19c2_yhw_gnrlhth,4B) How would you describe your health?,1.0,Excellent
c19c2_yhw_gnrlhth,4B) How would you describe your health?,2.0,Good
c19c2_yhw_gnrlhth,4B) How would you describe your health?,3.0,Fair
c19c2_yhw_gnrlhth,4B) How would you describe your health?,4.0,Poor
yhw_flhppy_c19c2,4D) How often do you feel happy?,1.0,Never
yhw_flhppy_c19c2,4D) How often do you feel happy?,2.0,Some of the time
yhw_flhppy_c19c2,4D) How often do you feel happy?,3.0,All of the time
yhw_flsad_c19c2,4E) How often do you feel sad?,1.0,Never
yhw_flsad_c19c2,4E) How often do you feel sad?,2.0,Some of the time
yhw_flsad_c19c2,4E) How often do you feel sad?,3.0,All of the time
chch_frnds_c19c2,5A) How many friends do you have?,1.0,Not many
chch_frnds_c19c2,5A) How many friends do you have?,2.0,Some
chch_frnds_c19c2,5A) How many friends do you have?,3.0,Lots
chch_bstfrnds_c19c2,5B) Do you have any best friends?,0.0,No
chch_bstfrnds_c19c2,5B) Do you have any best friends?,1.0,Yes
chch_lftout_c19c2,5C) How often left out things by other children?,1.0,Never
chch_lftout_c19c2,5C) How often left out things by other children?,2.0,Some of the time
chch_lftout_c19c2,5C) How often left out things by other children?,3.0,All of the time
c19c2_chch_mnothrs_rev1,5D) How often are you mean to others?,1.0,Never
c19c2_chch_mnothrs_rev1,5D) How often are you mean to others?,2.0,Some of the time
c19c2_chch_mnothrs_rev1,5D) How often are you mean to others?,3.0,All of the time
chwk_2cybrblyng_c19c2,5E) How often have you taken part in cyberbullying?,1.0,Never
chwk_2cybrblyng_c19c2,5E) How often have you taken part in cyberbullying?,2.0,About once a week
chwk_2cybrblyng_c19c2,5E) How often have you taken part in cyberbullying?,3.0,2-3x a week
chwk_2cybrblyng_c19c2,5E) How often have you taken part in cyberbullying?,4.0,Several times a week
choftnhppn_bly_c19c2,5F) How often do other children bully you?,1.0,Never
choftnhppn_bly_c19c2,5F) How often do other children bully you?,2.0,Some of the time
choftnhppn_bly_c19c2,5F) How often do other children bully you?,3.0,All of the time
chwk_2cybrblyngu_c19c2,5G) How often have you been cyberbullied?,1.0,Never
chwk_2cybrblyngu_c19c2,5G) How often have you been cyberbullied?,2.0,About once a week
chwk_2cybrblyngu_c19c2,5G) How often have you been cyberbullied?,3.0,2-3x a week
chwk_2cybrblyngu_c19c2,5G) How often have you been cyberbullied?,4.0,Several times a week
chfm_fun_c19c2,6A) How often do you have fun with your family?,1.0,Never
chfm_fun_c19c2,6A) How often do you have fun with your family?,2.0,Sometimes
chfm_fun_c19c2,6A) How often do you have fun with your family?,3.0,All of the time
chfm_gtalong_c19c2,6B) How often does your family get along well with each other?,1.0,Never
chfm_gtalong_c19c2,6B) How often does your family get along well with each other?,2.0,Sometimes
chfm_gtalong_c19c2,6B) How often does your family get along well with each other?,3.0,All of the time
chfm_siblngs_c19c2,6C) How often do you get along with your siblings?,1.0,Never
chfm_siblngs_c19c2,6C) How often do you get along with your siblings?,2.0,Sometimes
chfm_siblngs_c19c2,6C) How often do you get along with your siblings?,3.0,All the time
chfm_siblngs_c19c2,6C) How often do you get along with your siblings?,4.0,I don't have siblings
chwd_dudo_c19c2,7A) What do you do if worried about something?,1.0,I keep it to myself
chwd_dudo_c19c2,7A) What do you do if worried about something?,2.0,I tell a friend
chwd_dudo_c19c2,7A) What do you do if worried about something?,3.0,I tell my parents/guardian
chwd_dudo_c19c2,7A) What do you do if worried about something?,4.0,I tell a teacher
chwd_dudo_c19c2,7A) What do you do if worried about something?,5.0,I look online
chwd_dudo_c19c2,7A) What do you do if worried about something?,6.0,I call a helpline
chwd_dudo_c19c2,7A) What do you do if worried about something?,7.0,Other
chwd_dudo_c19c2_7,,,
chwd_hard_c19c2,7B) When I find something hard I can work out what to do next?,1.0,Never
chwd_hard_c19c2,7B) When I find something hard I can work out what to do next?,2.0,Sometimes
chwd_hard_c19c2,7B) When I find something hard I can work out what to do next?,3.0,All of the time
chwr_lstfd_c19c2,7C) We can't get food we want - not enough money,1.0,Many times
chwr_lstfd_c19c2,7C) We can't get food we want - not enough money,2.0,1 or 2 times
chwr_lstfd_c19c2,7C) We can't get food we want - not enough money,3.0,Never
chwr_lsteat_c19c2,7C) I worry about not having enough to eat,1.0,Many times
chwr_lsteat_c19c2,7C) I worry about not having enough to eat,2.0,1 or 2 times
chwr_lsteat_c19c2,7C) I worry about not having enough to eat,3.0,Never
chwr_lstprtsfood_c19c2,7C) I worry about how hard for parents to get food for us,1.0,Many times
chwr_lstprtsfood_c19c2,7C) I worry about how hard for parents to get food for us,2.0,1 or 2 times
chwr_lstprtsfood_c19c2,7C) I worry about how hard for parents to get food for us,3.0,Never
chwr_lsthngry_c19c2,7C) I feel hungry because there isn't enough food to eat,1.0,Many times
chwr_lsthngry_c19c2,7C) I feel hungry because there isn't enough food to eat,2.0,1 or 2 times
chwr_lsthngry_c19c2,7C) I feel hungry because there isn't enough food to eat,3.0,Never
chwr_lsteatlt_c19c2,7C) I try not to eat a lot so our food will last,1.0,Many times
chwr_lsteatlt_c19c2,7C) I try not to eat a lot so our food will last,2.0,1 or 2 times
chwr_lsteatlt_c19c2,7C) I try not to eat a lot so our food will last,3.0,Never
chwr_lstmny_c19c2,7C) How often do you worry about amount money family has?,1.0,Many times
chwr_lstmny_c19c2,7C) How often do you worry about amount money family has?,2.0,1 or 2 times
chwr_lstmny_c19c2,7C) How often do you worry about amount money family has?,3.0,Never
ch_wrynow_1_c19c2, 1:,,
ch_wrynow_2_c19c2, 2:,,
ch_wrynow_3_c19c2, 3:,,
ch_easier_1_c19c2, 1:,,
ch_easier_2_c19c2, 2:,,
ch_easier_3_c19c2, 3:,,
end_submit,Please confirm that you have completed your questionnaire,1.0,Yes; Im ready to submit
child_complete,Complete?,0.0,Incomplete
child_complete,Complete?,1.0,Unverified
child_complete,Complete?,2.0,Complete
avail_from_dt,,,
end_data_entry_notes_e,Encrypted Data entry notes,,
