variable_name,variable_label,value_value,value_label
study_id_e,,,
sex,Sex - taken from 5;362 list,1.0,Male [Supercedes 'S'] 2815 (updated 11.10.96 by WH)
sex,Sex - taken from 5;362 list,2.0,Female 2547
agepo14x,Age in months at 2014 Postal Questionnaire,-7.0,No questionnaire
inf,Inflation factor to adjust for stratified sample updated 11/10/96,1.0,2992 non-manual and agricultural [Inflation factor to adjust for stratified sample] Updated 11.10.96
inf,Inflation factor to adjust for stratified sample updated 11/10/96,4.0,2370 manual excluding agricultural
lhqr,Highest educational attainment (up to age 26 years),0.0,None attempted
lhqr,Highest educational attainment (up to age 26 years),1.0,"Vocational course, proficiency only"
lhqr,Highest educational attainment (up to age 26 years),10.0,No data
lhqr,Highest educational attainment (up to age 26 years),2.0,Sub GCE or sub Burnham C
lhqr,Highest educational attainment (up to age 26 years),3.0,GCE 'O' level or Burnham C
lhqr,Highest educational attainment (up to age 26 years),4.0,GCE 'A' Level or Burnham B
lhqr,Highest educational attainment (up to age 26 years),5.0,Burnham A2
lhqr,Highest educational attainment (up to age 26 years),6.0,1st Degree or graduate equivalent
lhqr,Highest educational attainment (up to age 26 years),7.0,"Higher degree, Masters"
lhqr,Highest educational attainment (up to age 26 years),8.0,"Higher degree, doctorate"
lhqr,Highest educational attainment (up to age 26 years),9.0,Unknown
own14xrec,Does your household own or rent your accommodation? 2014,-7.0,No questionnaire
own14xrec,Does your household own or rent your accommodation? 2014,-8.0,Not applicable
own14xrec,Does your household own or rent your accommodation? 2014,-9.0,Unknown
own14xrec,Does your household own or rent your accommodation? 2014,1.0,Own outright
own14xrec,Does your household own or rent your accommodation? 2014,2.0,Being bought with a mortgage or loan
own14xrec,Does your household own or rent your accommodation? 2014,3.0,Rent it from the council
own14xrec,Does your household own or rent your accommodation? 2014,4.0,Rent it from a relative
own14xrec,Does your household own or rent your accommodation? 2014,5.0,Rent it from a private landlord
own14xrec,Does your household own or rent your accommodation? 2014,6.0,Rent it from a  housing association
own14xrec,Does your household own or rent your accommodation? 2014,7.0,"Other, (please specify)"
chsc,Childhood Social Class,,
sc1553,Overall Social Class (SC) sm 15-53,1.0,I professional etc
sc1553,Overall Social Class (SC) sm 15-53,2.0,II  intermediate
sc1553,Overall Social Class (SC) sm 15-53,3.0,IIINM  skilled(Non-Manual)
sc1553,Overall Social Class (SC) sm 15-53,4.0,IIIM skilled(Manual)
sc1553,Overall Social Class (SC) sm 15-53,5.0,IV  partly skilled
sc1553,Overall Social Class (SC) sm 15-53,6.0,V unskilled
sc1553,Overall Social Class (SC) sm 15-53,999.0,Missing
scr99u,SC of curr/most Rec job in 1999,1.0,I professional etc
scr99u,SC of curr/most Rec job in 1999,2.0,II  intermediate
scr99u,SC of curr/most Rec job in 1999,3.0,IIINM  skilled(Non-Manual)
scr99u,SC of curr/most Rec job in 1999,4.0,IIIM skilled(Manual)
scr99u,SC of curr/most Rec job in 1999,5.0,IV  partly skilled
scr99u,SC of curr/most Rec job in 1999,6.0,V unskilled
scr99u,SC of curr/most Rec job in 1999,60.0,armed forces
scr99u,SC of curr/most Rec job in 1999,66.0,unknown if has/had job
scr99u,SC of curr/most Rec job in 1999,77.0,Not interviewed
scr99u,SC of curr/most Rec job in 1999,88.0,n/a - no job
scr99u,SC of curr/most Rec job in 1999,99.0,Missing
inchn15x,Which represents your total net household income?,-6.0,Question not asked
inchn15x,Which represents your total net household income?,-7.0,No questionnaire
inchn15x,Which represents your total net household income?,-9.0,Unknown
inchn15x,Which represents your total net household income?,1.0,"A - Less than Ã‚Â£6,000 (annually)/<Ã‚Â£500 (monthly)/< Ã‚Â£116 (weekly)"
inchn15x,Which represents your total net household income?,10.0,"J - Ã‚Â£27,000 - Ã‚Â£29,999 (annually)/Ã‚Â£2,250 - Ã‚Â£2,499 (monthly)/Ã‚Â£520 - Ã‚Â£576 (weekly)"
inchn15x,Which represents your total net household income?,11.0,"K - Ã‚Â£30,000 - Ã‚Â£39,999 (annually)/Ã‚Â£2,500 - Ã‚Â£3,333 (monthly)/Ã‚Â£577 - Ã‚Â£769 (weekly)"
inchn15x,Which represents your total net household income?,12.0,"L - Ã‚Â£40,000 - Ã‚Â£79,000 (annually)/Ã‚Â£3,334 - Ã‚Â£6,666 (monthly)/Ã‚Â£770 - Ã‚Â£1,538 (weekly)"
inchn15x,Which represents your total net household income?,13.0,"M - Ã‚Â£80,000 or more (annually)/Ã‚Â£6,667 or more (monthly)/Ã‚Â£1539 or more (weekly)"
inchn15x,Which represents your total net household income?,2.0,"B - Ã‚Â£6,000 - Ã‚Â£7,999 (annually)/Ã‚Â£500 - Ã‚Â£666 (monthly)/Ã‚Â£116 - Ã‚Â£153 (weekly)"
inchn15x,Which represents your total net household income?,3.0,"C - Ã‚Â£8,000 - Ã‚Â£9,999 (annually)/Ã‚Â£667 - Ã‚Â£833 (monthly)/Ã‚Â£154 - Ã‚Â£192 (weekly)"
inchn15x,Which represents your total net household income?,4.0,"D - Ã‚Â£10,000 - Ã‚Â£11,999 (annually)/Ã‚Â£834 - Ã‚Â£999 (monthly)/Ã‚Â£193 - Ã‚Â£230 (weekly)"
inchn15x,Which represents your total net household income?,5.0,"E - Ã‚Â£12,000 - Ã‚Â£14,999 (annually)/Ã‚Â£1,000 -Ã‚Â£1,249 (monthly)/Ã‚Â£231 - Ã‚Â£288 (weekly)"
inchn15x,Which represents your total net household income?,6.0,"F - Ã‚Â£15,000 - Ã‚Â£17,999 (annually)/Ã‚Â£1,250 - Ã‚Â£1,499 (monthly)/Ã‚Â£289 - Ã‚Â£346 (weekly)"
inchn15x,Which represents your total net household income?,7.0,"G - Ã‚Â£18,000 - Ã‚Â£20,999 (annually)/Ã‚Â£1,500 - Ã‚Â£1,749 (monthly)/Ã‚Â£347 - Ã‚Â£403 (weekly)"
inchn15x,Which represents your total net household income?,8.0,"H - Ã‚Â£21,000 - Ã‚Â£23,999 (annually)/Ã‚Â£1,750 - Ã‚Â£1,999(monthly)/Ã‚Â£404 - Ã‚Â£461 (weekly)"
inchn15x,Which represents your total net household income?,9.0,"I - Ã‚Â£24,000 - Ã‚Â£26,999 (annually)/Ã‚Â£2,000 - Ã‚Â£2,249 (monthly)/Ã‚Â£462 - Ã‚Â£519 (weekly)"
inchn15x,Which represents your total net household income?,999.0,Refused to answer
med,Mother's education,-9899.0,Unknown
med,Mother's education,1.0,Primary only
med,Mother's education,2.0,Primary and no diploma
med,Mother's education,3.0,Primary and tech/course diploma
med,Mother's education,4.0,"Primary and Professional degree, diploma"
med,Mother's education,5.0,Secondary only
med,Mother's education,6.0,Secondary and no diploma
med,Mother's education,7.0,Secondary and tech/course diploma
med,Mother's education,8.0,"Secondary and Professional degree, diploma"
fed,Education of survey child's father,-9899.0,Unknown
fed,Education of survey child's father,1.0,Primary only
fed,Education of survey child's father,2.0,Primary and no diplome
fed,Education of survey child's father,3.0,Primary and Tech/Comm Diploma
fed,Education of survey child's father,4.0,"Primary and Profess. Degree, diploma"
fed,Education of survey child's father,5.0,Secondary only
fed,Education of survey child's father,6.0,Secondary and no diploma
fed,Education of survey child's father,7.0,Secondary and tech./comm. diploma
fed,Education of survey child's father,8.0,Secondary and Prof. Degree/diploma
avail_from_dt,,,
