variable_name,variable_label,value_value,value_label
study_id_e,,,
doc_hlq,Date of completing questionnaire (HLQ 1HC),,
age_hlq,Age of the participant at baseline HLQ,,
sex,Sex of the participant,1.0,men
sex,Sex of the participant,2.0,women
ethnic,Ethnic origin,1.0,White
ethnic,Ethnic origin,2.0,Other
edlevel09_hlq,Education level (HLQ 1HC),0.0,No
edlevel09_hlq,Education level (HLQ 1HC),1.0,Olevel
edlevel09_hlq,Education level (HLQ 1HC),2.0,Alevel
edlevel09_hlq,Education level (HLQ 1HC),3.0,Degree
sc_self_hlq,"Social class, from own occuption, derived from Casoc and Casman",0.0,uncoded
sc_self_hlq,"Social class, from own occuption, derived from Casoc and Casman",10.0,professionals
sc_self_hlq,"Social class, from own occuption, derived from Casoc and Casman",20.0,managerial and technical
sc_self_hlq,"Social class, from own occuption, derived from Casoc and Casman",31.0,skilled non-manual
sc_self_hlq,"Social class, from own occuption, derived from Casoc and Casman",32.0,skilled manual
sc_self_hlq,"Social class, from own occuption, derived from Casoc and Casman",40.0,partly skilled
sc_self_hlq,"Social class, from own occuption, derived from Casoc and Casman",50.0,unskilled
soc_self_hlq,"Standard occupational classification (SOC1990), from own occuption, derived from Casoc",1.0,Managers and Administrators
soc_self_hlq,"Standard occupational classification (SOC1990), from own occuption, derived from Casoc",2.0,Professional Occupations
soc_self_hlq,"Standard occupational classification (SOC1990), from own occuption, derived from Casoc",3.0,Associate Professional and Technical Occupations
soc_self_hlq,"Standard occupational classification (SOC1990), from own occuption, derived from Casoc",4.0,Clerical and Secretarial Occupations
soc_self_hlq,"Standard occupational classification (SOC1990), from own occuption, derived from Casoc",5.0,Craft and Related Occupations
soc_self_hlq,"Standard occupational classification (SOC1990), from own occuption, derived from Casoc",6.0,Personal and Protective Service Occupations
soc_self_hlq,"Standard occupational classification (SOC1990), from own occuption, derived from Casoc",7.0,Sales Occupations
soc_self_hlq,"Standard occupational classification (SOC1990), from own occuption, derived from Casoc",8.0,Plant and Machine Operatives
soc_self_hlq,"Standard occupational classification (SOC1990), from own occuption, derived from Casoc",9.0,Other Occupations
job_now_hlq,Paid job at present,1.0,Yes
job_now_hlq,Paid job at present,2.0,No
not_emp_hlq,"If not employed, how does participant describe themselves.",1.0,Housewife (Home duties)
not_emp_hlq,"If not employed, how does participant describe themselves.",2.0,Retired
not_emp_hlq,"If not employed, how does participant describe themselves.",3.0,Unemployed
not_emp_hlq,"If not employed, how does participant describe themselves.",4.0,Student
not_emp_hlq,"If not employed, how does participant describe themselves.",5.0,Other
marital_status_hlq,Marital status,1.0,Single
marital_status_hlq,Marital status,2.0,Married (or living with a partner)
marital_status_hlq,Marital status,3.0,Widowed
marital_status_hlq,Marital status,4.0,Separated
marital_status_hlq,Marital status,5.0,Divorced
avail_from_dt,,,
