variable_name,variable_label,value_value,value_label
study_id_e,,,
doc_fu3,Date of completing questionnaire (HLQ FU3),,
age_fu3,Age of the participant at FU3,,
job_now_fu3,Paid job at present,1.0,Yes
job_now_fu3,Paid job at present,2.0,No
job_now_fu3,Paid job at present,-7.0,Don't know
retired_fu3,Currently retired,1.0,Yes
retired_fu3,Currently retired,2.0,No
retired_fu3,Currently retired,-7.0,Don't know
household_no_fu3,Number of people in household,,
household_young_fu3,Number of people living in household under 18 years,,
marital_status_fu3,marital status,1.0,Single
marital_status_fu3,marital status,2.0,Married or living as married
marital_status_fu3,marital status,3.0,Widowed
marital_status_fu3,marital status,4.0,Separated
marital_status_fu3,marital status,5.0,Divorced
avail_from_dt,,,
