variable_name,variable_label,value_value,value_label
study_id_e,,,
doc_fu1,Date of completing questionnaire (HLQ FU1),,
age_fu1,Age of the participant at FU1,,
job_now_fu1,Paid job at present,1.0,Yes
job_now_fu1,Paid job at present,2.0,No
retired_fu1,currently retired,1.0,Yes
retired_fu1,currently retired,2.0,No
unemployed_fu1,currently unemployed,1.0,Yes
unemployed_fu1,currently unemployed,2.0,No
marital_status_fu1,Marital status,1.0,Single
marital_status_fu1,Marital status,2.0,Married or living as married
marital_status_fu1,Marital status,3.0,Widowed
marital_status_fu1,Marital status,4.0,Separated
marital_status_fu1,Marital status,5.0,Divorced
avail_from_dt,,,
