variable_name,variable_label,value_value,value_label
study_id_e,,,
doc_fu7,Date of completing questionnaire (HLQ FU7),,
age_fu7,Age of the participant at FU7,,
job_now_fu7,Paid job at present,1.0,Yes
job_now_fu7,Paid job at present,2.0,No
job_now_fu7,Paid job at present,-7.0,Don't know
retired_fu7,Currently retired,1.0,Yes
retired_fu7,Currently retired,2.0,No
retired_fu7,Currently retired,-7.0,Don't know
money_fu7,Does the participant and the family they live with have enough money?,1.0,more money than you need
money_fu7,Does the participant and the family they live with have enough money?,2.0,just enough money
money_fu7,Does the participant and the family they live with have enough money?,3.0,not enough money
marital_status_fu7,marital status,1.0,Single
marital_status_fu7,marital status,2.0,Married/living with partner
marital_status_fu7,marital status,3.0,Widowed
marital_status_fu7,marital status,4.0,Separated
marital_status_fu7,marital status,5.0,Divorced
avail_from_dt,,,
